# Blender v3.0.1 OBJ File: ''
# www.blender.org
mtllib quat_hall.mtl
o Wall_Modular_Cube.001
v 0.619795 1.681634 0.178859
v 0.619795 1.958800 0.178859
v 0.652836 1.958800 0.152485
v 0.652836 1.681634 0.152485
v 0.690518 1.589539 -1.095879
v 0.918030 1.589539 -1.095879
v 0.918030 1.578764 -0.363972
v 0.690518 1.578764 -0.363972
v 0.619795 1.681634 0.665060
v 0.619795 1.958800 0.665060
v 0.619795 1.958800 0.465593
v 0.619795 1.945726 0.315011
v 0.690518 1.810513 -0.337599
v 0.918030 1.810513 -0.337599
v 0.918030 1.958800 -0.337599
v 0.690518 1.958800 -0.337599
v 0.735102 1.820113 -0.349266
v 0.873446 1.820113 -0.349266
v 0.873446 1.413789 -0.349266
v 0.735102 1.413789 -0.349266
v 0.735102 1.396085 -0.019425
v 0.873446 1.396085 -0.019425
v 0.873446 1.394789 0.133650
v 0.735102 1.394789 0.133650
v 0.630314 1.296289 -0.857135
v 0.978234 1.296289 -0.857135
v 0.978234 1.344727 -0.857135
v 0.630314 1.344727 -0.857135
v 0.630314 0.797543 1.385068
v 0.978234 0.797543 1.385068
v 0.978235 1.158780 1.385068
v 0.630313 1.158780 1.385068
v 0.978234 1.581974 -1.358253
v 0.630314 1.581974 -1.358253
v 0.630314 1.581974 -0.883509
v 0.978234 1.581974 -0.883509
v 0.690518 0.847076 -0.335591
v 0.918030 0.847076 -0.335591
v 0.918030 0.847076 0.134987
v 0.690518 0.847076 0.134987
v 0.690518 0.962546 0.150143
v 0.918030 0.962546 0.150143
v 0.918030 1.376927 0.161361
v 0.690518 1.376927 0.161361
v 0.918030 -0.021786 1.358694
v 0.918030 -0.002786 1.385068
v 0.690518 -0.002786 1.385068
v 0.690518 -0.021786 1.358694
v 0.602347 0.021029 -0.489214
v 0.594087 -0.006243 -0.394924
v 0.597273 -0.002785 -0.196972
v 0.597273 0.324414 -0.196972
v 0.597273 0.324414 -0.311796
v 0.597273 0.311484 -0.369207
v 0.597273 0.324414 -0.426619
v 0.597273 0.324414 -1.362343
v 0.597273 -0.002785 -1.362343
v 0.602261 0.008972 -0.794145
v 0.690518 0.453683 1.358694
v 0.918030 0.453683 1.358694
v 0.918030 0.453683 0.369693
v 0.690518 0.453683 0.369693
v 0.690518 0.361581 0.339695
v 0.918030 0.361581 0.339695
v 0.918030 -0.002786 0.343319
v 0.690518 -0.002786 0.343319
v 0.657477 0.434683 0.369693
v 0.657477 0.361581 0.381118
v 0.657477 -0.002786 0.369693
v 0.657477 -0.002786 1.358694
v 0.657477 0.278597 1.352967
v 0.657477 0.361581 1.339251
v 0.657477 0.434683 1.358694
v 0.729603 0.272958 0.335604
v 0.878945 0.272958 0.335604
v 0.878945 0.542225 0.354986
v 0.729603 0.542225 0.354986
v 0.918030 1.724698 -1.388717
v 0.690518 1.724698 -1.388717
v 0.690518 1.787793 -1.392132
v 0.918030 1.787793 -1.392132
v 0.729603 0.561225 0.038021
v 0.878945 0.561225 0.038021
v 0.878945 0.561225 -0.155037
v 0.729603 0.561225 -0.155037
v 0.978234 0.450474 1.358694
v 0.630314 0.450474 1.358694
v 0.630314 0.450474 0.870673
v 0.978234 0.450474 0.870673
v 0.630314 0.845412 0.222492
v 0.978234 0.845412 0.222492
v 0.978234 0.847334 0.194788
v 0.630314 0.847334 0.194788
v 0.653918 0.866076 0.847911
v 0.954630 0.866076 0.847911
v 0.954630 1.221821 0.847431
v 0.653918 1.221821 0.847431
v 0.918030 0.934043 -0.871202
v 0.690518 0.934043 -0.871202
v 0.690518 0.985890 -0.869175
v 0.918030 0.985890 -0.869175
v 0.653918 1.479568 0.847911
v 0.954630 1.479568 0.847911
v 0.954630 1.646927 0.847911
v 0.653918 1.646927 0.847911
v 0.954630 1.479568 0.170645
v 0.653918 1.479568 0.170645
v 0.653918 1.646927 0.156043
v 0.954630 1.646927 0.156043
v 0.620877 0.866076 0.182416
v 0.620877 1.419792 0.182416
v 0.653918 1.419792 0.156043
v 0.653918 0.866076 0.156043
v 0.630314 0.557652 0.082242
v 0.978234 0.557652 0.082242
v 0.978234 0.557652 0.327130
v 0.630314 0.557652 0.327130
v 0.978234 1.562974 -0.857135
v 0.630314 1.562974 -0.857135
v 0.597273 0.600969 0.023471
v 0.597273 0.576652 0.082242
v 0.597273 0.576652 0.327130
v 0.597273 0.828334 0.327130
v 0.597273 0.828334 0.300942
v 0.597273 0.813369 0.222492
v 0.597273 0.828334 0.194788
v 0.597273 0.828334 -0.311312
v 0.597273 0.576652 -0.311312
v 0.597273 0.585124 -0.023912
v 0.978234 0.828334 0.353504
v 0.630314 0.828334 0.353504
v 0.630314 0.576652 0.353504
v 0.978234 0.576652 0.353504
v 0.728309 0.905275 -0.857135
v 0.880239 0.905275 -0.857135
v 0.880239 1.025535 -0.857135
v 0.728309 1.025535 -0.857135
v 0.880239 1.044535 -1.358253
v 0.728309 1.044535 -1.358253
v 0.728309 1.044535 -0.883509
v 0.880239 1.044535 -0.883509
v 0.652836 1.958800 0.691434
v 0.652836 1.977800 0.665060
v 0.652836 1.662634 0.665060
v 0.652836 1.681634 0.691434
v 0.690518 1.578764 -1.362343
v 0.669099 1.591672 -1.379797
v 0.690518 1.597764 -1.388717
v 0.669099 1.964892 -1.379797
v 0.690518 1.977800 -1.362343
v 0.690518 1.958800 -1.388717
v 0.690518 1.597764 -0.337599
v 0.669099 1.591672 -0.346519
v 0.690518 1.977800 -0.363972
v 0.669099 1.964892 -0.346519
v 0.652836 1.662634 0.178859
v 0.735102 1.394789 -0.322892
v 0.702061 1.413789 -0.322892
v 0.735102 1.413789 0.160024
v 0.702131 1.423796 0.123231
v 0.597273 1.061832 -0.883509
v 0.630314 1.042832 -0.883509
v 0.630314 1.061832 -0.857135
v 0.630314 1.061832 -1.384626
v 0.630314 1.042832 -1.358253
v 0.597273 1.061832 -1.358253
v 0.597273 1.562974 -0.883509
v 0.630314 1.562974 -1.384626
v 0.597273 1.562974 -1.358253
v 0.657477 1.376927 -0.844828
v 0.690518 1.395927 -0.844828
v 0.690518 1.376927 -0.871202
v 0.690518 0.866076 0.161361
v 0.657477 0.866076 0.134987
v 0.690518 1.395927 0.134987
v 0.657477 1.376927 0.134987
v 0.630314 -0.002785 -1.388717
v 0.630314 -0.021785 -1.362343
v 0.630314 0.343414 -1.362343
v 0.630314 0.324414 -1.388717
v 0.690518 0.434683 1.385068
v 0.690518 0.434683 0.343319
v 0.690518 -0.021786 0.369693
v 0.630314 -0.021785 -0.196972
v 0.630314 -0.002785 -0.170598
v 0.630314 0.324414 -0.170598
v 0.630314 0.343414 -0.196972
v 0.729603 -0.004350 0.354986
v 0.696562 -0.004350 0.328613
v 0.729603 -0.023350 0.328613
v 0.729603 0.561225 0.328613
v 0.696562 0.542225 0.328613
v 0.729603 0.542225 -0.181411
v 0.696562 0.542225 -0.155037
v 0.597273 1.158780 0.870673
v 0.630314 1.177780 0.870673
v 0.630314 1.158780 0.844300
v 0.630313 1.177780 1.358694
v 0.597273 1.158780 1.358694
v 0.630314 0.469474 0.844300
v 0.597273 0.469474 0.870673
v 0.630314 0.469474 1.385068
v 0.597273 0.469474 1.358694
v 0.620877 1.646927 0.821538
v 0.653918 1.665927 0.821538
v 0.653918 0.843534 0.821538
v 0.620877 0.866076 0.821538
v 0.653918 0.843534 0.182416
v 0.630314 0.576652 -0.337686
v 0.630314 0.557652 -0.311312
v 0.630314 0.847334 -0.311312
v 0.630314 0.828334 -0.337686
v 0.630314 0.847334 0.327130
v 0.695268 0.357282 -0.883509
v 0.728309 0.338282 -0.883509
v 0.728309 0.357282 -0.857135
v 0.728309 0.357282 -1.384626
v 0.728309 0.338282 -1.358253
v 0.695268 0.357282 -1.358253
v 0.695268 1.025535 -0.883509
v 0.728309 1.025535 -1.384626
v 0.695268 1.025535 -1.358253
v 0.955712 1.681634 0.152485
v 0.955712 1.958800 0.152485
v 0.955712 1.681634 0.691434
v 0.955712 1.958800 0.691434
v 0.955712 1.662634 0.178859
v 0.955712 1.977800 0.665060
v 0.918030 1.814254 -1.388717
v 0.690518 1.814254 -1.388717
v 0.918030 1.958800 -1.388717
v 0.669099 1.815197 -1.379797
v 0.918030 1.597764 -0.337599
v 0.669099 1.716220 -0.346519
v 0.690518 1.718682 -0.337599
v 0.669099 1.602830 -1.103840
v 0.873446 1.979364 0.055075
v 0.735102 1.979364 0.055075
v 0.735102 1.979364 0.133650
v 0.873446 1.979364 0.133650
v 0.702061 1.937546 0.040383
v 0.702061 1.960364 0.133650
v 0.873446 1.394789 -0.322892
v 0.702040 1.430167 -0.024542
v 0.702061 1.820113 -0.322892
v 0.978234 1.042832 -1.358253
v 0.978234 1.042832 -0.883509
v 0.597273 1.344727 -0.883509
v 0.978234 1.562974 -1.384626
v 0.630314 1.381705 -1.384626
v 0.597273 1.381705 -1.358253
v 0.918030 1.376927 -0.871202
v 0.918030 0.866076 0.161361
v 0.657477 0.934043 0.134987
v 0.690518 0.934043 0.161361
v 0.657477 0.866076 -0.335591
v 0.690518 1.395927 -0.544940
v 0.657477 1.376927 -0.544940
v 0.630314 -0.021785 -0.408709
v 0.978234 0.324414 -0.170598
v 0.978234 0.343414 -0.196972
v 0.630314 0.343414 -0.426619
v 0.918030 0.361581 1.382989
v 0.690518 0.361581 1.382989
v 0.690518 0.278597 1.383630
v 0.918030 0.278597 1.383630
v 0.918030 0.434683 1.385068
v 0.878945 -0.015807 0.169632
v 0.729603 -0.015807 0.169632
v 0.729603 -0.023350 -0.155037
v 0.878945 -0.023350 -0.155037
v 0.878945 0.561225 0.328613
v 0.696562 0.542225 0.147892
v 0.729603 0.561225 0.147892
v 0.696562 0.272958 0.309231
v 0.729603 0.091535 -0.181411
v 0.729603 -0.004350 -0.181411
v 0.696562 -0.004350 -0.155037
v 0.696562 0.091535 -0.155037
v 0.978234 1.177780 0.870673
v 0.978234 1.158780 0.844300
v 0.630314 0.775647 0.844300
v 0.597273 0.775647 0.870673
v 0.978235 1.177780 1.358694
v 0.597273 0.797543 1.358694
v 0.978234 0.847334 -0.311312
v 0.653918 0.843534 0.698283
v 0.620877 0.866076 0.698283
v 0.954630 0.843534 0.698283
v 0.954630 0.843534 0.821538
v 0.954630 1.665927 0.821538
v 0.620877 1.479568 0.212459
v 0.620877 1.646927 0.182416
v 0.620877 1.221822 0.817829
v 0.978234 0.828334 -0.337686
v 0.978234 0.576652 -0.337686
v 0.978234 0.847334 0.327130
v 0.880239 0.338282 -1.358253
v 0.880239 0.338282 -0.883509
v 0.695268 0.905275 -0.883509
v 0.880239 1.025535 -1.384626
v 0.728309 0.422692 -1.384626
v 0.695268 0.422692 -1.358253
v 0.918030 1.395927 -0.544940
v 0.918030 1.395927 -0.844828
v 0.955712 1.977800 0.178859
v 0.652836 1.977800 0.178859
v 0.690518 1.578764 -1.259126
v 0.669099 1.591672 -1.272903
v 0.669099 1.964892 -1.103840
v 0.669099 1.942257 -1.272903
v 0.669099 1.787793 -1.353983
v 0.669099 1.722450 -1.379797
v 0.669099 1.743624 -0.373409
v 0.669099 1.811322 -0.346519
v 0.918030 1.977800 -0.363972
v 0.690518 1.977800 -1.095879
v 0.918030 1.977800 -1.095879
v 0.918030 1.977414 -1.259126
v 0.690518 1.977414 -1.259126
v 0.918030 1.578764 -1.362343
v 0.918030 1.578764 -1.259126
v 0.918030 1.718682 -0.337599
v 0.690518 1.745144 -0.342589
v 0.918030 1.745144 -0.342589
v 0.702061 1.960364 -0.322892
v 0.735102 1.979364 -0.322892
v 0.873446 1.979364 -0.322892
v 0.735102 1.820113 0.150686
v 0.702061 1.820113 0.106646
v 0.702061 1.881891 0.133650
v 0.702061 1.881891 -0.299004
v 0.873446 1.820113 0.150686
v 0.873446 1.881891 0.160024
v 0.735102 1.881891 0.160024
v 0.873446 1.413789 0.160024
v 0.735102 1.881891 -0.336095
v 0.873446 1.881891 -0.336095
v 0.652836 1.978036 0.315011
v 0.955712 1.978036 0.315011
v 0.652836 1.977800 0.465593
v 0.955712 1.977800 0.465593
v 0.954630 0.866076 0.156043
v 0.954630 0.843534 0.182416
v 0.954630 1.663648 0.181661
v 0.653918 1.663648 0.181661
v 0.620877 1.479568 0.821538
v 0.690518 0.866076 -0.871202
v 0.918030 0.866076 -0.871202
v 0.918030 0.847076 -0.844828
v 0.690518 0.847076 -0.844828
v 0.954630 1.419792 0.156043
v 0.653918 1.419792 0.846950
v 0.954630 1.419792 0.846950
v 0.653918 0.843534 0.466115
v 0.620877 0.883315 0.466115
v 0.653918 1.665927 0.535263
v 0.620877 1.646927 0.535263
v 0.954630 0.843534 0.466115
v 0.954630 1.665927 0.535263
v 0.620877 1.419792 0.795572
v 0.620877 1.626725 0.442186
v 0.690518 1.395927 -0.482725
v 0.657477 1.376927 -0.482725
v 0.918030 1.395927 0.134987
v 0.918030 1.395927 -0.482725
v 0.918030 0.847334 -0.466355
v 0.690518 0.847334 -0.466355
v 0.657477 0.883136 -0.466355
v 0.657477 0.962546 0.123770
v 0.657477 0.985890 -0.818656
v 0.657477 0.934043 -0.844828
v 0.657477 0.866076 -0.844828
v 0.728309 0.905275 -1.384626
v 0.695268 0.905275 -1.358253
v 0.728309 0.836159 -0.857135
v 0.695268 0.836159 -0.883509
v 0.880239 0.905275 -1.384626
v 0.880239 0.836159 -0.857135
v 0.728309 0.790514 -0.857135
v 0.695268 0.790514 -0.883509
v 0.880239 0.790514 -0.857135
v 0.728309 0.464367 -0.857135
v 0.695268 0.464367 -0.883509
v 0.880239 0.836159 -1.380412
v 0.728309 0.836159 -1.380412
v 0.880239 0.464367 -0.857135
v 0.617002 -0.012794 -0.784933
v 0.630314 0.330484 -0.369207
v 0.978234 0.330484 -0.369207
v 0.978234 0.343414 -0.426619
v 0.630314 0.343414 -0.311796
v 0.978234 0.343414 -0.311796
v 0.878945 -0.023350 0.113814
v 0.729603 -0.023350 0.113814
v 0.878945 0.561225 0.147892
v 0.694988 -0.008384 0.121570
v 0.702562 0.522860 0.022557
v 0.696562 0.177503 -0.150053
v 0.700490 0.011261 0.151093
v 0.696562 0.186990 0.328613
v 0.729603 0.177503 -0.176426
v 0.729603 0.186990 0.354986
v 0.878945 -0.023350 0.328613
v 0.878945 0.542225 -0.181411
v 0.878945 0.177503 -0.176426
v 0.878945 0.091535 -0.181411
v 0.878945 -0.004350 0.354986
v 0.878945 0.186990 0.354986
v 0.630314 0.737936 1.384821
v 0.597273 0.737936 1.336260
v 0.630314 0.835254 0.848225
v 0.597273 0.835254 0.882639
v 0.978234 0.835254 0.848225
v 0.978234 0.469474 1.385068
v 0.978234 0.737936 1.384821
v 0.978234 0.775647 0.844300
v 0.728309 0.443529 -1.384873
v 0.880239 0.443529 -1.384873
v 0.880239 0.422692 -1.384626
v 0.978234 0.469474 0.844300
v 0.630314 0.847334 0.300942
v 0.978234 0.847334 0.300942
v 0.630314 0.561600 -0.023912
v 0.978234 0.561600 -0.023912
v 0.978234 0.561600 0.003792
v 0.630314 0.561600 0.003792
v 0.978234 0.557652 -0.311312
v 0.918030 0.934043 0.161361
v 0.630314 -0.016887 -0.466122
v 0.978234 -0.016887 -0.466122
v 0.978234 -0.021785 -0.408709
v 0.991546 -0.012794 -0.784933
v 0.880239 0.790514 -1.384626
v 0.728309 0.790514 -1.384626
v 0.880239 0.357282 -0.857135
v 0.880239 0.422692 -0.857135
v 0.728309 0.422692 -0.857135
v 0.880239 0.443529 -0.857135
v 0.728309 0.443529 -0.857135
v 0.695268 0.422692 -0.883509
v 0.695268 0.443529 -0.883509
v 0.695268 0.836159 -1.325948
v 0.695268 0.790514 -1.358253
v 0.695268 0.464367 -1.358253
v 0.695268 0.443529 -1.342051
v 0.728309 0.464367 -1.384626
v 0.880239 0.464367 -1.384626
v 0.954630 1.663292 0.442940
v 0.653918 1.663292 0.442940
v 0.918030 1.597764 -1.388717
v 0.918030 1.977800 -1.362343
v 0.978234 0.343414 -1.362343
v 0.978234 0.324414 -1.388717
v 0.978234 -0.002785 -1.388717
v 0.978234 -0.021785 -1.362343
v 0.918030 0.434683 0.343319
v 0.880239 0.357282 -1.384626
v 0.978234 1.061832 -1.384626
v 0.978234 1.061832 -0.857135
v 0.978234 1.430143 -1.384626
v 0.630314 1.430143 -1.384626
v 0.955712 1.662634 0.665060
v 0.735102 1.960364 -0.349266
v 0.873446 1.960364 -0.349266
v 0.873446 1.960364 0.160024
v 0.735102 1.960364 0.160024
v 0.978234 1.381705 -1.384626
v 0.878945 -0.004350 -0.181411
v 0.918030 -0.021786 0.369693
v 0.597273 1.296289 -0.899657
v 0.597273 1.430143 -1.332316
v 0.618279 1.677625 1.381648
v 0.990269 1.677625 1.381648
v 0.990269 1.756477 1.381648
v 0.618279 1.756477 1.381648
v 0.585238 1.963044 1.355274
v 0.585238 1.945031 1.290196
v 0.585238 1.963044 1.216593
v 0.585238 1.963044 0.714504
v 0.585238 1.677625 0.714504
v 0.585238 1.677625 1.355274
v 0.585238 1.756477 1.355274
v 0.585238 1.864958 1.337128
v 0.618279 1.658625 1.355274
v 0.618279 1.677625 0.688130
v 0.618279 1.658625 0.714504
v 0.618279 1.982044 0.714504
v 0.618279 1.963044 0.688130
v 0.990269 1.982044 0.714504
v 0.618279 1.982044 1.216593
v 0.990269 1.982044 1.216593
v 0.990269 1.658625 0.714504
v 0.990269 1.658625 1.355274
v 0.990269 1.963044 0.688130
v 0.990269 1.963044 1.381648
v 0.990269 1.982044 1.355274
v 0.618279 1.982044 1.355274
v 0.618279 1.963044 1.381648
v 0.618279 1.864958 1.381977
v 0.990269 1.864958 1.381977
v 0.990269 1.677625 0.688130
v 0.618279 1.982044 1.290196
v 0.990269 1.982044 1.290196
v 0.698114 0.766851 -0.338516
v 0.910434 0.766851 -0.338516
v 0.910434 0.834483 -0.336144
v 0.698114 0.834483 -0.336144
v 0.698114 0.712665 -0.339528
v 0.910434 0.712665 -0.339528
v 0.698114 0.834483 -0.859482
v 0.910434 0.834483 -0.859482
v 0.910434 0.791026 -0.860448
v 0.698114 0.791026 -0.860448
v 0.910434 0.848964 -0.362518
v 0.910434 0.848964 -0.833108
v 0.698114 0.848964 -0.833108
v 0.698114 0.848964 -0.362518
v 0.665073 0.577317 -0.833108
v 0.698114 0.577317 -0.859482
v 0.698114 0.558317 -0.833108
v 0.698114 0.577317 -0.336144
v 0.665073 0.577317 -0.362518
v 0.698114 0.558317 -0.362518
v 0.665073 0.834483 -0.833108
v 0.665073 0.834483 -0.362518
v 0.910434 0.577317 -0.336144
v 0.910434 0.676529 -0.336144
v 0.698114 0.676529 -0.336144
v 0.910434 0.558317 -0.833108
v 0.910434 0.558317 -0.362518
v 0.665073 0.676529 -0.362518
v 0.665073 0.754889 -0.833108
v 0.698114 0.754889 -0.859482
v 0.665073 0.712665 -0.392430
v 0.665073 0.766851 -0.361843
v 0.665073 0.791026 -0.816657
v 0.910434 0.754889 -0.859482
v 0.910434 0.577317 -0.859482
v 0.988753 1.681634 0.178859
v 0.988753 1.958800 0.178859
v 0.988753 1.945726 0.315011
v 0.988753 1.958800 0.465593
v 0.988753 1.958800 0.665060
v 0.988753 1.681634 0.665060
v 0.978234 -0.021785 -0.196972
v 1.006201 0.021029 -0.489214
v 1.006287 0.008972 -0.794145
v 1.011275 -0.002785 -1.362343
v 1.011275 0.324414 -1.362343
v 1.011275 0.324414 -0.426619
v 1.011275 0.311484 -0.369207
v 1.011275 0.324414 -0.311796
v 1.011275 0.324414 -0.196972
v 1.011275 -0.002785 -0.196972
v 1.014461 -0.006243 -0.394924
v 0.951071 0.434683 0.369693
v 0.951071 0.434683 1.358694
v 0.951071 0.361581 1.339251
v 0.951071 0.278597 1.352967
v 0.951071 -0.002786 1.358694
v 0.951071 -0.002786 0.369693
v 0.951071 0.361581 0.381118
v 0.978234 -0.002785 -0.170598
v 0.987671 0.866076 0.182416
v 0.987671 1.419792 0.182416
v 1.011275 0.600969 0.023471
v 1.011275 0.585124 -0.023912
v 1.011275 0.576652 -0.311312
v 1.011275 0.828334 -0.311312
v 1.011275 0.828334 0.194788
v 1.011275 0.813369 0.222492
v 1.011275 0.828334 0.300942
v 1.011275 0.828334 0.327130
v 1.011275 0.576652 0.327130
v 1.011275 0.576652 0.082242
v 0.939449 1.591672 -1.379797
v 0.939449 1.964892 -1.379797
v 0.939449 1.591672 -0.346519
v 0.939449 1.964892 -0.346519
v 0.906487 1.413789 -0.322892
v 0.906417 1.423796 0.123231
v 1.011275 1.061832 -0.883509
v 1.011275 1.061832 -1.358253
v 1.011275 1.562974 -0.883509
v 1.011275 1.562974 -1.358253
v 0.951071 1.376927 -0.844828
v 0.951071 0.866076 0.134987
v 0.951071 1.376927 0.134987
v 0.911986 -0.004350 0.328613
v 0.911986 0.542225 0.328613
v 0.911986 0.542225 -0.155037
v 1.011275 1.158780 0.870673
v 1.011275 1.158780 1.358694
v 1.011275 0.469474 0.870673
v 1.011275 0.469474 1.358694
v 0.987671 1.646927 0.821538
v 0.987671 0.866076 0.821538
v 0.913280 0.357282 -0.883509
v 0.913280 0.357282 -1.358253
v 0.913280 1.025535 -0.883509
v 0.913280 1.025535 -1.358253
v 0.939449 1.815197 -1.379797
v 0.939449 1.716220 -0.346519
v 0.939449 1.602830 -1.103840
v 0.906487 1.937546 0.040383
v 0.906487 1.960364 0.133650
v 0.906508 1.430167 -0.024542
v 0.906487 1.820113 -0.322892
v 1.011275 1.344727 -0.883509
v 1.011275 1.381705 -1.358253
v 0.951071 0.934043 0.134987
v 0.951071 0.866076 -0.335591
v 0.951071 1.376927 -0.544940
v 0.911986 0.542225 0.147892
v 0.911986 0.272958 0.309231
v 0.911986 0.091535 -0.155037
v 0.911986 -0.004350 -0.155037
v 1.011275 0.775647 0.870673
v 1.011275 0.797543 1.358694
v 0.987671 0.866076 0.698283
v 0.987671 1.479568 0.212459
v 0.987671 1.646927 0.182416
v 0.987671 1.221822 0.817829
v 0.913280 0.905275 -0.883509
v 0.913280 0.422692 -1.358253
v 0.939449 1.591672 -1.272903
v 0.939449 1.964892 -1.103840
v 0.939449 1.811322 -0.346519
v 0.939449 1.743624 -0.373409
v 0.939449 1.722450 -1.379797
v 0.939449 1.787793 -1.353983
v 0.939449 1.942257 -1.272903
v 0.906487 1.960364 -0.322892
v 0.906487 1.820113 0.106646
v 0.906487 1.881891 -0.299004
v 0.906487 1.881891 0.133650
v 0.987671 1.479568 0.821538
v 0.987671 0.883315 0.466115
v 0.987671 1.646927 0.535263
v 0.987671 1.626725 0.442186
v 0.987671 1.419792 0.795572
v 0.951071 1.376927 -0.482725
v 0.951071 0.883136 -0.466355
v 0.951071 0.866076 -0.844828
v 0.951071 0.934043 -0.844828
v 0.951071 0.985890 -0.818656
v 0.951071 0.962546 0.123770
v 0.913280 0.905275 -1.358253
v 0.913280 0.836159 -0.883509
v 0.913280 0.790514 -0.883509
v 0.913280 0.464367 -0.883509
v 0.913560 -0.008384 0.121570
v 0.905986 0.522860 0.022557
v 0.911986 0.186990 0.328613
v 0.908058 0.011261 0.151093
v 0.911986 0.177503 -0.150053
v 1.011275 0.737936 1.336260
v 1.011275 0.835254 0.882639
v 0.913280 0.422692 -0.883509
v 0.913280 0.443529 -1.342051
v 0.913280 0.464367 -1.358253
v 0.913280 0.790514 -1.358253
v 0.913280 0.836159 -1.325948
v 0.913280 0.443529 -0.883509
v 1.011275 1.296289 -0.899657
v 1.011275 1.430143 -1.332316
v 1.023310 1.963044 1.355274
v 1.023310 1.864958 1.337128
v 1.023310 1.756477 1.355274
v 1.023310 1.677625 1.355274
v 1.023310 1.677625 0.714504
v 1.023310 1.963044 0.714504
v 1.023310 1.963044 1.216593
v 1.023310 1.945031 1.290196
v 0.943475 0.577317 -0.833108
v 0.943475 0.577317 -0.362518
v 0.943475 0.834483 -0.833108
v 0.943475 0.834483 -0.362518
v 0.943475 0.676529 -0.362518
v 0.943475 0.754889 -0.833108
v 0.943475 0.791026 -0.816657
v 0.943475 0.766851 -0.361843
v 0.943475 0.712665 -0.392430
v 0.884173 1.581974 -0.845104
v 0.724375 1.581974 -0.845104
v 0.724375 1.581974 -0.730716
v 0.884173 1.581974 -0.730716
v 0.653504 1.516034 1.379660
v 0.955044 1.516034 1.379660
v 0.955044 1.645375 1.379660
v 0.653504 1.645375 1.379660
v 0.724375 1.412052 -0.342622
v 0.884173 1.412052 -0.342622
v 0.884173 1.562974 -0.342622
v 0.724375 1.562974 -0.342622
v 0.729579 0.850083 0.832269
v 0.878969 0.850083 0.832269
v 0.878969 0.850083 0.374717
v 0.729579 0.850083 0.374717
v 0.884173 1.581974 -0.495423
v 0.724375 1.581974 -0.495423
v 0.724375 1.581974 -0.368996
v 0.884173 1.581974 -0.368996
v 0.653504 0.478625 -0.858075
v 0.955044 0.478625 -0.858075
v 0.955044 0.424440 -0.857064
v 0.653504 0.424440 -0.857064
v 0.729579 0.652640 0.858643
v 0.878969 0.652640 0.858643
v 0.878969 0.831083 0.858643
v 0.729579 0.831083 0.858643
v 0.729579 0.521156 0.348343
v 0.878969 0.521156 0.348343
v 0.878969 0.469474 0.348343
v 0.729579 0.469474 0.348343
v 0.878970 0.450474 0.832269
v 0.729578 0.450474 0.832269
v 0.729579 0.450474 0.374717
v 0.878969 0.450474 0.374717
v 0.653505 0.357282 -0.180981
v 0.955043 0.357282 -0.180981
v 0.955043 0.466664 -0.180981
v 0.653505 0.466664 -0.180981
v 0.653505 0.502801 -0.180015
v 0.955043 0.502801 -0.180015
v 0.955044 0.546258 -0.180981
v 0.653504 0.546258 -0.180981
v 0.653504 1.379245 1.379660
v 0.955044 1.379245 1.379660
v 0.955044 0.560738 -0.834075
v 0.653504 0.560738 -0.834075
v 0.653504 0.560738 -0.207354
v 0.955044 0.560738 -0.207354
v 0.653504 1.195465 1.379660
v 0.955044 1.195465 1.379660
v 0.955044 1.664375 1.090846
v 0.653504 1.664375 1.090846
v 0.653504 1.664375 1.353286
v 0.955044 1.664375 1.353286
v 0.691334 1.412052 -0.368996
v 0.724375 1.393052 -0.368996
v 0.724375 1.412052 -0.871478
v 0.724375 1.393052 -0.845104
v 0.691334 1.412052 -0.845104
v 0.691334 1.562974 -0.368996
v 0.724375 1.562974 -0.871478
v 0.691334 1.562974 -0.845104
v 0.696538 0.831083 0.374717
v 0.729579 0.831083 0.348343
v 0.696538 0.831083 0.832269
v 0.696538 0.469474 0.374717
v 0.729578 0.469474 0.858643
v 0.696538 0.469474 0.832269
v 0.620464 0.357282 -0.207354
v 0.653505 0.338282 -0.207354
v 0.653505 0.357282 -0.860448
v 0.653505 0.338282 -0.834075
v 0.620464 0.357282 -0.834075
v 0.620464 0.546258 -0.207354
v 0.653504 0.546258 -0.860448
v 0.620463 0.546258 -0.834075
v 0.620464 1.195465 1.353286
v 0.653504 1.176465 1.353286
v 0.653504 1.195465 0.843327
v 0.653504 1.176465 0.869699
v 0.620463 1.195465 0.869699
v 0.620463 1.645375 1.353286
v 0.653504 1.664375 0.869699
v 0.653504 1.645375 0.843327
v 0.620463 1.645375 0.869699
v 0.724375 1.393052 -0.495423
v 0.884173 1.393052 -0.495423
v 0.884173 1.393052 -0.368996
v 0.884173 1.562974 -0.871478
v 0.691334 1.412052 -0.597772
v 0.724375 1.393052 -0.597772
v 0.691334 1.550465 -0.454907
v 0.878969 0.831083 0.348343
v 0.696538 0.521156 0.374717
v 0.696538 0.652640 0.832269
v 0.653504 0.388303 -0.860448
v 0.955044 0.388303 -0.860448
v 0.955043 0.357282 -0.860448
v 0.955043 0.338282 -0.834075
v 0.955043 0.338282 -0.207354
v 0.955044 0.546258 -0.860448
v 0.620464 0.388303 -0.834075
v 0.653504 1.180884 1.168118
v 0.955044 1.180884 1.168118
v 0.955044 1.176465 1.353286
v 0.955044 1.664375 0.869699
v 0.955044 1.645375 0.843327
v 0.620463 1.645375 1.090846
v 0.620463 1.645375 0.977595
v 0.653504 1.664375 0.977595
v 0.955044 1.176465 0.869699
v 0.955044 1.176465 1.111493
v 0.653504 1.176465 1.111493
v 0.620463 1.195465 1.111493
v 0.620463 1.208933 1.168118
v 0.620463 1.379245 1.353286
v 0.620463 1.516034 1.330089
v 0.620463 1.621133 1.034221
v 0.729579 0.593159 0.842981
v 0.878969 0.593159 0.842981
v 0.691334 1.562974 -0.597772
v 0.724375 1.581974 -0.597772
v 0.884173 1.581974 -0.597772
v 0.691334 1.419557 -0.511629
v 0.691334 1.547963 -0.730716
v 0.878969 0.700228 0.355211
v 0.729579 0.700228 0.355211
v 0.878969 0.593159 0.348343
v 0.729579 0.593159 0.348343
v 0.878970 0.469474 0.858643
v 0.878969 0.466385 0.858643
v 0.729579 0.466385 0.858643
v 0.696538 0.466385 0.832269
v 0.696538 0.700228 0.399644
v 0.696538 0.593159 0.374717
v 0.696538 0.593159 0.791140
v 0.620464 0.466664 -0.207354
v 0.620464 0.502801 -0.223806
v 0.620464 0.478625 -0.834749
v 0.620464 0.424440 -0.804163
v 0.955044 1.662149 1.034221
v 0.653504 1.662149 1.034221
v 0.884173 1.393052 -0.845104
v 0.884173 1.393052 -0.597772
v 0.884173 1.412052 -0.871478
v 0.955044 1.664375 0.977595
v 0.955044 1.195465 0.843327
v 0.917214 1.412052 -0.368996
v 0.917214 1.412052 -0.845104
v 0.917214 1.562974 -0.368996
v 0.917214 1.562974 -0.845104
v 0.912010 0.831083 0.374717
v 0.912010 0.831083 0.832269
v 0.912010 0.469474 0.374717
v 0.912010 0.469474 0.832269
v 0.988084 0.357282 -0.207354
v 0.988084 0.357282 -0.834075
v 0.988084 0.546258 -0.207354
v 0.988085 0.546258 -0.834075
v 0.988084 1.195465 1.353286
v 0.988085 1.195465 0.869699
v 0.988085 1.645375 1.353286
v 0.988085 1.645375 0.869699
v 0.917214 1.412052 -0.597772
v 0.917214 1.550465 -0.454907
v 0.912010 0.521156 0.374717
v 0.912010 0.652640 0.832269
v 0.988084 0.388303 -0.834075
v 0.988085 1.645375 1.090846
v 0.988085 1.645375 0.977595
v 0.988085 1.621133 1.034221
v 0.988085 1.516034 1.330089
v 0.988085 1.379245 1.353286
v 0.988085 1.208933 1.168118
v 0.988085 1.195465 1.111493
v 0.917214 1.562974 -0.597772
v 0.917214 1.547963 -0.730716
v 0.917214 1.419557 -0.511629
v 0.912010 0.466385 0.832269
v 0.912010 0.700228 0.399644
v 0.912010 0.593159 0.791140
v 0.912010 0.593159 0.374717
v 0.988084 0.466664 -0.207354
v 0.988084 0.424440 -0.804163
v 0.988084 0.478625 -0.834749
v 0.988084 0.502801 -0.223806
vn -0.6238 0.0000 -0.7816
vn 0.0000 -0.9999 -0.0147
vn -1.0000 -0.0000 0.0000
vn 0.0000 0.0000 1.0000
vn 0.0000 0.0000 -1.0000
vn 0.0000 -1.0000 -0.0085
vn 0.0000 -0.0021 1.0000
vn 0.0000 1.0000 0.0000
vn 0.0000 -1.0000 -0.0010
vn 0.0000 -1.0000 0.0000
vn 0.0000 -0.0271 0.9996
vn 0.0000 -0.8114 0.5845
vn -1.0000 -0.0073 0.0002
vn 0.0000 -0.0099 -1.0000
vn 0.0000 -0.0718 0.9974
vn 0.0000 -0.0540 -0.9985
vn -0.0000 0.9976 0.0692
vn 0.0000 0.0014 1.0000
vn 0.0000 0.0019 1.0000
vn 0.0000 0.0391 -0.9992
vn 0.0000 -0.0080 1.0000
vn 0.0000 -0.0869 -0.9962
vn 0.0000 0.8114 0.5845
vn -0.4228 0.7353 0.5297
vn -0.4228 -0.7353 0.5297
vn -0.0099 -0.8111 -0.5849
vn -0.0127 -0.8113 -0.5845
vn -0.0108 -0.8115 -0.5842
vn -0.0127 0.8113 -0.5845
vn -0.0099 0.8111 -0.5849
vn -0.0108 0.8115 -0.5842
vn -0.0099 -0.8111 0.5849
vn -0.0108 -0.8115 0.5842
vn -0.0126 -0.8113 0.5845
vn -0.0099 0.8111 0.5848
vn -0.0127 0.8113 0.5845
vn -0.0108 0.8115 0.5842
vn -0.4228 -0.7353 -0.5297
vn -0.6684 -0.6035 0.4348
vn -0.4228 0.7353 -0.5297
vn -0.4604 -0.6748 0.5768
vn -0.4604 -0.6748 -0.5768
vn 0.0000 -0.8114 -0.5845
vn -0.6238 0.0000 0.7816
vn -0.3844 0.0000 -0.9231
vn 0.0099 -0.8111 0.5849
vn 0.0108 -0.8115 0.5842
vn -0.3844 0.0000 0.9231
vn -0.5237 -0.8518 -0.0125
vn -0.6619 0.7430 -0.0987
vn -0.6270 -0.7787 0.0228
vn 0.0000 0.8114 -0.5845
vn -0.4985 -0.8669 0.0000
vn -0.4985 0.8669 0.0000
vn 0.0000 -0.0052 -1.0000
vn -0.4445 -0.8957 0.0110
vn 0.0000 0.0077 1.0000
vn 0.0000 0.0064 1.0000
vn -0.6534 0.0096 0.7570
vn 0.0000 -0.0284 0.9996
vn -0.7156 -0.0372 -0.6975
vn 0.0000 -0.9997 0.0232
vn -0.6229 -0.0562 0.7803
vn -0.6238 -0.0000 0.7815
vn -0.5636 -0.8261 0.0000
vn -0.7150 -0.0924 -0.6930
vn -0.6463 0.0045 0.7630
vn -0.5162 -0.8565 0.0000
vn 0.0108 0.8115 0.5842
vn 0.0099 0.8111 0.5848
vn 0.0000 1.0000 -0.0012
vn 0.0000 1.0000 0.0007
vn -0.5162 0.8565 -0.0000
vn -0.5412 -0.8390 0.0554
vn 0.0000 0.1280 -0.9918
vn 0.0000 -0.0761 0.9971
vn -0.6884 -0.7251 -0.0183
vn -0.6797 0.7331 0.0226
vn -0.7731 0.0204 0.6339
vn -1.0000 0.0000 0.0001
vn 0.0000 -1.0000 0.0043
vn 0.0000 -0.1495 0.9888
vn 0.0000 0.0230 0.9997
vn 0.0000 0.2085 -0.9780
vn 0.0000 1.0000 -0.0001
vn 0.0000 1.0000 -0.0017
vn 0.0000 1.0000 0.0008
vn 0.0000 -0.7602 -0.6497
vn 0.0000 0.8374 -0.5466
vn 0.0000 -0.7602 0.6497
vn -0.6950 0.2515 -0.6736
vn 0.0000 0.2373 -0.9714
vn 0.0000 -0.0068 1.0000
vn -0.6859 -0.7272 -0.0270
vn -0.6859 -0.7273 0.0221
vn 0.0000 -1.0000 0.0007
vn 0.0000 -1.0000 -0.0006
vn -0.5963 0.2940 0.7470
vn -0.6237 -0.0212 0.7814
vn 0.0000 -0.0609 -0.9981
vn -0.6500 -0.7599 0.0090
vn 0.0000 0.9756 0.2197
vn 0.0000 0.9910 -0.1339
vn -0.4477 -0.8941 0.0102
vn -1.0000 0.0020 0.0000
vn -0.6238 -0.0107 -0.7815
vn -0.6232 0.0453 -0.7807
vn -0.6144 0.1735 0.7697
vn 0.0000 -0.0137 -0.9999
vn 0.0000 0.0579 -0.9983
vn -0.7161 0.0075 -0.6980
vn -0.7442 -0.1249 0.6562
vn -0.6769 -0.0181 -0.7359
vn 0.0000 -0.0121 -0.9999
vn 0.0000 0.0009 1.0000
vn 0.0000 -0.0016 1.0000
vn -0.0000 0.0657 -0.9978
vn -0.7497 0.0279 0.6612
vn -0.6738 0.0976 -0.7325
vn 0.0000 -0.0119 -0.9999
vn 0.0000 -0.0059 -1.0000
vn 0.0000 0.9997 -0.0245
vn 0.0000 -0.9987 -0.0503
vn -0.5411 -0.8408 0.0182
vn -0.0000 -0.9999 0.0137
vn 0.0000 0.0051 1.0000
vn -0.0000 0.3662 0.9305
vn 0.0000 -0.9964 -0.0850
vn 0.0000 -0.9999 -0.0128
vn 0.0000 0.0919 -0.9958
vn 0.0000 0.0059 -1.0000
vn 0.0000 0.0119 -0.9999
vn 0.0000 0.9996 -0.0285
vn 0.0000 0.1853 0.9827
vn 0.0000 -0.9978 0.0659
vn 0.0099 0.8111 -0.5849
vn 0.0108 0.8115 -0.5842
vn 0.0108 -0.8115 -0.5842
vn 0.0099 -0.8111 -0.5849
vn 0.0000 1.0000 0.0037
vn 0.0000 -0.1655 -0.9862
vn 0.0000 1.0000 0.0014
vn 0.0000 0.0495 -0.9988
vn 0.0000 -0.0015 1.0000
vn 0.0000 0.0002 1.0000
vn 0.0000 0.0034 1.0000
vn 0.0000 -0.0269 0.9996
vn 0.0000 -0.0351 0.9994
vn 0.0000 -0.0187 0.9998
vn 0.0000 0.0222 -0.9998
vn -0.3586 0.8183 -0.4493
vn -0.3586 0.8183 0.4493
vn 0.0000 0.8766 0.4813
vn -0.4014 0.9159 0.0000
vn 0.0000 0.8766 -0.4813
vn 0.0000 0.0932 0.9956
vn -0.6010 -0.0100 0.7992
vn 0.0000 -0.0267 -0.9996
vn 0.6238 0.0000 -0.7816
vn 1.0000 0.0000 0.0000
vn 1.0000 -0.0073 0.0002
vn 0.4228 0.7353 0.5297
vn 0.4228 -0.7353 0.5297
vn 0.0127 -0.8113 -0.5845
vn 0.0127 0.8113 -0.5845
vn 0.0126 -0.8113 0.5845
vn 0.0127 0.8113 0.5845
vn 0.4228 -0.7353 -0.5297
vn 0.6684 -0.6035 0.4348
vn 0.4228 0.7353 -0.5297
vn 0.4604 -0.6748 0.5768
vn 0.4604 -0.6748 -0.5768
vn 0.6238 0.0000 0.7816
vn 0.3844 0.0000 -0.9231
vn 0.3844 0.0000 0.9231
vn 0.5237 -0.8518 -0.0125
vn 0.6619 0.7431 -0.0987
vn 0.6270 -0.7787 0.0228
vn 0.4985 -0.8669 0.0000
vn 0.4985 0.8669 0.0000
vn 0.4445 -0.8957 0.0110
vn 0.6534 0.0096 0.7570
vn 0.7156 -0.0372 -0.6975
vn 0.6229 -0.0562 0.7803
vn 0.6238 -0.0000 0.7815
vn 0.5636 -0.8261 0.0000
vn 0.7150 -0.0924 -0.6930
vn 0.6463 0.0045 0.7630
vn 0.5162 -0.8565 0.0000
vn 0.5162 0.8565 0.0000
vn 0.5412 -0.8390 0.0554
vn 0.3844 0.0000 0.9232
vn 0.6884 -0.7251 -0.0183
vn 0.6797 0.7331 0.0226
vn 0.7731 0.0204 0.6339
vn 1.0000 0.0000 0.0001
vn 0.6950 0.2515 -0.6736
vn 0.6859 -0.7272 -0.0270
vn 0.6859 -0.7273 0.0221
vn 0.5963 0.2940 0.7470
vn 0.6237 -0.0212 0.7814
vn 0.6500 -0.7599 0.0090
vn 0.0000 -0.9999 0.0156
vn 0.0000 0.9756 -0.2197
vn 0.4477 -0.8941 0.0102
vn 1.0000 0.0020 0.0000
vn 0.6238 -0.0107 -0.7815
vn 0.6232 0.0453 -0.7807
vn 0.6144 0.1735 0.7697
vn 0.7161 0.0075 -0.6980
vn 0.7442 -0.1249 0.6562
vn 0.6769 -0.0181 -0.7359
vn 0.7497 0.0279 0.6612
vn 0.6738 0.0976 -0.7325
vn 0.5411 -0.8408 0.0182
vn 0.0000 0.2199 0.9755
vn 0.3586 0.8183 -0.4493
vn 0.3586 0.8183 0.4493
vn 0.4014 0.9159 0.0000
vn 0.6010 -0.0100 0.7992
vn 0.0000 -0.0269 -0.9996
vn 0.0000 -0.0186 -0.9998
vn 0.0000 0.0222 0.9998
vn -0.6243 0.7799 -0.0459
vn -0.6238 0.0000 -0.7815
vn 0.0000 -0.9997 -0.0239
vn 0.0000 -0.2546 0.9670
vn -0.5907 0.8058 0.0411
vn 0.0000 -0.0351 -0.9994
vn 0.0000 -0.0524 -0.9986
vn 0.0000 0.0640 -0.9979
vn 0.6238 0.0001 -0.7815
vn 0.0000 0.0932 -0.9956
vn 0.0000 0.9992 -0.0393
vn 0.0000 0.1226 0.9925
vn 0.0000 0.9992 0.0393
vn 0.0000 -0.9970 0.0778
vn -0.6010 -0.0100 -0.7992
vn 0.0000 -0.0267 0.9996
vn 0.6243 0.7799 -0.0459
vn 0.6238 0.0000 -0.7815
vn 0.5907 0.8058 0.0411
vn -0.6238 0.0001 -0.7815
vn 0.6010 -0.0100 -0.7992
vn 0.6239 -0.0000 0.7815
vn -0.3999 0.7675 -0.5010
vn -0.6129 0.7893 0.0372
vn -0.7668 0.6380 0.0699
vn -0.7582 -0.0235 -0.6516
vn -0.6015 -0.7982 0.0330
vn -0.6274 0.7781 0.0307
vn -0.7226 -0.1213 0.6805
vn -0.7531 -0.0588 0.6553
vn -0.7351 0.6763 -0.0469
vn -0.6457 0.3889 0.6571
vn -0.7151 -0.2684 -0.6454
vn -0.7373 0.1161 -0.6655
vn -0.6683 -0.1733 0.7235
vn -0.7148 -0.1973 0.6709
vn -0.6770 0.2114 -0.7049
vn -0.6828 -0.1679 -0.7110
vn -0.6129 0.7894 -0.0337
vn -0.6625 0.7294 0.1705
vn -0.6625 0.7294 -0.1705
vn -0.5795 -0.8140 -0.0393
vn -0.5753 -0.8080 0.1276
vn -0.7540 -0.1443 0.6408
vn -0.6401 0.7625 -0.0939
vn -0.6383 -0.7696 0.0176
vn -0.6375 -0.7687 -0.0509
vn -0.7468 0.1745 -0.6418
vn -0.6251 0.7793 -0.0440
vn -0.5723 -0.8194 0.0326
vn -0.5632 -0.8260 -0.0230
vn -0.6249 0.7790 0.0511
vn -0.7636 -0.1649 -0.6242
vn -0.7505 0.2454 -0.6135
vn -0.4893 0.8508 0.1916
vn -0.6106 -0.7673 -0.1960
vn -0.6963 0.7161 0.0487
vn 0.5610 0.7776 -0.2839
vn -0.6780 0.7310 -0.0775
vn -0.7240 -0.1005 0.6824
vn -0.7300 -0.2944 0.6168
vn -0.7286 -0.0826 -0.6800
vn -0.7560 0.1431 0.6387
vn -0.7274 0.1008 -0.6788
vn -0.6091 0.7885 -0.0849
vn -0.6563 -0.7383 0.1558
vn -0.6791 -0.7189 -0.1481
vn -0.5943 0.7693 0.2345
vn -0.7368 0.2829 -0.6141
vn -0.7422 -0.1876 -0.6434
vn -0.7202 0.1453 0.6783
vn -0.8193 -0.5728 0.0249
vn -0.4893 0.8508 -0.1916
vn -0.6992 -0.2556 -0.6677
vn -0.6992 0.2556 -0.6677
vn -0.7743 0.0363 0.6318
vn -0.7464 0.0574 0.6630
vn -0.7547 0.1697 -0.6338
vn -0.7215 0.0238 0.6920
vn -0.7643 -0.0627 -0.6419
vn -0.7169 -0.1146 0.6877
vn -0.7532 0.0556 0.6554
vn -0.6430 0.7586 -0.1050
vn -0.7317 -0.0617 0.6789
vn -0.7319 0.0558 0.6791
vn -0.6438 0.7595 0.0929
vn -0.7226 -0.1213 -0.6805
vn -0.7367 0.2829 0.6141
vn -0.7422 -0.1876 0.6434
vn -0.7202 0.1453 -0.6783
vn 0.3999 0.7675 -0.5010
vn 0.6129 0.7893 0.0372
vn 0.7668 0.6380 0.0699
vn 0.7582 -0.0235 -0.6516
vn 0.6015 -0.7982 0.0330
vn 0.6274 0.7781 0.0307
vn 0.7226 -0.1213 0.6805
vn 0.7531 -0.0588 0.6553
vn 0.7351 0.6763 -0.0469
vn 0.6457 0.3889 0.6571
vn 0.7151 -0.2684 -0.6454
vn 0.7373 0.1161 -0.6655
vn 0.6683 -0.1733 0.7235
vn 0.7148 -0.1973 0.6709
vn 0.6770 0.2114 -0.7049
vn 0.6828 -0.1679 -0.7110
vn 0.6129 0.7894 -0.0337
vn 0.6625 0.7294 0.1705
vn 0.6625 0.7294 -0.1705
vn 0.5796 -0.8140 -0.0393
vn 0.5753 -0.8080 0.1276
vn 0.7540 -0.1443 0.6408
vn 0.6401 0.7625 -0.0939
vn 0.6383 -0.7696 0.0176
vn 0.6375 -0.7687 -0.0509
vn 0.7468 0.1745 -0.6418
vn 0.6251 0.7793 -0.0440
vn 0.5723 -0.8194 0.0326
vn 0.5632 -0.8260 -0.0230
vn 0.6249 0.7790 0.0511
vn 0.7636 -0.1649 -0.6242
vn 0.7505 0.2454 -0.6135
vn 0.4893 0.8508 0.1916
vn 0.6106 -0.7673 -0.1960
vn 0.6963 0.7161 0.0487
vn -0.5610 0.7776 -0.2839
vn 0.6780 0.7310 -0.0775
vn 0.7240 -0.1005 0.6824
vn 0.7300 -0.2944 0.6168
vn 0.7286 -0.0826 -0.6800
vn 0.7560 0.1431 0.6387
vn 0.7274 0.1008 -0.6788
vn 0.6091 0.7885 -0.0849
vn 0.6563 -0.7383 0.1558
vn 0.6791 -0.7189 -0.1481
vn 0.5943 0.7693 0.2345
vn 0.7368 0.2829 -0.6141
vn 0.7422 -0.1876 -0.6434
vn 0.7202 0.1453 0.6783
vn 0.8193 -0.5728 0.0249
vn 0.4893 0.8508 -0.1916
vn 0.6992 -0.2556 -0.6677
vn 0.6992 0.2556 -0.6677
vn 0.7743 0.0363 0.6318
vn 0.7464 0.0574 0.6630
vn 0.7547 0.1697 -0.6338
vn 0.7215 0.0238 0.6920
vn 0.7643 -0.0627 -0.6419
vn 0.7169 -0.1146 0.6877
vn 0.7532 0.0556 0.6554
vn 0.6430 0.7586 -0.1050
vn 0.7317 -0.0617 0.6789
vn 0.7319 0.0558 0.6791
vn 0.6438 0.7595 0.0929
vn 0.7226 -0.1213 -0.6805
vn 0.7367 0.2829 0.6141
vn 0.7422 -0.1876 0.6434
vn 0.7202 0.1453 -0.6783
usemtl Wall_Dark.001
s 1
f 1//1 2//1 3//1 4//1
f 5//2 6//2 7//2 8//2
f 2//3 1//3 9//3 10//3 11//3 12//3
f 13//4 14//4 15//4 16//4
f 17//5 18//5 19//5 20//5
f 21//6 22//6 23//6 24//6
f 25//4 26//4 27//4 28//4
f 29//7 30//7 31//4 32//4
f 33//8 34//8 35//8 36//8
f 37//9 38//9 39//10 40//10
f 41//11 42//11 43//11 44//11
f 45//12 46//12 47//12 48//12
f 49//13 50//13 51//13 52//13 53//13 54//13 55//13 56//13 57//13 58//13
f 59//8 60//8 61//8 62//8
f 63//14 64//14 65//14 66//14
f 67//3 68//3 69//3 70//3 71//3 72//3 73//3
f 74//15 75//15 76//15 77//15
f 78//16 79//16 80//16 81//16
f 82//8 83//8 84//8 85//8
f 86//10 87//10 88//10 89//10
f 90//17 91//17 92//17 93//17
f 94//18 95//18 96//19 97//19
f 98//20 99//20 100//20 101//20
f 102//21 103//21 104//4 105//4
f 106//22 107//22 108//22 109//22
f 110//1 111//1 112//1 113//1
f 114//10 115//10 116//10 117//10
f 118//23 36//23 35//23 119//23
f 120//3 121//3 122//3 123//3 124//3 125//3 126//3 127//3 128//3 129//3
f 130//4 131//4 132//4 133//4
f 134//4 135//4 136//4 137//4
f 138//8 139//8 140//8 141//8
f 10//24 142//24 143//24
f 144//25 145//25 9//25
f 146//26 147//27 148//28
f 149//29 150//30 151//31
f 8//32 152//33 153//34
f 154//35 155//36 16//37
f 4//38 156//38 1//38
f 20//38 157//38 158//38
f 159//39 160//39 24//39
f 161//25 162//25 163//25
f 164//38 165//38 166//38
f 119//24 35//24 167//24
f 34//40 168//40 169//40
f 170//40 171//40 172//40
f 40//25 173//25 174//25
f 175//24 176//24 44//24
f 57//38 177//38 178//38
f 179//40 180//40 56//40
f 59//24 73//24 181//24
f 70//25 48//25 47//25
f 62//40 182//40 67//40
f 183//38 69//38 66//38
f 184//25 185//25 51//25
f 186//24 187//24 52//24
f 188//25 189//25 190//25
f 77//24 191//24 192//24
f 193//40 194//40 85//40
f 195//40 196//40 197//40
f 32//24 198//24 199//24
f 200//38 88//38 201//38
f 87//25 202//25 203//25
f 204//24 105//24 205//24
f 206//41 94//41 207//41
f 110//42 113//42 208//42
f 128//38 209//38 210//38
f 211//40 212//40 127//40
f 117//25 132//25 122//25
f 131//24 213//24 123//24
f 214//25 215//25 216//25
f 217//38 218//38 219//38
f 137//24 140//24 220//24
f 139//40 221//40 222//40
f 223//5 4//5 3//5 224//5
f 145//4 225//4 226//4 142//4
f 4//43 223//43 227//43 156//43
f 142//23 226//23 228//23 143//23
f 10//44 9//44 145//44 142//44
f 229//5 230//5 151//5 231//5
f 232//45 149//45 151//45 230//45
f 7//46 233//47 152//33 8//32
f 234//48 153//48 152//48 235//48
f 5//49 8//49 153//49 236//49
f 237//8 238//8 239//8 240//8
f 241//50 242//50 239//50 238//50
f 19//43 243//43 157//43 20//43
f 244//51 158//51 157//51 21//51
f 17//1 20//1 158//1 245//1
f 165//10 246//10 247//10 162//10
f 28//44 119//44 167//44 248//44
f 34//52 33//52 249//52 168//52
f 250//1 164//1 166//1 251//1
f 161//53 166//53 165//53 162//53
f 169//54 167//54 35//54 34//54
f 101//55 100//55 172//55 252//55
f 39//12 253//12 173//12 40//12
f 254//44 174//44 173//44 255//44
f 37//53 40//53 174//53 256//53
f 257//54 171//54 170//54 258//54
f 259//56 184//56 51//56 50//56
f 187//23 186//23 260//23 261//23
f 262//54 179//54 56//54 55//54
f 57//1 56//1 180//1 177//1
f 263//57 264//57 265//58 266//58
f 71//59 70//59 47//59 265//59
f 267//60 181//60 264//60 263//60
f 68//61 67//61 182//61 63//61
f 59//54 62//54 67//54 73//54
f 183//53 48//53 70//53 69//53
f 52//44 51//44 185//44 186//44
f 268//62 269//62 270//62 271//62
f 76//23 272//23 191//23 77//23
f 273//54 192//54 191//54 274//54
f 74//63 77//63 192//63 275//63
f 276//1 277//1 278//1 279//1
f 196//52 280//52 281//52 197//52
f 282//1 200//1 201//1 283//1
f 31//23 284//23 198//23 32//23
f 29//64 32//64 199//64 285//64
f 195//54 199//54 198//54 196//54
f 203//53 201//53 88//53 87//53
f 93//8 92//8 286//8 211//8
f 287//65 206//65 207//65 288//65
f 287//10 289//10 290//10 206//10
f 105//23 104//23 291//23 205//23
f 292//66 293//66 108//66 107//66
f 294//67 207//67 94//67 97//67
f 212//5 295//5 296//5 209//5
f 114//53 117//53 122//53 121//53
f 131//23 130//23 297//23 213//23
f 93//54 211//54 127//54 126//54
f 128//1 127//1 212//1 209//1
f 123//44 122//44 132//44 131//44
f 218//10 298//10 299//10 215//10
f 134//44 137//44 220//44 300//44
f 139//52 138//52 301//52 221//52
f 302//1 217//1 219//1 303//1
f 214//53 219//53 218//53 215//53
f 222//54 220//54 140//54 139//54
f 257//8 304//8 305//8 171//8
f 306//52 224//52 3//52 307//52
f 146//68 308//68 309//68 147//68
f 310//3 311//3 149//3 232//3 312//3 313//3 147//3 309//3 236//3 153//3 234//3 314//3 315//3 155//3
f 16//37 15//69 316//70 154//35
f 317//71 318//71 319//72 320//72
f 146//10 321//10 322//10 308//10
f 154//73 317//73 310//73 155//73
f 308//74 5//74 236//74 309//74
f 154//8 316//8 318//71 317//71
f 155//48 315//48 13//48 16//48
f 147//45 313//45 79//45 148//45
f 81//75 80//75 230//75 229//75
f 152//4 233//4 323//4 235//4
f 324//76 325//76 14//76 13//76
f 160//77 244//77 21//77 24//77
f 326//78 241//78 238//78 327//78
f 328//8 327//8 238//8 237//8
f 159//79 329//79 330//79 160//79
f 244//80 160//80 330//80 331//80 242//80 241//80 326//80 332//80 245//80 158//80
f 157//81 243//81 22//81 21//81
f 329//82 333//82 334//82 335//82
f 159//83 336//83 333//83 329//83
f 337//84 338//84 18//84 17//84
f 339//85 340//85 306//86 307//86
f 143//54 341//54 11//54 10//54
f 156//53 144//53 9//53 1//53
f 341//87 342//87 340//85 339//85
f 113//88 343//88 344//88 208//88
f 345//89 109//89 108//89 346//89
f 290//90 95//90 94//90 206//90
f 204//44 347//44 102//44 105//44
f 111//91 292//91 107//91 112//91
f 348//43 349//43 350//43 351//43
f 352//92 112//92 107//92 106//92
f 353//93 354//93 103//21 102//21
f 305//52 252//52 172//52 171//52
f 355//94 287//94 288//94 356//94
f 205//54 357//54 358//54 204//54
f 343//5 113//5 112//5 352//5
f 355//10 359//10 289//10 287//10
f 205//8 291//8 360//8 357//8
f 208//95 355//95 356//95 110//95
f 207//3 294//3 361//3 347//3 204//3 358//3 362//3 293//3 292//3 111//3 110//3 356//3 288//3
f 208//10 344//10 359//10 355//10
f 363//54 257//54 258//54 364//54
f 44//23 43//23 365//23 175//23
f 363//8 366//8 304//8 257//8
f 351//96 350//96 367//97 368//97
f 175//54 363//54 364//54 176//54
f 175//8 365//8 366//8 363//8
f 369//3 256//3 174//3 254//3 370//3 176//3 364//3 258//3 170//3 371//3 372//3 373//3
f 370//98 254//98 255//98 41//98
f 373//1 372//1 99//1 348//1
f 349//5 348//5 99//5 98//5
f 176//99 370//99 41//99 44//99
f 221//1 374//1 375//1 222//1
f 376//44 134//44 300//44 377//44
f 136//23 141//23 140//23 137//23
f 221//5 301//5 378//5 374//5
f 376//4 379//4 135//4 134//4
f 380//44 376//44 377//44 381//44
f 380//4 382//4 379//4 376//4
f 383//44 380//44 381//44 384//44
f 374//100 378//100 385//100 386//100
f 383//4 387//4 382//4 380//4
f 178//101 388//101 58//101 57//101
f 262//102 389//102 390//102 391//102
f 187//54 392//54 53//54 52//54
f 392//8 187//8 261//8 393//8
f 394//103 395//103 269//103 268//103
f 274//8 396//8 83//8 82//8
f 189//104 397//104 395//104 190//104
f 398//105 194//105 399//105 279//105 278//105 400//105 397//105 189//105 401//105 275//105 192//105 273//105
f 193//106 402//106 399//106 194//106
f 402//107 276//107 279//107 399//107
f 188//44 403//44 401//44 189//44
f 403//108 74//108 275//108 401//108
f 404//10 190//10 395//10 394//10
f 193//109 405//109 406//109 402//109
f 402//110 406//110 407//110 276//110
f 188//4 408//4 409//4 403//4
f 69//111 68//111 63//111 66//111
f 410//112 29//112 285//112 411//112
f 197//113 412//113 413//113 195//113
f 197//114 281//114 414//114 412//114
f 202//115 415//115 416//116 410//116
f 413//3 283//3 201//3 203//3 411//3 285//3 199//3 195//3
f 412//117 414//117 417//117 282//117
f 202//118 410//118 411//118 203//118
f 412//119 282//119 283//119 413//119
f 418//120 419//120 420//121 302//121
f 87//12 86//12 415//12 202//12
f 282//5 417//5 421//5 200//5
f 116//12 133//12 132//12 117//12
f 422//122 423//122 91//122 90//122
f 424//10 425//10 426//10 427//10
f 213//54 422//54 124//54 123//54
f 213//8 297//8 423//8 422//8
f 427//123 426//123 115//123 114//123
f 210//124 424//124 129//124 128//124
f 210//125 428//125 425//125 424//125
f 266//58 265//58 47//126 46//126
f 255//127 429//127 42//127 41//127
f 430//128 431//128 432//128 259//128
f 388//129 433//129 431//129 430//129
f 386//130 385//130 434//130 435//130
f 216//4 436//4 437//4 438//4
f 438//4 437//4 439//4 440//4
f 441//3 442//3 384//3 381//3 377//3 300//3 220//3 222//3 375//3 443//3 444//3 445//3 446//3 303//3 219//3 214//3
f 216//44 438//44 441//44 214//44
f 438//44 440//44 442//44 441//44
f 440//44 383//44 384//44 442//44
f 435//1 447//1 445//1 444//1
f 440//4 439//4 387//4 383//4
f 435//5 434//5 448//131 447//131
f 447//131 448//131 419//132 418//132
f 357//133 360//133 449//133 450//133
f 235//134 323//134 325//134 324//134
f 451//5 148//5 79//5 78//5
f 308//135 322//135 6//135 5//135
f 452//136 231//137 151//31 150//30
f 148//28 451//138 321//139 146//26
f 320//72 319//72 452//140 150//140
f 453//52 454//52 180//52 179//52
f 177//43 455//43 456//43 178//43
f 179//8 262//8 391//8 453//8
f 209//43 296//43 428//43 210//43
f 286//52 295//52 212//52 211//52
f 61//52 457//52 182//52 62//52
f 421//43 89//43 88//43 200//43
f 458//43 298//43 218//43 217//43
f 215//12 299//12 436//12 216//12
f 302//121 420//121 458//5 217//5
f 459//43 246//43 165//43 164//43
f 162//12 247//12 460//12 163//12
f 168//5 249//5 461//5 462//5
f 463//12 225//12 145//12 144//12
f 156//10 227//10 463//10 144//10
f 464//141 465//141 338//141 337//141
f 24//12 23//12 336//12 159//12
f 466//23 240//23 239//23 467//23
f 327//52 328//52 465//52 464//52
f 335//4 334//4 466//4 467//4
f 97//19 96//19 354//93 353//93
f 368//97 367//97 38//9 37//9
f 450//142 449//142 345//142 346//142
f 173//4 253//4 429//4 255//4
f 191//8 272//8 396//8 274//8
f 250//5 468//5 459//5 164//5
f 85//52 84//52 405//52 193//52
f 181//23 267//23 60//23 59//23
f 469//43 271//43 270//43 277//43
f 190//12 404//12 408//12 188//12
f 66//43 65//43 470//43 183//43
f 276//5 407//5 469//5 277//5
f 182//143 457//143 64//143 63//143
f 183//10 470//10 45//10 48//10
f 471//3 248//3 167//3 169//3 472//3 251//3 166//3 161//3
f 28//4 27//4 118//4 119//4
f 143//8 228//8 342//87 341//87
f 163//4 460//4 26//4 25//4
f 462//5 461//5 468//5 250//5
f 473//4 474//4 475//144 476//144
f 198//8 284//8 280//8 196//8
f 477//3 478//3 479//3 480//3 481//3 482//3 483//3 484//3
f 482//25 485//25 473//25
f 486//38 487//38 481//38
f 488//40 489//40 480//40
f 490//8 488//8 491//8 492//8
f 487//10 493//10 494//10 485//10
f 488//52 490//52 495//52 489//52
f 485//12 494//12 474//12 473//12
f 482//53 481//53 487//53 485//53
f 496//23 497//23 498//23 499//23
f 500//145 501//145 496//146 499//146
f 473//44 476//44 483//44 482//44
f 489//1 486//1 481//1 480//1
f 476//144 475//144 501//145 500//145
f 502//43 493//43 487//43 486//43
f 489//5 495//5 502//5 486//5
f 492//8 491//8 503//8 504//8
f 505//147 506//147 507//148 508//148
f 480//54 479//54 491//54 488//54
f 504//8 503//8 498//8 497//8
f 509//149 510//149 506//147 505//147
f 511//150 512//150 513//150 514//150
f 515//8 516//8 517//8 518//8
f 519//38 520//38 521//38
f 522//25 523//25 524//25
f 511//151 525//151 517//151
f 518//152 526//152 508//152
f 522//4 527//4 528//4 529//4
f 521//10 530//10 531//10 524//10
f 508//153 507//153 515//153 518//153
f 529//44 532//44 523//44 522//44
f 519//53 521//53 524//53 523//53
f 526//154 518//154 517//154 525//154
f 520//1 519//1 533//1 534//1
f 512//155 511//155 517//155 516//155
f 529//156 528//156 510//156 509//156
f 533//3 519//3 523//3 532//3 535//3 536//3 526//3 525//3 537//3
f 534//5 538//5 539//5 520//5
f 520//43 539//43 530//43 521//43
f 527//12 522//12 524//12 531//12
f 508//157 526//157 536//157 505//157
f 514//158 513//158 538//158 534//158
f 540//159 223//159 224//159 541//159
f 541//160 542//160 543//160 544//160 545//160 540//160
f 259//10 432//10 546//10 184//10
f 547//161 548//161 549//161 550//161 551//161 552//161 553//161 554//161 555//161 556//161
f 557//160 558//160 559//160 560//160 561//160 562//160 563//160
f 260//4 186//4 185//4 564//4
f 565//159 343//159 352//159 566//159
f 567//160 568//160 569//160 570//160 571//160 572//160 573//160 574//160 575//160 576//160
f 544//162 228//162 226//162
f 463//163 545//163 225//163
f 321//139 451//138 577//164
f 578//165 231//137 452//136
f 7//46 579//166 233//47
f 316//70 15//69 580//167
f 223//168 540//168 227//168
f 19//168 581//168 243//168
f 336//169 23//169 582//169
f 583//163 460//163 247//163
f 459//168 584//168 246//168
f 118//162 585//162 36//162
f 33//170 586//170 249//170
f 587//170 252//170 305//170
f 39//163 588//163 253//163
f 365//162 43//162 589//162
f 549//168 456//168 455//168
f 453//170 550//170 454//170
f 60//162 267//162 558//162
f 561//163 46//163 45//163
f 61//170 557//170 457//170
f 470//168 65//168 562//168
f 546//163 555//163 564//163
f 260//162 554//162 261//162
f 408//163 404//163 590//163
f 76//162 591//162 272//162
f 405//170 84//170 592//170
f 593//170 281//170 280//170
f 31//162 594//162 284//162
f 421//168 595//168 89//168
f 86//163 596//163 415//163
f 597//162 291//162 104//162
f 290//171 598//171 95//171
f 565//172 344//172 343//172
f 569//168 428//168 296//168
f 286//170 570//170 295//170
f 116//163 575//163 133//163
f 130//162 574//162 297//162
f 599//163 436//163 299//163
f 458//168 600//168 298//168
f 136//162 601//162 141//162
f 138//170 602//170 301//170
f 544//173 226//173 225//173 545//173
f 603//174 229//174 231//174 578//174
f 604//175 323//175 233//175 579//175
f 6//176 605//176 579//176 7//176
f 606//177 237//177 240//177 607//177
f 608//178 22//178 243//178 581//178
f 18//159 609//159 581//159 19//159
f 27//173 610//173 585//173 118//173
f 468//159 611//159 584//159 459//159
f 583//179 247//179 246//179 584//179
f 586//180 33//180 36//180 585//180
f 612//173 429//173 253//173 588//173
f 38//179 613//179 588//179 39//179
f 304//180 614//180 587//180 305//180
f 177//5 180//5 454//5 455//5
f 432//181 556//181 555//181 546//181
f 391//180 551//180 550//180 453//180
f 549//159 455//159 454//159 550//159
f 560//182 266//182 46//182 561//182
f 563//183 64//183 457//183 557//183
f 60//180 558//180 557//180 61//180
f 470//179 562//179 561//179 45//179
f 554//173 260//173 564//173 555//173
f 410//116 416//116 30//7 29//7
f 615//180 396//180 272//180 591//180
f 75//184 616//184 591//184 76//184
f 407//159 617//159 618//159 469//159
f 417//159 619//159 595//159 421//159
f 30//185 620//185 594//185 31//185
f 593//180 280//180 284//180 594//180
f 596//179 86//179 89//179 595//179
f 289//186 621//186 598//186 290//186
f 622//187 106//187 109//187 623//187
f 624//188 96//188 95//188 598//188
f 115//179 576//179 575//179 116//179
f 92//180 571//180 570//180 286//180
f 569//159 296//159 295//159 570//159
f 574//173 130//173 133//173 575//173
f 135//173 625//173 601//173 136//173
f 420//159 626//159 600//159 458//159
f 599//179 299//179 298//179 600//179
f 602//180 138//180 141//180 601//180
f 321//189 577//189 627//189 322//189
f 628//160 580//160 629//160 630//160 604//160 579//160 605//160 627//160 577//160 631//160 632//160 603//160 578//160 633//160
f 316//190 580//190 628//190 318//190
f 322//191 627//191 605//191 6//191
f 580//192 15//192 14//192 629//192
f 577//174 451//174 78//174 631//174
f 582//193 23//193 22//193 608//193
f 634//194 328//194 237//194 606//194
f 336//195 582//195 635//195 333//195
f 608//196 581//196 609//196 636//196 634//196 606//196 607//196 637//196 635//196 582//196
f 228//180 544//180 543//180 342//180
f 227//179 540//179 545//179 463//179
f 597//173 104//173 103//173 638//173
f 566//197 352//197 106//197 622//197
f 359//198 639//198 621//198 289//198
f 291//180 597//180 640//180 360//180
f 344//199 565//199 639//199 359//199
f 598//160 621//160 639//160 565//160 566//160 622//160 623//160 641//160 640//160 597//160 638//160 642//160 624//160
f 366//180 643//180 614//180 304//180
f 365//180 589//180 643//180 366//180
f 644//160 645//160 646//160 647//160 587//160 614//160 643//160 589//160 648//160 612//160 588//160 613//160
f 648//200 42//200 429//200 612//200
f 645//159 349//159 98//159 646//159
f 589//201 43//201 42//201 648//201
f 301//159 602//159 649//159 378//159
f 379//173 650//173 625//173 135//173
f 382//173 651//173 650//173 379//173
f 387//173 652//173 651//173 382//173
f 456//202 549//202 548//202 433//202
f 546//12 564//12 185//12 184//12
f 178//203 456//203 433//203 388//203
f 261//180 554//180 553//180 393//180
f 392//204 393//204 390//204 389//204
f 590//205 404//205 394//205 653//205
f 654//206 615//206 591//206 616//206 655//206 590//206 653//206 656//206 618//206 617//206 657//206 592//206
f 405//207 592//207 657//207 406//207
f 406//208 657//208 617//208 407//208
f 408//173 590//173 655//173 409//173
f 409//209 655//209 616//209 75//209
f 562//210 65//210 64//210 563//210
f 416//211 658//211 620//211 30//211
f 281//212 593//212 659//212 414//212
f 659//160 593//160 594//160 620//160 658//160 596//160 595//160 619//160
f 415//213 596//213 658//213 416//213
f 414//214 659//214 619//214 417//214
f 297//180 574//180 573//180 423//180
f 428//215 569//215 568//215 425//215
f 660//160 599//160 600//160 626//160 661//160 662//160 663//160 664//160 649//160 602//160 601//160 625//160 650//160 651//160 652//160 665//160
f 436//173 599//173 660//173 437//173
f 437//173 660//173 665//173 439//173
f 439//173 665//173 652//173 387//173
f 434//159 663//159 662//159 448//159
f 403//216 409//216 75//216 74//216
f 666//160 583//160 584//160 611//160 667//160 586//160 585//160 610//160
f 668//160 669//160 670//160 671//160 672//160 673//160 674//160 675//160
f 671//163 474//163 494//163
f 502//168 672//168 493//168
f 490//170 673//170 495//170
f 671//179 494//179 493//179 672//179
f 474//173 671//173 670//173 475//173
f 495//159 673//159 672//159 502//159
f 673//180 490//180 492//180 674//180
f 676//168 530//168 539//168
f 527//163 531//163 677//163
f 512//217 516//217 678//217
f 515//218 507//218 679//218
f 528//173 527//173 677//173 680//173
f 676//179 677//179 531//179 530//179
f 679//219 678//219 516//219 515//219
f 539//159 538//159 681//159 676//159
f 681//160 682//160 678//160 679//160 683//160 684//160 680//160 677//160 676//160
f 507//220 506//220 683//220 679//220
usemtl Wall_Medium.001
f 685//8 686//8 687//8 688//8
f 689//4 690//4 691//4 692//4
f 693//4 694//4 695//4 696//4
f 697//8 698//8 699//8 700//8
f 701//8 702//8 703//8 704//8
f 705//221 706//221 707//222 708//222
f 709//4 710//4 711//4 712//4
f 713//5 714//5 715//5 716//5
f 717//10 718//10 719//10 720//10
f 721//4 722//4 723//4 724//4
f 725//223 726//223 727//223 728//223
f 729//4 730//4 690//4 689//4
f 731//8 732//8 733//8 734//8
f 735//4 736//4 730//4 729//4
f 737//8 738//8 739//8 740//8
f 741//25 742//25 693//25
f 743//38 744//38 745//38
f 696//24 703//24 746//24
f 686//40 747//40 748//40
f 749//40 700//40 750//40
f 712//24 697//24 751//24
f 716//38 719//38 752//38
f 718//25 753//25 754//25
f 755//25 756//25 721//25
f 757//38 758//38 759//38
f 728//152 733//152 760//152
f 732//151 761//151 762//151
f 763//25 764//25 735//25
f 765//38 766//38 767//38
f 692//24 739//24 768//24
f 769//40 770//40 771//40
f 772//10 773//10 774//10 742//10
f 693//44 696//44 746//44 741//44
f 686//52 685//52 775//52 747//52
f 747//1 743//1 745//1 748//1
f 776//53 745//53 744//53 777//53
f 778//224 746//224 703//224 702//224
f 700//52 699//52 779//52 750//52
f 713//1 716//225 752//225 780//1
f 711//23 698//23 697//23 712//23
f 709//44 712//44 751//44 781//44
f 749//54 751//54 697//54 700//54
f 754//53 752//53 719//53 718//53
f 782//5 783//5 784//5 757//5
f 758//10 785//10 786//10 756//10
f 732//155 731//155 787//155 761//155
f 782//225 757//225 759//225 788//225
f 755//53 759//53 758//53 756//53
f 762//154 760//154 733//154 732//154
f 789//226 790//226 791//226 764//226
f 769//52 792//52 793//52 770//52
f 770//1 765//1 767//1 771//1
f 691//23 740//23 739//23 692//23
f 794//54 768//54 739//54 738//54
f 771//54 795//54 796//54 769//54
f 766//10 797//10 798//10 799//10
f 767//3 800//3 801//3 763//3 802//3 803//3 768//3 794//3 804//3 795//3 771//3
f 805//227 806//227 710//227 709//227
f 807//228 778//228 702//228 808//228
f 688//8 687//8 808//8 809//8
f 776//3 810//3 741//3 746//3 778//3 807//3 811//3 748//3 745//3
f 809//8 808//8 702//8 701//8
f 761//229 787//229 706//221 705//221
f 750//230 779//230 812//230 813//230
f 813//231 812//231 814//231 815//231
f 753//5 816//5 817//5 818//5
f 753//232 818//232 819//232 754//232
f 815//5 814//5 714//5 713//5
f 820//3 821//3 780//3 752//3 754//3 819//3 822//3 781//3 751//3 749//3
f 815//1 713//1 780//1 821//1
f 721//44 724//44 823//44 755//44
f 727//153 734//153 733//153 728//153
f 708//233 707//233 783//233 782//233
f 823//3 824//3 760//3 762//3 825//3 826//3 788//3 759//3 755//3
f 715//43 720//43 719//43 716//43
f 827//234 828//234 738//234 737//234
f 756//12 786//12 722//12 721//12
f 784//43 785//43 758//43 757//43
f 818//235 817//235 806//235 805//235
f 744//10 829//10 830//10 777//10
f 777//10 830//10 773//10 772//10
f 695//23 704//23 703//23 696//23
f 831//43 829//43 744//43 743//43
f 742//12 774//12 694//12 693//12
f 747//5 775//5 831//5 743//5
f 832//236 796//236 828//236 827//236
f 792//8 769//8 796//8 832//8
f 799//237 798//237 790//237 789//237
f 833//43 797//43 766//43 765//43
f 764//12 791//12 736//12 735//12
f 770//5 793//5 833//5 765//5
f 761//238 705//238 825//238 762//238
f 724//239 723//239 726//239 725//239
f 800//53 767//53 766//53 799//53
f 735//64 729//64 802//64 763//64
f 834//163 694//163 774//163
f 831//168 835//168 829//168
f 695//162 836//162 704//162
f 685//170 837//170 775//170
f 838//170 779//170 699//170
f 711//162 839//162 698//162
f 715//168 840//168 720//168
f 717//163 841//163 816//163
f 842//163 722//163 786//163
f 784//168 843//168 785//168
f 727//218 844//218 734//218
f 731//217 845//217 787//217
f 846//163 736//163 791//163
f 833//168 847//168 797//168
f 691//162 848//162 740//162
f 792//170 849//170 793//170
f 694//173 834//173 836//173 695//173
f 775//159 837//159 835//159 831//159
f 850//179 830//179 829//179 835//179
f 851//240 701//240 704//240 836//240
f 714//159 852//159 840//241 715//241
f 710//173 853//173 839//173 711//173
f 838//180 699//180 698//180 839//180
f 841//179 717//179 720//179 840//179
f 783//241 854//241 843//241 784//241
f 842//179 786//179 785//179 843//179
f 845//219 731//219 734//219 844//219
f 793//159 849//159 847//159 833//159
f 855//180 737//180 740//180 848//180
f 849//180 792//180 832//180 856//180
f 847//160 849//160 856//160 857//160 855//160 848//160 858//160 859//160 846//160 860//160 861//160
f 862//242 809//242 701//242 851//242
f 850//160 835//160 837//160 863//160 862//160 851//160 836//160 834//160 864//160
f 816//243 841//243 865//243 817//243
f 866//160 838//160 839//160 853//160 867//160 865//160 841//160 840//160 852//160 868//160
f 814//159 868//159 852//159 714//159
f 722//173 842//173 869//173 723//173
f 869//160 842//160 843//160 854//160 870//160 871//160 845//160 844//160 872//160
f 787//244 845//244 871//244 706//244
f 861//179 798//179 797//179 847//179
f 736//245 846//245 859//245 730//245
f 718//12 717//12 816//12 753//12
usemtl Wall_Highlights.001
f 307//40 3//40 2//40
f 464//40 326//40 327//40
f 242//24 467//24 239//24
f 351//38 373//38 348//38
f 278//38 277//38 270//38
f 346//246 108//246 293//246
f 339//247 307//247 2//247 12//247
f 320//248 150//248 149//248 311//248
f 335//44 467//44 242//44 331//44
f 371//249 170//249 172//249 100//249
f 400//250 278//250 270//250 269//250
f 450//251 346//251 293//251 362//251
f 725//252 728//252 760//252 824//252
f 689//253 692//253 768//253 803//253
f 317//254 320//254 311//254 310//254
f 314//255 234//255 235//255 324//255
f 312//256 232//256 230//256 80//256
f 313//257 312//257 80//257 79//257
f 315//258 314//258 324//258 13//258
f 329//259 335//259 331//259 330//259
f 337//260 17//260 245//260 332//260
f 464//261 337//261 332//261 326//261
f 341//262 339//262 12//262 11//262
f 795//263 804//263 828//263 796//263
f 804//264 794//264 738//264 828//264
f 763//265 801//265 789//265 764//265
f 801//266 800//266 799//266 789//266
f 347//267 361//267 353//267 102//267
f 357//268 450//268 362//268 358//268
f 351//269 368//269 369//269 373//269
f 368//270 37//270 256//270 369//270
f 372//271 371//271 100//271 99//271
f 811//272 807//272 808//272 687//272
f 810//273 776//273 777//273 772//273
f 741//274 810//274 772//274 742//274
f 748//275 811//275 687//275 686//275
f 374//276 386//276 443//276 375//276
f 386//277 435//277 444//277 443//277
f 389//278 262//278 55//278 54//278
f 430//279 259//279 50//279 49//279
f 194//280 398//280 82//280 85//280
f 397//281 400//281 269//281 395//281
f 398//282 273//282 274//282 82//282
f 73//283 72//283 264//283 181//283
f 805//284 709//284 781//284 822//284
f 750//285 813//285 820//285 749//285
f 818//286 805//286 822//286 819//286
f 813//287 815//287 821//287 820//287
f 422//288 90//288 125//288 124//288
f 424//289 427//289 120//289 129//289
f 427//290 114//290 121//290 120//290
f 90//291 93//291 126//291 125//291
f 708//292 782//292 788//292 826//292
f 705//293 708//293 826//293 825//293
f 724//294 725//294 824//294 823//294
f 388//295 430//295 49//295 58//295
f 392//296 389//296 54//296 53//296
f 447//297 418//297 446//297 445//297
f 418//298 302//298 303//298 446//298
f 361//299 294//299 97//299 353//299
f 72//300 71//300 265//300 264//300
f 462//301 250//301 251//301 472//301
f 163//302 25//302 471//302 161//302
f 168//303 462//303 472//303 169//303
f 25//304 28//304 248//304 471//304
f 729//305 689//305 803//305 802//305
f 478//306 477//306 498//306 503//306
f 499//24 498//24 477//24
f 500//307 499//307 477//307 484//307
f 476//308 500//308 484//308 483//308
f 479//309 478//309 503//309 491//309
f 514//310 537//310 525//310 511//310
f 509//311 535//311 532//311 529//311
f 505//312 536//312 535//312 509//312
f 534//313 533//313 537//313 514//313
f 306//170 541//170 224//170
f 465//170 328//170 634//170
f 607//162 240//162 466//162
f 350//168 349//168 645//168
f 618//168 271//168 469//168
f 345//314 623//314 109//314
f 340//315 542//315 541//315 306//315
f 319//316 633//316 578//316 452//316
f 334//173 637//173 607//173 466//173
f 647//317 101//317 252//317 587//317
f 656//318 268//318 271//318 618//318
f 449//319 641//319 623//319 345//319
f 726//320 872//320 844//320 727//320
f 690//321 858//321 848//321 691//321
f 318//322 628//322 633//322 319//322
f 630//323 325//323 323//323 604//323
f 632//324 81//324 229//324 603//324
f 631//325 78//325 81//325 632//325
f 629//326 14//326 325//326 630//326
f 333//327 635//327 637//327 334//327
f 338//328 636//328 609//328 18//328
f 465//329 634//329 636//329 338//329
f 342//330 543//330 542//330 340//330
f 856//331 832//331 827//331 857//331
f 857//332 827//332 737//332 855//332
f 846//333 791//333 790//333 860//333
f 860//334 790//334 798//334 861//334
f 638//335 103//335 354//335 642//335
f 360//336 640//336 641//336 449//336
f 350//337 645//337 644//337 367//337
f 367//338 644//338 613//338 38//338
f 646//339 98//339 101//339 647//339
f 863//340 688//340 809//340 862//340
f 864//341 773//341 830//341 850//341
f 834//342 774//342 773//342 864//342
f 837//343 685//343 688//343 863//343
f 378//344 649//344 664//344 385//344
f 385//345 664//345 663//345 434//345
f 390//346 552//346 551//346 391//346
f 431//347 547//347 556//347 432//347
f 592//348 84//348 83//348 654//348
f 653//349 394//349 268//349 656//349
f 654//350 83//350 396//350 615//350
f 558//351 267//351 263//351 559//351
f 806//352 867//352 853//352 710//352
f 779//353 838//353 866//353 812//353
f 817//354 865//354 867//354 806//354
f 812//355 866//355 868//355 814//355
f 423//356 573//356 572//356 91//356
f 425//357 568//357 567//357 426//357
f 426//358 567//358 576//358 115//358
f 91//359 572//359 571//359 92//359
f 707//360 870//360 854//360 783//360
f 706//361 871//361 870//361 707//361
f 723//362 869//362 872//362 726//362
f 433//363 548//363 547//363 431//363
f 393//364 553//364 552//364 390//364
f 448//365 662//365 661//365 419//365
f 419//366 661//366 626//366 420//366
f 642//367 354//367 96//367 624//367
f 559//368 263//368 266//368 560//368
f 461//369 667//369 611//369 468//369
f 460//370 583//370 666//370 26//370
f 249//371 586//371 667//371 461//371
f 26//372 666//372 610//372 27//372
f 730//373 859//373 858//373 690//373
f 675//374 504//374 497//374 668//374
f 496//162 668//162 497//162
f 501//375 669//375 668//375 496//375
f 475//376 670//376 669//376 501//376
f 674//377 492//377 504//377 675//377
f 513//378 512//378 678//378 682//378
f 510//379 528//379 680//379 684//379
f 506//380 510//380 684//380 683//380
f 538//381 513//381 682//381 681//381
o Wall_Modular_Cube.002
v 0.619795 3.666415 0.178859
v 0.619795 3.943581 0.178859
v 0.652836 3.943581 0.152485
v 0.652836 3.666415 0.152485
v 0.690518 3.574320 -1.095879
v 0.918030 3.574320 -1.095879
v 0.918030 3.563545 -0.363972
v 0.690518 3.563545 -0.363972
v 0.619795 3.666415 0.665060
v 0.619795 3.943581 0.665060
v 0.619795 3.943581 0.465593
v 0.619795 3.930507 0.315011
v 0.690518 3.795294 -0.337599
v 0.918030 3.795294 -0.337599
v 0.918030 3.943581 -0.337599
v 0.690518 3.943581 -0.337599
v 0.735102 3.804894 -0.349266
v 0.873446 3.804894 -0.349266
v 0.873446 3.398570 -0.349266
v 0.735102 3.398570 -0.349266
v 0.735102 3.380866 -0.019425
v 0.873446 3.380866 -0.019425
v 0.873446 3.379570 0.133650
v 0.735102 3.379570 0.133650
v 0.630314 3.281070 -0.857135
v 0.978234 3.281070 -0.857135
v 0.978234 3.329508 -0.857135
v 0.630314 3.329508 -0.857135
v 0.630314 2.782324 1.385068
v 0.978234 2.782324 1.385068
v 0.978235 3.143561 1.385068
v 0.630313 3.143561 1.385068
v 0.978234 3.566755 -1.358253
v 0.630314 3.566755 -1.358253
v 0.630314 3.566755 -0.883509
v 0.978234 3.566755 -0.883509
v 0.690518 2.831857 -0.335591
v 0.918030 2.831857 -0.335591
v 0.918030 2.831857 0.134987
v 0.690518 2.831857 0.134987
v 0.690518 2.947327 0.150143
v 0.918030 2.947327 0.150143
v 0.918030 3.361708 0.161361
v 0.690518 3.361708 0.161361
v 0.918030 1.962995 1.358694
v 0.918030 1.981995 1.385068
v 0.690518 1.981995 1.385068
v 0.690518 1.962995 1.358694
v 0.602347 2.005810 -0.489214
v 0.594087 1.978538 -0.394924
v 0.597273 1.981996 -0.196972
v 0.597273 2.309195 -0.196972
v 0.597273 2.309195 -0.311796
v 0.597273 2.296265 -0.369207
v 0.597273 2.309195 -0.426619
v 0.597273 2.309195 -1.362343
v 0.597273 1.981996 -1.362343
v 0.602261 1.993753 -0.794145
v 0.690518 2.438464 1.358694
v 0.918030 2.438464 1.358694
v 0.918030 2.438464 0.369693
v 0.690518 2.438464 0.369693
v 0.690518 2.346362 0.339695
v 0.918030 2.346362 0.339695
v 0.918030 1.981995 0.343319
v 0.690518 1.981995 0.343319
v 0.657477 2.419464 0.369693
v 0.657477 2.346362 0.381118
v 0.657477 1.981995 0.369693
v 0.657477 1.981995 1.358694
v 0.657477 2.263378 1.352967
v 0.657477 2.346362 1.339251
v 0.657477 2.419464 1.358694
v 0.729603 2.257739 0.335604
v 0.878945 2.257739 0.335604
v 0.878945 2.527006 0.354986
v 0.729603 2.527006 0.354986
v 0.918030 3.709479 -1.388717
v 0.690518 3.709479 -1.388717
v 0.690518 3.772574 -1.392132
v 0.918030 3.772574 -1.392132
v 0.729603 2.546006 0.038021
v 0.878945 2.546006 0.038021
v 0.878945 2.546006 -0.155037
v 0.729603 2.546006 -0.155037
v 0.978234 2.435255 1.358694
v 0.630314 2.435255 1.358694
v 0.630314 2.435255 0.870673
v 0.978234 2.435255 0.870673
v 0.630314 2.830193 0.222492
v 0.978234 2.830193 0.222492
v 0.978234 2.832115 0.194788
v 0.630314 2.832115 0.194788
v 0.653918 2.850857 0.847911
v 0.954630 2.850857 0.847911
v 0.954630 3.206602 0.847431
v 0.653918 3.206602 0.847431
v 0.918030 2.918824 -0.871202
v 0.690518 2.918824 -0.871202
v 0.690518 2.970671 -0.869175
v 0.918030 2.970671 -0.869175
v 0.653918 3.464349 0.847911
v 0.954630 3.464349 0.847911
v 0.954630 3.631708 0.847911
v 0.653918 3.631708 0.847911
v 0.954630 3.464349 0.170645
v 0.653918 3.464349 0.170645
v 0.653918 3.631708 0.156043
v 0.954630 3.631708 0.156043
v 0.620877 2.850857 0.182416
v 0.620877 3.404573 0.182416
v 0.653918 3.404573 0.156043
v 0.653918 2.850857 0.156043
v 0.630314 2.542433 0.082242
v 0.978234 2.542433 0.082242
v 0.978234 2.542433 0.327130
v 0.630314 2.542433 0.327130
v 0.978234 3.547755 -0.857135
v 0.630314 3.547755 -0.857135
v 0.597273 2.585750 0.023471
v 0.597273 2.561433 0.082242
v 0.597273 2.561433 0.327130
v 0.597273 2.813115 0.327130
v 0.597273 2.813115 0.300942
v 0.597273 2.798150 0.222492
v 0.597273 2.813115 0.194788
v 0.597273 2.813115 -0.311312
v 0.597273 2.561433 -0.311312
v 0.597273 2.569905 -0.023912
v 0.978234 2.813115 0.353504
v 0.630314 2.813115 0.353504
v 0.630314 2.561433 0.353504
v 0.978234 2.561433 0.353504
v 0.728309 2.890056 -0.857135
v 0.880239 2.890056 -0.857135
v 0.880239 3.010316 -0.857135
v 0.728309 3.010316 -0.857135
v 0.880239 3.029316 -1.358253
v 0.728309 3.029316 -1.358253
v 0.728309 3.029316 -0.883509
v 0.880239 3.029316 -0.883509
v 0.652836 3.943581 0.691434
v 0.652836 3.962581 0.665060
v 0.652836 3.647415 0.665060
v 0.652836 3.666415 0.691434
v 0.690518 3.563545 -1.362343
v 0.669099 3.576453 -1.379797
v 0.690518 3.582545 -1.388717
v 0.669099 3.949673 -1.379797
v 0.690518 3.962581 -1.362343
v 0.690518 3.943581 -1.388717
v 0.690518 3.582545 -0.337599
v 0.669099 3.576453 -0.346519
v 0.690518 3.962581 -0.363972
v 0.669099 3.949673 -0.346519
v 0.652836 3.647415 0.178859
v 0.735102 3.379570 -0.322892
v 0.702061 3.398570 -0.322892
v 0.735102 3.398570 0.160024
v 0.702131 3.408577 0.123231
v 0.597273 3.046613 -0.883509
v 0.630314 3.027613 -0.883509
v 0.630314 3.046613 -0.857135
v 0.630314 3.046613 -1.384626
v 0.630314 3.027613 -1.358253
v 0.597273 3.046613 -1.358253
v 0.597273 3.547755 -0.883509
v 0.630314 3.547755 -1.384626
v 0.597273 3.547755 -1.358253
v 0.657477 3.361708 -0.844828
v 0.690518 3.380708 -0.844828
v 0.690518 3.361708 -0.871202
v 0.690518 2.850857 0.161361
v 0.657477 2.850857 0.134987
v 0.690518 3.380708 0.134987
v 0.657477 3.361708 0.134987
v 0.630314 1.981996 -1.388717
v 0.630314 1.962996 -1.362343
v 0.630314 2.328195 -1.362343
v 0.630314 2.309195 -1.388717
v 0.690518 2.419464 1.385068
v 0.690518 2.419464 0.343319
v 0.690518 1.962995 0.369693
v 0.630314 1.962996 -0.196972
v 0.630314 1.981996 -0.170598
v 0.630314 2.309195 -0.170598
v 0.630314 2.328195 -0.196972
v 0.729603 1.980431 0.354986
v 0.696562 1.980431 0.328613
v 0.729603 1.961431 0.328613
v 0.729603 2.546006 0.328613
v 0.696562 2.527006 0.328613
v 0.729603 2.527006 -0.181411
v 0.696562 2.527006 -0.155037
v 0.597273 3.143561 0.870673
v 0.630314 3.162561 0.870673
v 0.630314 3.143561 0.844300
v 0.630313 3.162561 1.358694
v 0.597273 3.143561 1.358694
v 0.630314 2.454255 0.844300
v 0.597273 2.454255 0.870673
v 0.630314 2.454255 1.385068
v 0.597273 2.454255 1.358694
v 0.620877 3.631708 0.821538
v 0.653918 3.650708 0.821538
v 0.653918 2.828315 0.821538
v 0.620877 2.850857 0.821538
v 0.653918 2.828315 0.182416
v 0.630314 2.561433 -0.337686
v 0.630314 2.542433 -0.311312
v 0.630314 2.832115 -0.311312
v 0.630314 2.813115 -0.337686
v 0.630314 2.832115 0.327130
v 0.695268 2.342063 -0.883509
v 0.728309 2.323063 -0.883509
v 0.728309 2.342063 -0.857135
v 0.728309 2.342063 -1.384626
v 0.728309 2.323063 -1.358253
v 0.695268 2.342063 -1.358253
v 0.695268 3.010316 -0.883509
v 0.728309 3.010316 -1.384626
v 0.695268 3.010316 -1.358253
v 0.955712 3.666415 0.152485
v 0.955712 3.943581 0.152485
v 0.955712 3.666415 0.691434
v 0.955712 3.943581 0.691434
v 0.955712 3.647415 0.178859
v 0.955712 3.962581 0.665060
v 0.918030 3.799035 -1.388717
v 0.690518 3.799035 -1.388717
v 0.918030 3.943581 -1.388717
v 0.669099 3.799978 -1.379797
v 0.918030 3.582545 -0.337599
v 0.669099 3.701001 -0.346519
v 0.690518 3.703463 -0.337599
v 0.669099 3.587611 -1.103840
v 0.873446 3.964145 0.055075
v 0.735102 3.964145 0.055075
v 0.735102 3.964145 0.133650
v 0.873446 3.964145 0.133650
v 0.702061 3.922327 0.040383
v 0.702061 3.945145 0.133650
v 0.873446 3.379570 -0.322892
v 0.702040 3.414948 -0.024542
v 0.702061 3.804894 -0.322892
v 0.978234 3.027613 -1.358253
v 0.978234 3.027613 -0.883509
v 0.597273 3.329508 -0.883509
v 0.978234 3.547755 -1.384626
v 0.630314 3.366486 -1.384626
v 0.597273 3.366486 -1.358253
v 0.918030 3.361708 -0.871202
v 0.918030 2.850857 0.161361
v 0.657477 2.918824 0.134987
v 0.690518 2.918824 0.161361
v 0.657477 2.850857 -0.335591
v 0.690518 3.380708 -0.544940
v 0.657477 3.361708 -0.544940
v 0.630314 1.962996 -0.408709
v 0.978234 2.309195 -0.170598
v 0.978234 2.328195 -0.196972
v 0.630314 2.328195 -0.426619
v 0.918030 2.346362 1.382989
v 0.690518 2.346362 1.382989
v 0.690518 2.263378 1.383630
v 0.918030 2.263378 1.383630
v 0.918030 2.419464 1.385068
v 0.878945 1.968974 0.169632
v 0.729603 1.968974 0.169632
v 0.729603 1.961431 -0.155037
v 0.878945 1.961431 -0.155037
v 0.878945 2.546006 0.328613
v 0.696562 2.527006 0.147892
v 0.729603 2.546006 0.147892
v 0.696562 2.257739 0.309231
v 0.729603 2.076316 -0.181411
v 0.729603 1.980431 -0.181411
v 0.696562 1.980431 -0.155037
v 0.696562 2.076316 -0.155037
v 0.978234 3.162561 0.870673
v 0.978234 3.143561 0.844300
v 0.630314 2.760428 0.844300
v 0.597273 2.760428 0.870673
v 0.978235 3.162561 1.358694
v 0.597273 2.782324 1.358694
v 0.978234 2.832115 -0.311312
v 0.653918 2.828315 0.698283
v 0.620877 2.850857 0.698283
v 0.954630 2.828315 0.698283
v 0.954630 2.828315 0.821538
v 0.954630 3.650708 0.821538
v 0.620877 3.464349 0.212459
v 0.620877 3.631708 0.182416
v 0.620877 3.206603 0.817829
v 0.978234 2.813115 -0.337686
v 0.978234 2.561433 -0.337686
v 0.978234 2.832115 0.327130
v 0.880239 2.323063 -1.358253
v 0.880239 2.323063 -0.883509
v 0.695268 2.890056 -0.883509
v 0.880239 3.010316 -1.384626
v 0.728309 2.407473 -1.384626
v 0.695268 2.407473 -1.358253
v 0.918030 3.380708 -0.544940
v 0.918030 3.380708 -0.844828
v 0.955712 3.962581 0.178859
v 0.652836 3.962581 0.178859
v 0.690518 3.563545 -1.259126
v 0.669099 3.576453 -1.272903
v 0.669099 3.949673 -1.103840
v 0.669099 3.927038 -1.272903
v 0.669099 3.772574 -1.353983
v 0.669099 3.707231 -1.379797
v 0.669099 3.728405 -0.373409
v 0.669099 3.796103 -0.346519
v 0.918030 3.962581 -0.363972
v 0.690518 3.962581 -1.095879
v 0.918030 3.962581 -1.095879
v 0.918030 3.962195 -1.259126
v 0.690518 3.962195 -1.259126
v 0.918030 3.563545 -1.362343
v 0.918030 3.563545 -1.259126
v 0.918030 3.703463 -0.337599
v 0.690518 3.729925 -0.342589
v 0.918030 3.729925 -0.342589
v 0.702061 3.945145 -0.322892
v 0.735102 3.964145 -0.322892
v 0.873446 3.964145 -0.322892
v 0.735102 3.804894 0.150686
v 0.702061 3.804894 0.106646
v 0.702061 3.866672 0.133650
v 0.702061 3.866672 -0.299004
v 0.873446 3.804894 0.150686
v 0.873446 3.866672 0.160024
v 0.735102 3.866672 0.160024
v 0.873446 3.398570 0.160024
v 0.735102 3.866672 -0.336095
v 0.873446 3.866672 -0.336095
v 0.652836 3.962817 0.315011
v 0.955712 3.962817 0.315011
v 0.652836 3.962581 0.465593
v 0.955712 3.962581 0.465593
v 0.954630 2.850857 0.156043
v 0.954630 2.828315 0.182416
v 0.954630 3.648429 0.181661
v 0.653918 3.648429 0.181661
v 0.620877 3.464349 0.821538
v 0.690518 2.850857 -0.871202
v 0.918030 2.850857 -0.871202
v 0.918030 2.831857 -0.844828
v 0.690518 2.831857 -0.844828
v 0.954630 3.404573 0.156043
v 0.653918 3.404573 0.846950
v 0.954630 3.404573 0.846950
v 0.653918 2.828315 0.466115
v 0.620877 2.868096 0.466115
v 0.653918 3.650708 0.535263
v 0.620877 3.631708 0.535263
v 0.954630 2.828315 0.466115
v 0.954630 3.650708 0.535263
v 0.620877 3.404573 0.795572
v 0.620877 3.611506 0.442186
v 0.690518 3.380708 -0.482725
v 0.657477 3.361708 -0.482725
v 0.918030 3.380708 0.134987
v 0.918030 3.380708 -0.482725
v 0.918030 2.832115 -0.466355
v 0.690518 2.832115 -0.466355
v 0.657477 2.867917 -0.466355
v 0.657477 2.947327 0.123770
v 0.657477 2.970671 -0.818656
v 0.657477 2.918824 -0.844828
v 0.657477 2.850857 -0.844828
v 0.728309 2.890056 -1.384626
v 0.695268 2.890056 -1.358253
v 0.728309 2.820940 -0.857135
v 0.695268 2.820940 -0.883509
v 0.880239 2.890056 -1.384626
v 0.880239 2.820940 -0.857135
v 0.728309 2.775295 -0.857135
v 0.695268 2.775295 -0.883509
v 0.880239 2.775295 -0.857135
v 0.728309 2.449148 -0.857135
v 0.695268 2.449148 -0.883509
v 0.880239 2.820940 -1.380412
v 0.728309 2.820940 -1.380412
v 0.880239 2.449148 -0.857135
v 0.617002 1.971987 -0.784933
v 0.630314 2.315265 -0.369207
v 0.978234 2.315265 -0.369207
v 0.978234 2.328195 -0.426619
v 0.630314 2.328195 -0.311796
v 0.978234 2.328195 -0.311796
v 0.878945 1.961431 0.113814
v 0.729603 1.961431 0.113814
v 0.878945 2.546006 0.147892
v 0.694988 1.976397 0.121570
v 0.702562 2.507641 0.022557
v 0.696562 2.162284 -0.150053
v 0.700490 1.996042 0.151093
v 0.696562 2.171771 0.328613
v 0.729603 2.162284 -0.176426
v 0.729603 2.171771 0.354986
v 0.878945 1.961431 0.328613
v 0.878945 2.527006 -0.181411
v 0.878945 2.162284 -0.176426
v 0.878945 2.076316 -0.181411
v 0.878945 1.980431 0.354986
v 0.878945 2.171771 0.354986
v 0.630314 2.722717 1.384821
v 0.597273 2.722717 1.336260
v 0.630314 2.820035 0.848225
v 0.597273 2.820035 0.882639
v 0.978234 2.820035 0.848225
v 0.978234 2.454255 1.385068
v 0.978234 2.722717 1.384821
v 0.978234 2.760428 0.844300
v 0.728309 2.428310 -1.384873
v 0.880239 2.428310 -1.384873
v 0.880239 2.407473 -1.384626
v 0.978234 2.454255 0.844300
v 0.630314 2.832115 0.300942
v 0.978234 2.832115 0.300942
v 0.630314 2.546381 -0.023912
v 0.978234 2.546381 -0.023912
v 0.978234 2.546381 0.003792
v 0.630314 2.546381 0.003792
v 0.978234 2.542433 -0.311312
v 0.918030 2.918824 0.161361
v 0.630314 1.967894 -0.466122
v 0.978234 1.967894 -0.466122
v 0.978234 1.962996 -0.408709
v 0.991546 1.971987 -0.784933
v 0.880239 2.775295 -1.384626
v 0.728309 2.775295 -1.384626
v 0.880239 2.342063 -0.857135
v 0.880239 2.407473 -0.857135
v 0.728309 2.407473 -0.857135
v 0.880239 2.428310 -0.857135
v 0.728309 2.428310 -0.857135
v 0.695268 2.407473 -0.883509
v 0.695268 2.428310 -0.883509
v 0.695268 2.820940 -1.325948
v 0.695268 2.775295 -1.358253
v 0.695268 2.449148 -1.358253
v 0.695268 2.428310 -1.342051
v 0.728309 2.449148 -1.384626
v 0.880239 2.449148 -1.384626
v 0.954630 3.648073 0.442940
v 0.653918 3.648073 0.442940
v 0.918030 3.582545 -1.388717
v 0.918030 3.962581 -1.362343
v 0.978234 2.328195 -1.362343
v 0.978234 2.309195 -1.388717
v 0.978234 1.981996 -1.388717
v 0.978234 1.962996 -1.362343
v 0.918030 2.419464 0.343319
v 0.880239 2.342063 -1.384626
v 0.978234 3.046613 -1.384626
v 0.978234 3.046613 -0.857135
v 0.978234 3.414924 -1.384626
v 0.630314 3.414924 -1.384626
v 0.955712 3.647415 0.665060
v 0.735102 3.945145 -0.349266
v 0.873446 3.945145 -0.349266
v 0.873446 3.945145 0.160024
v 0.735102 3.945145 0.160024
v 0.978234 3.366486 -1.384626
v 0.878945 1.980431 -0.181411
v 0.918030 1.962995 0.369693
v 0.597273 3.281070 -0.899657
v 0.597273 3.414924 -1.332316
v 0.618279 3.662406 1.381648
v 0.990269 3.662406 1.381648
v 0.990269 3.741258 1.381648
v 0.618279 3.741258 1.381648
v 0.585238 3.947825 1.355274
v 0.585238 3.929812 1.290196
v 0.585238 3.947825 1.216593
v 0.585238 3.947825 0.714504
v 0.585238 3.662406 0.714504
v 0.585238 3.662406 1.355274
v 0.585238 3.741258 1.355274
v 0.585238 3.849739 1.337128
v 0.618279 3.643406 1.355274
v 0.618279 3.662406 0.688130
v 0.618279 3.643406 0.714504
v 0.618279 3.966825 0.714504
v 0.618279 3.947825 0.688130
v 0.990269 3.966825 0.714504
v 0.618279 3.966825 1.216593
v 0.990269 3.966825 1.216593
v 0.990269 3.643406 0.714504
v 0.990269 3.643406 1.355274
v 0.990269 3.947825 0.688130
v 0.990269 3.947825 1.381648
v 0.990269 3.966825 1.355274
v 0.618279 3.966825 1.355274
v 0.618279 3.947825 1.381648
v 0.618279 3.849739 1.381977
v 0.990269 3.849739 1.381977
v 0.990269 3.662406 0.688130
v 0.618279 3.966825 1.290196
v 0.990269 3.966825 1.290196
v 0.698114 2.751632 -0.338516
v 0.910434 2.751632 -0.338516
v 0.910434 2.819264 -0.336144
v 0.698114 2.819264 -0.336144
v 0.698114 2.697446 -0.339528
v 0.910434 2.697446 -0.339528
v 0.698114 2.819264 -0.859482
v 0.910434 2.819264 -0.859482
v 0.910434 2.775807 -0.860448
v 0.698114 2.775807 -0.860448
v 0.910434 2.833745 -0.362518
v 0.910434 2.833745 -0.833108
v 0.698114 2.833745 -0.833108
v 0.698114 2.833745 -0.362518
v 0.665073 2.562098 -0.833108
v 0.698114 2.562098 -0.859482
v 0.698114 2.543098 -0.833108
v 0.698114 2.562098 -0.336144
v 0.665073 2.562098 -0.362518
v 0.698114 2.543098 -0.362518
v 0.665073 2.819264 -0.833108
v 0.665073 2.819264 -0.362518
v 0.910434 2.562098 -0.336144
v 0.910434 2.661310 -0.336144
v 0.698114 2.661310 -0.336144
v 0.910434 2.543098 -0.833108
v 0.910434 2.543098 -0.362518
v 0.665073 2.661310 -0.362518
v 0.665073 2.739670 -0.833108
v 0.698114 2.739670 -0.859482
v 0.665073 2.697446 -0.392430
v 0.665073 2.751632 -0.361843
v 0.665073 2.775807 -0.816657
v 0.910434 2.739670 -0.859482
v 0.910434 2.562098 -0.859482
v 0.988753 3.666415 0.178859
v 0.988753 3.943581 0.178859
v 0.988753 3.930507 0.315011
v 0.988753 3.943581 0.465593
v 0.988753 3.943581 0.665060
v 0.988753 3.666415 0.665060
v 0.978234 1.962996 -0.196972
v 1.006201 2.005810 -0.489214
v 1.006287 1.993753 -0.794145
v 1.011275 1.981996 -1.362343
v 1.011275 2.309195 -1.362343
v 1.011275 2.309195 -0.426619
v 1.011275 2.296265 -0.369207
v 1.011275 2.309195 -0.311796
v 1.011275 2.309195 -0.196972
v 1.011275 1.981996 -0.196972
v 1.014461 1.978538 -0.394924
v 0.951071 2.419464 0.369693
v 0.951071 2.419464 1.358694
v 0.951071 2.346362 1.339251
v 0.951071 2.263378 1.352967
v 0.951071 1.981995 1.358694
v 0.951071 1.981995 0.369693
v 0.951071 2.346362 0.381118
v 0.978234 1.981996 -0.170598
v 0.987671 2.850857 0.182416
v 0.987671 3.404573 0.182416
v 1.011275 2.585750 0.023471
v 1.011275 2.569905 -0.023912
v 1.011275 2.561433 -0.311312
v 1.011275 2.813115 -0.311312
v 1.011275 2.813115 0.194788
v 1.011275 2.798150 0.222492
v 1.011275 2.813115 0.300942
v 1.011275 2.813115 0.327130
v 1.011275 2.561433 0.327130
v 1.011275 2.561433 0.082242
v 0.939449 3.576453 -1.379797
v 0.939449 3.949673 -1.379797
v 0.939449 3.576453 -0.346519
v 0.939449 3.949673 -0.346519
v 0.906487 3.398570 -0.322892
v 0.906417 3.408577 0.123231
v 1.011275 3.046613 -0.883509
v 1.011275 3.046613 -1.358253
v 1.011275 3.547755 -0.883509
v 1.011275 3.547755 -1.358253
v 0.951071 3.361708 -0.844828
v 0.951071 2.850857 0.134987
v 0.951071 3.361708 0.134987
v 0.911986 1.980431 0.328613
v 0.911986 2.527006 0.328613
v 0.911986 2.527006 -0.155037
v 1.011275 3.143561 0.870673
v 1.011275 3.143561 1.358694
v 1.011275 2.454255 0.870673
v 1.011275 2.454255 1.358694
v 0.987671 3.631708 0.821538
v 0.987671 2.850857 0.821538
v 0.913280 2.342063 -0.883509
v 0.913280 2.342063 -1.358253
v 0.913280 3.010316 -0.883509
v 0.913280 3.010316 -1.358253
v 0.939449 3.799978 -1.379797
v 0.939449 3.701001 -0.346519
v 0.939449 3.587611 -1.103840
v 0.906487 3.922327 0.040383
v 0.906487 3.945145 0.133650
v 0.906508 3.414948 -0.024542
v 0.906487 3.804894 -0.322892
v 1.011275 3.329508 -0.883509
v 1.011275 3.366486 -1.358253
v 0.951071 2.918824 0.134987
v 0.951071 2.850857 -0.335591
v 0.951071 3.361708 -0.544940
v 0.911986 2.527006 0.147892
v 0.911986 2.257739 0.309231
v 0.911986 2.076316 -0.155037
v 0.911986 1.980431 -0.155037
v 1.011275 2.760428 0.870673
v 1.011275 2.782324 1.358694
v 0.987671 2.850857 0.698283
v 0.987671 3.464349 0.212459
v 0.987671 3.631708 0.182416
v 0.987671 3.206603 0.817829
v 0.913280 2.890056 -0.883509
v 0.913280 2.407473 -1.358253
v 0.939449 3.576453 -1.272903
v 0.939449 3.949673 -1.103840
v 0.939449 3.796103 -0.346519
v 0.939449 3.728405 -0.373409
v 0.939449 3.707231 -1.379797
v 0.939449 3.772574 -1.353983
v 0.939449 3.927038 -1.272903
v 0.906487 3.945145 -0.322892
v 0.906487 3.804894 0.106646
v 0.906487 3.866672 -0.299004
v 0.906487 3.866672 0.133650
v 0.987671 3.464349 0.821538
v 0.987671 2.868096 0.466115
v 0.987671 3.631708 0.535263
v 0.987671 3.611506 0.442186
v 0.987671 3.404573 0.795572
v 0.951071 3.361708 -0.482725
v 0.951071 2.867917 -0.466355
v 0.951071 2.850857 -0.844828
v 0.951071 2.918824 -0.844828
v 0.951071 2.970671 -0.818656
v 0.951071 2.947327 0.123770
v 0.913280 2.890056 -1.358253
v 0.913280 2.820940 -0.883509
v 0.913280 2.775295 -0.883509
v 0.913280 2.449148 -0.883509
v 0.913560 1.976397 0.121570
v 0.905986 2.507641 0.022557
v 0.911986 2.171771 0.328613
v 0.908058 1.996042 0.151093
v 0.911986 2.162284 -0.150053
v 1.011275 2.722717 1.336260
v 1.011275 2.820035 0.882639
v 0.913280 2.407473 -0.883509
v 0.913280 2.428310 -1.342051
v 0.913280 2.449148 -1.358253
v 0.913280 2.775295 -1.358253
v 0.913280 2.820940 -1.325948
v 0.913280 2.428310 -0.883509
v 1.011275 3.281070 -0.899657
v 1.011275 3.414924 -1.332316
v 1.023310 3.947825 1.355274
v 1.023310 3.849739 1.337128
v 1.023310 3.741258 1.355274
v 1.023310 3.662406 1.355274
v 1.023310 3.662406 0.714504
v 1.023310 3.947825 0.714504
v 1.023310 3.947825 1.216593
v 1.023310 3.929812 1.290196
v 0.943475 2.562098 -0.833108
v 0.943475 2.562098 -0.362518
v 0.943475 2.819264 -0.833108
v 0.943475 2.819264 -0.362518
v 0.943475 2.661310 -0.362518
v 0.943475 2.739670 -0.833108
v 0.943475 2.775807 -0.816657
v 0.943475 2.751632 -0.361843
v 0.943475 2.697446 -0.392430
v 0.884173 3.566755 -0.845104
v 0.724375 3.566755 -0.845104
v 0.724375 3.566755 -0.730716
v 0.884173 3.566755 -0.730716
v 0.653504 3.500815 1.379660
v 0.955044 3.500815 1.379660
v 0.955044 3.630156 1.379660
v 0.653504 3.630156 1.379660
v 0.724375 3.396833 -0.342622
v 0.884173 3.396833 -0.342622
v 0.884173 3.547755 -0.342622
v 0.724375 3.547755 -0.342622
v 0.729579 2.834864 0.832269
v 0.878969 2.834864 0.832269
v 0.878969 2.834864 0.374717
v 0.729579 2.834864 0.374717
v 0.884173 3.566755 -0.495423
v 0.724375 3.566755 -0.495423
v 0.724375 3.566755 -0.368996
v 0.884173 3.566755 -0.368996
v 0.653504 2.463406 -0.858075
v 0.955044 2.463406 -0.858075
v 0.955044 2.409221 -0.857064
v 0.653504 2.409221 -0.857064
v 0.729579 2.637421 0.858643
v 0.878969 2.637421 0.858643
v 0.878969 2.815864 0.858643
v 0.729579 2.815864 0.858643
v 0.729579 2.505937 0.348343
v 0.878969 2.505937 0.348343
v 0.878969 2.454255 0.348343
v 0.729579 2.454255 0.348343
v 0.878970 2.435255 0.832269
v 0.729578 2.435255 0.832269
v 0.729579 2.435255 0.374717
v 0.878969 2.435255 0.374717
v 0.653505 2.342063 -0.180981
v 0.955043 2.342063 -0.180981
v 0.955043 2.451445 -0.180981
v 0.653505 2.451445 -0.180981
v 0.653505 2.487582 -0.180015
v 0.955043 2.487582 -0.180015
v 0.955044 2.531039 -0.180981
v 0.653504 2.531039 -0.180981
v 0.653504 3.364026 1.379660
v 0.955044 3.364026 1.379660
v 0.955044 2.545519 -0.834075
v 0.653504 2.545519 -0.834075
v 0.653504 2.545519 -0.207354
v 0.955044 2.545519 -0.207354
v 0.653504 3.180246 1.379660
v 0.955044 3.180246 1.379660
v 0.955044 3.649156 1.090846
v 0.653504 3.649156 1.090846
v 0.653504 3.649156 1.353286
v 0.955044 3.649156 1.353286
v 0.691334 3.396833 -0.368996
v 0.724375 3.377833 -0.368996
v 0.724375 3.396833 -0.871478
v 0.724375 3.377833 -0.845104
v 0.691334 3.396833 -0.845104
v 0.691334 3.547755 -0.368996
v 0.724375 3.547755 -0.871478
v 0.691334 3.547755 -0.845104
v 0.696538 2.815864 0.374717
v 0.729579 2.815864 0.348343
v 0.696538 2.815864 0.832269
v 0.696538 2.454255 0.374717
v 0.729578 2.454255 0.858643
v 0.696538 2.454255 0.832269
v 0.620464 2.342063 -0.207354
v 0.653505 2.323063 -0.207354
v 0.653505 2.342063 -0.860448
v 0.653505 2.323063 -0.834075
v 0.620464 2.342063 -0.834075
v 0.620464 2.531039 -0.207354
v 0.653504 2.531039 -0.860448
v 0.620463 2.531039 -0.834075
v 0.620464 3.180246 1.353286
v 0.653504 3.161246 1.353286
v 0.653504 3.180246 0.843327
v 0.653504 3.161246 0.869699
v 0.620463 3.180246 0.869699
v 0.620463 3.630156 1.353286
v 0.653504 3.649156 0.869699
v 0.653504 3.630156 0.843327
v 0.620463 3.630156 0.869699
v 0.724375 3.377833 -0.495423
v 0.884173 3.377833 -0.495423
v 0.884173 3.377833 -0.368996
v 0.884173 3.547755 -0.871478
v 0.691334 3.396833 -0.597772
v 0.724375 3.377833 -0.597772
v 0.691334 3.535246 -0.454907
v 0.878969 2.815864 0.348343
v 0.696538 2.505937 0.374717
v 0.696538 2.637421 0.832269
v 0.653504 2.373084 -0.860448
v 0.955044 2.373084 -0.860448
v 0.955043 2.342063 -0.860448
v 0.955043 2.323063 -0.834075
v 0.955043 2.323063 -0.207354
v 0.955044 2.531039 -0.860448
v 0.620464 2.373084 -0.834075
v 0.653504 3.165665 1.168118
v 0.955044 3.165665 1.168118
v 0.955044 3.161246 1.353286
v 0.955044 3.649156 0.869699
v 0.955044 3.630156 0.843327
v 0.620463 3.630156 1.090846
v 0.620463 3.630156 0.977595
v 0.653504 3.649156 0.977595
v 0.955044 3.161246 0.869699
v 0.955044 3.161246 1.111493
v 0.653504 3.161246 1.111493
v 0.620463 3.180246 1.111493
v 0.620463 3.193714 1.168118
v 0.620463 3.364026 1.353286
v 0.620463 3.500815 1.330089
v 0.620463 3.605914 1.034221
v 0.729579 2.577940 0.842981
v 0.878969 2.577940 0.842981
v 0.691334 3.547755 -0.597772
v 0.724375 3.566755 -0.597772
v 0.884173 3.566755 -0.597772
v 0.691334 3.404338 -0.511629
v 0.691334 3.532744 -0.730716
v 0.878969 2.685009 0.355211
v 0.729579 2.685009 0.355211
v 0.878969 2.577940 0.348343
v 0.729579 2.577940 0.348343
v 0.878970 2.454255 0.858643
v 0.878969 2.451166 0.858643
v 0.729579 2.451166 0.858643
v 0.696538 2.451166 0.832269
v 0.696538 2.685009 0.399644
v 0.696538 2.577940 0.374717
v 0.696538 2.577940 0.791140
v 0.620464 2.451445 -0.207354
v 0.620464 2.487582 -0.223806
v 0.620464 2.463406 -0.834749
v 0.620464 2.409221 -0.804163
v 0.955044 3.646930 1.034221
v 0.653504 3.646930 1.034221
v 0.884173 3.377833 -0.845104
v 0.884173 3.377833 -0.597772
v 0.884173 3.396833 -0.871478
v 0.955044 3.649156 0.977595
v 0.955044 3.180246 0.843327
v 0.917214 3.396833 -0.368996
v 0.917214 3.396833 -0.845104
v 0.917214 3.547755 -0.368996
v 0.917214 3.547755 -0.845104
v 0.912010 2.815864 0.374717
v 0.912010 2.815864 0.832269
v 0.912010 2.454255 0.374717
v 0.912010 2.454255 0.832269
v 0.988084 2.342063 -0.207354
v 0.988084 2.342063 -0.834075
v 0.988084 2.531039 -0.207354
v 0.988085 2.531039 -0.834075
v 0.988084 3.180246 1.353286
v 0.988085 3.180246 0.869699
v 0.988085 3.630156 1.353286
v 0.988085 3.630156 0.869699
v 0.917214 3.396833 -0.597772
v 0.917214 3.535246 -0.454907
v 0.912010 2.505937 0.374717
v 0.912010 2.637421 0.832269
v 0.988084 2.373084 -0.834075
v 0.988085 3.630156 1.090846
v 0.988085 3.630156 0.977595
v 0.988085 3.605914 1.034221
v 0.988085 3.500815 1.330089
v 0.988085 3.364026 1.353286
v 0.988085 3.193714 1.168118
v 0.988085 3.180246 1.111493
v 0.917214 3.547755 -0.597772
v 0.917214 3.532744 -0.730716
v 0.917214 3.404338 -0.511629
v 0.912010 2.451166 0.832269
v 0.912010 2.685009 0.399644
v 0.912010 2.577940 0.791140
v 0.912010 2.577940 0.374717
v 0.988084 2.451445 -0.207354
v 0.988084 2.409221 -0.804163
v 0.988084 2.463406 -0.834749
v 0.988084 2.487582 -0.223806
vn -0.6238 0.0000 -0.7816
vn 0.0000 -0.9999 -0.0147
vn -1.0000 -0.0000 0.0000
vn 0.0000 0.0000 1.0000
vn 0.0000 0.0000 -1.0000
vn 0.0000 -1.0000 -0.0085
vn 0.0000 -0.0021 1.0000
vn 0.0000 1.0000 0.0000
vn 0.0000 -1.0000 -0.0010
vn 0.0000 -1.0000 0.0000
vn 0.0000 -0.0271 0.9996
vn 0.0000 -0.8114 0.5845
vn -1.0000 -0.0073 0.0002
vn 0.0000 -0.0099 -1.0000
vn 0.0000 -0.0718 0.9974
vn 0.0000 -0.0540 -0.9985
vn -0.0000 0.9976 0.0692
vn 0.0000 0.0014 1.0000
vn 0.0000 0.0019 1.0000
vn 0.0000 0.0391 -0.9992
vn 0.0000 -0.0080 1.0000
vn 0.0000 -0.0869 -0.9962
vn 0.0000 0.8114 0.5845
vn -0.4228 0.7353 0.5297
vn -0.4228 -0.7353 0.5297
vn -0.0099 -0.8111 -0.5848
vn -0.0127 -0.8113 -0.5845
vn -0.0108 -0.8115 -0.5842
vn -0.0127 0.8113 -0.5845
vn -0.0099 0.8111 -0.5849
vn -0.0108 0.8115 -0.5842
vn -0.0099 -0.8111 0.5849
vn -0.0108 -0.8115 0.5842
vn -0.0126 -0.8113 0.5845
vn -0.0099 0.8111 0.5848
vn -0.0127 0.8113 0.5845
vn -0.0108 0.8115 0.5842
vn -0.4228 -0.7353 -0.5297
vn -0.6684 -0.6035 0.4348
vn -0.4228 0.7353 -0.5297
vn -0.4604 -0.6748 0.5768
vn -0.4604 -0.6748 -0.5768
vn 0.0000 -0.8114 -0.5845
vn -0.6238 0.0000 0.7816
vn -0.3844 0.0000 -0.9231
vn 0.0099 -0.8111 0.5849
vn 0.0108 -0.8115 0.5842
vn -0.3844 0.0000 0.9231
vn -0.5237 -0.8518 -0.0125
vn -0.6619 0.7431 -0.0987
vn -0.6270 -0.7787 0.0228
vn 0.0000 0.8114 -0.5845
vn -0.4985 -0.8669 0.0000
vn -0.4985 0.8669 0.0000
vn 0.0000 -0.0052 -1.0000
vn -0.4445 -0.8957 0.0110
vn 0.0000 0.0077 1.0000
vn 0.0000 0.0064 1.0000
vn -0.6534 0.0096 0.7570
vn 0.0000 -0.0284 0.9996
vn -0.7156 -0.0372 -0.6975
vn 0.0000 -0.9997 0.0232
vn -0.6229 -0.0562 0.7803
vn -0.6238 -0.0000 0.7815
vn -0.5636 -0.8261 0.0000
vn -0.7150 -0.0924 -0.6930
vn -0.6463 0.0045 0.7630
vn -0.5162 -0.8565 0.0000
vn 0.0108 0.8115 0.5842
vn 0.0099 0.8111 0.5848
vn 0.0000 1.0000 -0.0012
vn 0.0000 1.0000 0.0007
vn -0.5162 0.8565 -0.0000
vn -0.5412 -0.8390 0.0554
vn 0.0000 0.1280 -0.9918
vn 0.0000 -0.0761 0.9971
vn -0.6884 -0.7251 -0.0183
vn -0.6797 0.7331 0.0226
vn -0.7731 0.0204 0.6339
vn -1.0000 0.0000 0.0001
vn 0.0000 -1.0000 0.0043
vn 0.0000 -0.1495 0.9888
vn 0.0000 0.0230 0.9997
vn 0.0000 0.2085 -0.9780
vn 0.0000 1.0000 -0.0001
vn 0.0000 1.0000 -0.0017
vn 0.0000 1.0000 0.0008
vn 0.0000 -0.7602 -0.6497
vn 0.0000 0.8374 -0.5466
vn 0.0000 -0.7602 0.6497
vn -0.6950 0.2515 -0.6736
vn 0.0000 0.2373 -0.9714
vn 0.0000 -0.0068 1.0000
vn -0.6859 -0.7272 -0.0270
vn -0.6859 -0.7273 0.0221
vn 0.0000 -1.0000 0.0007
vn 0.0000 -1.0000 -0.0006
vn -0.5963 0.2940 0.7470
vn -0.6237 -0.0212 0.7814
vn 0.0000 -0.0609 -0.9981
vn -0.6500 -0.7599 0.0090
vn 0.0000 0.9756 0.2197
vn 0.0000 0.9910 -0.1339
vn -0.4477 -0.8941 0.0102
vn -1.0000 0.0020 0.0000
vn -0.6238 -0.0107 -0.7815
vn -0.6232 0.0453 -0.7807
vn -0.6144 0.1735 0.7697
vn 0.0000 -0.0137 -0.9999
vn 0.0000 0.0579 -0.9983
vn -0.7161 0.0075 -0.6980
vn -0.7442 -0.1249 0.6562
vn -0.6769 -0.0181 -0.7359
vn 0.0000 -0.0121 -0.9999
vn 0.0000 0.0009 1.0000
vn 0.0000 -0.0016 1.0000
vn 0.0000 0.0657 -0.9978
vn -0.7497 0.0279 0.6612
vn -0.6738 0.0976 -0.7325
vn 0.0000 -0.0119 -0.9999
vn 0.0000 -0.0059 -1.0000
vn 0.0000 0.9997 -0.0245
vn 0.0000 -0.9987 -0.0503
vn -0.5411 -0.8408 0.0182
vn -0.0000 -0.9999 0.0137
vn 0.0000 0.0051 1.0000
vn 0.0000 0.3662 0.9305
vn 0.0000 -0.9964 -0.0850
vn 0.0000 -0.9999 -0.0128
vn 0.0000 0.0919 -0.9958
vn 0.0000 0.0059 -1.0000
vn 0.0000 0.0119 -0.9999
vn 0.0000 0.9996 -0.0285
vn 0.0000 0.1853 0.9827
vn 0.0000 -0.9978 0.0659
vn 0.0099 0.8111 -0.5849
vn 0.0108 0.8115 -0.5842
vn 0.0108 -0.8115 -0.5842
vn 0.0099 -0.8111 -0.5849
vn 0.0000 1.0000 0.0037
vn 0.0000 -0.1655 -0.9862
vn 0.0000 1.0000 0.0014
vn 0.0000 0.0495 -0.9988
vn 0.0000 -0.0015 1.0000
vn 0.0000 0.0002 1.0000
vn 0.0000 0.0034 1.0000
vn 0.0000 -0.0269 0.9996
vn 0.0000 -0.0351 0.9994
vn 0.0000 -0.0187 0.9998
vn 0.0000 0.0222 -0.9998
vn -0.3586 0.8183 -0.4493
vn -0.3586 0.8183 0.4493
vn 0.0000 0.8766 0.4813
vn -0.4014 0.9159 0.0000
vn 0.0000 0.8766 -0.4813
vn 0.0000 0.0932 0.9956
vn -0.6010 -0.0100 0.7992
vn 0.0000 -0.0267 -0.9996
vn 0.6238 0.0000 -0.7816
vn 1.0000 0.0000 0.0000
vn 1.0000 -0.0073 0.0002
vn 0.4228 0.7353 0.5297
vn 0.4228 -0.7353 0.5297
vn 0.0127 -0.8113 -0.5845
vn 0.0127 0.8113 -0.5845
vn 0.0126 -0.8113 0.5845
vn 0.0127 0.8113 0.5845
vn 0.4228 -0.7353 -0.5297
vn 0.6684 -0.6035 0.4348
vn 0.4228 0.7353 -0.5297
vn 0.4604 -0.6748 0.5768
vn 0.4604 -0.6748 -0.5768
vn 0.6238 0.0000 0.7816
vn 0.3844 0.0000 -0.9231
vn 0.3844 0.0000 0.9231
vn 0.5237 -0.8518 -0.0125
vn 0.6619 0.7431 -0.0987
vn 0.6270 -0.7787 0.0228
vn 0.4985 -0.8669 0.0000
vn 0.4985 0.8669 0.0000
vn 0.4445 -0.8957 0.0110
vn 0.6534 0.0096 0.7570
vn 0.7156 -0.0372 -0.6975
vn 0.6229 -0.0562 0.7803
vn 0.6238 -0.0000 0.7815
vn 0.5636 -0.8261 0.0000
vn 0.7150 -0.0924 -0.6930
vn 0.6463 0.0045 0.7630
vn 0.5162 -0.8565 0.0000
vn 0.5162 0.8565 0.0000
vn 0.5412 -0.8390 0.0554
vn 0.6884 -0.7251 -0.0183
vn 0.6797 0.7331 0.0226
vn 0.7731 0.0204 0.6339
vn 1.0000 0.0000 0.0001
vn 0.6950 0.2515 -0.6736
vn 0.6859 -0.7272 -0.0270
vn 0.6859 -0.7273 0.0221
vn 0.5963 0.2940 0.7470
vn 0.6237 -0.0212 0.7814
vn 0.6500 -0.7599 0.0090
vn 0.0000 -0.9999 0.0156
vn 0.0000 0.9756 -0.2197
vn 0.4477 -0.8941 0.0102
vn 1.0000 0.0020 0.0000
vn 0.6238 -0.0107 -0.7815
vn 0.6232 0.0453 -0.7807
vn 0.6144 0.1735 0.7697
vn 0.7161 0.0075 -0.6980
vn 0.7442 -0.1249 0.6562
vn 0.6769 -0.0181 -0.7359
vn 0.7497 0.0279 0.6612
vn 0.6738 0.0976 -0.7325
vn 0.5411 -0.8408 0.0182
vn 0.0000 0.2199 0.9755
vn 0.3586 0.8183 -0.4493
vn 0.3586 0.8183 0.4493
vn 0.4014 0.9159 0.0000
vn 0.6010 -0.0100 0.7992
vn 0.0000 -0.0269 -0.9996
vn 0.0000 -0.0186 -0.9998
vn 0.0000 0.0222 0.9998
vn -0.6243 0.7799 -0.0459
vn -0.6238 0.0000 -0.7815
vn 0.0000 -0.9997 -0.0239
vn 0.0000 -0.2546 0.9670
vn -0.5907 0.8058 0.0411
vn 0.0000 -0.0351 -0.9994
vn 0.0000 -0.0524 -0.9986
vn 0.0000 0.0640 -0.9979
vn 0.6238 0.0001 -0.7816
vn 0.0000 0.0932 -0.9956
vn 0.0000 0.9992 -0.0393
vn 0.0000 0.1226 0.9925
vn 0.0000 0.9992 0.0393
vn 0.0000 -0.9970 0.0778
vn -0.6010 -0.0100 -0.7992
vn 0.0000 -0.0267 0.9996
vn 0.6243 0.7799 -0.0459
vn 0.6238 0.0000 -0.7815
vn 0.5907 0.8058 0.0411
vn -0.6238 0.0001 -0.7816
vn 0.6010 -0.0100 -0.7992
vn -0.3999 0.7675 -0.5010
vn -0.6129 0.7893 0.0372
vn -0.7668 0.6380 0.0699
vn -0.7582 -0.0235 -0.6516
vn -0.6015 -0.7982 0.0330
vn -0.6274 0.7781 0.0307
vn -0.7226 -0.1213 0.6805
vn -0.7531 -0.0588 0.6553
vn -0.7351 0.6763 -0.0469
vn -0.6457 0.3889 0.6571
vn -0.7151 -0.2684 -0.6454
vn -0.7373 0.1161 -0.6655
vn -0.6683 -0.1733 0.7235
vn -0.7148 -0.1973 0.6709
vn -0.6770 0.2114 -0.7049
vn -0.6829 -0.1679 -0.7110
vn -0.6129 0.7894 -0.0337
vn -0.6625 0.7294 0.1705
vn -0.6625 0.7294 -0.1705
vn -0.5795 -0.8140 -0.0393
vn -0.5752 -0.8080 0.1276
vn -0.7540 -0.1443 0.6408
vn -0.6401 0.7625 -0.0939
vn -0.6383 -0.7696 0.0176
vn -0.6375 -0.7687 -0.0509
vn -0.7468 0.1745 -0.6418
vn -0.6251 0.7793 -0.0440
vn -0.5723 -0.8194 0.0326
vn -0.5632 -0.8260 -0.0230
vn -0.6249 0.7790 0.0511
vn -0.7636 -0.1649 -0.6242
vn -0.7505 0.2454 -0.6135
vn -0.4893 0.8508 0.1916
vn -0.6106 -0.7673 -0.1960
vn -0.6963 0.7161 0.0487
vn 0.5610 0.7776 -0.2839
vn -0.6780 0.7310 -0.0775
vn -0.7240 -0.1005 0.6824
vn -0.7300 -0.2944 0.6168
vn -0.7286 -0.0826 -0.6800
vn -0.7560 0.1431 0.6387
vn -0.7274 0.1008 -0.6788
vn -0.6091 0.7885 -0.0849
vn -0.6563 -0.7383 0.1558
vn -0.6791 -0.7189 -0.1481
vn -0.5943 0.7693 0.2345
vn -0.7368 0.2829 -0.6141
vn -0.7422 -0.1876 -0.6434
vn -0.7202 0.1453 0.6783
vn -0.8193 -0.5728 0.0249
vn -0.4893 0.8508 -0.1916
vn -0.6992 -0.2556 -0.6677
vn -0.6992 0.2556 -0.6677
vn -0.7743 0.0363 0.6318
vn -0.7464 0.0574 0.6630
vn -0.7547 0.1697 -0.6338
vn -0.7215 0.0238 0.6920
vn -0.7643 -0.0627 -0.6419
vn -0.7169 -0.1146 0.6876
vn -0.7532 0.0556 0.6554
vn -0.6430 0.7586 -0.1050
vn -0.7317 -0.0617 0.6789
vn -0.7319 0.0558 0.6791
vn -0.6438 0.7595 0.0929
vn -0.7226 -0.1213 -0.6805
vn -0.7367 0.2829 0.6141
vn -0.7422 -0.1876 0.6434
vn -0.7202 0.1453 -0.6783
vn 0.3999 0.7675 -0.5010
vn 0.6129 0.7893 0.0372
vn 0.7668 0.6380 0.0699
vn 0.7582 -0.0235 -0.6516
vn 0.6015 -0.7982 0.0330
vn 0.6274 0.7781 0.0307
vn 0.7226 -0.1213 0.6805
vn 0.7531 -0.0588 0.6553
vn 0.7351 0.6763 -0.0469
vn 0.6457 0.3889 0.6571
vn 0.7151 -0.2684 -0.6454
vn 0.7373 0.1161 -0.6655
vn 0.6683 -0.1733 0.7235
vn 0.7148 -0.1973 0.6709
vn 0.6770 0.2114 -0.7049
vn 0.6829 -0.1679 -0.7110
vn 0.6129 0.7894 -0.0337
vn 0.6625 0.7294 0.1705
vn 0.6625 0.7294 -0.1705
vn 0.5796 -0.8140 -0.0393
vn 0.5753 -0.8080 0.1276
vn 0.7540 -0.1443 0.6408
vn 0.6401 0.7625 -0.0939
vn 0.6383 -0.7696 0.0176
vn 0.6375 -0.7687 -0.0509
vn 0.7468 0.1745 -0.6418
vn 0.6251 0.7793 -0.0440
vn 0.5723 -0.8194 0.0326
vn 0.5632 -0.8260 -0.0230
vn 0.6249 0.7790 0.0511
vn 0.7636 -0.1649 -0.6242
vn 0.7505 0.2454 -0.6135
vn 0.4893 0.8508 0.1916
vn 0.6106 -0.7673 -0.1960
vn 0.6963 0.7161 0.0487
vn -0.5610 0.7776 -0.2839
vn 0.6780 0.7310 -0.0775
vn 0.7240 -0.1005 0.6824
vn 0.7300 -0.2944 0.6168
vn 0.7286 -0.0826 -0.6800
vn 0.7560 0.1431 0.6387
vn 0.7274 0.1008 -0.6788
vn 0.6091 0.7885 -0.0849
vn 0.6563 -0.7383 0.1558
vn 0.6791 -0.7189 -0.1481
vn 0.5943 0.7693 0.2345
vn 0.7368 0.2829 -0.6141
vn 0.7422 -0.1876 -0.6434
vn 0.7202 0.1453 0.6783
vn 0.8193 -0.5728 0.0249
vn 0.4893 0.8508 -0.1916
vn 0.6992 -0.2556 -0.6677
vn 0.6992 0.2556 -0.6677
vn 0.7743 0.0363 0.6318
vn 0.7464 0.0574 0.6630
vn 0.7547 0.1697 -0.6338
vn 0.7215 0.0238 0.6920
vn 0.7643 -0.0627 -0.6419
vn 0.7169 -0.1146 0.6877
vn 0.7532 0.0556 0.6554
vn 0.6430 0.7586 -0.1050
vn 0.7317 -0.0617 0.6789
vn 0.7319 0.0558 0.6791
vn 0.6438 0.7595 0.0929
vn 0.7226 -0.1213 -0.6805
vn 0.7367 0.2829 0.6141
vn 0.7422 -0.1876 0.6434
vn 0.7202 0.1453 -0.6783
usemtl Wall_Dark.002
s 1
f 873//382 874//382 875//382 876//382
f 877//383 878//383 879//383 880//383
f 874//384 873//384 881//384 882//384 883//384 884//384
f 885//385 886//385 887//385 888//385
f 889//386 890//386 891//386 892//386
f 893//387 894//387 895//387 896//387
f 897//385 898//385 899//385 900//385
f 901//388 902//388 903//385 904//385
f 905//389 906//389 907//389 908//389
f 909//390 910//390 911//391 912//391
f 913//392 914//392 915//392 916//392
f 917//393 918//393 919//393 920//393
f 921//394 922//394 923//394 924//394 925//394 926//394 927//394 928//394 929//394 930//394
f 931//389 932//389 933//389 934//389
f 935//395 936//395 937//395 938//395
f 939//384 940//384 941//384 942//384 943//384 944//384 945//384
f 946//396 947//396 948//396 949//396
f 950//397 951//397 952//397 953//397
f 954//389 955//389 956//389 957//389
f 958//391 959//391 960//391 961//391
f 962//398 963//398 964//398 965//398
f 966//399 967//399 968//400 969//400
f 970//401 971//401 972//401 973//401
f 974//402 975//402 976//385 977//385
f 978//403 979//403 980//403 981//403
f 982//382 983//382 984//382 985//382
f 986//391 987//391 988//391 989//391
f 990//404 908//404 907//404 991//404
f 992//384 993//384 994//384 995//384 996//384 997//384 998//384 999//384 1000//384 1001//384
f 1002//385 1003//385 1004//385 1005//385
f 1006//385 1007//385 1008//385 1009//385
f 1010//389 1011//389 1012//389 1013//389
f 882//405 1014//405 1015//405
f 1016//406 1017//406 881//406
f 1018//407 1019//408 1020//409
f 1021//410 1022//411 1023//412
f 880//413 1024//414 1025//415
f 1026//416 1027//417 888//418
f 876//419 1028//419 873//419
f 892//419 1029//419 1030//419
f 1031//420 1032//420 896//420
f 1033//406 1034//406 1035//406
f 1036//419 1037//419 1038//419
f 991//405 907//405 1039//405
f 906//421 1040//421 1041//421
f 1042//421 1043//421 1044//421
f 912//406 1045//406 1046//406
f 1047//405 1048//405 916//405
f 929//419 1049//419 1050//419
f 1051//421 1052//421 928//421
f 931//405 945//405 1053//405
f 942//406 920//406 919//406
f 934//421 1054//421 939//421
f 1055//419 941//419 938//419
f 1056//406 1057//406 923//406
f 1058//405 1059//405 924//405
f 1060//406 1061//406 1062//406
f 949//405 1063//405 1064//405
f 1065//421 1066//421 957//421
f 1067//421 1068//421 1069//421
f 904//405 1070//405 1071//405
f 1072//419 960//419 1073//419
f 959//406 1074//406 1075//406
f 1076//405 977//405 1077//405
f 1078//422 966//422 1079//422
f 982//423 985//423 1080//423
f 1000//419 1081//419 1082//419
f 1083//421 1084//421 999//421
f 989//406 1004//406 994//406
f 1003//405 1085//405 995//405
f 1086//406 1087//406 1088//406
f 1089//419 1090//419 1091//419
f 1009//405 1012//405 1092//405
f 1011//421 1093//421 1094//421
f 1095//386 876//386 875//386 1096//386
f 1017//385 1097//385 1098//385 1014//385
f 876//424 1095//424 1099//424 1028//424
f 1014//404 1098//404 1100//404 1015//404
f 882//425 881//425 1017//425 1014//425
f 1101//386 1102//386 1023//386 1103//386
f 1104//426 1021//426 1023//426 1102//426
f 879//427 1105//428 1024//414 880//413
f 1106//429 1025//429 1024//429 1107//429
f 877//430 880//430 1025//430 1108//430
f 1109//389 1110//389 1111//389 1112//389
f 1113//431 1114//431 1111//431 1110//431
f 891//424 1115//424 1029//424 892//424
f 1116//432 1030//432 1029//432 893//432
f 889//382 892//382 1030//382 1117//382
f 1037//391 1118//391 1119//391 1034//391
f 900//425 991//425 1039//425 1120//425
f 906//433 905//433 1121//433 1040//433
f 1122//382 1036//382 1038//382 1123//382
f 1033//434 1038//434 1037//434 1034//434
f 1041//435 1039//435 907//435 906//435
f 973//436 972//436 1044//436 1124//436
f 911//393 1125//393 1045//393 912//393
f 1126//425 1046//425 1045//425 1127//425
f 909//434 912//434 1046//434 1128//434
f 1129//435 1043//435 1042//435 1130//435
f 1131//437 1056//437 923//437 922//437
f 1059//404 1058//404 1132//404 1133//404
f 1134//435 1051//435 928//435 927//435
f 929//382 928//382 1052//382 1049//382
f 1135//438 1136//438 1137//439 1138//439
f 943//440 942//440 919//440 1137//440
f 1139//441 1053//441 1136//441 1135//441
f 940//442 939//442 1054//442 935//442
f 931//435 934//435 939//435 945//435
f 1055//434 920//434 942//434 941//434
f 924//425 923//425 1057//425 1058//425
f 1140//443 1141//443 1142//443 1143//443
f 948//404 1144//404 1063//404 949//404
f 1145//435 1064//435 1063//435 1146//435
f 946//444 949//444 1064//444 1147//444
f 1148//382 1149//382 1150//382 1151//382
f 1068//433 1152//433 1153//433 1069//433
f 1154//382 1072//382 1073//382 1155//382
f 903//404 1156//404 1070//404 904//404
f 901//445 904//445 1071//445 1157//445
f 1067//435 1071//435 1070//435 1068//435
f 1075//434 1073//434 960//434 959//434
f 965//389 964//389 1158//389 1083//389
f 1159//446 1078//446 1079//446 1160//446
f 1159//391 1161//391 1162//391 1078//391
f 977//404 976//404 1163//404 1077//404
f 1164//447 1165//447 980//447 979//447
f 1166//448 1079//448 966//448 969//448
f 1084//386 1167//386 1168//386 1081//386
f 986//434 989//434 994//434 993//434
f 1003//404 1002//404 1169//404 1085//404
f 965//435 1083//435 999//435 998//435
f 1000//382 999//382 1084//382 1081//382
f 995//425 994//425 1004//425 1003//425
f 1090//391 1170//391 1171//391 1087//391
f 1006//425 1009//425 1092//425 1172//425
f 1011//433 1010//433 1173//433 1093//433
f 1174//382 1089//382 1091//382 1175//382
f 1086//434 1091//434 1090//434 1087//434
f 1094//435 1092//435 1012//435 1011//435
f 1129//389 1176//389 1177//389 1043//389
f 1178//433 1096//433 875//433 1179//433
f 1018//449 1180//449 1181//449 1019//449
f 1182//384 1183//384 1021//384 1104//384 1184//384 1185//384 1019//384 1181//384 1108//384 1025//384 1106//384 1186//384 1187//384 1027//384
f 888//418 887//450 1188//451 1026//416
f 1189//452 1190//452 1191//453 1192//453
f 1018//391 1193//391 1194//391 1180//391
f 1026//454 1189//454 1182//454 1027//454
f 1180//455 877//455 1108//455 1181//455
f 1026//389 1188//389 1190//452 1189//452
f 1027//429 1187//429 885//429 888//429
f 1019//426 1185//426 951//426 1020//426
f 953//456 952//456 1102//456 1101//456
f 1024//385 1105//385 1195//385 1107//385
f 1196//457 1197//457 886//457 885//457
f 1032//458 1116//458 893//458 896//458
f 1198//459 1113//459 1110//459 1199//459
f 1200//389 1199//389 1110//389 1109//389
f 1031//460 1201//460 1202//460 1032//460
f 1116//461 1032//461 1202//461 1203//461 1114//461 1113//461 1198//461 1204//461 1117//461 1030//461
f 1029//462 1115//462 894//462 893//462
f 1201//463 1205//463 1206//463 1207//463
f 1031//464 1208//464 1205//464 1201//464
f 1209//465 1210//465 890//465 889//465
f 1211//466 1212//466 1178//467 1179//467
f 1015//435 1213//435 883//435 882//435
f 1028//434 1016//434 881//434 873//434
f 1213//468 1214//468 1212//466 1211//466
f 985//469 1215//469 1216//469 1080//469
f 1217//470 981//470 980//470 1218//470
f 1162//471 967//471 966//471 1078//471
f 1076//425 1219//425 974//425 977//425
f 983//472 1164//472 979//472 984//472
f 1220//424 1221//424 1222//424 1223//424
f 1224//473 984//473 979//473 978//473
f 1225//474 1226//474 975//402 974//402
f 1177//433 1124//433 1044//433 1043//433
f 1227//475 1159//475 1160//475 1228//475
f 1077//435 1229//435 1230//435 1076//435
f 1215//386 985//386 984//386 1224//386
f 1227//391 1231//391 1161//391 1159//391
f 1077//389 1163//389 1232//389 1229//389
f 1080//476 1227//476 1228//476 982//476
f 1079//384 1166//384 1233//384 1219//384 1076//384 1230//384 1234//384 1165//384 1164//384 983//384 982//384 1228//384 1160//384
f 1080//391 1216//391 1231//391 1227//391
f 1235//435 1129//435 1130//435 1236//435
f 916//404 915//404 1237//404 1047//404
f 1235//389 1238//389 1176//389 1129//389
f 1223//477 1222//477 1239//478 1240//478
f 1047//435 1235//435 1236//435 1048//435
f 1047//389 1237//389 1238//389 1235//389
f 1241//384 1128//384 1046//384 1126//384 1242//384 1048//384 1236//384 1130//384 1042//384 1243//384 1244//384 1245//384
f 1242//479 1126//479 1127//479 913//479
f 1245//382 1244//382 971//382 1220//382
f 1221//386 1220//386 971//386 970//386
f 1048//480 1242//480 913//480 916//480
f 1093//382 1246//382 1247//382 1094//382
f 1248//425 1006//425 1172//425 1249//425
f 1008//404 1013//404 1012//404 1009//404
f 1093//386 1173//386 1250//386 1246//386
f 1248//385 1251//385 1007//385 1006//385
f 1252//425 1248//425 1249//425 1253//425
f 1252//385 1254//385 1251//385 1248//385
f 1255//425 1252//425 1253//425 1256//425
f 1246//481 1250//481 1257//481 1258//481
f 1255//385 1259//385 1254//385 1252//385
f 1050//482 1260//482 930//482 929//482
f 1134//483 1261//483 1262//483 1263//483
f 1059//435 1264//435 925//435 924//435
f 1264//389 1059//389 1133//389 1265//389
f 1266//484 1267//484 1141//484 1140//484
f 1146//389 1268//389 955//389 954//389
f 1061//485 1269//485 1267//485 1062//485
f 1270//486 1066//486 1271//486 1151//486 1150//486 1272//486 1269//486 1061//486 1273//486 1147//486 1064//486 1145//486
f 1065//487 1274//487 1271//487 1066//487
f 1274//488 1148//488 1151//488 1271//488
f 1060//425 1275//425 1273//425 1061//425
f 1275//489 946//489 1147//489 1273//489
f 1276//391 1062//391 1267//391 1266//391
f 1065//490 1277//490 1278//490 1274//490
f 1274//491 1278//491 1279//491 1148//491
f 1060//385 1280//385 1281//385 1275//385
f 941//492 940//492 935//492 938//492
f 1282//493 901//493 1157//493 1283//493
f 1069//494 1284//494 1285//494 1067//494
f 1069//495 1153//495 1286//495 1284//495
f 1074//496 1287//496 1288//497 1282//497
f 1285//384 1155//384 1073//384 1075//384 1283//384 1157//384 1071//384 1067//384
f 1284//498 1286//498 1289//498 1154//498
f 1074//499 1282//499 1283//499 1075//499
f 1284//500 1154//500 1155//500 1285//500
f 1290//501 1291//501 1292//502 1174//502
f 959//393 958//393 1287//393 1074//393
f 1154//386 1289//386 1293//386 1072//386
f 988//393 1005//393 1004//393 989//393
f 1294//503 1295//503 963//503 962//503
f 1296//391 1297//391 1298//391 1299//391
f 1085//435 1294//435 996//435 995//435
f 1085//389 1169//389 1295//389 1294//389
f 1299//504 1298//504 987//504 986//504
f 1082//505 1296//505 1001//505 1000//505
f 1082//506 1300//506 1297//506 1296//506
f 1138//439 1137//439 919//507 918//507
f 1127//508 1301//508 914//508 913//508
f 1302//509 1303//509 1304//509 1131//509
f 1260//510 1305//510 1303//510 1302//510
f 1258//511 1257//511 1306//511 1307//511
f 1088//385 1308//385 1309//385 1310//385
f 1310//385 1309//385 1311//385 1312//385
f 1313//384 1314//384 1256//384 1253//384 1249//384 1172//384 1092//384 1094//384 1247//384 1315//384 1316//384 1317//384 1318//384 1175//384 1091//384 1086//384
f 1088//425 1310//425 1313//425 1086//425
f 1310//425 1312//425 1314//425 1313//425
f 1312//425 1255//425 1256//425 1314//425
f 1307//382 1319//382 1317//382 1316//382
f 1312//385 1311//385 1259//385 1255//385
f 1307//386 1306//386 1320//512 1319//512
f 1319//512 1320//512 1291//513 1290//513
f 1229//514 1232//514 1321//514 1322//514
f 1107//515 1195//515 1197//515 1196//515
f 1323//386 1020//386 951//386 950//386
f 1180//516 1194//516 878//516 877//516
f 1324//517 1103//518 1023//412 1022//411
f 1020//409 1323//519 1193//520 1018//407
f 1192//453 1191//453 1324//521 1022//521
f 1325//433 1326//433 1052//433 1051//433
f 1049//424 1327//424 1328//424 1050//424
f 1051//389 1134//389 1263//389 1325//389
f 1081//424 1168//424 1300//424 1082//424
f 1158//433 1167//433 1084//433 1083//433
f 933//433 1329//433 1054//433 934//433
f 1293//424 961//424 960//424 1072//424
f 1330//424 1170//424 1090//424 1089//424
f 1087//393 1171//393 1308//393 1088//393
f 1174//502 1292//502 1330//386 1089//386
f 1331//424 1118//424 1037//424 1036//424
f 1034//393 1119//393 1332//393 1035//393
f 1040//386 1121//386 1333//386 1334//386
f 1335//393 1097//393 1017//393 1016//393
f 1028//391 1099//391 1335//391 1016//391
f 1336//522 1337//522 1210//522 1209//522
f 896//393 895//393 1208//393 1031//393
f 1338//404 1112//404 1111//404 1339//404
f 1199//433 1200//433 1337//433 1336//433
f 1207//385 1206//385 1338//385 1339//385
f 969//400 968//400 1226//474 1225//474
f 1240//478 1239//478 910//390 909//390
f 1322//523 1321//523 1217//523 1218//523
f 1045//385 1125//385 1301//385 1127//385
f 1063//389 1144//389 1268//389 1146//389
f 1122//386 1340//386 1331//386 1036//386
f 957//433 956//433 1277//433 1065//433
f 1053//404 1139//404 932//404 931//404
f 1341//424 1143//424 1142//424 1149//424
f 1062//393 1276//393 1280//393 1060//393
f 938//424 937//424 1342//424 1055//424
f 1148//386 1279//386 1341//386 1149//386
f 1054//524 1329//524 936//524 935//524
f 1055//391 1342//391 917//391 920//391
f 1343//384 1120//384 1039//384 1041//384 1344//384 1123//384 1038//384 1033//384
f 900//385 899//385 990//385 991//385
f 1015//389 1100//389 1214//468 1213//468
f 1035//385 1332//385 898//385 897//385
f 1334//386 1333//386 1340//386 1122//386
f 1345//385 1346//385 1347//525 1348//525
f 1070//389 1156//389 1152//389 1068//389
f 1349//384 1350//384 1351//384 1352//384 1353//384 1354//384 1355//384 1356//384
f 1354//406 1357//406 1345//406
f 1358//419 1359//419 1353//419
f 1360//421 1361//421 1352//421
f 1362//389 1360//389 1363//389 1364//389
f 1359//391 1365//391 1366//391 1357//391
f 1360//433 1362//433 1367//433 1361//433
f 1357//393 1366//393 1346//393 1345//393
f 1354//434 1353//434 1359//434 1357//434
f 1368//404 1369//404 1370//404 1371//404
f 1372//526 1373//526 1368//527 1371//527
f 1345//425 1348//425 1355//425 1354//425
f 1361//382 1358//382 1353//382 1352//382
f 1348//525 1347//525 1373//526 1372//526
f 1374//424 1365//424 1359//424 1358//424
f 1361//386 1367//386 1374//386 1358//386
f 1364//389 1363//389 1375//389 1376//389
f 1377//528 1378//528 1379//529 1380//529
f 1352//435 1351//435 1363//435 1360//435
f 1376//389 1375//389 1370//389 1369//389
f 1381//530 1382//530 1378//528 1377//528
f 1383//531 1384//531 1385//531 1386//531
f 1387//389 1388//389 1389//389 1390//389
f 1391//419 1392//419 1393//419
f 1394//406 1395//406 1396//406
f 1383//532 1397//532 1389//532
f 1390//533 1398//533 1380//533
f 1394//385 1399//385 1400//385 1401//385
f 1393//391 1402//391 1403//391 1396//391
f 1380//534 1379//534 1387//534 1390//534
f 1401//425 1404//425 1395//425 1394//425
f 1391//434 1393//434 1396//434 1395//434
f 1398//535 1390//535 1389//535 1397//535
f 1392//382 1391//382 1405//382 1406//382
f 1384//536 1383//536 1389//536 1388//536
f 1401//537 1400//537 1382//537 1381//537
f 1405//384 1391//384 1395//384 1404//384 1407//384 1408//384 1398//384 1397//384 1409//384
f 1406//386 1410//386 1411//386 1392//386
f 1392//424 1411//424 1402//424 1393//424
f 1399//393 1394//393 1396//393 1403//393
f 1380//538 1398//538 1408//538 1377//538
f 1386//539 1385//539 1410//539 1406//539
f 1412//540 1095//540 1096//540 1413//540
f 1413//541 1414//541 1415//541 1416//541 1417//541 1412//541
f 1131//391 1304//391 1418//391 1056//391
f 1419//542 1420//542 1421//542 1422//542 1423//542 1424//542 1425//542 1426//542 1427//542 1428//542
f 1429//541 1430//541 1431//541 1432//541 1433//541 1434//541 1435//541
f 1132//385 1058//385 1057//385 1436//385
f 1437//540 1215//540 1224//540 1438//540
f 1439//541 1440//541 1441//541 1442//541 1443//541 1444//541 1445//541 1446//541 1447//541 1448//541
f 1416//543 1100//543 1098//543
f 1335//544 1417//544 1097//544
f 1193//520 1323//519 1449//545
f 1450//546 1103//518 1324//517
f 879//427 1451//547 1105//428
f 1188//451 887//450 1452//548
f 1095//549 1412//549 1099//549
f 891//549 1453//549 1115//549
f 1208//550 895//550 1454//550
f 1455//544 1332//544 1119//544
f 1331//549 1456//549 1118//549
f 990//543 1457//543 908//543
f 905//551 1458//551 1121//551
f 1459//551 1124//551 1177//551
f 911//544 1460//544 1125//544
f 1237//543 915//543 1461//543
f 1421//549 1328//549 1327//549
f 1325//551 1422//551 1326//551
f 932//543 1139//543 1430//543
f 1433//544 918//544 917//544
f 933//551 1429//551 1329//551
f 1342//549 937//549 1434//549
f 1418//544 1427//544 1436//544
f 1132//543 1426//543 1133//543
f 1280//544 1276//544 1462//544
f 948//543 1463//543 1144//543
f 1277//551 956//551 1464//551
f 1465//551 1153//551 1152//551
f 903//543 1466//543 1156//543
f 1293//549 1467//549 961//549
f 958//544 1468//544 1287//544
f 1469//543 1163//543 976//543
f 1162//552 1470//552 967//552
f 1437//553 1216//553 1215//553
f 1441//549 1300//549 1168//549
f 1158//551 1442//551 1167//551
f 988//544 1447//544 1005//544
f 1002//543 1446//543 1169//543
f 1471//544 1308//544 1171//544
f 1330//549 1472//549 1170//549
f 1008//543 1473//543 1013//543
f 1010//551 1474//551 1173//551
f 1416//554 1098//554 1097//554 1417//554
f 1475//555 1101//555 1103//555 1450//555
f 1476//556 1195//556 1105//556 1451//556
f 878//557 1477//557 1451//557 879//557
f 1478//558 1109//558 1112//558 1479//558
f 1480//559 894//559 1115//559 1453//559
f 890//540 1481//540 1453//540 891//540
f 899//554 1482//554 1457//554 990//554
f 1340//540 1483//540 1456//540 1331//540
f 1455//560 1119//560 1118//560 1456//560
f 1458//561 905//561 908//561 1457//561
f 1484//554 1301//554 1125//554 1460//554
f 910//560 1485//560 1460//560 911//560
f 1176//561 1486//561 1459//561 1177//561
f 1049//386 1052//386 1326//386 1327//386
f 1304//562 1428//562 1427//562 1418//562
f 1263//561 1423//561 1422//561 1325//561
f 1421//540 1327//540 1326//540 1422//540
f 1432//563 1138//563 918//563 1433//563
f 1435//564 936//564 1329//564 1429//564
f 932//561 1430//561 1429//561 933//561
f 1342//560 1434//560 1433//560 917//560
f 1426//554 1132//554 1436//554 1427//554
f 1282//497 1288//497 902//388 901//388
f 1487//561 1268//561 1144//561 1463//561
f 947//565 1488//565 1463//565 948//565
f 1279//540 1489//540 1490//540 1341//540
f 1289//540 1491//540 1467//540 1293//540
f 902//566 1492//566 1466//566 903//566
f 1465//561 1152//561 1156//561 1466//561
f 1468//560 958//560 961//560 1467//560
f 1161//567 1493//567 1470//567 1162//567
f 1494//568 978//568 981//568 1495//568
f 1496//569 968//569 967//569 1470//569
f 987//560 1448//560 1447//560 988//560
f 964//561 1443//561 1442//561 1158//561
f 1441//540 1168//540 1167//540 1442//540
f 1446//554 1002//554 1005//554 1447//554
f 1007//554 1497//554 1473//554 1008//554
f 1292//540 1498//540 1472//540 1330//540
f 1471//560 1171//560 1170//560 1472//560
f 1474//561 1010//561 1013//561 1473//561
f 1193//570 1449//570 1499//570 1194//570
f 1500//541 1452//541 1501//541 1502//541 1476//541 1451//541 1477//541 1499//541 1449//541 1503//541 1504//541 1475//541 1450//541 1505//541
f 1188//571 1452//571 1500//571 1190//571
f 1194//572 1499//572 1477//572 878//572
f 1452//556 887//556 886//556 1501//556
f 1449//555 1323//555 950//555 1503//555
f 1454//573 895//573 894//573 1480//573
f 1506//574 1200//574 1109//574 1478//574
f 1208//575 1454//575 1507//575 1205//575
f 1480//576 1453//576 1481//576 1508//576 1506//576 1478//576 1479//576 1509//576 1507//576 1454//576
f 1100//561 1416//561 1415//561 1214//561
f 1099//560 1412//560 1417//560 1335//560
f 1469//554 976//554 975//554 1510//554
f 1438//577 1224//577 978//577 1494//577
f 1231//578 1511//578 1493//578 1161//578
f 1163//561 1469//561 1512//561 1232//561
f 1216//579 1437//579 1511//579 1231//579
f 1470//541 1493//541 1511//541 1437//541 1438//541 1494//541 1495//541 1513//541 1512//541 1469//541 1510//541 1514//541 1496//541
f 1238//561 1515//561 1486//561 1176//561
f 1237//561 1461//561 1515//561 1238//561
f 1516//541 1517//541 1518//541 1519//541 1459//541 1486//541 1515//541 1461//541 1520//541 1484//541 1460//541 1485//541
f 1520//580 914//580 1301//580 1484//580
f 1517//540 1221//540 970//540 1518//540
f 1461//581 915//581 914//581 1520//581
f 1173//540 1474//540 1521//540 1250//540
f 1251//554 1522//554 1497//554 1007//554
f 1254//554 1523//554 1522//554 1251//554
f 1259//554 1524//554 1523//554 1254//554
f 1328//582 1421//582 1420//582 1305//582
f 1418//393 1436//393 1057//393 1056//393
f 1050//583 1328//583 1305//583 1260//583
f 1133//561 1426//561 1425//561 1265//561
f 1264//584 1265//584 1262//584 1261//584
f 1462//585 1276//585 1266//585 1525//585
f 1526//586 1487//586 1463//586 1488//586 1527//586 1462//586 1525//586 1528//586 1490//586 1489//586 1529//586 1464//586
f 1277//587 1464//587 1529//587 1278//587
f 1278//588 1529//588 1489//588 1279//588
f 1280//554 1462//554 1527//554 1281//554
f 1281//589 1527//589 1488//589 947//589
f 1434//590 937//590 936//590 1435//590
f 1288//591 1530//591 1492//591 902//591
f 1153//592 1465//592 1531//592 1286//592
f 1531//541 1465//541 1466//541 1492//541 1530//541 1468//541 1467//541 1491//541
f 1287//593 1468//593 1530//593 1288//593
f 1286//594 1531//594 1491//594 1289//594
f 1169//561 1446//561 1445//561 1295//561
f 1300//595 1441//595 1440//595 1297//595
f 1532//541 1471//541 1472//541 1498//541 1533//541 1534//541 1535//541 1536//541 1521//541 1474//541 1473//541 1497//541 1522//541 1523//541 1524//541 1537//541
f 1308//554 1471//554 1532//554 1309//554
f 1309//554 1532//554 1537//554 1311//554
f 1311//554 1537//554 1524//554 1259//554
f 1306//540 1535//540 1534//540 1320//540
f 1275//596 1281//596 947//596 946//596
f 1538//541 1455//541 1456//541 1483//541 1539//541 1458//541 1457//541 1482//541
f 1540//541 1541//541 1542//541 1543//541 1544//541 1545//541 1546//541 1547//541
f 1543//544 1346//544 1366//544
f 1374//549 1544//549 1365//549
f 1362//551 1545//551 1367//551
f 1543//560 1366//560 1365//560 1544//560
f 1346//554 1543//554 1542//554 1347//554
f 1367//540 1545//540 1544//540 1374//540
f 1545//561 1362//561 1364//561 1546//561
f 1548//549 1402//549 1411//549
f 1399//544 1403//544 1549//544
f 1384//597 1388//597 1550//597
f 1387//598 1379//598 1551//598
f 1400//554 1399//554 1549//554 1552//554
f 1548//560 1549//560 1403//560 1402//560
f 1551//599 1550//599 1388//599 1387//599
f 1411//540 1410//540 1553//540 1548//540
f 1553//541 1554//541 1550//541 1551//541 1555//541 1556//541 1552//541 1549//541 1548//541
f 1379//600 1378//600 1555//600 1551//600
usemtl Wall_Medium.002
f 1557//389 1558//389 1559//389 1560//389
f 1561//385 1562//385 1563//385 1564//385
f 1565//385 1566//385 1567//385 1568//385
f 1569//389 1570//389 1571//389 1572//389
f 1573//389 1574//389 1575//389 1576//389
f 1577//601 1578//601 1579//602 1580//602
f 1581//385 1582//385 1583//385 1584//385
f 1585//386 1586//386 1587//386 1588//386
f 1589//391 1590//391 1591//391 1592//391
f 1593//385 1594//385 1595//385 1596//385
f 1597//603 1598//603 1599//603 1600//603
f 1601//385 1602//385 1562//385 1561//385
f 1603//389 1604//389 1605//389 1606//389
f 1607//385 1608//385 1602//385 1601//385
f 1609//389 1610//389 1611//389 1612//389
f 1613//406 1614//406 1565//406
f 1615//419 1616//419 1617//419
f 1568//405 1575//405 1618//405
f 1558//421 1619//421 1620//421
f 1621//421 1572//421 1622//421
f 1584//405 1569//405 1623//405
f 1588//419 1591//419 1624//419
f 1590//406 1625//406 1626//406
f 1627//406 1628//406 1593//406
f 1629//419 1630//419 1631//419
f 1600//533 1605//533 1632//533
f 1604//532 1633//532 1634//532
f 1635//406 1636//406 1607//406
f 1637//419 1638//419 1639//419
f 1564//405 1611//405 1640//405
f 1641//421 1642//421 1643//421
f 1644//391 1645//391 1646//391 1614//391
f 1565//425 1568//425 1618//425 1613//425
f 1558//433 1557//433 1647//433 1619//433
f 1619//382 1615//382 1617//382 1620//382
f 1648//434 1617//434 1616//434 1649//434
f 1650//604 1618//604 1575//604 1574//604
f 1572//433 1571//433 1651//433 1622//433
f 1585//605 1588//605 1624//605 1652//605
f 1583//404 1570//404 1569//404 1584//404
f 1581//425 1584//425 1623//425 1653//425
f 1621//435 1623//435 1569//435 1572//435
f 1626//434 1624//434 1591//434 1590//434
f 1654//386 1655//386 1656//386 1629//386
f 1630//391 1657//391 1658//391 1628//391
f 1604//536 1603//536 1659//536 1633//536
f 1654//605 1629//605 1631//605 1660//605
f 1627//434 1631//434 1630//434 1628//434
f 1634//535 1632//535 1605//535 1604//535
f 1661//606 1662//606 1663//606 1636//606
f 1641//433 1664//433 1665//433 1642//433
f 1642//382 1637//382 1639//382 1643//382
f 1563//404 1612//404 1611//404 1564//404
f 1666//435 1640//435 1611//435 1610//435
f 1643//435 1667//435 1668//435 1641//435
f 1638//391 1669//391 1670//391 1671//391
f 1639//384 1672//384 1673//384 1635//384 1674//384 1675//384 1640//384 1666//384 1676//384 1667//384 1643//384
f 1677//607 1678//607 1582//607 1581//607
f 1679//608 1650//608 1574//608 1680//608
f 1560//389 1559//389 1680//389 1681//389
f 1648//384 1682//384 1613//384 1618//384 1650//384 1679//384 1683//384 1620//384 1617//384
f 1681//389 1680//389 1574//389 1573//389
f 1633//609 1659//609 1578//601 1577//601
f 1622//610 1651//610 1684//610 1685//610
f 1685//611 1684//611 1686//611 1687//611
f 1625//386 1688//386 1689//386 1690//386
f 1625//612 1690//612 1691//612 1626//612
f 1687//386 1686//386 1586//386 1585//386
f 1692//384 1693//384 1652//384 1624//384 1626//384 1691//384 1694//384 1653//384 1623//384 1621//384
f 1687//605 1585//605 1652//605 1693//605
f 1593//425 1596//425 1695//425 1627//425
f 1599//534 1606//534 1605//534 1600//534
f 1580//613 1579//613 1655//613 1654//613
f 1695//384 1696//384 1632//384 1634//384 1697//384 1698//384 1660//384 1631//384 1627//384
f 1587//424 1592//424 1591//424 1588//424
f 1699//614 1700//614 1610//614 1609//614
f 1628//393 1658//393 1594//393 1593//393
f 1656//424 1657//424 1630//424 1629//424
f 1690//615 1689//615 1678//615 1677//615
f 1616//391 1701//391 1702//391 1649//391
f 1649//391 1702//391 1645//391 1644//391
f 1567//404 1576//404 1575//404 1568//404
f 1703//424 1701//424 1616//424 1615//424
f 1614//393 1646//393 1566//393 1565//393
f 1619//386 1647//386 1703//386 1615//386
f 1704//616 1668//616 1700//616 1699//616
f 1664//389 1641//389 1668//389 1704//389
f 1671//617 1670//617 1662//617 1661//617
f 1705//424 1669//424 1638//424 1637//424
f 1636//393 1663//393 1608//393 1607//393
f 1642//386 1665//386 1705//386 1637//386
f 1633//618 1577//618 1697//618 1634//618
f 1596//619 1595//619 1598//619 1597//619
f 1672//434 1639//434 1638//434 1671//434
f 1607//445 1601//445 1674//445 1635//445
f 1706//544 1566//544 1646//544
f 1703//549 1707//549 1701//549
f 1567//543 1708//543 1576//543
f 1557//551 1709//551 1647//551
f 1710//551 1651//551 1571//551
f 1583//543 1711//543 1570//543
f 1587//549 1712//549 1592//549
f 1589//544 1713//544 1688//544
f 1714//544 1594//544 1658//544
f 1656//549 1715//549 1657//549
f 1599//598 1716//598 1606//598
f 1603//597 1717//597 1659//597
f 1718//544 1608//544 1663//544
f 1705//549 1719//549 1669//549
f 1563//543 1720//543 1612//543
f 1664//551 1721//551 1665//551
f 1566//554 1706//554 1708//554 1567//554
f 1647//540 1709//540 1707//540 1703//540
f 1722//560 1702//560 1701//560 1707//560
f 1723//620 1573//620 1576//620 1708//620
f 1586//621 1724//621 1712//621 1587//621
f 1582//554 1725//554 1711//554 1583//554
f 1710//561 1571//561 1570//561 1711//561
f 1713//560 1589//560 1592//560 1712//560
f 1655//621 1726//621 1715//621 1656//621
f 1714//560 1658//560 1657//560 1715//560
f 1717//599 1603//599 1606//599 1716//599
f 1665//540 1721//540 1719//540 1705//540
f 1727//561 1609//561 1612//561 1720//561
f 1721//561 1664//561 1704//561 1728//561
f 1719//541 1721//541 1728//541 1729//541 1727//541 1720//541 1730//541 1731//541 1718//541 1732//541 1733//541
f 1734//622 1681//622 1573//622 1723//622
f 1722//541 1707//541 1709//541 1735//541 1734//541 1723//541 1708//541 1706//541 1736//541
f 1688//623 1713//623 1737//623 1689//623
f 1738//541 1710//541 1711//541 1725//541 1739//541 1737//541 1713//541 1712//541 1724//541 1740//541
f 1686//621 1740//621 1724//621 1586//621
f 1594//554 1714//554 1741//554 1595//554
f 1741//541 1714//541 1715//541 1726//541 1742//541 1743//541 1717//541 1716//541 1744//541
f 1659//624 1717//624 1743//624 1578//624
f 1733//560 1670//560 1669//560 1719//560
f 1608//566 1718//566 1731//566 1602//566
f 1590//393 1589//393 1688//393 1625//393
usemtl Wall_Highlights.002
f 1179//421 875//421 874//421
f 1336//421 1198//421 1199//421
f 1114//405 1339//405 1111//405
f 1223//419 1245//419 1220//419
f 1150//419 1149//419 1142//419
f 1218//625 980//625 1165//625
f 1211//626 1179//626 874//626 884//626
f 1192//627 1022//627 1021//627 1183//627
f 1207//445 1339//445 1114//445 1203//445
f 1243//628 1042//628 1044//628 972//628
f 1272//629 1150//629 1142//629 1141//629
f 1322//630 1218//630 1165//630 1234//630
f 1597//631 1600//631 1632//631 1696//631
f 1561//632 1564//632 1640//632 1675//632
f 1189//633 1192//633 1183//633 1182//633
f 1186//634 1106//634 1107//634 1196//634
f 1184//635 1104//635 1102//635 952//635
f 1185//636 1184//636 952//636 951//636
f 1187//637 1186//637 1196//637 885//637
f 1201//638 1207//638 1203//638 1202//638
f 1209//639 889//639 1117//639 1204//639
f 1336//640 1209//640 1204//640 1198//640
f 1213//641 1211//641 884//641 883//641
f 1667//642 1676//642 1700//642 1668//642
f 1676//643 1666//643 1610//643 1700//643
f 1635//644 1673//644 1661//644 1636//644
f 1673//645 1672//645 1671//645 1661//645
f 1219//646 1233//646 1225//646 974//646
f 1229//647 1322//647 1234//647 1230//647
f 1223//648 1240//648 1241//648 1245//648
f 1240//649 909//649 1128//649 1241//649
f 1244//650 1243//650 972//650 971//650
f 1683//651 1679//651 1680//651 1559//651
f 1682//652 1648//652 1649//652 1644//652
f 1613//653 1682//653 1644//653 1614//653
f 1620//654 1683//654 1559//654 1558//654
f 1246//655 1258//655 1315//655 1247//655
f 1258//656 1307//656 1316//656 1315//656
f 1261//657 1134//657 927//657 926//657
f 1302//658 1131//658 922//658 921//658
f 1066//659 1270//659 954//659 957//659
f 1269//660 1272//660 1141//660 1267//660
f 1270//661 1145//661 1146//661 954//661
f 945//662 944//662 1136//662 1053//662
f 1677//663 1581//663 1653//663 1694//663
f 1622//664 1685//664 1692//664 1621//664
f 1690//665 1677//665 1694//665 1691//665
f 1685//666 1687//666 1693//666 1692//666
f 1294//667 962//667 997//667 996//667
f 1296//668 1299//668 992//668 1001//668
f 1299//669 986//669 993//669 992//669
f 962//670 965//670 998//670 997//670
f 1580//671 1654//671 1660//671 1698//671
f 1577//672 1580//672 1698//672 1697//672
f 1596//673 1597//673 1696//673 1695//673
f 1260//674 1302//674 921//674 930//674
f 1264//675 1261//675 926//675 925//675
f 1319//676 1290//676 1318//676 1317//676
f 1290//677 1174//677 1175//677 1318//677
f 1233//678 1166//678 969//678 1225//678
f 944//679 943//679 1137//679 1136//679
f 1334//680 1122//680 1123//680 1344//680
f 1035//681 897//681 1343//681 1033//681
f 1040//682 1334//682 1344//682 1041//682
f 897//683 900//683 1120//683 1343//683
f 1601//684 1561//684 1675//684 1674//684
f 1350//685 1349//685 1370//685 1375//685
f 1371//405 1370//405 1349//405
f 1372//686 1371//686 1349//686 1356//686
f 1348//687 1372//687 1356//687 1355//687
f 1351//688 1350//688 1375//688 1363//688
f 1386//689 1409//689 1397//689 1383//689
f 1381//690 1407//690 1404//690 1401//690
f 1377//691 1408//691 1407//691 1381//691
f 1406//692 1405//692 1409//692 1386//692
f 1178//551 1413//551 1096//551
f 1337//551 1200//551 1506//551
f 1479//543 1112//543 1338//543
f 1222//549 1221//549 1517//549
f 1490//549 1143//549 1341//549
f 1217//693 1495//693 981//693
f 1212//694 1414//694 1413//694 1178//694
f 1191//695 1505//695 1450//695 1324//695
f 1206//566 1509//566 1479//566 1338//566
f 1519//696 973//696 1124//696 1459//696
f 1528//697 1140//697 1143//697 1490//697
f 1321//698 1513//698 1495//698 1217//698
f 1598//699 1744//699 1716//699 1599//699
f 1562//700 1730//700 1720//700 1563//700
f 1190//701 1500//701 1505//701 1191//701
f 1502//702 1197//702 1195//702 1476//702
f 1504//703 953//703 1101//703 1475//703
f 1503//704 950//704 953//704 1504//704
f 1501//705 886//705 1197//705 1502//705
f 1205//706 1507//706 1509//706 1206//706
f 1210//707 1508//707 1481//707 890//707
f 1337//708 1506//708 1508//708 1210//708
f 1214//709 1415//709 1414//709 1212//709
f 1728//710 1704//710 1699//710 1729//710
f 1729//711 1699//711 1609//711 1727//711
f 1718//712 1663//712 1662//712 1732//712
f 1732//713 1662//713 1670//713 1733//713
f 1510//714 975//714 1226//714 1514//714
f 1232//715 1512//715 1513//715 1321//715
f 1222//716 1517//716 1516//716 1239//716
f 1239//717 1516//717 1485//717 910//717
f 1518//718 970//718 973//718 1519//718
f 1735//719 1560//719 1681//719 1734//719
f 1736//720 1645//720 1702//720 1722//720
f 1706//721 1646//721 1645//721 1736//721
f 1709//722 1557//722 1560//722 1735//722
f 1250//723 1521//723 1536//723 1257//723
f 1257//724 1536//724 1535//724 1306//724
f 1262//725 1424//725 1423//725 1263//725
f 1303//726 1419//726 1428//726 1304//726
f 1464//727 956//727 955//727 1526//727
f 1525//728 1266//728 1140//728 1528//728
f 1526//729 955//729 1268//729 1487//729
f 1430//730 1139//730 1135//730 1431//730
f 1678//731 1739//731 1725//731 1582//731
f 1651//732 1710//732 1738//732 1684//732
f 1689//733 1737//733 1739//733 1678//733
f 1684//734 1738//734 1740//734 1686//734
f 1295//735 1445//735 1444//735 963//735
f 1297//736 1440//736 1439//736 1298//736
f 1298//737 1439//737 1448//737 987//737
f 963//738 1444//738 1443//738 964//738
f 1579//739 1742//739 1726//739 1655//739
f 1578//740 1743//740 1742//740 1579//740
f 1595//741 1741//741 1744//741 1598//741
f 1305//742 1420//742 1419//742 1303//742
f 1265//743 1425//743 1424//743 1262//743
f 1320//744 1534//744 1533//744 1291//744
f 1291//745 1533//745 1498//745 1292//745
f 1514//746 1226//746 968//746 1496//746
f 1431//747 1135//747 1138//747 1432//747
f 1333//748 1539//748 1483//748 1340//748
f 1332//749 1455//749 1538//749 898//749
f 1121//750 1458//750 1539//750 1333//750
f 898//751 1538//751 1482//751 899//751
f 1602//752 1731//752 1730//752 1562//752
f 1547//753 1376//753 1369//753 1540//753
f 1368//543 1540//543 1369//543
f 1373//754 1541//754 1540//754 1368//754
f 1347//755 1542//755 1541//755 1373//755
f 1546//756 1364//756 1376//756 1547//756
f 1385//757 1384//757 1550//757 1554//757
f 1382//758 1400//758 1552//758 1556//758
f 1378//759 1382//759 1556//759 1555//759
f 1410//760 1385//760 1554//760 1553//760
o Wall_Modular_Cube.003
v 0.988753 4.801557 -0.979997
v 0.988753 4.801557 -1.364728
v 0.955712 4.820557 -1.364728
v 0.955712 4.820557 -0.979997
v 0.918030 5.719898 -0.852161
v 0.690518 5.719898 -0.852161
v 0.690518 5.192621 -0.837205
v 0.918030 5.192621 -0.837205
v 0.988753 4.451290 -0.979997
v 0.988753 4.451290 -1.364728
v 0.988753 4.594989 -1.364728
v 0.988753 4.703471 -1.346580
v 0.918030 5.173621 -1.158893
v 0.690518 5.173621 -1.158893
v 0.690518 5.173621 -1.364728
v 0.918030 5.173621 -1.364728
v 0.873446 5.182025 -1.172218
v 0.735102 5.182025 -1.172218
v 0.735102 5.182025 -0.608205
v 0.873446 5.182025 -0.608205
v 0.873446 4.944404 -0.583630
v 0.735102 4.944404 -0.583630
v 0.735102 4.834126 -0.581831
v 0.873446 4.834126 -0.581831
v 0.978234 5.547903 -0.445105
v 0.630314 5.547903 -0.445105
v 0.630314 5.547903 -0.512341
v 0.978234 5.547903 -0.512341
v 0.978234 3.932585 0.247198
v 0.630314 3.932585 0.247198
v 0.630313 3.932585 -0.254230
v 0.978235 3.932585 -0.254230
v 0.630314 5.908916 -0.841660
v 0.978234 5.908916 -0.841660
v 0.978234 5.566903 -0.841660
v 0.630314 5.566903 -0.841660
v 0.918030 5.172174 0.178442
v 0.690518 5.172174 0.178442
v 0.690518 4.833163 0.178442
v 0.918030 4.833163 0.178442
v 0.918030 4.822244 0.018160
v 0.690518 4.822244 0.018160
v 0.690518 4.814163 -0.557037
v 0.918030 4.814163 -0.557037
v 0.690518 3.951585 1.384499
v 0.690518 3.932585 1.358125
v 0.918030 3.932585 1.358125
v 0.918030 3.951585 1.384499
v 1.006201 5.282846 1.325068
v 1.014461 5.214919 1.362924
v 1.011275 5.072310 1.358124
v 1.011275 5.072310 0.903943
v 1.011275 5.155032 0.903943
v 1.011275 5.196392 0.921891
v 1.011275 5.237752 0.903943
v 1.011275 5.911862 0.903943
v 1.011275 5.911862 1.358124
v 1.006287 5.502523 1.341804
v 0.918030 3.951585 0.724506
v 0.690518 3.951585 0.724506
v 0.690518 4.664077 0.724506
v 0.918030 4.664077 0.724506
v 0.918030 4.685688 0.852352
v 0.690518 4.685688 0.852352
v 0.690518 4.683076 1.358125
v 0.918030 4.683076 1.358125
v 0.951071 4.664077 0.750880
v 0.951071 4.655846 0.852352
v 0.951071 4.664077 1.358125
v 0.951071 3.951585 1.358125
v 0.951071 3.955711 0.967541
v 0.951071 3.965592 0.852352
v 0.951071 3.951585 0.750880
v 0.878945 4.688634 0.975368
v 0.729603 4.688634 0.975368
v 0.729603 4.674672 0.601602
v 0.878945 4.674672 0.601602
v 0.690518 5.930862 -1.039774
v 0.918030 5.930862 -1.039774
v 0.918030 5.933322 -1.127355
v 0.690518 5.933322 -1.127355
v 0.878945 4.903018 0.575229
v 0.729603 4.903018 0.575229
v 0.729603 5.042100 0.575229
v 0.878945 5.042100 0.575229
v 0.630314 3.951585 0.728961
v 0.978234 3.951585 0.728961
v 0.978234 4.303163 0.728961
v 0.630314 4.303163 0.728961
v 0.978234 4.770123 0.180752
v 0.630314 4.770123 0.180752
v 0.630314 4.790081 0.178084
v 0.978234 4.790081 0.178084
v 0.954630 4.319561 0.152069
v 0.653918 4.319561 0.152069
v 0.653918 4.319907 -0.341737
v 0.954630 4.319907 -0.341737
v 0.690518 5.558037 0.057725
v 0.918030 5.558037 0.057725
v 0.918030 5.556577 -0.014244
v 0.690518 5.556577 -0.014244
v 0.954630 4.319561 -0.699512
v 0.653918 4.319561 -0.699512
v 0.653918 4.319561 -0.931821
v 0.954630 4.319561 -0.931821
v 0.653918 4.807474 -0.699512
v 0.954630 4.807474 -0.699512
v 0.954630 4.817994 -0.931821
v 0.653918 4.817994 -0.931821
v 0.987671 4.798994 0.152069
v 0.987671 4.798994 -0.616538
v 0.954630 4.817994 -0.616538
v 0.954630 4.817994 0.152069
v 0.978234 4.871161 0.580188
v 0.630314 4.871161 0.580188
v 0.630314 4.694739 0.580188
v 0.978234 4.694740 0.580188
v 0.630314 5.547903 -0.815287
v 0.978234 5.547903 -0.815287
v 1.011275 4.913501 0.520060
v 1.011275 4.871161 0.553815
v 1.011275 4.694740 0.553815
v 1.011275 4.694740 0.204458
v 1.011275 4.713605 0.204458
v 1.011275 4.770123 0.225231
v 1.011275 4.790081 0.204458
v 1.011275 5.154684 0.204458
v 1.011275 5.154684 0.553815
v 1.011275 4.947636 0.542055
v 0.630314 4.675740 0.204458
v 0.978234 4.675740 0.204458
v 0.978234 4.675740 0.553815
v 0.630314 4.675740 0.553815
v 0.880239 5.547903 0.097657
v 0.728309 5.547903 0.097657
v 0.728309 5.547903 -0.069274
v 0.880239 5.547903 -0.069274
v 0.728309 5.908916 -0.095648
v 0.880239 5.908916 -0.095648
v 0.880239 5.566903 -0.095648
v 0.728309 5.566903 -0.095648
v 0.955712 4.432290 -1.364728
v 0.955712 4.451290 -1.391102
v 0.955712 4.451290 -0.953624
v 0.955712 4.432290 -0.979997
v 0.918030 5.911862 -0.837205
v 0.939449 5.924437 -0.855122
v 0.918030 5.930862 -0.863578
v 0.939449 5.924437 -1.373184
v 0.918030 5.911862 -1.391102
v 0.918030 5.930862 -1.364728
v 0.918030 5.173621 -0.863578
v 0.939449 5.180047 -0.855122
v 0.918030 5.192621 -1.391102
v 0.939449 5.180047 -1.373184
v 0.955712 4.801557 -0.953624
v 0.873446 5.163025 -0.581831
v 0.906487 5.163025 -0.608205
v 0.873446 4.815125 -0.608205
v 0.906417 4.841631 -0.622096
v 1.011275 5.566903 -0.119658
v 0.978234 5.566903 -0.093284
v 0.978234 5.547903 -0.119658
v 0.978234 5.927916 -0.119658
v 0.978234 5.908916 -0.093284
v 1.011275 5.908916 -0.119658
v 1.011275 5.566903 -0.815287
v 0.978234 5.927916 -0.815287
v 1.011275 5.908916 -0.815287
v 0.951071 5.539037 -0.557037
v 0.918030 5.539037 -0.583411
v 0.918030 5.558037 -0.557037
v 0.918030 4.814163 0.152069
v 0.951071 4.833163 0.152069
v 0.918030 4.833163 -0.583411
v 0.951071 4.833163 -0.557037
v 0.978234 5.930862 1.358124
v 0.978234 5.911862 1.384498
v 0.978234 5.911862 0.877569
v 0.978234 5.930862 0.903943
v 0.918030 3.932585 0.750880
v 0.918030 4.683076 0.750880
v 0.918030 4.664077 1.384499
v 0.978234 5.072310 1.384498
v 0.978234 5.053310 1.358124
v 0.978234 5.053310 0.903943
v 0.978234 5.072310 0.877569
v 0.878945 4.674672 1.360296
v 0.911986 4.693672 1.360296
v 0.878945 4.693672 1.386670
v 0.878945 4.693672 0.575229
v 0.911986 4.693672 0.601602
v 0.878945 5.061100 0.601602
v 0.911986 5.042100 0.601602
v 1.011275 4.303163 -0.254230
v 0.978234 4.303163 -0.280604
v 0.978234 4.322163 -0.254230
v 0.978235 3.951585 -0.280604
v 1.011275 3.951585 -0.254230
v 0.978234 4.322163 0.702587
v 1.011275 4.303163 0.702587
v 0.978234 3.932585 0.702587
v 1.011275 3.951585 0.702587
v 0.987671 4.338561 -0.931821
v 0.954630 4.338561 -0.958195
v 0.954630 4.338561 0.183359
v 0.987671 4.338561 0.152069
v 0.954630 4.798994 0.183359
v 0.978234 5.173684 0.553815
v 0.978234 5.154684 0.580188
v 0.978234 5.154684 0.178084
v 0.978234 5.173684 0.204458
v 0.978234 4.694740 0.178084
v 0.913280 5.566903 0.858319
v 0.880239 5.566903 0.884693
v 0.880239 5.547903 0.858319
v 0.880239 5.927916 0.858319
v 0.880239 5.908916 0.884693
v 0.913280 5.908916 0.858319
v 0.913280 5.566903 -0.069274
v 0.880239 5.927916 -0.069274
v 0.913280 5.908916 -0.069274
v 0.652836 4.820557 -0.979997
v 0.652836 4.820557 -1.364728
v 0.652836 4.432290 -0.979997
v 0.652836 4.432290 -1.364728
v 0.652836 4.801557 -0.953624
v 0.652836 4.451290 -1.391102
v 0.690518 5.930862 -1.164086
v 0.918030 5.930862 -1.164086
v 0.690518 5.930862 -1.364728
v 0.939449 5.924437 -1.165394
v 0.690518 5.173621 -0.863578
v 0.939449 5.180047 -1.028006
v 0.918030 5.173621 -1.031423
v 0.939449 5.725633 -0.870610
v 0.735102 4.890733 -1.393273
v 0.873446 4.890733 -1.393273
v 0.873446 4.834126 -1.393273
v 0.735102 4.834126 -1.393273
v 0.906487 4.901317 -1.335226
v 0.906487 4.834126 -1.366899
v 0.735102 5.163025 -0.581831
v 0.906508 4.948090 -0.630939
v 0.906487 5.163025 -1.172218
v 0.630314 5.908916 -0.093284
v 0.630314 5.566903 -0.093284
v 1.011275 5.566903 -0.512341
v 0.630314 5.927916 -0.815287
v 0.978234 5.927916 -0.563670
v 1.011275 5.908916 -0.563670
v 0.690518 5.558037 -0.557037
v 0.690518 4.814163 0.152069
v 0.951071 4.833163 0.057725
v 0.918030 4.814163 0.057725
v 0.951071 5.172174 0.152069
v 0.918030 5.322993 -0.583411
v 0.951071 5.322993 -0.557037
v 0.978234 5.224850 1.384498
v 0.630314 5.053310 0.903943
v 0.630314 5.072310 0.877569
v 0.978234 5.237752 0.877569
v 0.690518 3.934083 0.852352
v 0.918030 3.934083 0.852352
v 0.918030 3.933620 0.967541
v 0.690518 3.933620 0.967541
v 0.690518 3.932585 0.750880
v 0.729603 4.808204 1.376200
v 0.878945 4.808204 1.376200
v 0.878945 5.042100 1.386670
v 0.729603 5.042100 1.386670
v 0.729603 4.693672 0.575229
v 0.911986 4.823865 0.601602
v 0.878945 4.823865 0.575229
v 0.911986 4.707634 0.975368
v 0.878945 5.061100 1.227199
v 0.878945 5.061100 1.360296
v 0.911986 5.042100 1.360296
v 0.911986 5.042100 1.227199
v 0.630314 4.303163 -0.280604
v 0.630314 4.322163 -0.254230
v 0.978234 4.322163 0.277592
v 1.011275 4.303163 0.277592
v 0.630313 3.951585 -0.280604
v 1.011275 3.951585 0.247198
v 0.630314 5.154684 0.178084
v 0.954630 4.427356 0.183359
v 0.987671 4.427356 0.152069
v 0.653918 4.427356 0.183359
v 0.653918 4.338561 0.183359
v 0.653918 4.338561 -0.958195
v 0.987671 4.777350 -0.699512
v 0.987671 4.798994 -0.931821
v 0.987671 4.341233 -0.341738
v 0.630314 5.173684 0.204458
v 0.630314 5.173684 0.553815
v 0.630314 4.694739 0.178084
v 0.728309 5.908916 0.884693
v 0.728309 5.566903 0.884693
v 0.913280 5.566903 0.097657
v 0.728309 5.927916 -0.069274
v 0.880239 5.927916 0.767525
v 0.913280 5.908916 0.767525
v 0.690518 5.322993 -0.583411
v 0.690518 5.539037 -0.583411
v 0.652836 4.801557 -1.391102
v 0.955712 4.801557 -1.391102
v 0.918030 5.837503 -0.837205
v 0.939449 5.847429 -0.855122
v 0.939449 5.725633 -1.373184
v 0.939449 5.847429 -1.341765
v 0.939449 5.905839 -1.127355
v 0.939449 5.924437 -1.036654
v 0.939449 5.199419 -1.066045
v 0.939449 5.180047 -1.160016
v 0.690518 5.192621 -1.391102
v 0.918030 5.719898 -1.391102
v 0.690518 5.719898 -1.391102
v 0.690518 5.837503 -1.390566
v 0.918030 5.837503 -1.390566
v 0.690518 5.911862 -0.837205
v 0.690518 5.837503 -0.837205
v 0.690518 5.173621 -1.031423
v 0.918030 5.177216 -1.068155
v 0.690518 5.177216 -1.068155
v 0.906487 5.163025 -1.366899
v 0.873446 5.163025 -1.393273
v 0.735102 5.163025 -1.393273
v 0.873446 4.821853 -1.172218
v 0.906487 4.853580 -1.172218
v 0.906487 4.834126 -1.257972
v 0.906487 5.145817 -1.257972
v 0.735102 4.821853 -1.172218
v 0.735102 4.815125 -1.257972
v 0.873446 4.815125 -1.257972
v 0.735102 4.815125 -0.608205
v 0.873446 5.172538 -1.257972
v 0.735102 5.172538 -1.257972
v 0.955712 4.703471 -1.391429
v 0.652836 4.703471 -1.391429
v 0.955712 4.594989 -1.391102
v 0.652836 4.594989 -1.391102
v 0.653918 4.817994 0.152069
v 0.653918 4.798994 0.183359
v 0.653918 4.799538 -0.955031
v 0.954630 4.799538 -0.955031
v 0.987671 4.338561 -0.699512
v 0.918030 5.558037 0.152069
v 0.690518 5.558037 0.152069
v 0.690518 5.539037 0.178442
v 0.918030 5.539037 0.178442
v 0.653918 4.817994 -0.616538
v 0.954630 4.320253 -0.616538
v 0.653918 4.320253 -0.616538
v 0.954630 4.594613 0.183359
v 0.987671 4.594613 0.128139
v 0.954630 4.544797 -0.958195
v 0.987671 4.544797 -0.931821
v 0.653918 4.594613 0.183359
v 0.653918 4.544797 -0.958195
v 0.987671 4.357266 -0.616538
v 0.987671 4.611852 -0.903779
v 0.918030 5.278172 -0.583411
v 0.951071 5.278172 -0.557037
v 0.690518 4.833163 -0.583411
v 0.690518 5.278172 -0.583411
v 0.690518 5.266378 0.178084
v 0.918030 5.266378 0.178084
v 0.951071 5.266378 0.128388
v 0.951071 4.841244 0.018160
v 0.951071 5.520182 -0.014244
v 0.951071 5.539037 0.057725
v 0.951071 5.539037 0.152069
v 0.880239 5.927916 0.097657
v 0.913280 5.908916 0.097657
v 0.880239 5.547903 0.193596
v 0.913280 5.566903 0.193596
v 0.728309 5.927916 0.097657
v 0.728309 5.547903 0.193596
v 0.880239 5.547903 0.256955
v 0.913280 5.566903 0.256955
v 0.728309 5.547903 0.256955
v 0.880239 5.547903 0.709676
v 0.913280 5.566903 0.709676
v 0.728309 5.924880 0.193596
v 0.880239 5.924880 0.193596
v 0.728309 5.547903 0.709676
v 0.991546 5.495888 1.372017
v 0.978234 5.196392 0.895517
v 0.630314 5.196392 0.895517
v 0.630314 5.237752 0.877569
v 0.978234 5.155032 0.877569
v 0.630314 5.155032 0.877569
v 0.729603 4.848415 1.386670
v 0.878945 4.848415 1.386670
v 0.729603 4.823865 0.575229
v 0.913560 4.842829 1.365896
v 0.905986 4.914159 0.628483
v 0.911986 5.038509 1.107868
v 0.908058 4.821559 1.338627
v 0.911986 4.693672 1.094700
v 0.878945 5.057509 1.107868
v 0.878945 4.674672 1.094700
v 0.729603 4.693672 1.386670
v 0.729603 5.061100 0.601602
v 0.729603 5.057509 1.107868
v 0.729603 5.061100 1.227199
v 0.729603 4.674672 1.360296
v 0.729603 4.674672 1.094700
v 0.978234 3.932763 0.329938
v 1.011275 3.967747 0.329938
v 0.978234 4.319335 0.194852
v 1.011275 4.294543 0.194852
v 0.630314 4.319335 0.194852
v 0.630314 3.932585 0.702587
v 0.630314 3.932763 0.329938
v 0.630314 4.322163 0.277592
v 0.880239 5.928093 0.738601
v 0.728309 5.928093 0.738601
v 0.728309 5.927916 0.767525
v 0.630314 4.322163 0.702587
v 0.978234 4.713605 0.178084
v 0.630314 4.713605 0.178084
v 0.978234 4.947636 0.574708
v 0.630314 4.947636 0.574708
v 0.630314 4.927678 0.574708
v 0.978234 4.927678 0.574708
v 0.630314 5.154684 0.580188
v 0.690518 4.814163 0.057725
v 0.978234 5.266211 1.377699
v 0.630314 5.266211 1.377699
v 0.630314 5.224850 1.384498
v 0.617002 5.495888 1.372017
v 0.728309 5.927916 0.256955
v 0.880239 5.927916 0.256955
v 0.728309 5.547903 0.858319
v 0.728309 5.547903 0.767525
v 0.880239 5.547903 0.767525
v 0.728309 5.547903 0.738601
v 0.880239 5.547903 0.738601
v 0.913280 5.566903 0.767525
v 0.913280 5.566903 0.738601
v 0.913280 5.885643 0.193596
v 0.913280 5.908916 0.256955
v 0.913280 5.908916 0.709676
v 0.913280 5.897243 0.738601
v 0.880239 5.927916 0.709676
v 0.728309 5.927916 0.709676
v 0.653918 4.611309 -0.954537
v 0.954630 4.611309 -0.954537
v 0.690518 5.930862 -0.863578
v 0.690518 5.911862 -1.391102
v 0.630314 5.911862 0.877569
v 0.630314 5.930862 0.903943
v 0.630314 5.930862 1.358124
v 0.630314 5.911862 1.384498
v 0.690518 4.683076 0.750880
v 0.728309 5.927916 0.858319
v 0.630314 5.927916 -0.119658
v 0.630314 5.547903 -0.119658
v 0.630314 5.927916 -0.630906
v 0.978234 5.927916 -0.630906
v 0.652836 4.451290 -0.953624
v 0.873446 5.182025 -1.366899
v 0.735102 5.182025 -1.366899
v 0.735102 4.815125 -1.366899
v 0.873446 4.815125 -1.366899
v 0.630314 5.927916 -0.563670
v 0.729603 5.061100 1.360296
v 0.690518 4.664077 1.384499
v 1.011275 5.578537 -0.445105
v 1.011275 5.890231 -0.630906
v 0.990269 3.935049 -0.974432
v 0.618279 3.935049 -0.974432
v 0.618279 3.935049 -1.083886
v 0.990269 3.935049 -1.083886
v 1.023310 3.954049 -1.370619
v 1.023310 4.000932 -1.345615
v 1.023310 4.053957 -1.370619
v 1.023310 4.415669 -1.370619
v 1.023310 4.415669 -0.974432
v 1.023310 3.954049 -0.974432
v 1.023310 3.954049 -1.083886
v 1.023310 3.967122 -1.234467
v 0.990269 3.954049 -0.948059
v 0.990269 4.434669 -0.974432
v 0.990269 4.415669 -0.948059
v 0.990269 4.415669 -1.396993
v 0.990269 4.434669 -1.370619
v 0.618279 4.415669 -1.396993
v 0.990269 4.053957 -1.396993
v 0.618279 4.053957 -1.396993
v 0.618279 4.415669 -0.948059
v 0.618279 3.954049 -0.948059
v 0.618279 4.434669 -1.370619
v 0.618279 3.935049 -1.370619
v 0.618279 3.954049 -1.396993
v 0.990269 3.954049 -1.396993
v 0.990269 3.935049 -1.370619
v 0.990269 3.934812 -1.234467
v 0.618279 3.934812 -1.234467
v 0.618279 4.434669 -0.974432
v 0.990269 4.000932 -1.396993
v 0.618279 4.000932 -1.396993
v 0.910434 5.174282 0.289802
v 0.698114 5.174282 0.289802
v 0.698114 5.172573 0.195923
v 0.910434 5.172573 0.195923
v 0.910434 5.175011 0.365017
v 0.698114 5.175011 0.365017
v 0.910434 5.549593 0.195923
v 0.698114 5.549593 0.195923
v 0.698114 5.550290 0.256245
v 0.910434 5.550290 0.256245
v 0.698114 5.191573 0.175822
v 0.698114 5.530593 0.175822
v 0.910434 5.530593 0.175822
v 0.910434 5.191573 0.175822
v 0.943475 5.530593 0.552891
v 0.910434 5.549593 0.552891
v 0.910434 5.530593 0.579265
v 0.910434 5.172573 0.552891
v 0.943475 5.191573 0.552891
v 0.910434 5.191573 0.579265
v 0.943475 5.530593 0.195923
v 0.943475 5.191573 0.195923
v 0.698114 5.172573 0.552891
v 0.698114 5.172573 0.415177
v 0.910434 5.172573 0.415177
v 0.698114 5.530593 0.579265
v 0.698114 5.191573 0.579265
v 0.943475 5.191573 0.415177
v 0.943475 5.530593 0.306406
v 0.910434 5.549593 0.306406
v 0.943475 5.213121 0.365017
v 0.943475 5.191087 0.289802
v 0.943475 5.518742 0.256245
v 0.698114 5.549593 0.306406
v 0.698114 5.549593 0.552891
v 0.619795 4.801557 -0.979997
v 0.619795 4.801557 -1.364728
v 0.619795 4.703471 -1.346580
v 0.619795 4.594989 -1.364728
v 0.619795 4.451290 -1.364728
v 0.619795 4.451290 -0.979997
v 0.630314 5.072310 1.384498
v 0.602347 5.282846 1.325068
v 0.602261 5.502523 1.341804
v 0.597273 5.911862 1.358124
v 0.597273 5.911862 0.903943
v 0.597273 5.237752 0.903943
v 0.597273 5.196392 0.921891
v 0.597273 5.155032 0.903943
v 0.597273 5.072310 0.903943
v 0.597273 5.072310 1.358124
v 0.594087 5.214919 1.362924
v 0.657477 4.664077 0.750880
v 0.657477 3.951585 0.750880
v 0.657477 3.965592 0.852352
v 0.657477 3.955711 0.967541
v 0.657477 3.951585 1.358125
v 0.657477 4.664077 1.358125
v 0.657477 4.655846 0.852352
v 0.630314 5.053310 1.358124
v 0.620877 4.798994 0.152069
v 0.620877 4.798994 -0.616538
v 0.597273 4.913501 0.520060
v 0.597273 4.947636 0.542055
v 0.597273 5.154684 0.553815
v 0.597273 5.154684 0.204458
v 0.597273 4.790081 0.204458
v 0.597273 4.770123 0.225231
v 0.597273 4.713605 0.204458
v 0.597273 4.694739 0.204458
v 0.597273 4.694739 0.553815
v 0.597273 4.871161 0.553815
v 0.669099 5.924437 -0.855122
v 0.669099 5.924437 -1.373184
v 0.669099 5.180047 -0.855122
v 0.669099 5.180047 -1.373184
v 0.702061 5.163025 -0.608205
v 0.702131 4.841631 -0.622096
v 0.597273 5.566903 -0.119658
v 0.597273 5.908916 -0.119658
v 0.597273 5.566903 -0.815287
v 0.597273 5.908916 -0.815287
v 0.657477 5.539037 -0.557037
v 0.657477 4.833163 0.152069
v 0.657477 4.833163 -0.557037
v 0.696562 4.693672 1.360296
v 0.696562 4.693672 0.601602
v 0.696562 5.042100 0.601602
v 0.597273 4.303163 -0.254230
v 0.597273 3.951585 -0.254230
v 0.597273 4.303163 0.702587
v 0.597273 3.951585 0.702587
v 0.620877 4.338561 -0.931821
v 0.620877 4.338561 0.152069
v 0.695268 5.566903 0.858319
v 0.695268 5.908916 0.858319
v 0.695268 5.566903 -0.069274
v 0.695268 5.908916 -0.069274
v 0.669099 5.924437 -1.165394
v 0.669099 5.180047 -1.028006
v 0.669099 5.725633 -0.870610
v 0.702061 4.901317 -1.335226
v 0.702061 4.834126 -1.366899
v 0.702040 4.948090 -0.630939
v 0.702061 5.163025 -1.172218
v 0.597273 5.566903 -0.512341
v 0.597273 5.908916 -0.563670
v 0.657477 4.833163 0.057725
v 0.657477 5.172174 0.152069
v 0.657477 5.322993 -0.557037
v 0.696562 4.823865 0.601602
v 0.696562 4.707634 0.975368
v 0.696562 5.042100 1.227199
v 0.696562 5.042100 1.360296
v 0.597273 4.303163 0.277592
v 0.597273 3.951585 0.247198
v 0.620877 4.427356 0.152069
v 0.620877 4.777350 -0.699512
v 0.620877 4.798994 -0.931821
v 0.620877 4.341233 -0.341738
v 0.695268 5.566903 0.097657
v 0.695268 5.908916 0.767525
v 0.669099 5.847429 -0.855122
v 0.669099 5.725633 -1.373184
v 0.669099 5.180047 -1.160016
v 0.669099 5.199419 -1.066045
v 0.669099 5.924437 -1.036654
v 0.669099 5.905839 -1.127355
v 0.669099 5.847429 -1.341765
v 0.702061 5.163025 -1.366899
v 0.702061 4.853580 -1.172218
v 0.702061 5.145817 -1.257972
v 0.702061 4.834126 -1.257972
v 0.620877 4.338561 -0.699512
v 0.620877 4.594613 0.128139
v 0.620877 4.544797 -0.931821
v 0.620877 4.611852 -0.903779
v 0.620877 4.357266 -0.616538
v 0.657477 5.278172 -0.557037
v 0.657477 5.266378 0.128388
v 0.657477 5.539037 0.152069
v 0.657477 5.539037 0.057725
v 0.657477 5.520182 -0.014244
v 0.657477 4.841244 0.018160
v 0.695268 5.908916 0.097657
v 0.695268 5.566903 0.193596
v 0.695268 5.566903 0.256955
v 0.695268 5.566903 0.709676
v 0.694988 4.842829 1.365896
v 0.702562 4.914159 0.628483
v 0.696562 4.693672 1.094700
v 0.700490 4.821559 1.338627
v 0.696562 5.038509 1.107868
v 0.597273 3.967747 0.329938
v 0.597273 4.294543 0.194852
v 0.695268 5.566903 0.767525
v 0.695268 5.897243 0.738601
v 0.695268 5.908916 0.709676
v 0.695268 5.908916 0.256955
v 0.695268 5.885643 0.193596
v 0.695268 5.566903 0.738601
v 0.597273 5.578537 -0.445105
v 0.597273 5.890231 -0.630906
v 0.585238 3.954049 -1.370619
v 0.585238 3.967122 -1.234467
v 0.585238 3.954049 -1.083886
v 0.585238 3.954049 -0.974432
v 0.585238 4.415669 -0.974432
v 0.585238 4.415669 -1.370619
v 0.585238 4.053957 -1.370619
v 0.585238 4.000932 -1.345615
v 0.665073 5.530593 0.552891
v 0.665073 5.191573 0.552891
v 0.665073 5.530593 0.195923
v 0.665073 5.191573 0.195923
v 0.665073 5.191573 0.415177
v 0.665073 5.530593 0.306406
v 0.665073 5.518742 0.256245
v 0.665073 5.191087 0.289802
v 0.665073 5.213121 0.365017
v 0.724375 5.539236 -0.841660
v 0.884173 5.539236 -0.841660
v 0.884173 5.456829 -0.841660
v 0.724375 5.456829 -0.841660
v 0.955044 3.936481 -0.750130
v 0.653504 3.936481 -0.750130
v 0.653504 3.936481 -0.929667
v 0.955044 3.936481 -0.929667
v 0.884173 5.177239 -0.605794
v 0.724375 5.177239 -0.605794
v 0.724375 5.177239 -0.815287
v 0.884173 5.177239 -0.815287
v 0.878969 4.330830 0.174268
v 0.729579 4.330830 0.174268
v 0.729579 4.660458 0.174268
v 0.878969 4.660458 0.174268
v 0.724375 5.287320 -0.841660
v 0.884173 5.287320 -0.841660
v 0.884173 5.196239 -0.841660
v 0.724375 5.196239 -0.841660
v 0.955044 5.548580 0.689885
v 0.653504 5.548580 0.689885
v 0.653504 5.547852 0.765098
v 0.955044 5.547852 0.765098
v 0.878969 4.311830 0.448337
v 0.729579 4.311830 0.448337
v 0.729579 4.311830 0.200642
v 0.878969 4.311830 0.200642
v 0.878969 4.679458 0.630848
v 0.729579 4.679458 0.630848
v 0.729579 4.679458 0.702587
v 0.878969 4.679458 0.702587
v 0.729578 4.330830 0.728961
v 0.878970 4.330830 0.728961
v 0.878969 4.660458 0.728961
v 0.729579 4.660458 0.728961
v 0.955043 5.060791 0.858319
v 0.653505 5.060791 0.858319
v 0.653505 5.060791 0.706488
v 0.955043 5.060791 0.706488
v 0.955043 5.060095 0.656326
v 0.653505 5.060094 0.656326
v 0.653504 5.060791 0.596004
v 0.955044 5.060791 0.596004
v 0.955044 3.936481 -0.560255
v 0.653504 3.936481 -0.560255
v 0.653504 5.531290 0.575905
v 0.955044 5.531290 0.575905
v 0.955044 5.079791 0.575905
v 0.653504 5.079791 0.575905
v 0.955044 3.936481 -0.305152
v 0.653504 3.936481 -0.305152
v 0.653504 4.144547 -0.956040
v 0.955044 4.144547 -0.956040
v 0.955044 3.955481 -0.956040
v 0.653504 3.955481 -0.956040
v 0.917214 5.196239 -0.605794
v 0.884173 5.196239 -0.579420
v 0.884173 5.558236 -0.605794
v 0.884173 5.539236 -0.579420
v 0.917214 5.539236 -0.605794
v 0.917214 5.196239 -0.815287
v 0.884173 5.558236 -0.815287
v 0.917214 5.539236 -0.815287
v 0.912010 4.660458 0.200642
v 0.878969 4.679458 0.200642
v 0.912010 4.330830 0.200642
v 0.912010 4.660458 0.702587
v 0.878970 4.311830 0.702587
v 0.912010 4.330830 0.702587
v 0.988084 5.079791 0.858319
v 0.955043 5.079791 0.884693
v 0.955043 5.550290 0.858319
v 0.955043 5.531290 0.884693
v 0.988084 5.531290 0.858319
v 0.988084 5.079791 0.596004
v 0.955044 5.550290 0.596004
v 0.988085 5.531290 0.596004
v 0.988084 3.955481 -0.305152
v 0.955044 3.955481 -0.278778
v 0.955044 4.322864 -0.305152
v 0.955044 4.303864 -0.278778
v 0.988085 4.303864 -0.305152
v 0.988085 3.955481 -0.929667
v 0.955044 4.303864 -0.956040
v 0.955044 4.322864 -0.929667
v 0.988085 4.303864 -0.929667
v 0.884173 5.287320 -0.579420
v 0.724375 5.287320 -0.579420
v 0.724375 5.196239 -0.579420
v 0.724375 5.558236 -0.815287
v 0.917214 5.361053 -0.605794
v 0.884173 5.361053 -0.579420
v 0.917214 5.258132 -0.797923
v 0.729579 4.679458 0.200642
v 0.912010 4.660458 0.630848
v 0.912010 4.330830 0.448337
v 0.955044 5.550290 0.815259
v 0.653504 5.550290 0.815259
v 0.653505 5.550290 0.858319
v 0.653505 5.531290 0.884693
v 0.653505 5.079791 0.884693
v 0.653504 5.550290 0.596004
v 0.988084 5.531290 0.815259
v 0.955044 4.088879 -0.284912
v 0.653504 4.088879 -0.284912
v 0.653504 3.955481 -0.278778
v 0.653504 4.303864 -0.956040
v 0.653504 4.322864 -0.929667
v 0.988085 4.144547 -0.929667
v 0.988085 4.226135 -0.929667
v 0.955044 4.226135 -0.956040
v 0.653504 4.303864 -0.278778
v 0.653504 4.129673 -0.278778
v 0.955044 4.129673 -0.278778
v 0.988085 4.129673 -0.305152
v 0.988085 4.088879 -0.323847
v 0.988085 3.955481 -0.560255
v 0.988085 3.972193 -0.750130
v 0.988085 4.185340 -0.896017
v 0.878969 4.323112 0.530901
v 0.729579 4.323112 0.530901
v 0.917214 5.361053 -0.815287
v 0.884173 5.361053 -0.841660
v 0.724375 5.361053 -0.841660
v 0.917214 5.298995 -0.616211
v 0.917214 5.456829 -0.794450
v 0.729579 4.674510 0.382280
v 0.878969 4.674510 0.382280
v 0.729579 4.679458 0.530901
v 0.878969 4.679458 0.530901
v 0.729578 4.311830 0.702587
v 0.729579 4.311830 0.706875
v 0.878969 4.311830 0.706875
v 0.912010 4.330830 0.706875
v 0.912010 4.642499 0.382280
v 0.912010 4.660458 0.530901
v 0.912010 4.360459 0.530901
v 0.988084 5.079791 0.706488
v 0.988084 5.091642 0.656326
v 0.988084 5.531775 0.689885
v 0.988084 5.509741 0.765098
v 0.653504 4.185340 -0.952950
v 0.955044 4.185340 -0.952950
v 0.724375 5.539236 -0.579420
v 0.724375 5.361053 -0.579420
v 0.724375 5.558236 -0.605794
v 0.653504 4.226135 -0.956040
v 0.653504 4.322864 -0.305152
v 0.691334 5.196239 -0.605794
v 0.691334 5.539236 -0.605794
v 0.691334 5.196239 -0.815287
v 0.691334 5.539236 -0.815287
v 0.696538 4.660458 0.200642
v 0.696538 4.330830 0.200642
v 0.696538 4.660458 0.702587
v 0.696538 4.330830 0.702587
v 0.620464 5.079791 0.858319
v 0.620464 5.531290 0.858319
v 0.620464 5.079791 0.596004
v 0.620463 5.531290 0.596004
v 0.620464 3.955481 -0.305152
v 0.620463 4.303864 -0.305152
v 0.620463 3.955481 -0.929667
v 0.620463 4.303864 -0.929667
v 0.691334 5.361053 -0.605794
v 0.691334 5.258132 -0.797923
v 0.696538 4.660458 0.630848
v 0.696538 4.330830 0.448337
v 0.620464 5.531290 0.815259
v 0.620463 4.144547 -0.929667
v 0.620463 4.226135 -0.929667
v 0.620463 4.185340 -0.896017
v 0.620463 3.972193 -0.750130
v 0.620463 3.955481 -0.560255
v 0.620463 4.088879 -0.323847
v 0.620463 4.129673 -0.305152
v 0.691334 5.361053 -0.815287
v 0.691334 5.456829 -0.794450
v 0.691334 5.298995 -0.616211
v 0.696538 4.330830 0.706875
v 0.696538 4.642499 0.382280
v 0.696538 4.360459 0.530901
v 0.696538 4.660458 0.530901
v 0.620464 5.079791 0.706488
v 0.620464 5.509741 0.765098
v 0.620464 5.531775 0.689885
v 0.620464 5.091642 0.656326
vn 0.4985 0.8669 0.0000
vn 0.0000 0.0284 0.9996
vn 1.0000 -0.0000 0.0000
vn 0.0000 -1.0000 0.0000
vn 0.0000 1.0000 0.0000
vn 0.0000 0.0163 0.9999
vn 0.0000 -1.0000 0.0011
vn 0.0000 0.0000 -1.0000
vn 0.0000 0.0019 1.0000
vn 0.0000 0.0000 1.0000
vn 0.0000 -0.9999 0.0140
vn 0.0000 -0.8114 0.5845
vn 1.0000 -0.0002 0.0053
vn 0.0000 1.0000 0.0052
vn 0.0000 -0.9993 0.0373
vn 0.0000 0.9996 0.0281
vn 0.0000 -0.1325 -0.9912
vn 0.0000 -1.0000 -0.0007
vn 0.0000 -1.0000 -0.0010
vn 0.0000 0.9998 -0.0203
vn 0.0000 -1.0000 0.0042
vn 0.0000 0.9990 0.0452
vn 0.0000 -0.8114 -0.5845
vn 0.4228 -0.7353 -0.5297
vn 0.4228 -0.7353 0.5297
vn 0.0099 0.8116 0.5841
vn 0.0126 0.8113 0.5845
vn 0.0108 0.8111 0.5848
vn 0.0126 0.8113 -0.5845
vn 0.0099 0.8116 -0.5841
vn 0.0108 0.8111 -0.5848
vn 0.0099 -0.8116 0.5841
vn 0.0108 -0.8111 0.5848
vn 0.0126 -0.8113 0.5845
vn 0.0099 -0.8116 -0.5841
vn 0.0126 -0.8113 -0.5845
vn 0.0108 -0.8111 -0.5848
vn 0.4228 0.7353 0.5297
vn 0.6684 -0.6035 0.4348
vn 0.4228 0.7353 -0.5297
vn 0.4411 -0.7671 0.4658
vn 0.4411 0.7671 0.4658
vn 0.0000 0.8114 0.5845
vn 0.4985 -0.8669 0.0000
vn 0.2874 0.9578 0.0000
vn -0.0099 -0.8116 0.5841
vn -0.0108 -0.8111 0.5848
vn 0.2874 -0.9578 0.0000
vn 0.6490 0.0216 0.7605
vn 0.7677 0.1588 -0.6208
vn 0.7448 -0.0377 0.6663
vn 0.0000 0.8114 -0.5845
vn 0.6238 0.0000 0.7816
vn 0.6238 0.0000 -0.7816
vn 0.0000 1.0000 0.0027
vn 0.5672 -0.0195 0.8234
vn 0.0000 -1.0000 -0.0040
vn 0.0000 -1.0000 -0.0033
vn 0.5280 -0.8492 -0.0056
vn 0.0000 -0.9999 0.0148
vn 0.5942 0.8040 0.0223
vn 0.0000 -0.0447 0.9990
vn 0.4982 -0.8664 0.0324
vn 0.6238 0.0000 -0.7815
vn 0.6876 0.0000 0.7261
vn 0.5957 0.8013 0.0555
vn 0.5209 -0.8536 -0.0026
vn 0.6238 0.0000 0.7815
vn 0.6416 0.0000 0.7670
vn -0.0108 -0.8111 -0.5848
vn -0.0099 -0.8116 -0.5841
vn 0.0000 0.0023 -1.0000
vn 0.0000 -0.0013 -1.0000
vn 0.6416 0.0000 -0.7670
vn 0.6641 -0.0943 0.7417
vn 0.0000 0.9978 -0.0668
vn 0.0000 -0.9992 0.0396
vn 0.7963 0.0293 0.6042
vn 0.7891 -0.0364 -0.6131
vn 0.6600 -0.7512 -0.0125
vn 1.0000 -0.0001 -0.0000
vn 0.0000 -0.0082 1.0000
vn 0.0000 -0.9969 0.0782
vn 0.0000 -0.9999 -0.0119
vn 0.0000 0.9939 -0.1100
vn 0.0000 0.0002 -1.0000
vn 0.0000 0.0033 -1.0000
vn 0.0000 -0.0015 -1.0000
vn 0.0000 0.8548 0.5190
vn 0.0000 0.7827 -0.6224
vn 0.0000 -0.8548 0.5190
vn 0.5895 0.7930 -0.1537
vn 0.0000 0.9921 -0.1258
vn 0.0000 -1.0000 0.0035
vn 0.7939 0.0434 0.6065
vn 0.7942 -0.0355 0.6066
vn 0.0000 -0.0013 1.0000
vn 0.0000 0.0012 1.0000
vn 0.4909 -0.8536 -0.1743
vn 0.4985 -0.8668 0.0122
vn 0.0000 0.9995 0.0316
vn 0.7648 -0.0148 0.6441
vn 0.0000 -0.3981 -0.9174
vn 0.0000 0.2520 -0.9677
vn 0.5706 -0.0181 0.8210
vn 1.0000 -0.0000 -0.0014
vn 0.4985 0.8669 0.0061
vn 0.4983 0.8666 -0.0261
vn 0.4960 -0.8625 -0.1009
vn 0.0000 1.0000 0.0071
vn 0.0000 0.9995 -0.0301
vn 0.5944 0.8042 -0.0045
vn 0.6308 -0.7722 0.0762
vn 0.5524 0.8335 0.0106
vn 0.0000 1.0000 0.0063
vn 0.0000 -1.0000 -0.0005
vn 0.0000 -1.0000 0.0008
vn 0.0000 0.9994 -0.0342
vn 0.6326 -0.7743 -0.0170
vn 0.5515 0.8322 -0.0576
vn 0.0000 1.0000 0.0061
vn 0.0000 1.0000 0.0031
vn 0.0000 0.0472 -0.9989
vn 0.0000 0.0965 0.9953
vn 0.6659 -0.0310 0.7454
vn 0.0000 -0.0265 0.9996
vn 0.0000 -1.0000 -0.0027
vn 0.0000 -0.9798 -0.2001
vn 0.0000 0.1622 0.9868
vn 0.0000 0.0247 0.9997
vn 0.0000 0.9989 -0.0479
vn 0.0000 1.0000 -0.0031
vn 0.0000 1.0000 -0.0061
vn 0.0000 0.0549 -0.9985
vn 0.0000 -0.9952 -0.0974
vn 0.0000 -0.1262 0.9920
vn -0.0099 0.8116 -0.5841
vn -0.0108 0.8111 -0.5848
vn -0.0108 0.8111 0.5848
vn -0.0099 0.8116 0.5841
vn 0.0000 -0.0072 -1.0000
vn 0.0000 0.9962 0.0868
vn 0.0000 -0.0026 -1.0000
vn 0.0000 0.9997 -0.0257
vn 0.0000 -1.0000 -0.0001
vn 0.0000 -1.0000 -0.0017
vn 0.0000 -0.9999 0.0139
vn 0.0000 -0.9998 0.0182
vn 0.0000 -1.0000 0.0097
vn 0.0000 0.9999 -0.0115
vn 0.3856 0.6705 -0.6338
vn 0.3856 -0.6705 -0.6338
vn 0.0000 -0.7267 -0.6869
vn 0.5197 0.0000 -0.8543
vn 0.0000 0.7267 -0.6869
vn 0.0000 -0.9988 -0.0486
vn 0.4764 -0.8792 0.0057
vn 0.0000 0.9999 0.0139
vn -0.4985 0.8669 0.0000
vn -1.0000 0.0000 0.0000
vn -1.0000 -0.0002 0.0053
vn -0.4228 -0.7353 -0.5297
vn -0.4228 -0.7353 0.5297
vn -0.0126 0.8113 0.5845
vn -0.0126 0.8113 -0.5845
vn -0.0126 -0.8113 0.5845
vn -0.0126 -0.8113 -0.5845
vn -0.4228 0.7353 0.5297
vn -0.6684 -0.6035 0.4348
vn -0.4228 0.7353 -0.5297
vn -0.4411 -0.7671 0.4658
vn -0.4411 0.7671 0.4658
vn -0.4985 -0.8669 0.0000
vn -0.2874 0.9578 0.0000
vn -0.2874 -0.9578 0.0000
vn -0.6490 0.0216 0.7605
vn -0.7677 0.1588 -0.6208
vn -0.7448 -0.0377 0.6663
vn -0.6238 -0.0000 0.7816
vn -0.6238 -0.0000 -0.7816
vn -0.5672 -0.0195 0.8234
vn -0.5280 -0.8492 -0.0056
vn -0.5942 0.8040 0.0223
vn -0.4982 -0.8664 0.0324
vn -0.6238 0.0000 -0.7815
vn -0.6876 0.0000 0.7261
vn -0.5957 0.8013 0.0555
vn -0.5209 -0.8536 -0.0026
vn -0.6238 0.0000 0.7815
vn -0.6416 0.0000 0.7670
vn -0.6416 -0.0000 -0.7670
vn -0.6641 -0.0943 0.7417
vn -0.7963 0.0293 0.6042
vn -0.7891 -0.0364 -0.6131
vn -0.6600 -0.7512 -0.0125
vn -1.0000 -0.0001 -0.0000
vn -0.5895 0.7930 -0.1537
vn -0.7939 0.0434 0.6065
vn -0.7942 -0.0355 0.6066
vn -0.4909 -0.8536 -0.1743
vn -0.4985 -0.8668 0.0122
vn -0.7648 -0.0148 0.6441
vn 0.0000 -0.0300 0.9996
vn 0.0000 0.3981 -0.9174
vn -0.5706 -0.0181 0.8210
vn -1.0000 -0.0000 -0.0014
vn -0.4985 0.8669 0.0061
vn -0.4983 0.8666 -0.0261
vn -0.4960 -0.8625 -0.1009
vn -0.5944 0.8042 -0.0045
vn -0.6308 -0.7722 0.0762
vn -0.5524 0.8335 0.0106
vn -0.6326 -0.7743 -0.0170
vn -0.5515 0.8322 -0.0576
vn -0.6659 -0.0310 0.7454
vn 0.0000 -0.9932 -0.1162
vn -0.3856 0.6705 -0.6338
vn -0.3856 -0.6705 -0.6338
vn -0.5197 0.0000 -0.8543
vn -0.4764 -0.8792 0.0057
vn 0.0000 1.0000 0.0097
vn 0.0000 -0.9999 -0.0115
vn 0.7412 0.0757 -0.6670
vn 0.0000 0.0459 0.9989
vn 0.0000 -0.9908 0.1354
vn 0.7115 -0.0687 -0.6993
vn 0.0000 0.9998 0.0182
vn 0.0000 0.9996 0.0272
vn 0.0000 0.9994 -0.0333
vn 0.0000 1.0000 0.0001
vn -0.4985 0.8669 -0.0001
vn 0.0000 -0.7267 -0.6870
vn 0.0000 0.9988 -0.0485
vn 0.0000 0.0755 -0.9971
vn 0.0000 -0.9980 -0.0640
vn 0.0000 -0.0755 -0.9971
vn 0.0000 -0.1487 0.9889
vn 0.4764 0.8792 0.0057
vn -0.7412 0.0757 -0.6670
vn -0.7115 -0.0687 -0.6993
vn 0.4985 0.8669 -0.0001
vn -0.4764 0.8792 0.0057
vn 0.4104 0.7138 -0.5675
vn 0.7317 -0.0617 -0.6789
vn 0.8527 -0.1079 -0.5111
vn 0.6424 0.7663 0.0143
vn 0.7217 -0.0550 0.6900
vn 0.7448 -0.0506 -0.6654
vn 0.6059 -0.7921 0.0733
vn 0.6373 -0.7698 0.0358
vn 0.8313 0.0735 -0.5510
vn 0.5605 -0.7917 -0.2432
vn 0.6151 0.7707 0.1663
vn 0.6223 0.7796 -0.0706
vn 0.5510 -0.8281 0.1030
vn 0.6045 -0.7875 0.1202
vn 0.5644 0.8157 -0.1270
vn 0.5661 0.8182 0.1003
vn 0.7319 0.0558 -0.6791
vn 0.7545 -0.2695 -0.5985
vn 0.7545 0.2695 -0.5985
vn 0.7014 0.0660 0.7097
vn 0.6870 -0.2116 0.6952
vn 0.6440 -0.7598 0.0888
vn 0.7500 0.1527 -0.6436
vn 0.7546 -0.0289 0.6555
vn 0.7523 0.0834 0.6535
vn 0.6387 0.7619 -0.1075
vn 0.7421 0.0725 -0.6664
vn 0.6950 -0.0550 0.7169
vn 0.6868 0.0390 0.7258
vn 0.7414 -0.0842 -0.6658
vn 0.6577 0.7463 0.1023
vn 0.6533 0.7413 -0.1539
vn 0.5908 -0.3212 -0.7401
vn 0.7039 0.3136 0.6373
vn 0.8010 -0.0777 -0.5935
vn -0.6336 0.4451 -0.6328
vn 0.7836 0.1243 -0.6087
vn 0.6061 -0.7930 0.0606
vn 0.6376 -0.7478 0.1853
vn 0.6103 0.7906 0.0499
vn 0.6463 -0.7580 -0.0881
vn 0.6099 0.7901 -0.0609
vn 0.7241 0.1400 -0.6753
vn 0.7526 -0.2480 0.6100
vn 0.7731 0.2340 0.5896
vn 0.6789 -0.3718 -0.6332
vn 0.6434 0.7445 -0.1780
vn 0.6349 0.7639 0.1156
vn 0.6052 -0.7912 -0.0880
vn 0.8925 -0.0377 0.4495
vn 0.5908 0.3212 -0.7401
vn 0.5948 0.7885 0.1567
vn 0.5948 0.7885 -0.1567
vn 0.6617 -0.7495 -0.0223
vn 0.6296 -0.7762 -0.0348
vn 0.6475 0.7548 -0.1049
vn 0.6005 -0.7995 -0.0143
vn 0.6506 0.7585 0.0384
vn 0.5991 -0.7977 0.0690
vn 0.6374 -0.7698 -0.0339
vn 0.7509 0.1702 -0.6382
vn 0.6129 -0.7893 0.0372
vn 0.6129 -0.7894 -0.0336
vn 0.7532 -0.1509 -0.6402
vn 0.6059 0.7921 0.0733
vn 0.6434 -0.7445 -0.1780
vn 0.6349 -0.7639 0.1156
vn 0.6052 0.7912 -0.0880
vn -0.4104 0.7138 -0.5675
vn -0.7317 -0.0617 -0.6789
vn -0.8527 -0.1079 -0.5111
vn -0.6424 0.7663 0.0143
vn -0.7217 -0.0550 0.6900
vn -0.7448 -0.0506 -0.6654
vn -0.6059 -0.7921 0.0733
vn -0.6373 -0.7698 0.0358
vn -0.8313 0.0735 -0.5510
vn -0.5605 -0.7917 -0.2432
vn -0.6151 0.7707 0.1663
vn -0.6223 0.7796 -0.0706
vn -0.5510 -0.8281 0.1030
vn -0.6045 -0.7875 0.1202
vn -0.5644 0.8157 -0.1270
vn -0.5661 0.8182 0.1003
vn -0.7319 0.0558 -0.6791
vn -0.7545 -0.2695 -0.5985
vn -0.7545 0.2695 -0.5985
vn -0.7014 0.0660 0.7097
vn -0.6870 -0.2116 0.6952
vn -0.6440 -0.7598 0.0888
vn -0.7500 0.1527 -0.6436
vn -0.7546 -0.0289 0.6555
vn -0.7523 0.0834 0.6535
vn -0.6387 0.7619 -0.1075
vn -0.7421 0.0725 -0.6664
vn -0.6950 -0.0550 0.7169
vn -0.6868 0.0390 0.7258
vn -0.7414 -0.0842 -0.6658
vn -0.6577 0.7463 0.1023
vn -0.6533 0.7413 -0.1539
vn -0.5908 -0.3212 -0.7401
vn -0.7039 0.3136 0.6373
vn -0.8010 -0.0777 -0.5935
vn 0.6336 0.4451 -0.6328
vn -0.7836 0.1243 -0.6087
vn -0.6061 -0.7930 0.0606
vn -0.6376 -0.7478 0.1853
vn -0.6103 0.7906 0.0499
vn -0.6463 -0.7580 -0.0881
vn -0.6099 0.7901 -0.0609
vn -0.7241 0.1400 -0.6753
vn -0.7526 -0.2480 0.6100
vn -0.7731 0.2340 0.5896
vn -0.6789 -0.3718 -0.6332
vn -0.6435 0.7445 -0.1780
vn -0.6349 0.7639 0.1156
vn -0.6052 -0.7912 -0.0880
vn -0.8925 -0.0377 0.4495
vn -0.5908 0.3212 -0.7401
vn -0.5948 0.7885 0.1567
vn -0.5948 0.7885 -0.1567
vn -0.6617 -0.7495 -0.0223
vn -0.6296 -0.7762 -0.0348
vn -0.6475 0.7548 -0.1049
vn -0.6005 -0.7995 -0.0143
vn -0.6506 0.7585 0.0384
vn -0.5991 -0.7977 0.0690
vn -0.6374 -0.7698 -0.0339
vn -0.7509 0.1702 -0.6382
vn -0.6129 -0.7893 0.0372
vn -0.6129 -0.7894 -0.0336
vn -0.7532 -0.1509 -0.6402
vn -0.6059 0.7921 0.0733
vn -0.6434 -0.7445 -0.1780
vn -0.6349 -0.7639 0.1156
vn -0.6052 0.7912 -0.0880
usemtl Wall_Dark.003
s 1
f 1745//761 1746//761 1747//761 1748//761
f 1749//762 1750//762 1751//762 1752//762
f 1746//763 1745//763 1753//763 1754//763 1755//763 1756//763
f 1757//764 1758//764 1759//764 1760//764
f 1761//765 1762//765 1763//765 1764//765
f 1765//766 1766//766 1767//766 1768//766
f 1769//764 1770//764 1771//764 1772//764
f 1773//767 1774//767 1775//764 1776//764
f 1777//768 1778//768 1779//768 1780//768
f 1781//769 1782//769 1783//770 1784//770
f 1785//771 1786//771 1787//771 1788//771
f 1789//772 1790//772 1791//772 1792//772
f 1793//773 1794//773 1795//773 1796//773 1797//773 1798//773 1799//773 1800//773 1801//773 1802//773
f 1803//768 1804//768 1805//768 1806//768
f 1807//774 1808//774 1809//774 1810//774
f 1811//763 1812//763 1813//763 1814//763 1815//763 1816//763 1817//763
f 1818//775 1819//775 1820//775 1821//775
f 1822//776 1823//776 1824//776 1825//776
f 1826//768 1827//768 1828//768 1829//768
f 1830//770 1831//770 1832//770 1833//770
f 1834//777 1835//777 1836//777 1837//777
f 1838//778 1839//778 1840//779 1841//779
f 1842//780 1843//780 1844//780 1845//780
f 1846//781 1847//781 1848//764 1849//764
f 1850//782 1851//782 1852//782 1853//782
f 1854//761 1855//761 1856//761 1857//761
f 1858//770 1859//770 1860//770 1861//770
f 1862//783 1780//783 1779//783 1863//783
f 1864//763 1865//763 1866//763 1867//763 1868//763 1869//763 1870//763 1871//763 1872//763 1873//763
f 1874//764 1875//764 1876//764 1877//764
f 1878//764 1879//764 1880//764 1881//764
f 1882//768 1883//768 1884//768 1885//768
f 1754//784 1886//784 1887//784
f 1888//785 1889//785 1753//785
f 1890//786 1891//787 1892//788
f 1893//789 1894//790 1895//791
f 1752//792 1896//793 1897//794
f 1898//795 1899//796 1760//797
f 1748//798 1900//798 1745//798
f 1764//798 1901//798 1902//798
f 1903//799 1904//799 1768//799
f 1905//785 1906//785 1907//785
f 1908//798 1909//798 1910//798
f 1863//784 1779//784 1911//784
f 1778//800 1912//800 1913//800
f 1914//800 1915//800 1916//800
f 1784//785 1917//785 1918//785
f 1919//784 1920//784 1788//784
f 1801//798 1921//798 1922//798
f 1923//800 1924//800 1800//800
f 1803//784 1817//784 1925//784
f 1814//785 1792//785 1791//785
f 1806//800 1926//800 1811//800
f 1927//798 1813//798 1810//798
f 1928//785 1929//785 1795//785
f 1930//784 1931//784 1796//784
f 1932//785 1933//785 1934//785
f 1821//784 1935//784 1936//784
f 1937//800 1938//800 1829//800
f 1939//800 1940//800 1941//800
f 1776//784 1942//784 1943//784
f 1944//798 1832//798 1945//798
f 1831//785 1946//785 1947//785
f 1948//784 1849//784 1949//784
f 1950//801 1838//801 1951//801
f 1854//802 1857//802 1952//802
f 1872//798 1953//798 1954//798
f 1955//800 1956//800 1871//800
f 1861//785 1876//785 1866//785
f 1875//784 1957//784 1867//784
f 1958//785 1959//785 1960//785
f 1961//798 1962//798 1963//798
f 1881//784 1884//784 1964//784
f 1883//800 1965//800 1966//800
f 1967//765 1748//765 1747//765 1968//765
f 1889//764 1969//764 1970//764 1886//764
f 1748//803 1967//803 1971//803 1900//803
f 1886//783 1970//783 1972//783 1887//783
f 1754//804 1753//804 1889//804 1886//804
f 1973//765 1974//765 1895//765 1975//765
f 1976//805 1893//805 1895//805 1974//805
f 1751//806 1977//807 1896//793 1752//792
f 1978//808 1897//808 1896//808 1979//808
f 1749//809 1752//809 1897//809 1980//809
f 1981//768 1982//768 1983//768 1984//768
f 1985//810 1986//810 1983//810 1982//810
f 1763//803 1987//803 1901//803 1764//803
f 1988//811 1902//811 1901//811 1765//811
f 1761//761 1764//761 1902//761 1989//761
f 1909//770 1990//770 1991//770 1906//770
f 1772//804 1863//804 1911//804 1992//804
f 1778//812 1777//812 1993//812 1912//812
f 1994//761 1908//761 1910//761 1995//761
f 1905//813 1910//813 1909//813 1906//813
f 1913//814 1911//814 1779//814 1778//814
f 1845//815 1844//815 1916//815 1996//815
f 1783//772 1997//772 1917//772 1784//772
f 1998//804 1918//804 1917//804 1999//804
f 1781//813 1784//813 1918//813 2000//813
f 2001//814 1915//814 1914//814 2002//814
f 2003//816 1928//816 1795//816 1794//816
f 1931//783 1930//783 2004//783 2005//783
f 2006//814 1923//814 1800//814 1799//814
f 1801//761 1800//761 1924//761 1921//761
f 2007//817 2008//817 2009//818 2010//818
f 1815//819 1814//819 1791//819 2009//819
f 2011//820 1925//820 2008//820 2007//820
f 1812//821 1811//821 1926//821 1807//821
f 1803//814 1806//814 1811//814 1817//814
f 1927//813 1792//813 1814//813 1813//813
f 1796//804 1795//804 1929//804 1930//804
f 2012//822 2013//822 2014//822 2015//822
f 1820//783 2016//783 1935//783 1821//783
f 2017//814 1936//814 1935//814 2018//814
f 1818//823 1821//823 1936//823 2019//823
f 2020//761 2021//761 2022//761 2023//761
f 1940//812 2024//812 2025//812 1941//812
f 2026//761 1944//761 1945//761 2027//761
f 1775//783 2028//783 1942//783 1776//783
f 1773//804 1776//804 1943//804 2029//804
f 1939//824 1943//824 1942//824 1940//824
f 1947//813 1945//813 1832//813 1831//813
f 1837//768 1836//768 2030//768 1955//768
f 2031//825 1950//825 1951//825 2032//825
f 2031//770 2033//770 2034//770 1950//770
f 1849//783 1848//783 2035//783 1949//783
f 2036//826 2037//826 1852//826 1851//826
f 2038//827 1951//827 1838//827 1841//827
f 1956//765 2039//765 2040//765 1953//765
f 1858//813 1861//813 1866//813 1865//813
f 1875//783 1874//783 2041//783 1957//783
f 1837//814 1955//814 1871//814 1870//814
f 1872//761 1871//761 1956//761 1953//761
f 1867//804 1866//804 1876//804 1875//804
f 1962//770 2042//770 2043//770 1959//770
f 1878//804 1881//804 1964//804 2044//804
f 1883//812 1882//812 2045//812 1965//812
f 2046//761 1961//761 1963//761 2047//761
f 1958//828 1963//828 1962//828 1959//828
f 1966//814 1964//814 1884//814 1883//814
f 2001//768 2048//768 2049//768 1915//768
f 2050//812 1968//812 1747//812 2051//812
f 1890//829 2052//829 2053//829 1891//829
f 2054//763 2055//763 1893//763 1976//763 2056//763 2057//763 1891//763 2053//763 1980//763 1897//763 1978//763 2058//763 2059//763 1899//763
f 1760//797 1759//830 2060//831 1898//795
f 2061//832 2062//832 2063//833 2064//833
f 1890//770 2065//770 2066//770 2052//770
f 1898//834 2061//834 2054//834 1899//834
f 2052//835 1749//835 1980//835 2053//835
f 1898//768 2060//768 2062//832 2061//832
f 1899//808 2059//808 1757//808 1760//808
f 1891//805 2057//805 1823//805 1892//805
f 1825//836 1824//836 1974//836 1973//836
f 1896//764 1977//764 2067//764 1979//764
f 2068//837 2069//837 1758//837 1757//837
f 1904//838 1988//838 1765//838 1768//838
f 2070//839 1985//839 1982//839 2071//839
f 2072//768 2071//768 1982//768 1981//768
f 1903//840 2073//840 2074//840 1904//840
f 1988//841 1904//841 2074//841 2075//841 1986//841 1985//841 2070//841 2076//841 1989//841 1902//841
f 1901//842 1987//842 1766//842 1765//842
f 2073//843 2077//843 2078//843 2079//843
f 1903//844 2080//844 2077//844 2073//844
f 2081//845 2082//845 1762//845 1761//845
f 2083//846 2084//846 2050//847 2051//847
f 1887//814 2085//814 1755//814 1754//814
f 1900//813 1888//813 1753//813 1745//813
f 2085//848 2086//848 2084//846 2083//846
f 1857//849 2087//849 2088//849 1952//849
f 2089//850 1853//850 1852//850 2090//850
f 2034//851 1839//851 1838//851 1950//851
f 1948//804 2091//804 1846//804 1849//804
f 1855//852 2036//852 1851//852 1856//852
f 2092//803 2093//803 2094//803 2095//803
f 2096//853 1856//853 1851//853 1850//853
f 2097//854 2098//854 1847//781 1846//781
f 2049//812 1996//812 1916//812 1915//812
f 2099//855 2031//855 2032//855 2100//855
f 1949//814 2101//814 2102//814 1948//814
f 2087//765 1857//765 1856//765 2096//765
f 2099//770 2103//770 2033//770 2031//770
f 1949//768 2035//768 2104//768 2101//768
f 1952//856 2099//856 2100//856 1854//856
f 1951//763 2038//763 2105//763 2091//763 1948//763 2102//763 2106//763 2037//763 2036//763 1855//763 1854//763 2100//763 2032//763
f 1952//770 2088//770 2103//770 2099//770
f 2107//814 2001//814 2002//814 2108//814
f 1788//783 1787//783 2109//783 1919//783
f 2107//768 2110//768 2048//768 2001//768
f 2095//857 2094//857 2111//858 2112//858
f 1919//814 2107//814 2108//814 1920//814
f 1919//768 2109//768 2110//768 2107//768
f 2113//763 2000//763 1918//763 1998//763 2114//763 1920//763 2108//763 2002//763 1914//763 2115//763 2116//763 2117//763
f 2114//859 1998//859 1999//859 1785//859
f 2117//761 2116//761 1843//761 2092//761
f 2093//765 2092//765 1843//765 1842//765
f 1920//860 2114//860 1785//860 1788//860
f 1965//761 2118//761 2119//761 1966//761
f 2120//804 1878//804 2044//804 2121//804
f 1880//783 1885//783 1884//783 1881//783
f 1965//765 2045//765 2122//765 2118//765
f 2120//764 2123//764 1879//764 1878//764
f 2124//804 2120//804 2121//804 2125//804
f 2124//764 2126//764 2123//764 2120//764
f 2127//804 2124//804 2125//804 2128//804
f 2118//861 2122//861 2129//861 2130//861
f 2127//764 2131//764 2126//764 2124//764
f 1922//862 2132//862 1802//862 1801//862
f 2006//863 2133//863 2134//863 2135//863
f 1931//814 2136//814 1797//814 1796//814
f 2136//768 1931//768 2005//768 2137//768
f 2138//864 2139//864 2013//864 2012//864
f 2018//768 2140//768 1827//768 1826//768
f 1933//865 2141//865 2139//865 1934//865
f 2142//866 1938//866 2143//866 2023//866 2022//866 2144//866 2141//866 1933//866 2145//866 2019//866 1936//866 2017//866
f 1937//867 2146//867 2143//867 1938//867
f 2146//868 2020//868 2023//868 2143//868
f 1932//804 2147//804 2145//804 1933//804
f 2147//869 1818//869 2019//869 2145//869
f 2148//770 1934//770 2139//770 2138//770
f 1937//870 2149//870 2150//870 2146//870
f 2146//871 2150//871 2151//871 2020//871
f 1932//764 2152//764 2153//764 2147//764
f 1813//872 1812//872 1807//872 1810//872
f 2154//873 1773//873 2029//873 2155//873
f 1941//874 2156//874 2157//874 1939//874
f 1941//875 2025//875 2158//875 2156//875
f 1946//876 2159//876 2160//877 2154//877
f 2157//763 2027//763 1945//763 1947//763 2155//763 2029//763 1943//763 1939//763
f 2156//878 2158//878 2161//878 2026//878
f 1946//879 2154//879 2155//879 1947//879
f 2156//880 2026//880 2027//880 2157//880
f 2162//881 2163//881 2164//882 2046//882
f 1831//772 1830//772 2159//772 1946//772
f 2026//765 2161//765 2165//765 1944//765
f 1860//772 1877//772 1876//772 1861//772
f 2166//883 2167//883 1835//883 1834//883
f 2168//770 2169//770 2170//770 2171//770
f 1957//814 2166//814 1868//814 1867//814
f 1957//768 2041//768 2167//768 2166//768
f 2171//884 2170//884 1859//884 1858//884
f 1954//885 2168//885 1873//885 1872//885
f 1954//886 2172//886 2169//886 2168//886
f 2010//818 2009//818 1791//887 1790//887
f 1999//888 2173//888 1786//888 1785//888
f 2174//889 2175//889 2176//889 2003//889
f 2132//890 2177//890 2175//890 2174//890
f 2130//891 2129//891 2178//891 2179//891
f 1960//764 2180//764 2181//764 2182//764
f 2182//764 2181//764 2183//764 2184//764
f 2185//763 2186//763 2128//763 2125//763 2121//763 2044//763 1964//763 1966//763 2119//763 2187//763 2188//763 2189//763 2190//763 2047//763 1963//763 1958//763
f 1960//804 2182//804 2185//804 1958//804
f 2182//804 2184//804 2186//804 2185//804
f 2184//804 2127//804 2128//804 2186//804
f 2179//761 2191//761 2189//761 2188//761
f 2184//764 2183//764 2131//764 2127//764
f 2179//765 2178//765 2192//892 2191//892
f 2191//892 2192//892 2163//893 2162//893
f 2101//894 2104//894 2193//894 2194//894
f 1979//895 2067//895 2069//895 2068//895
f 2195//765 1892//765 1823//765 1822//765
f 2052//896 2066//896 1750//896 1749//896
f 2196//897 1975//898 1895//791 1894//790
f 1892//788 2195//899 2065//900 1890//786
f 2064//833 2063//833 2196//901 1894//901
f 2197//812 2198//812 1924//812 1923//812
f 1921//803 2199//803 2200//803 1922//803
f 1923//768 2006//768 2135//768 2197//768
f 1953//803 2040//803 2172//803 1954//803
f 2030//812 2039//812 1956//812 1955//812
f 1805//812 2201//812 1926//812 1806//812
f 2165//803 1833//803 1832//803 1944//803
f 2202//803 2042//803 1962//803 1961//803
f 1959//772 2043//772 2180//772 1960//772
f 2046//882 2164//882 2202//765 1961//765
f 2203//803 1990//803 1909//803 1908//803
f 1906//772 1991//772 2204//772 1907//772
f 1912//765 1993//765 2205//765 2206//765
f 2207//772 1969//772 1889//772 1888//772
f 1900//770 1971//770 2207//770 1888//770
f 2208//902 2209//902 2082//902 2081//902
f 1768//772 1767//772 2080//772 1903//772
f 2210//783 1984//783 1983//783 2211//783
f 2071//812 2072//812 2209//812 2208//812
f 2079//764 2078//764 2210//764 2211//764
f 1841//779 1840//779 2098//854 2097//854
f 2112//858 2111//858 1782//769 1781//769
f 2194//903 2193//903 2089//903 2090//903
f 1917//764 1997//764 2173//764 1999//764
f 1935//768 2016//768 2140//768 2018//768
f 1994//765 2212//765 2203//765 1908//765
f 1829//812 1828//812 2149//812 1937//812
f 1925//783 2011//783 1804//783 1803//783
f 2213//803 2015//803 2014//803 2021//803
f 1934//772 2148//772 2152//772 1932//772
f 1810//803 1809//803 2214//803 1927//803
f 2020//765 2151//765 2213//765 2021//765
f 1926//904 2201//904 1808//904 1807//904
f 1927//770 2214//770 1789//770 1792//770
f 2215//763 1992//763 1911//763 1913//763 2216//763 1995//763 1910//763 1905//763
f 1772//764 1771//764 1862//764 1863//764
f 1887//768 1972//768 2086//848 2085//848
f 1907//764 2204//764 1770//764 1769//764
f 2206//765 2205//765 2212//765 1994//765
f 2217//764 2218//764 2219//877 2220//877
f 1942//768 2028//768 2024//768 1940//768
f 2221//763 2222//763 2223//763 2224//763 2225//763 2226//763 2227//763 2228//763
f 2226//785 2229//785 2217//785
f 2230//798 2231//798 2225//798
f 2232//800 2233//800 2224//800
f 2234//768 2232//768 2235//768 2236//768
f 2231//770 2237//770 2238//770 2229//770
f 2232//812 2234//812 2239//812 2233//812
f 2229//772 2238//772 2218//772 2217//772
f 2226//828 2225//828 2231//828 2229//828
f 2240//783 2241//783 2242//783 2243//783
f 2244//905 2245//905 2240//906 2243//906
f 2217//804 2220//804 2227//804 2226//804
f 2233//761 2230//761 2225//761 2224//761
f 2220//877 2219//877 2245//905 2244//905
f 2246//803 2237//803 2231//803 2230//803
f 2233//765 2239//765 2246//765 2230//765
f 2236//768 2235//768 2247//768 2248//768
f 2249//907 2250//907 2251//908 2252//908
f 2224//814 2223//814 2235//814 2232//814
f 2248//768 2247//768 2242//768 2241//768
f 2253//909 2254//909 2250//907 2249//907
f 2255//910 2256//910 2257//910 2258//910
f 2259//768 2260//768 2261//768 2262//768
f 2263//798 2264//798 2265//798
f 2266//785 2267//785 2268//785
f 2255//911 2269//911 2261//911
f 2262//912 2270//912 2252//912
f 2266//764 2271//764 2272//764 2273//764
f 2265//770 2274//770 2275//770 2268//770
f 2252//913 2251//913 2259//913 2262//913
f 2273//804 2276//804 2267//804 2266//804
f 2263//828 2265//828 2268//828 2267//828
f 2270//914 2262//914 2261//914 2269//914
f 2264//761 2263//761 2277//761 2278//761
f 2256//915 2255//915 2261//915 2260//915
f 2273//916 2272//916 2254//916 2253//916
f 2277//763 2263//763 2267//763 2276//763 2279//763 2280//763 2270//763 2269//763 2281//763
f 2278//765 2282//765 2283//765 2264//765
f 2264//803 2283//803 2274//803 2265//803
f 2271//772 2266//772 2268//772 2275//772
f 2252//917 2270//917 2280//917 2249//917
f 2258//918 2257//918 2282//918 2278//918
f 2284//919 1967//919 1968//919 2285//919
f 2285//920 2286//920 2287//920 2288//920 2289//920 2284//920
f 2003//770 2176//770 2290//770 1928//770
f 2291//921 2292//921 2293//921 2294//921 2295//921 2296//921 2297//921 2298//921 2299//921 2300//921
f 2301//920 2302//920 2303//920 2304//920 2305//920 2306//920 2307//920
f 2004//764 1930//764 1929//764 2308//764
f 2309//919 2087//919 2096//919 2310//919
f 2311//920 2312//920 2313//920 2314//920 2315//920 2316//920 2317//920 2318//920 2319//920 2320//920
f 2288//922 1972//922 1970//922
f 2207//923 2289//923 1969//923
f 2065//900 2195//899 2321//924
f 2322//925 1975//898 2196//897
f 1751//806 2323//926 1977//807
f 2060//831 1759//830 2324//927
f 1967//928 2284//928 1971//928
f 1763//928 2325//928 1987//928
f 2080//929 1767//929 2326//929
f 2327//923 2204//923 1991//923
f 2203//928 2328//928 1990//928
f 1862//922 2329//922 1780//922
f 1777//930 2330//930 1993//930
f 2331//930 1996//930 2049//930
f 1783//923 2332//923 1997//923
f 2109//922 1787//922 2333//922
f 2293//928 2200//928 2199//928
f 2197//930 2294//930 2198//930
f 1804//922 2011//922 2302//922
f 2305//923 1790//923 1789//923
f 1805//930 2301//930 2201//930
f 2214//928 1809//928 2306//928
f 2290//923 2299//923 2308//923
f 2004//922 2298//922 2005//922
f 2152//923 2148//923 2334//923
f 1820//922 2335//922 2016//922
f 2149//930 1828//930 2336//930
f 2337//930 2025//930 2024//930
f 1775//922 2338//922 2028//922
f 2165//928 2339//928 1833//928
f 1830//923 2340//923 2159//923
f 2341//922 2035//922 1848//922
f 2034//931 2342//931 1839//931
f 2309//932 2088//932 2087//932
f 2313//928 2172//928 2040//928
f 2030//930 2314//930 2039//930
f 1860//923 2319//923 1877//923
f 1874//922 2318//922 2041//922
f 2343//923 2180//923 2043//923
f 2202//928 2344//928 2042//928
f 1880//922 2345//922 1885//922
f 1882//930 2346//930 2045//930
f 2288//933 1970//933 1969//933 2289//933
f 2347//934 1973//934 1975//934 2322//934
f 2348//935 2067//935 1977//935 2323//935
f 1750//936 2349//936 2323//936 1751//936
f 2350//937 1981//937 1984//937 2351//937
f 2352//938 1766//938 1987//938 2325//938
f 1762//919 2353//919 2325//919 1763//919
f 1771//933 2354//933 2329//933 1862//933
f 2212//919 2355//919 2328//919 2203//919
f 2327//939 1991//939 1990//939 2328//939
f 2330//940 1777//940 1780//940 2329//940
f 2356//933 2173//933 1997//933 2332//933
f 1782//939 2357//939 2332//939 1783//939
f 2048//940 2358//940 2331//940 2049//940
f 1921//765 1924//765 2198//765 2199//765
f 2176//941 2300//941 2299//941 2290//941
f 2135//940 2295//940 2294//940 2197//940
f 2293//919 2199//919 2198//919 2294//919
f 2304//942 2010//942 1790//942 2305//942
f 2307//943 1808//943 2201//943 2301//943
f 1804//940 2302//940 2301//940 1805//940
f 2214//939 2306//939 2305//939 1789//939
f 2298//933 2004//933 2308//933 2299//933
f 2154//877 2160//877 1774//767 1773//767
f 2359//940 2140//940 2016//940 2335//940
f 1819//944 2360//944 2335//944 1820//944
f 2151//919 2361//919 2362//919 2213//919
f 2161//919 2363//919 2339//919 2165//919
f 1774//933 2364//933 2338//933 1775//933
f 2337//945 2024//945 2028//945 2338//945
f 2340//939 1830//939 1833//939 2339//939
f 2033//946 2365//946 2342//946 2034//946
f 2366//947 1850//947 1853//947 2367//947
f 2368//948 1840//948 1839//948 2342//948
f 1859//939 2320//939 2319//939 1860//939
f 1836//940 2315//940 2314//940 2030//940
f 2313//919 2040//919 2039//919 2314//919
f 2318//933 1874//933 1877//933 2319//933
f 1879//933 2369//933 2345//933 1880//933
f 2164//919 2370//919 2344//919 2202//919
f 2343//949 2043//949 2042//949 2344//949
f 2346//940 1882//940 1885//940 2345//940
f 2065//950 2321//950 2371//950 2066//950
f 2372//920 2324//920 2373//920 2374//920 2348//920 2323//920 2349//920 2371//920 2321//920 2375//920 2376//920 2347//920 2322//920 2377//920
f 2060//951 2324//951 2372//951 2062//951
f 2066//952 2371//952 2349//952 1750//952
f 2324//935 1759//935 1758//935 2373//935
f 2321//934 2195//934 1822//934 2375//934
f 2326//953 1767//953 1766//953 2352//953
f 2378//954 2072//954 1981//954 2350//954
f 2080//955 2326//955 2379//955 2077//955
f 2352//956 2325//956 2353//956 2380//956 2378//956 2350//956 2351//956 2381//956 2379//956 2326//956
f 1972//940 2288//940 2287//940 2086//940
f 1971//939 2284//939 2289//939 2207//939
f 2341//933 1848//933 1847//933 2382//933
f 2310//957 2096//957 1850//957 2366//957
f 2103//958 2383//958 2365//958 2033//958
f 2035//940 2341//940 2384//940 2104//940
f 2088//959 2309//959 2383//959 2103//959
f 2342//920 2365//920 2383//920 2309//920 2310//920 2366//920 2367//920 2385//920 2384//920 2341//920 2382//920 2386//920 2368//920
f 2110//940 2387//940 2358//940 2048//940
f 2109//940 2333//940 2387//940 2110//940
f 2388//920 2389//920 2390//920 2391//920 2331//920 2358//920 2387//920 2333//920 2392//920 2356//920 2332//920 2357//920
f 2392//960 1786//960 2173//960 2356//960
f 2389//919 2093//919 1842//919 2390//919
f 2333//961 1787//961 1786//961 2392//961
f 2045//919 2346//919 2393//919 2122//919
f 2123//933 2394//933 2369//933 1879//933
f 2126//933 2395//933 2394//933 2123//933
f 2131//933 2396//933 2395//933 2126//933
f 2200//962 2293//962 2292//962 2177//962
f 2290//772 2308//772 1929//772 1928//772
f 1922//963 2200//963 2177//963 2132//963
f 2005//940 2298//940 2297//940 2137//940
f 2136//964 2137//964 2134//964 2133//964
f 2334//965 2148//965 2138//965 2397//965
f 2398//966 2359//966 2335//966 2360//966 2399//966 2334//966 2397//966 2400//966 2362//966 2361//966 2401//966 2336//966
f 2149//967 2336//967 2401//967 2150//967
f 2150//968 2401//968 2361//968 2151//968
f 2152//933 2334//933 2399//933 2153//933
f 2153//969 2399//969 2360//969 1819//969
f 2306//970 1809//970 1808//970 2307//970
f 2160//971 2402//971 2364//971 1774//971
f 2025//972 2337//972 2403//972 2158//972
f 2403//920 2337//920 2338//920 2364//920 2402//920 2340//920 2339//920 2363//920
f 2159//973 2340//973 2402//973 2160//973
f 2158//974 2403//974 2363//974 2161//974
f 2041//940 2318//940 2317//940 2167//940
f 2172//975 2313//975 2312//975 2169//975
f 2404//920 2343//920 2344//920 2370//920 2405//920 2406//920 2407//920 2408//920 2393//920 2346//920 2345//920 2369//920 2394//920 2395//920 2396//920 2409//920
f 2180//933 2343//933 2404//933 2181//933
f 2181//933 2404//933 2409//933 2183//933
f 2183//933 2409//933 2396//933 2131//933
f 2178//919 2407//919 2406//919 2192//919
f 2147//976 2153//976 1819//976 1818//976
f 2410//920 2327//920 2328//920 2355//920 2411//920 2330//920 2329//920 2354//920
f 2412//920 2413//920 2414//920 2415//920 2416//920 2417//920 2418//920 2419//920
f 2415//923 2218//923 2238//923
f 2246//928 2416//928 2237//928
f 2234//930 2417//930 2239//930
f 2415//939 2238//939 2237//939 2416//939
f 2218//933 2415//933 2414//933 2219//933
f 2239//919 2417//919 2416//919 2246//919
f 2417//940 2234//940 2236//940 2418//940
f 2420//928 2274//928 2283//928
f 2271//923 2275//923 2421//923
f 2256//977 2260//977 2422//977
f 2259//978 2251//978 2423//978
f 2272//933 2271//933 2421//933 2424//933
f 2420//949 2421//949 2275//949 2274//949
f 2423//979 2422//979 2260//979 2259//979
f 2283//919 2282//919 2425//919 2420//919
f 2425//920 2426//920 2422//920 2423//920 2427//920 2428//920 2424//920 2421//920 2420//920
f 2251//980 2250//980 2427//980 2423//980
usemtl Wall_Medium.003
f 2429//768 2430//768 2431//768 2432//768
f 2433//764 2434//764 2435//764 2436//764
f 2437//764 2438//764 2439//764 2440//764
f 2441//768 2442//768 2443//768 2444//768
f 2445//768 2446//768 2447//768 2448//768
f 2449//918 2450//918 2451//981 2452//981
f 2453//764 2454//764 2455//764 2456//764
f 2457//765 2458//765 2459//765 2460//765
f 2461//770 2462//770 2463//770 2464//770
f 2465//764 2466//764 2467//764 2468//764
f 2469//982 2470//982 2471//982 2472//982
f 2473//764 2474//764 2434//764 2433//764
f 2475//768 2476//768 2477//768 2478//768
f 2479//764 2480//764 2474//764 2473//764
f 2481//768 2482//768 2483//768 2484//768
f 2485//785 2486//785 2437//785
f 2487//798 2488//798 2489//798
f 2440//784 2447//784 2490//784
f 2430//800 2491//800 2492//800
f 2493//800 2444//800 2494//800
f 2456//784 2441//784 2495//784
f 2460//798 2463//798 2496//798
f 2462//785 2497//785 2498//785
f 2499//785 2500//785 2465//785
f 2501//798 2502//798 2503//798
f 2472//912 2477//912 2504//912
f 2476//911 2505//911 2506//911
f 2507//785 2508//785 2479//785
f 2509//798 2510//798 2511//798
f 2436//784 2483//784 2512//784
f 2513//800 2514//800 2515//800
f 2516//770 2517//770 2518//770 2486//770
f 2437//804 2440//804 2490//804 2485//804
f 2430//812 2429//812 2519//812 2491//812
f 2491//761 2487//761 2489//761 2492//761
f 2520//813 2489//813 2488//813 2521//813
f 2522//983 2490//983 2447//983 2446//983
f 2444//812 2443//812 2523//812 2494//812
f 2457//761 2460//761 2496//761 2524//761
f 2455//783 2442//783 2441//783 2456//783
f 2453//804 2456//804 2495//804 2525//804
f 2493//814 2495//814 2441//814 2444//814
f 2498//828 2496//828 2463//828 2462//828
f 2526//765 2527//765 2528//765 2501//765
f 2502//770 2529//770 2530//770 2500//770
f 2476//915 2475//915 2531//915 2505//915
f 2526//761 2501//761 2503//761 2532//761
f 2499//813 2503//813 2502//813 2500//813
f 2506//914 2504//914 2477//914 2476//914
f 2533//984 2534//984 2535//984 2508//984
f 2513//812 2536//812 2537//812 2514//812
f 2514//761 2509//761 2511//761 2515//761
f 2435//783 2484//783 2483//783 2436//783
f 2538//814 2512//814 2483//814 2482//814
f 2515//814 2539//814 2540//814 2513//814
f 2510//770 2541//770 2542//770 2543//770
f 2511//763 2544//763 2545//763 2507//763 2546//763 2547//763 2512//763 2538//763 2548//763 2539//763 2515//763
f 2549//985 2550//985 2454//985 2453//985
f 2551//986 2522//986 2446//986 2552//986
f 2432//768 2431//768 2552//768 2553//768
f 2520//763 2554//763 2485//763 2490//763 2522//763 2551//763 2555//763 2492//763 2489//763
f 2553//768 2552//768 2446//768 2445//768
f 2505//987 2531//987 2450//918 2449//918
f 2494//988 2523//988 2556//988 2557//988
f 2557//989 2556//989 2558//989 2559//989
f 2497//990 2560//990 2561//990 2562//990
f 2497//991 2562//991 2563//991 2498//991
f 2559//765 2558//765 2458//765 2457//765
f 2564//763 2565//763 2524//763 2496//763 2498//763 2563//763 2566//763 2525//763 2495//763 2493//763
f 2559//761 2457//761 2524//761 2565//761
f 2465//804 2468//804 2567//804 2499//804
f 2471//992 2478//992 2477//992 2472//992
f 2452//993 2451//993 2527//993 2526//993
f 2567//763 2568//763 2504//763 2506//763 2569//763 2570//763 2532//763 2503//763 2499//763
f 2459//803 2464//803 2463//803 2460//803
f 2571//994 2572//994 2482//994 2481//994
f 2500//772 2530//772 2466//772 2465//772
f 2528//803 2529//803 2502//803 2501//803
f 2562//995 2561//995 2550//995 2549//995
f 2488//770 2573//770 2574//770 2521//770
f 2521//770 2574//770 2517//770 2516//770
f 2439//783 2448//783 2447//783 2440//783
f 2575//803 2573//803 2488//803 2487//803
f 2486//772 2518//772 2438//772 2437//772
f 2491//765 2519//765 2575//765 2487//765
f 2576//996 2540//996 2572//996 2571//996
f 2536//768 2513//768 2540//768 2576//768
f 2543//997 2542//997 2534//997 2533//997
f 2577//803 2541//803 2510//803 2509//803
f 2508//772 2535//772 2480//772 2479//772
f 2514//765 2537//765 2577//765 2509//765
f 2505//998 2449//998 2569//998 2506//998
f 2468//907 2467//907 2470//907 2469//907
f 2544//813 2511//813 2510//813 2543//813
f 2479//804 2473//804 2546//804 2507//804
f 2578//923 2438//923 2518//923
f 2575//928 2579//928 2573//928
f 2439//922 2580//922 2448//922
f 2429//930 2581//930 2519//930
f 2582//930 2523//930 2443//930
f 2455//922 2583//922 2442//922
f 2459//928 2584//928 2464//928
f 2461//923 2585//923 2560//923
f 2586//923 2466//923 2530//923
f 2528//928 2587//928 2529//928
f 2471//978 2588//978 2478//978
f 2475//977 2589//977 2531//977
f 2590//923 2480//923 2535//923
f 2577//928 2591//928 2541//928
f 2435//922 2592//922 2484//922
f 2536//930 2593//930 2537//930
f 2438//933 2578//933 2580//933 2439//933
f 2519//919 2581//919 2579//919 2575//919
f 2594//939 2574//939 2573//939 2579//939
f 2595//999 2445//999 2448//999 2580//999
f 2458//919 2596//919 2584//919 2459//919
f 2454//933 2597//933 2583//933 2455//933
f 2582//940 2443//940 2442//940 2583//940
f 2585//949 2461//949 2464//949 2584//949
f 2527//919 2598//919 2587//919 2528//919
f 2586//939 2530//939 2529//939 2587//939
f 2589//979 2475//979 2478//979 2588//979
f 2537//919 2593//919 2591//919 2577//919
f 2599//940 2481//940 2484//940 2592//940
f 2593//940 2536//940 2576//940 2600//940
f 2591//920 2593//920 2600//920 2601//920 2599//920 2592//920 2602//920 2603//920 2590//920 2604//920 2605//920
f 2606//1000 2553//1000 2445//1000 2595//1000
f 2594//920 2579//920 2581//920 2607//920 2606//920 2595//920 2580//920 2578//920 2608//920
f 2560//1001 2585//1001 2609//1001 2561//1001
f 2610//920 2582//920 2583//920 2597//920 2611//920 2609//920 2585//920 2584//920 2596//920 2612//920
f 2558//919 2612//919 2596//919 2458//919
f 2466//933 2586//933 2613//933 2467//933
f 2613//920 2586//920 2587//920 2598//920 2614//920 2615//920 2589//920 2588//920 2616//920
f 2531//1002 2589//1002 2615//1002 2450//1002
f 2605//939 2542//939 2541//939 2591//939
f 2480//933 2590//933 2603//933 2474//933
f 2462//772 2461//772 2560//772 2497//772
usemtl Wall_Highlights.003
f 2051//800 1747//800 1746//800
f 2208//800 2070//800 2071//800
f 1986//784 2211//784 1983//784
f 2095//798 2117//798 2092//798
f 2022//798 2021//798 2014//798
f 2090//1003 1852//1003 2037//1003
f 2083//1004 2051//1004 1746//1004 1756//1004
f 2064//1005 1894//1005 1893//1005 2055//1005
f 2079//804 2211//804 1986//804 2075//804
f 2115//1006 1914//1006 1916//1006 1844//1006
f 2144//1007 2022//1007 2014//1007 2013//1007
f 2194//1008 2090//1008 2037//1008 2106//1008
f 2469//1009 2472//1009 2504//1009 2568//1009
f 2433//1010 2436//1010 2512//1010 2547//1010
f 2061//1011 2064//1011 2055//1011 2054//1011
f 2058//1012 1978//1012 1979//1012 2068//1012
f 2056//1013 1976//1013 1974//1013 1824//1013
f 2057//1014 2056//1014 1824//1014 1823//1014
f 2059//1015 2058//1015 2068//1015 1757//1015
f 2073//1016 2079//1016 2075//1016 2074//1016
f 2081//1017 1761//1017 1989//1017 2076//1017
f 2208//1018 2081//1018 2076//1018 2070//1018
f 2085//1019 2083//1019 1756//1019 1755//1019
f 2539//1020 2548//1020 2572//1020 2540//1020
f 2548//1021 2538//1021 2482//1021 2572//1021
f 2507//1022 2545//1022 2533//1022 2508//1022
f 2545//1023 2544//1023 2543//1023 2533//1023
f 2091//1024 2105//1024 2097//1024 1846//1024
f 2101//1025 2194//1025 2106//1025 2102//1025
f 2095//1026 2112//1026 2113//1026 2117//1026
f 2112//1027 1781//1027 2000//1027 2113//1027
f 2116//1028 2115//1028 1844//1028 1843//1028
f 2555//1029 2551//1029 2552//1029 2431//1029
f 2554//1030 2520//1030 2521//1030 2516//1030
f 2485//1031 2554//1031 2516//1031 2486//1031
f 2492//1032 2555//1032 2431//1032 2430//1032
f 2118//1033 2130//1033 2187//1033 2119//1033
f 2130//1034 2179//1034 2188//1034 2187//1034
f 2133//1035 2006//1035 1799//1035 1798//1035
f 2174//1036 2003//1036 1794//1036 1793//1036
f 1938//1037 2142//1037 1826//1037 1829//1037
f 2141//1038 2144//1038 2013//1038 2139//1038
f 2142//1039 2017//1039 2018//1039 1826//1039
f 1817//1040 1816//1040 2008//1040 1925//1040
f 2549//1041 2453//1041 2525//1041 2566//1041
f 2494//1042 2557//1042 2564//1042 2493//1042
f 2562//1043 2549//1043 2566//1043 2563//1043
f 2557//1044 2559//1044 2565//1044 2564//1044
f 2166//1045 1834//1045 1869//1045 1868//1045
f 2168//1046 2171//1046 1864//1046 1873//1046
f 2171//1047 1858//1047 1865//1047 1864//1047
f 1834//1048 1837//1048 1870//1048 1869//1048
f 2452//1049 2526//1049 2532//1049 2570//1049
f 2449//1050 2452//1050 2570//1050 2569//1050
f 2468//1051 2469//1051 2568//1051 2567//1051
f 2132//1052 2174//1052 1793//1052 1802//1052
f 2136//1053 2133//1053 1798//1053 1797//1053
f 2191//1054 2162//1054 2190//1054 2189//1054
f 2162//1055 2046//1055 2047//1055 2190//1055
f 2105//1056 2038//1056 1841//1056 2097//1056
f 1816//1057 1815//1057 2009//1057 2008//1057
f 2206//1058 1994//1058 1995//1058 2216//1058
f 1907//1059 1769//1059 2215//1059 1905//1059
f 1912//1060 2206//1060 2216//1060 1913//1060
f 1769//1061 1772//1061 1992//1061 2215//1061
f 2473//1062 2433//1062 2547//1062 2546//1062
f 2222//1063 2221//1063 2242//1063 2247//1063
f 2243//784 2242//784 2221//784
f 2244//1064 2243//1064 2221//1064 2228//1064
f 2220//1065 2244//1065 2228//1065 2227//1065
f 2223//1066 2222//1066 2247//1066 2235//1066
f 2258//1067 2281//1067 2269//1067 2255//1067
f 2253//1068 2279//1068 2276//1068 2273//1068
f 2249//1069 2280//1069 2279//1069 2253//1069
f 2278//1070 2277//1070 2281//1070 2258//1070
f 2050//930 2285//930 1968//930
f 2209//930 2072//930 2378//930
f 2351//922 1984//922 2210//922
f 2094//928 2093//928 2389//928
f 2362//928 2015//928 2213//928
f 2089//1071 2367//1071 1853//1071
f 2084//1072 2286//1072 2285//1072 2050//1072
f 2063//1073 2377//1073 2322//1073 2196//1073
f 2078//933 2381//933 2351//933 2210//933
f 2391//1074 1845//1074 1996//1074 2331//1074
f 2400//1075 2012//1075 2015//1075 2362//1075
f 2193//1076 2385//1076 2367//1076 2089//1076
f 2470//1077 2616//1077 2588//1077 2471//1077
f 2434//1078 2602//1078 2592//1078 2435//1078
f 2062//1079 2372//1079 2377//1079 2063//1079
f 2374//1080 2069//1080 2067//1080 2348//1080
f 2376//1081 1825//1081 1973//1081 2347//1081
f 2375//1082 1822//1082 1825//1082 2376//1082
f 2373//1083 1758//1083 2069//1083 2374//1083
f 2077//1084 2379//1084 2381//1084 2078//1084
f 2082//1085 2380//1085 2353//1085 1762//1085
f 2209//1086 2378//1086 2380//1086 2082//1086
f 2086//1087 2287//1087 2286//1087 2084//1087
f 2600//1088 2576//1088 2571//1088 2601//1088
f 2601//1089 2571//1089 2481//1089 2599//1089
f 2590//1090 2535//1090 2534//1090 2604//1090
f 2604//1091 2534//1091 2542//1091 2605//1091
f 2382//1092 1847//1092 2098//1092 2386//1092
f 2104//1093 2384//1093 2385//1093 2193//1093
f 2094//1094 2389//1094 2388//1094 2111//1094
f 2111//1095 2388//1095 2357//1095 1782//1095
f 2390//1096 1842//1096 1845//1096 2391//1096
f 2607//1097 2432//1097 2553//1097 2606//1097
f 2608//1098 2517//1098 2574//1098 2594//1098
f 2578//1099 2518//1099 2517//1099 2608//1099
f 2581//1100 2429//1100 2432//1100 2607//1100
f 2122//1101 2393//1101 2408//1101 2129//1101
f 2129//1102 2408//1102 2407//1102 2178//1102
f 2134//1103 2296//1103 2295//1103 2135//1103
f 2175//1104 2291//1104 2300//1104 2176//1104
f 2336//1105 1828//1105 1827//1105 2398//1105
f 2397//1106 2138//1106 2012//1106 2400//1106
f 2398//1107 1827//1107 2140//1107 2359//1107
f 2302//1108 2011//1108 2007//1108 2303//1108
f 2550//1109 2611//1109 2597//1109 2454//1109
f 2523//1110 2582//1110 2610//1110 2556//1110
f 2561//1111 2609//1111 2611//1111 2550//1111
f 2556//1112 2610//1112 2612//1112 2558//1112
f 2167//1113 2317//1113 2316//1113 1835//1113
f 2169//1114 2312//1114 2311//1114 2170//1114
f 2170//1115 2311//1115 2320//1115 1859//1115
f 1835//1116 2316//1116 2315//1116 1836//1116
f 2451//1117 2614//1117 2598//1117 2527//1117
f 2450//1118 2615//1118 2614//1118 2451//1118
f 2467//1119 2613//1119 2616//1119 2470//1119
f 2177//1120 2292//1120 2291//1120 2175//1120
f 2137//1121 2297//1121 2296//1121 2134//1121
f 2192//1122 2406//1122 2405//1122 2163//1122
f 2163//1123 2405//1123 2370//1123 2164//1123
f 2386//1124 2098//1124 1840//1124 2368//1124
f 2303//1125 2007//1125 2010//1125 2304//1125
f 2205//1126 2411//1126 2355//1126 2212//1126
f 2204//1127 2327//1127 2410//1127 1770//1127
f 1993//1128 2330//1128 2411//1128 2205//1128
f 1770//1129 2410//1129 2354//1129 1771//1129
f 2474//1130 2603//1130 2602//1130 2434//1130
f 2419//1131 2248//1131 2241//1131 2412//1131
f 2240//922 2412//922 2241//922
f 2245//1132 2413//1132 2412//1132 2240//1132
f 2219//1133 2414//1133 2413//1133 2245//1133
f 2418//1134 2236//1134 2248//1134 2419//1134
f 2257//1135 2256//1135 2422//1135 2426//1135
f 2254//1136 2272//1136 2424//1136 2428//1136
f 2250//1137 2254//1137 2428//1137 2427//1137
f 2282//1138 2257//1138 2426//1138 2425//1138
o Wall_Modular_Cube.009_Wall_Modular_Cube.010
v -0.590367 4.801557 -0.971801
v -0.590367 4.801557 -1.356532
v -0.623408 4.820557 -1.356532
v -0.623408 4.820557 -0.971801
v -0.661090 5.719898 -0.843965
v -0.888602 5.719898 -0.843965
v -0.888602 5.192621 -0.829008
v -0.661090 5.192621 -0.829008
v -0.590367 4.451290 -0.971801
v -0.590367 4.451290 -1.356532
v -0.590367 4.594989 -1.356532
v -0.590367 4.703471 -1.338384
v -0.661090 5.173621 -1.150696
v -0.888602 5.173621 -1.150696
v -0.888602 5.173621 -1.356532
v -0.661090 5.173621 -1.356532
v -0.705674 5.182025 -1.164022
v -0.844018 5.182025 -1.164022
v -0.844018 5.182025 -0.600009
v -0.705674 5.182025 -0.600009
v -0.705674 4.944404 -0.575434
v -0.844018 4.944404 -0.575434
v -0.844018 4.834126 -0.573635
v -0.705674 4.834126 -0.573635
v -0.600886 5.547903 -0.436908
v -0.948806 5.547903 -0.436908
v -0.948806 5.547903 -0.504144
v -0.600886 5.547903 -0.504144
v -0.600886 3.932585 0.255395
v -0.948806 3.932585 0.255395
v -0.948807 3.932585 -0.246034
v -0.600885 3.932585 -0.246034
v -0.948806 5.908916 -0.833464
v -0.600886 5.908916 -0.833464
v -0.600886 5.566903 -0.833464
v -0.948806 5.566903 -0.833464
v -0.661090 5.172174 0.186639
v -0.888602 5.172174 0.186639
v -0.888602 4.833163 0.186639
v -0.661090 4.833163 0.186639
v -0.661090 4.822244 0.026356
v -0.888602 4.822244 0.026356
v -0.888602 4.814163 -0.548841
v -0.661090 4.814163 -0.548841
v -0.888601 3.951585 1.392695
v -0.888601 3.932585 1.366322
v -0.661089 3.932585 1.366322
v -0.661089 3.951585 1.392695
v -0.572918 5.282846 1.333264
v -0.564658 5.214919 1.371120
v -0.567844 5.072310 1.366320
v -0.567845 5.072310 0.912139
v -0.567845 5.155032 0.912139
v -0.567845 5.196392 0.930087
v -0.567845 5.237752 0.912139
v -0.567845 5.911862 0.912139
v -0.567844 5.911862 1.366320
v -0.572832 5.502523 1.350001
v -0.661089 3.951585 0.732703
v -0.888601 3.951585 0.732703
v -0.888602 4.664077 0.732703
v -0.661090 4.664077 0.732703
v -0.661090 4.685688 0.860548
v -0.888602 4.685688 0.860548
v -0.888601 4.683076 1.366322
v -0.661089 4.683076 1.366322
v -0.628049 4.664077 0.759076
v -0.628049 4.655846 0.860548
v -0.628048 4.664077 1.366322
v -0.628048 3.951585 1.366322
v -0.628048 3.955711 0.975737
v -0.628048 3.965592 0.860548
v -0.628048 3.951585 0.759076
v -0.700174 4.688634 0.983565
v -0.849516 4.688634 0.983565
v -0.849517 4.674672 0.609799
v -0.700175 4.674672 0.609799
v -0.888602 5.930862 -1.031577
v -0.661090 5.930862 -1.031577
v -0.661090 5.933322 -1.119159
v -0.888602 5.933322 -1.119159
v -0.700175 4.903018 0.583425
v -0.849517 4.903018 0.583425
v -0.849517 5.042100 0.583425
v -0.700175 5.042100 0.583425
v -0.948806 3.951585 0.737157
v -0.600886 3.951585 0.737157
v -0.600886 4.303163 0.737157
v -0.948806 4.303163 0.737157
v -0.600886 4.770123 0.188948
v -0.948806 4.770123 0.188949
v -0.948806 4.790081 0.186281
v -0.600886 4.790081 0.186281
v -0.624490 4.319561 0.160265
v -0.925202 4.319561 0.160265
v -0.925202 4.319907 -0.333540
v -0.624490 4.319907 -0.333540
v -0.888602 5.558037 0.065921
v -0.661090 5.558037 0.065921
v -0.661090 5.556577 -0.006047
v -0.888602 5.556577 -0.006047
v -0.624490 4.319561 -0.691316
v -0.925202 4.319561 -0.691315
v -0.925202 4.319561 -0.923624
v -0.624490 4.319561 -0.923625
v -0.925202 4.807474 -0.691315
v -0.624490 4.807474 -0.691316
v -0.624490 4.817994 -0.923625
v -0.925202 4.817994 -0.923624
v -0.591449 4.798994 0.160265
v -0.591449 4.798994 -0.608341
v -0.624490 4.817994 -0.608341
v -0.624490 4.817994 0.160265
v -0.600886 4.871161 0.588385
v -0.948806 4.871161 0.588385
v -0.948806 4.694739 0.588385
v -0.600886 4.694740 0.588385
v -0.948806 5.547903 -0.807090
v -0.600886 5.547903 -0.807090
v -0.567845 4.913501 0.528257
v -0.567845 4.871161 0.562011
v -0.567845 4.694740 0.562011
v -0.567845 4.694740 0.212654
v -0.567845 4.713605 0.212654
v -0.567845 4.770123 0.233427
v -0.567845 4.790081 0.212654
v -0.567845 5.154684 0.212654
v -0.567845 5.154684 0.562011
v -0.567845 4.947636 0.550251
v -0.948806 4.675740 0.212654
v -0.600886 4.675740 0.212654
v -0.600886 4.675740 0.562011
v -0.948806 4.675740 0.562011
v -0.698881 5.547903 0.105853
v -0.850811 5.547903 0.105853
v -0.850811 5.547903 -0.061078
v -0.698881 5.547903 -0.061078
v -0.850811 5.908916 -0.087452
v -0.698881 5.908916 -0.087452
v -0.698881 5.566903 -0.087452
v -0.850811 5.566903 -0.087452
v -0.623408 4.432290 -1.356532
v -0.623408 4.451290 -1.382905
v -0.623408 4.451290 -0.945427
v -0.623408 4.432290 -0.971801
v -0.661090 5.911862 -0.829008
v -0.639671 5.924437 -0.846926
v -0.661090 5.930862 -0.855382
v -0.639671 5.924437 -1.364988
v -0.661090 5.911862 -1.382905
v -0.661090 5.930862 -1.356532
v -0.661090 5.173621 -0.855382
v -0.639671 5.180047 -0.846926
v -0.661090 5.192621 -1.382905
v -0.639671 5.180047 -1.364988
v -0.623408 4.801557 -0.945427
v -0.705674 5.163025 -0.573635
v -0.672633 5.163025 -0.600009
v -0.705674 4.815125 -0.600009
v -0.672703 4.841631 -0.613899
v -0.567845 5.566903 -0.111461
v -0.600886 5.566903 -0.085088
v -0.600886 5.547903 -0.111461
v -0.600886 5.927916 -0.111461
v -0.600886 5.908916 -0.085088
v -0.567845 5.908916 -0.111461
v -0.567845 5.566903 -0.807090
v -0.600886 5.927916 -0.807090
v -0.567845 5.908916 -0.807090
v -0.628049 5.539037 -0.548841
v -0.661090 5.539037 -0.575215
v -0.661090 5.558037 -0.548841
v -0.661090 4.814163 0.160265
v -0.628049 4.833163 0.160265
v -0.661090 4.833163 -0.575215
v -0.628049 4.833163 -0.548841
v -0.600885 5.930862 1.366320
v -0.600885 5.911862 1.392694
v -0.600886 5.911862 0.885766
v -0.600886 5.930862 0.912139
v -0.661089 3.932585 0.759076
v -0.661090 4.683076 0.759076
v -0.661089 4.664077 1.392695
v -0.600885 5.072310 1.392694
v -0.600885 5.053310 1.366320
v -0.600886 5.053310 0.912139
v -0.600886 5.072310 0.885766
v -0.700174 4.674672 1.368493
v -0.667133 4.693672 1.368493
v -0.700174 4.693672 1.394866
v -0.700175 4.693672 0.583425
v -0.667134 4.693672 0.609799
v -0.700175 5.061100 0.609799
v -0.667134 5.042100 0.609799
v -0.567845 4.303163 -0.246034
v -0.600886 4.303163 -0.272407
v -0.600886 4.322163 -0.246034
v -0.600885 3.951585 -0.272407
v -0.567845 3.951585 -0.246034
v -0.600886 4.322163 0.710783
v -0.567845 4.303163 0.710783
v -0.600886 3.932585 0.710783
v -0.567845 3.951585 0.710783
v -0.591449 4.338561 -0.923625
v -0.624490 4.338561 -0.949998
v -0.624490 4.338561 0.191555
v -0.591449 4.338561 0.160265
v -0.624490 4.798994 0.191555
v -0.600886 5.173684 0.562011
v -0.600886 5.154684 0.588385
v -0.600886 5.154684 0.186281
v -0.600886 5.173684 0.212654
v -0.600886 4.694740 0.186281
v -0.665840 5.566903 0.866516
v -0.698881 5.566903 0.892889
v -0.698881 5.547903 0.866516
v -0.698881 5.927916 0.866516
v -0.698881 5.908916 0.892889
v -0.665840 5.908916 0.866516
v -0.665840 5.566903 -0.061078
v -0.698881 5.927916 -0.061078
v -0.665840 5.908916 -0.061078
v -0.926284 4.820557 -0.971801
v -0.926284 4.820557 -1.356532
v -0.926284 4.432290 -0.971801
v -0.926284 4.432290 -1.356532
v -0.926284 4.801557 -0.945427
v -0.926284 4.451290 -1.382905
v -0.888602 5.930862 -1.155889
v -0.661090 5.930862 -1.155889
v -0.888602 5.930862 -1.356532
v -0.639671 5.924437 -1.157198
v -0.888602 5.173621 -0.855382
v -0.639671 5.180047 -1.019809
v -0.661090 5.173621 -1.023227
v -0.639671 5.725633 -0.862414
v -0.844018 4.890733 -1.385076
v -0.705674 4.890733 -1.385076
v -0.705674 4.834126 -1.385076
v -0.844018 4.834126 -1.385076
v -0.672633 4.901317 -1.327029
v -0.672633 4.834126 -1.358703
v -0.844018 5.163025 -0.573635
v -0.672612 4.948090 -0.622743
v -0.672633 5.163025 -1.164022
v -0.948806 5.908916 -0.085088
v -0.948806 5.566903 -0.085088
v -0.567845 5.566903 -0.504144
v -0.948806 5.927916 -0.807090
v -0.600886 5.927916 -0.555473
v -0.567845 5.908916 -0.555473
v -0.888602 5.558037 -0.548841
v -0.888602 4.814163 0.160265
v -0.628049 4.833163 0.065921
v -0.661090 4.814163 0.065921
v -0.628049 5.172174 0.160265
v -0.661090 5.322993 -0.575215
v -0.628049 5.322993 -0.548841
v -0.600885 5.224850 1.392694
v -0.948806 5.053310 0.912139
v -0.948806 5.072310 0.885766
v -0.600886 5.237752 0.885766
v -0.888601 3.934083 0.860548
v -0.661089 3.934083 0.860548
v -0.661089 3.933620 0.975737
v -0.888601 3.933620 0.975738
v -0.888601 3.932585 0.759076
v -0.849516 4.808204 1.384396
v -0.700174 4.808204 1.384396
v -0.700174 5.042100 1.394866
v -0.849516 5.042100 1.394866
v -0.849517 4.693672 0.583425
v -0.667134 4.823865 0.609799
v -0.700175 4.823865 0.583425
v -0.667133 4.707634 0.983565
v -0.700174 5.061100 1.235396
v -0.700174 5.061100 1.368493
v -0.667133 5.042100 1.368493
v -0.667133 5.042100 1.235396
v -0.948806 4.303163 -0.272407
v -0.948806 4.322163 -0.246034
v -0.600886 4.322163 0.285788
v -0.567845 4.303163 0.285788
v -0.948807 3.951585 -0.272407
v -0.567845 3.951585 0.255395
v -0.948806 5.154684 0.186281
v -0.624490 4.427356 0.191555
v -0.591449 4.427356 0.160265
v -0.925202 4.427356 0.191555
v -0.925202 4.338561 0.191555
v -0.925202 4.338561 -0.949998
v -0.591449 4.777350 -0.691316
v -0.591449 4.798994 -0.923625
v -0.591449 4.341233 -0.333542
v -0.948806 5.173684 0.212654
v -0.948806 5.173684 0.562011
v -0.948806 4.694739 0.186281
v -0.850811 5.908916 0.892889
v -0.850811 5.566903 0.892889
v -0.665840 5.566903 0.105853
v -0.850811 5.927916 -0.061078
v -0.698881 5.927916 0.775721
v -0.665840 5.908916 0.775721
v -0.888602 5.322993 -0.575214
v -0.888602 5.539037 -0.575214
v -0.926284 4.801557 -1.382905
v -0.623408 4.801557 -1.382905
v -0.661090 5.837503 -0.829008
v -0.639671 5.847429 -0.846926
v -0.639671 5.725633 -1.364988
v -0.639671 5.847429 -1.333568
v -0.639671 5.905839 -1.119159
v -0.639671 5.924437 -1.028457
v -0.639671 5.199419 -1.057848
v -0.639671 5.180047 -1.151819
v -0.888602 5.192621 -1.382905
v -0.661090 5.719898 -1.382905
v -0.888602 5.719898 -1.382905
v -0.888602 5.837503 -1.382369
v -0.661090 5.837503 -1.382369
v -0.888602 5.911862 -0.829008
v -0.888602 5.837503 -0.829008
v -0.888602 5.173621 -1.023227
v -0.661090 5.177216 -1.059958
v -0.888602 5.177216 -1.059958
v -0.672633 5.163025 -1.358703
v -0.705674 5.163025 -1.385076
v -0.844018 5.163025 -1.385076
v -0.705674 4.821853 -1.164022
v -0.672633 4.853580 -1.164022
v -0.672633 4.834126 -1.249775
v -0.672633 5.145817 -1.249775
v -0.844018 4.821853 -1.164022
v -0.844018 4.815125 -1.249775
v -0.705674 4.815125 -1.249775
v -0.844018 4.815125 -0.600009
v -0.705674 5.172538 -1.249775
v -0.844018 5.172538 -1.249775
v -0.623408 4.703471 -1.383233
v -0.926284 4.703471 -1.383233
v -0.623408 4.594989 -1.382905
v -0.926284 4.594989 -1.382905
v -0.925202 4.817994 0.160265
v -0.925202 4.798994 0.191555
v -0.925202 4.799538 -0.946835
v -0.624490 4.799538 -0.946835
v -0.591449 4.338561 -0.691316
v -0.661090 5.558037 0.160265
v -0.888602 5.558037 0.160265
v -0.888602 5.539037 0.186639
v -0.661090 5.539037 0.186639
v -0.925202 4.817994 -0.608341
v -0.624490 4.320253 -0.608341
v -0.925202 4.320253 -0.608341
v -0.624490 4.594613 0.191555
v -0.591449 4.594613 0.136336
v -0.624490 4.544797 -0.949998
v -0.591449 4.544797 -0.923625
v -0.925202 4.594613 0.191555
v -0.925202 4.544797 -0.949998
v -0.591449 4.357266 -0.608341
v -0.591449 4.611852 -0.895582
v -0.661090 5.278172 -0.575215
v -0.628049 5.278172 -0.548841
v -0.888602 4.833163 -0.575214
v -0.888602 5.278172 -0.575214
v -0.888602 5.266378 0.186281
v -0.661090 5.266378 0.186281
v -0.628049 5.266378 0.136584
v -0.628049 4.841244 0.026356
v -0.628049 5.520182 -0.006047
v -0.628049 5.539037 0.065921
v -0.628049 5.539037 0.160265
v -0.698881 5.927916 0.105853
v -0.665840 5.908916 0.105853
v -0.698881 5.547903 0.201792
v -0.665840 5.566903 0.201792
v -0.850811 5.927916 0.105853
v -0.850811 5.547903 0.201793
v -0.698881 5.547903 0.265152
v -0.665840 5.566903 0.265152
v -0.850811 5.547903 0.265152
v -0.698881 5.547903 0.717872
v -0.665840 5.566903 0.717872
v -0.850811 5.924880 0.201793
v -0.698881 5.924880 0.201792
v -0.850811 5.547903 0.717872
v -0.587573 5.495888 1.380214
v -0.600886 5.196392 0.903714
v -0.948806 5.196392 0.903714
v -0.948806 5.237752 0.885766
v -0.600886 5.155032 0.885766
v -0.948806 5.155032 0.885766
v -0.849516 4.848415 1.394866
v -0.700174 4.848415 1.394866
v -0.849517 4.823865 0.583425
v -0.665559 4.842829 1.374092
v -0.673134 4.914159 0.636679
v -0.667133 5.038509 1.116065
v -0.671061 4.821559 1.346823
v -0.667133 4.693672 1.102896
v -0.700174 5.057509 1.116065
v -0.700174 4.674672 1.102896
v -0.849516 4.693672 1.394866
v -0.849517 5.061100 0.609799
v -0.849516 5.057509 1.116065
v -0.849516 5.061100 1.235396
v -0.849516 4.674672 1.368493
v -0.849516 4.674672 1.102896
v -0.600886 3.932763 0.338135
v -0.567845 3.967747 0.338135
v -0.600886 4.319335 0.203049
v -0.567845 4.294543 0.203049
v -0.948806 4.319335 0.203049
v -0.948806 3.932585 0.710783
v -0.948806 3.932763 0.338135
v -0.948806 4.322163 0.285789
v -0.698881 5.928093 0.746797
v -0.850811 5.928093 0.746797
v -0.850811 5.927916 0.775721
v -0.948806 4.322163 0.710783
v -0.600886 4.713605 0.186281
v -0.948806 4.713605 0.186281
v -0.600886 4.947636 0.582904
v -0.948806 4.947636 0.582905
v -0.948806 4.927678 0.582905
v -0.600886 4.927678 0.582904
v -0.948806 5.154684 0.588385
v -0.888602 4.814163 0.065921
v -0.600885 5.266211 1.385895
v -0.948805 5.266211 1.385895
v -0.948805 5.224850 1.392694
v -0.962117 5.495888 1.380214
v -0.850811 5.927916 0.265152
v -0.698881 5.927916 0.265152
v -0.850811 5.547903 0.866516
v -0.850811 5.547903 0.775721
v -0.698881 5.547903 0.775721
v -0.850811 5.547903 0.746797
v -0.698881 5.547903 0.746797
v -0.665840 5.566903 0.775721
v -0.665840 5.566903 0.746797
v -0.665840 5.885643 0.201792
v -0.665840 5.908916 0.265152
v -0.665840 5.908916 0.717872
v -0.665840 5.897243 0.746797
v -0.698881 5.927916 0.717872
v -0.850811 5.927916 0.717872
v -0.925202 4.611309 -0.946341
v -0.624490 4.611309 -0.946341
v -0.888602 5.930862 -0.855382
v -0.888602 5.911862 -1.382905
v -0.948806 5.911862 0.885766
v -0.948806 5.930862 0.912139
v -0.948805 5.930862 1.366320
v -0.948805 5.911862 1.392694
v -0.888602 4.683076 0.759076
v -0.850811 5.927916 0.866516
v -0.948806 5.927916 -0.111461
v -0.948806 5.547903 -0.111461
v -0.948806 5.927916 -0.622709
v -0.600886 5.927916 -0.622709
v -0.926284 4.451290 -0.945427
v -0.705674 5.182025 -1.358703
v -0.844018 5.182025 -1.358703
v -0.844018 4.815125 -1.358703
v -0.705674 4.815125 -1.358703
v -0.948806 5.927916 -0.555473
v -0.849516 5.061100 1.368493
v -0.888601 4.664077 1.392695
v -0.567845 5.578537 -0.436908
v -0.567845 5.890231 -0.622709
v -0.588851 3.935049 -0.966236
v -0.960841 3.935049 -0.966236
v -0.960841 3.935049 -1.075689
v -0.588851 3.935049 -1.075690
v -0.555810 3.954049 -1.362423
v -0.555810 4.000932 -1.337419
v -0.555810 4.053957 -1.362423
v -0.555810 4.415669 -1.362423
v -0.555810 4.415669 -0.966236
v -0.555810 3.954049 -0.966236
v -0.555810 3.954049 -1.075690
v -0.555810 3.967122 -1.226271
v -0.588851 3.954049 -0.939862
v -0.588851 4.434669 -0.966236
v -0.588851 4.415669 -0.939862
v -0.588851 4.415669 -1.388796
v -0.588851 4.434669 -1.362423
v -0.960841 4.415669 -1.388796
v -0.588851 4.053957 -1.388796
v -0.960841 4.053957 -1.388796
v -0.960841 4.415669 -0.939862
v -0.960841 3.954049 -0.939862
v -0.960841 4.434669 -1.362422
v -0.960841 3.935049 -1.362422
v -0.960841 3.954049 -1.388796
v -0.588851 3.954049 -1.388796
v -0.588851 3.935049 -1.362423
v -0.588851 3.934812 -1.226271
v -0.960841 3.934812 -1.226270
v -0.960841 4.434669 -0.966236
v -0.588851 4.000932 -1.388796
v -0.960841 4.000932 -1.388796
v -0.668686 5.174282 0.297998
v -0.881006 5.174282 0.297998
v -0.881006 5.172573 0.204119
v -0.668686 5.172573 0.204119
v -0.668686 5.175011 0.373213
v -0.881006 5.175011 0.373213
v -0.668686 5.549593 0.204119
v -0.881006 5.549593 0.204119
v -0.881006 5.550290 0.264441
v -0.668686 5.550290 0.264441
v -0.881006 5.191573 0.184018
v -0.881006 5.530593 0.184018
v -0.668686 5.530593 0.184018
v -0.668686 5.191573 0.184018
v -0.635645 5.530593 0.561088
v -0.668686 5.549593 0.561088
v -0.668686 5.530593 0.587462
v -0.668686 5.172573 0.561088
v -0.635645 5.191573 0.561088
v -0.668686 5.191573 0.587462
v -0.635645 5.530593 0.204119
v -0.635645 5.191573 0.204119
v -0.881006 5.172573 0.561088
v -0.881006 5.172573 0.423373
v -0.668686 5.172573 0.423373
v -0.881006 5.530593 0.587462
v -0.881006 5.191573 0.587462
v -0.635645 5.191573 0.423373
v -0.635645 5.530593 0.314602
v -0.668686 5.549593 0.314602
v -0.635645 5.213121 0.373213
v -0.635645 5.191087 0.297998
v -0.635645 5.518742 0.264441
v -0.881006 5.549593 0.314602
v -0.881006 5.549593 0.561088
v -0.959325 4.801557 -0.971801
v -0.959325 4.801557 -1.356531
v -0.959325 4.703471 -1.338384
v -0.959325 4.594989 -1.356531
v -0.959325 4.451290 -1.356531
v -0.959325 4.451290 -0.971801
v -0.948805 5.072310 1.392694
v -0.976772 5.282846 1.333265
v -0.976858 5.502523 1.350001
v -0.981846 5.911862 1.366320
v -0.981847 5.911862 0.912139
v -0.981847 5.237752 0.912139
v -0.981847 5.196392 0.930087
v -0.981847 5.155032 0.912139
v -0.981847 5.072310 0.912139
v -0.981846 5.072310 1.366320
v -0.985032 5.214919 1.371120
v -0.921643 4.664077 0.759076
v -0.921642 3.951585 0.759076
v -0.921642 3.965592 0.860548
v -0.921642 3.955711 0.975738
v -0.921642 3.951585 1.366322
v -0.921642 4.664077 1.366322
v -0.921643 4.655846 0.860548
v -0.948805 5.053310 1.366320
v -0.958243 4.798994 0.160265
v -0.958243 4.798994 -0.608341
v -0.981847 4.913501 0.528257
v -0.981847 4.947636 0.550251
v -0.981847 5.154684 0.562011
v -0.981847 5.154684 0.212654
v -0.981847 4.790081 0.212654
v -0.981847 4.770123 0.233427
v -0.981847 4.713605 0.212654
v -0.981847 4.694739 0.212654
v -0.981847 4.694739 0.562011
v -0.981847 4.871161 0.562011
v -0.910021 5.924437 -0.846926
v -0.910021 5.924437 -1.364988
v -0.910021 5.180047 -0.846926
v -0.910021 5.180047 -1.364988
v -0.877059 5.163025 -0.600008
v -0.876989 4.841631 -0.613899
v -0.981847 5.566903 -0.111461
v -0.981847 5.908916 -0.111461
v -0.981847 5.566903 -0.807090
v -0.981847 5.908916 -0.807090
v -0.921643 5.539037 -0.548841
v -0.921643 4.833163 0.160265
v -0.921643 4.833163 -0.548841
v -0.882557 4.693672 1.368493
v -0.882558 4.693672 0.609799
v -0.882558 5.042100 0.609799
v -0.981847 4.303163 -0.246034
v -0.981847 3.951585 -0.246034
v -0.981847 4.303163 0.710783
v -0.981847 3.951585 0.710783
v -0.958243 4.338561 -0.923624
v -0.958243 4.338561 0.160265
v -0.883852 5.566903 0.866516
v -0.883852 5.908916 0.866516
v -0.883852 5.566903 -0.061078
v -0.883852 5.908916 -0.061078
v -0.910021 5.924437 -1.157198
v -0.910021 5.180047 -1.019809
v -0.910021 5.725633 -0.862414
v -0.877059 4.901317 -1.327029
v -0.877059 4.834126 -1.358703
v -0.877080 4.948090 -0.622743
v -0.877059 5.163025 -1.164022
v -0.981847 5.566903 -0.504144
v -0.981847 5.908916 -0.555473
v -0.921643 4.833163 0.065921
v -0.921643 5.172174 0.160265
v -0.921643 5.322993 -0.548841
v -0.882558 4.823865 0.609799
v -0.882557 4.707634 0.983565
v -0.882557 5.042100 1.235396
v -0.882557 5.042100 1.368493
v -0.981847 4.303163 0.285789
v -0.981847 3.951585 0.255395
v -0.958243 4.427356 0.160265
v -0.958243 4.777350 -0.691315
v -0.958243 4.798994 -0.923624
v -0.958243 4.341233 -0.333541
v -0.883852 5.566903 0.105854
v -0.883852 5.908916 0.775721
v -0.910021 5.847429 -0.846926
v -0.910021 5.725633 -1.364988
v -0.910021 5.180047 -1.151819
v -0.910021 5.199419 -1.057848
v -0.910021 5.924437 -1.028457
v -0.910021 5.905839 -1.119159
v -0.910021 5.847429 -1.333568
v -0.877059 5.163025 -1.358703
v -0.877059 4.853580 -1.164022
v -0.877059 5.145817 -1.249775
v -0.877059 4.834126 -1.249775
v -0.958243 4.338561 -0.691315
v -0.958243 4.594613 0.136336
v -0.958243 4.544797 -0.923624
v -0.958243 4.611852 -0.895582
v -0.958243 4.357266 -0.608341
v -0.921643 5.278172 -0.548841
v -0.921643 5.266378 0.136584
v -0.921643 5.539037 0.160265
v -0.921643 5.539037 0.065921
v -0.921643 5.520182 -0.006047
v -0.921643 4.841244 0.026356
v -0.883852 5.908916 0.105854
v -0.883852 5.566903 0.201793
v -0.883852 5.566903 0.265152
v -0.883852 5.566903 0.717872
v -0.884131 4.842829 1.374092
v -0.876558 4.914159 0.636679
v -0.882557 4.693672 1.102896
v -0.878629 4.821559 1.346823
v -0.882557 5.038509 1.116065
v -0.981847 3.967747 0.338135
v -0.981847 4.294543 0.203049
v -0.883852 5.566903 0.775721
v -0.883852 5.897243 0.746797
v -0.883852 5.908916 0.717872
v -0.883852 5.908916 0.265152
v -0.883852 5.885643 0.201793
v -0.883852 5.566903 0.746797
v -0.981847 5.578537 -0.436908
v -0.981847 5.890231 -0.622709
v -0.993882 3.954049 -1.362422
v -0.993882 3.967122 -1.226270
v -0.993882 3.954049 -1.075689
v -0.993882 3.954049 -0.966236
v -0.993882 4.415669 -0.966236
v -0.993882 4.415669 -1.362422
v -0.993882 4.053957 -1.362422
v -0.993882 4.000932 -1.337419
v -0.914047 5.530593 0.561088
v -0.914047 5.191573 0.561088
v -0.914047 5.530593 0.204119
v -0.914047 5.191573 0.204119
v -0.914047 5.191573 0.423373
v -0.914047 5.530593 0.314602
v -0.914047 5.518742 0.264441
v -0.914047 5.191087 0.297998
v -0.914047 5.213121 0.373213
v -0.854745 5.539236 -0.833464
v -0.694947 5.539236 -0.833464
v -0.694947 5.456829 -0.833464
v -0.854745 5.456829 -0.833464
v -0.624076 3.936481 -0.741934
v -0.925616 3.936481 -0.741933
v -0.925616 3.936481 -0.921470
v -0.624076 3.936481 -0.921470
v -0.694947 5.177239 -0.597597
v -0.854745 5.177239 -0.597597
v -0.854745 5.177239 -0.807090
v -0.694947 5.177239 -0.807090
v -0.700151 4.330830 0.182465
v -0.849541 4.330830 0.182465
v -0.849541 4.660458 0.182465
v -0.700151 4.660458 0.182465
v -0.854745 5.287320 -0.833464
v -0.694947 5.287320 -0.833464
v -0.694947 5.196239 -0.833464
v -0.854745 5.196239 -0.833464
v -0.624076 5.548580 0.698081
v -0.925616 5.548580 0.698081
v -0.925616 5.547852 0.773295
v -0.624076 5.547852 0.773295
v -0.700151 4.311830 0.456533
v -0.849541 4.311830 0.456533
v -0.849541 4.311830 0.208838
v -0.700151 4.311830 0.208838
v -0.700151 4.679458 0.639044
v -0.849541 4.679458 0.639044
v -0.849541 4.679458 0.710783
v -0.700151 4.679458 0.710783
v -0.849542 4.330830 0.737157
v -0.700150 4.330830 0.737157
v -0.700151 4.660458 0.737157
v -0.849541 4.660458 0.737157
v -0.624077 5.060791 0.866516
v -0.925615 5.060791 0.866516
v -0.925615 5.060791 0.714684
v -0.624077 5.060791 0.714684
v -0.624077 5.060095 0.664523
v -0.925615 5.060094 0.664523
v -0.925616 5.060791 0.604201
v -0.624076 5.060791 0.604200
v -0.624076 3.936481 -0.552059
v -0.925616 3.936481 -0.552058
v -0.925616 5.531290 0.584101
v -0.624076 5.531290 0.584101
v -0.624076 5.079791 0.584101
v -0.925616 5.079791 0.584101
v -0.624076 3.936481 -0.296956
v -0.925616 3.936481 -0.296956
v -0.925616 4.144547 -0.947844
v -0.624076 4.144547 -0.947844
v -0.624076 3.955481 -0.947844
v -0.925616 3.955481 -0.947844
v -0.661906 5.196239 -0.597597
v -0.694947 5.196239 -0.571224
v -0.694947 5.558236 -0.597597
v -0.694947 5.539236 -0.571224
v -0.661906 5.539236 -0.597597
v -0.661906 5.196239 -0.807090
v -0.694947 5.558236 -0.807090
v -0.661906 5.539236 -0.807090
v -0.667110 4.660458 0.208838
v -0.700151 4.679458 0.208838
v -0.667110 4.330830 0.208838
v -0.667110 4.660458 0.710783
v -0.700150 4.311830 0.710783
v -0.667110 4.330830 0.710783
v -0.591036 5.079791 0.866516
v -0.624077 5.079791 0.892889
v -0.624077 5.550290 0.866516
v -0.624077 5.531290 0.892889
v -0.591036 5.531290 0.866516
v -0.591036 5.079791 0.604200
v -0.624076 5.550290 0.604200
v -0.591035 5.531290 0.604200
v -0.591036 3.955481 -0.296956
v -0.624076 3.955481 -0.270582
v -0.624076 4.322864 -0.296956
v -0.624076 4.303864 -0.270582
v -0.591035 4.303864 -0.296956
v -0.591035 3.955481 -0.921470
v -0.624076 4.303864 -0.947844
v -0.624076 4.322864 -0.921470
v -0.591035 4.303864 -0.921470
v -0.694947 5.287320 -0.571224
v -0.854745 5.287320 -0.571224
v -0.854745 5.196239 -0.571224
v -0.854745 5.558236 -0.807090
v -0.661906 5.361053 -0.597597
v -0.694947 5.361053 -0.571224
v -0.661906 5.258132 -0.789727
v -0.849541 4.679458 0.208838
v -0.667110 4.660458 0.639044
v -0.667110 4.330830 0.456533
v -0.624076 5.550290 0.823456
v -0.925616 5.550290 0.823456
v -0.925615 5.550290 0.866516
v -0.925615 5.531290 0.892889
v -0.925615 5.079791 0.892889
v -0.925616 5.550290 0.604201
v -0.591036 5.531290 0.823456
v -0.624076 4.088879 -0.276716
v -0.925616 4.088879 -0.276716
v -0.925616 3.955481 -0.270582
v -0.925616 4.303864 -0.947844
v -0.925616 4.322864 -0.921470
v -0.591035 4.144547 -0.921470
v -0.591035 4.226135 -0.921470
v -0.624076 4.226135 -0.947844
v -0.925616 4.303864 -0.270582
v -0.925616 4.129673 -0.270582
v -0.624076 4.129673 -0.270582
v -0.591035 4.129673 -0.296956
v -0.591035 4.088879 -0.315650
v -0.591035 3.955481 -0.552059
v -0.591035 3.972193 -0.741934
v -0.591035 4.185340 -0.887820
v -0.700151 4.323112 0.539098
v -0.849541 4.323112 0.539098
v -0.661906 5.361053 -0.807090
v -0.694947 5.361053 -0.833464
v -0.854745 5.361053 -0.833464
v -0.661906 5.298995 -0.608015
v -0.661906 5.456829 -0.786254
v -0.849541 4.674510 0.390477
v -0.700151 4.674510 0.390477
v -0.849541 4.679458 0.539098
v -0.700151 4.679458 0.539098
v -0.849542 4.311830 0.710783
v -0.849541 4.311830 0.715071
v -0.700151 4.311830 0.715071
v -0.667110 4.330830 0.715071
v -0.667110 4.642499 0.390477
v -0.667110 4.660458 0.539098
v -0.667110 4.360459 0.539098
v -0.591036 5.079791 0.714684
v -0.591036 5.091642 0.664523
v -0.591036 5.531775 0.698081
v -0.591036 5.509741 0.773295
v -0.925616 4.185340 -0.944754
v -0.624076 4.185340 -0.944754
v -0.854745 5.539236 -0.571224
v -0.854745 5.361053 -0.571224
v -0.854745 5.558236 -0.597597
v -0.925616 4.226135 -0.947844
v -0.925616 4.322864 -0.296956
v -0.887786 5.196239 -0.597597
v -0.887786 5.539236 -0.597597
v -0.887786 5.196239 -0.807090
v -0.887786 5.539236 -0.807090
v -0.882582 4.660458 0.208839
v -0.882582 4.330830 0.208839
v -0.882582 4.660458 0.710783
v -0.882582 4.330830 0.710783
v -0.958656 5.079791 0.866516
v -0.958656 5.531290 0.866516
v -0.958656 5.079791 0.604201
v -0.958657 5.531290 0.604201
v -0.958656 3.955481 -0.296956
v -0.958657 4.303864 -0.296956
v -0.958657 3.955481 -0.921470
v -0.958657 4.303864 -0.921470
v -0.887786 5.361053 -0.597597
v -0.887786 5.258132 -0.789727
v -0.882582 4.660458 0.639044
v -0.882582 4.330830 0.456533
v -0.958656 5.531290 0.823456
v -0.958657 4.144547 -0.921470
v -0.958657 4.226135 -0.921470
v -0.958657 4.185340 -0.887820
v -0.958657 3.972193 -0.741933
v -0.958657 3.955481 -0.552058
v -0.958657 4.088879 -0.315650
v -0.958657 4.129673 -0.296956
v -0.887786 5.361053 -0.807090
v -0.887786 5.456829 -0.786254
v -0.887786 5.298995 -0.608015
v -0.882582 4.330830 0.715071
v -0.882582 4.642499 0.390477
v -0.882582 4.360459 0.539098
v -0.882582 4.660458 0.539098
v -0.958656 5.079791 0.714684
v -0.958656 5.509741 0.773295
v -0.958656 5.531775 0.698081
v -0.958656 5.091642 0.664523
vn 0.4985 0.8669 -0.0000
vn 0.0000 0.0284 0.9996
vn 1.0000 0.0000 -0.0000
vn 0.0000 -1.0000 0.0000
vn 0.0000 1.0000 0.0000
vn 0.0000 0.0163 0.9999
vn 0.0000 -1.0000 0.0011
vn -0.0000 0.0000 -1.0000
vn 0.0000 0.0019 1.0000
vn 0.0000 0.0000 1.0000
vn 0.0000 -0.9999 0.0140
vn 0.0000 -0.8114 0.5845
vn 1.0000 -0.0002 0.0053
vn 0.0000 1.0000 0.0052
vn 0.0000 -0.9993 0.0373
vn 0.0000 0.9996 0.0281
vn -0.0000 -0.1325 -0.9912
vn -0.0000 -1.0000 -0.0007
vn -0.0000 -1.0000 -0.0010
vn -0.0000 0.9998 -0.0203
vn 0.0000 -1.0000 0.0042
vn 0.0000 0.9990 0.0452
vn -0.0000 -0.8114 -0.5845
vn 0.4228 -0.7353 -0.5297
vn 0.4228 -0.7353 0.5297
vn 0.0099 0.8116 0.5841
vn 0.0126 0.8113 0.5845
vn 0.0108 0.8111 0.5848
vn 0.0126 0.8113 -0.5845
vn 0.0099 0.8116 -0.5841
vn 0.0108 0.8111 -0.5848
vn 0.0099 -0.8116 0.5841
vn 0.0108 -0.8111 0.5848
vn 0.0126 -0.8113 0.5845
vn 0.0099 -0.8116 -0.5841
vn 0.0126 -0.8113 -0.5845
vn 0.0108 -0.8111 -0.5848
vn 0.4228 0.7353 0.5297
vn 0.6684 -0.6035 0.4348
vn 0.4228 0.7353 -0.5297
vn 0.4411 -0.7671 0.4658
vn 0.4411 0.7671 0.4658
vn 0.0000 0.8114 0.5845
vn 0.4985 -0.8669 0.0000
vn 0.2874 0.9578 0.0000
vn -0.0099 -0.8116 0.5841
vn -0.0108 -0.8111 0.5848
vn 0.2874 -0.9578 0.0000
vn 0.6490 0.0216 0.7605
vn 0.7677 0.1588 -0.6208
vn 0.7448 -0.0377 0.6663
vn -0.0000 0.8114 -0.5845
vn 0.6238 0.0000 0.7816
vn 0.6238 0.0000 -0.7816
vn 0.0000 1.0000 0.0027
vn 0.5672 -0.0195 0.8234
vn -0.0000 -1.0000 -0.0040
vn -0.0000 -1.0000 -0.0033
vn 0.5280 -0.8492 -0.0056
vn 0.0000 -0.9999 0.0148
vn 0.5942 0.8040 0.0223
vn 0.0000 -0.0447 0.9990
vn 0.4982 -0.8664 0.0324
vn 0.6238 0.0000 -0.7815
vn 0.6876 0.0000 0.7261
vn 0.5957 0.8013 0.0555
vn 0.5209 -0.8536 -0.0026
vn 0.6238 0.0000 0.7815
vn 0.6416 0.0000 0.7670
vn -0.0108 -0.8111 -0.5848
vn -0.0099 -0.8116 -0.5841
vn 0.0000 0.0023 -1.0000
vn 0.0000 -0.0013 -1.0000
vn 0.6416 0.0000 -0.7670
vn 0.6641 -0.0943 0.7417
vn 0.0000 0.9978 -0.0668
vn 0.0000 -0.9992 0.0396
vn 0.7963 0.0293 0.6042
vn 0.7891 -0.0364 -0.6131
vn 0.6600 -0.7512 -0.0125
vn 1.0000 -0.0001 -0.0000
vn 0.0000 -0.0082 1.0000
vn 0.0000 -0.9969 0.0782
vn 0.0000 -0.9999 -0.0119
vn 0.0000 0.9939 -0.1100
vn 0.0000 0.0002 -1.0000
vn 0.0000 0.0033 -1.0000
vn 0.0000 -0.0015 -1.0000
vn 0.0000 0.8548 0.5190
vn -0.0000 0.7827 -0.6224
vn 0.0000 -0.8548 0.5190
vn 0.5895 0.7930 -0.1537
vn -0.0000 0.9921 -0.1258
vn 0.0000 -1.0000 0.0035
vn 0.7939 0.0434 0.6065
vn 0.7942 -0.0355 0.6066
vn 0.0000 -0.0013 1.0000
vn 0.0000 0.0012 1.0000
vn 0.4909 -0.8536 -0.1743
vn 0.4985 -0.8668 0.0122
vn 0.0000 0.9995 0.0316
vn 0.7648 -0.0148 0.6441
vn -0.0000 -0.3981 -0.9174
vn 0.0000 0.2520 -0.9677
vn 0.5706 -0.0181 0.8210
vn 1.0000 -0.0000 -0.0014
vn 0.4985 0.8669 0.0061
vn 0.4983 0.8666 -0.0261
vn 0.4960 -0.8625 -0.1009
vn 0.0000 1.0000 0.0071
vn 0.0000 0.9995 -0.0301
vn 0.5944 0.8042 -0.0045
vn 0.6308 -0.7722 0.0762
vn 0.5524 0.8335 0.0106
vn 0.0000 1.0000 0.0063
vn -0.0000 -1.0000 -0.0005
vn 0.0000 -1.0000 0.0008
vn -0.0000 0.9994 -0.0342
vn 0.6326 -0.7743 -0.0170
vn 0.5515 0.8322 -0.0576
vn 0.0000 1.0000 0.0062
vn 0.0000 1.0000 0.0031
vn -0.0000 0.0472 -0.9989
vn 0.0000 0.0965 0.9953
vn 0.6659 -0.0310 0.7454
vn 0.0000 -0.0265 0.9996
vn -0.0000 -1.0000 -0.0027
vn -0.0000 -0.9798 -0.2001
vn 0.0000 0.1622 0.9868
vn 0.0000 0.0247 0.9997
vn -0.0000 0.9989 -0.0479
vn 0.0000 1.0000 -0.0031
vn 0.0000 1.0000 -0.0061
vn -0.0000 0.0549 -0.9985
vn 0.0000 -0.9952 -0.0974
vn 0.0000 -0.1262 0.9920
vn -0.0099 0.8116 -0.5841
vn -0.0108 0.8111 -0.5848
vn -0.0108 0.8111 0.5848
vn -0.0099 0.8116 0.5841
vn 0.0000 -0.0072 -1.0000
vn 0.0000 0.9962 0.0868
vn -0.0000 -0.0026 -1.0000
vn -0.0000 0.9997 -0.0257
vn -0.0000 -1.0000 -0.0001
vn -0.0000 -1.0000 -0.0017
vn 0.0000 -0.9999 0.0139
vn 0.0000 -0.9998 0.0182
vn 0.0000 -1.0000 0.0097
vn -0.0000 0.9999 -0.0115
vn 0.3856 0.6705 -0.6338
vn 0.3856 -0.6705 -0.6338
vn -0.0000 -0.7267 -0.6869
vn 0.5197 0.0000 -0.8543
vn -0.0000 0.7267 -0.6869
vn -0.0000 -0.9988 -0.0486
vn 0.4764 -0.8792 0.0057
vn 0.0000 0.9999 0.0139
vn -0.4985 0.8669 0.0000
vn -1.0000 -0.0000 0.0000
vn -1.0000 -0.0002 0.0053
vn -0.4228 -0.7353 -0.5297
vn -0.4228 -0.7353 0.5297
vn -0.0126 0.8113 0.5845
vn -0.0126 0.8113 -0.5845
vn -0.0126 -0.8113 0.5845
vn -0.0126 -0.8113 -0.5845
vn -0.4228 0.7353 0.5297
vn -0.6684 -0.6035 0.4348
vn -0.4228 0.7353 -0.5297
vn -0.4411 -0.7671 0.4658
vn -0.4411 0.7671 0.4658
vn -0.4985 -0.8669 0.0000
vn -0.2874 0.9578 0.0000
vn -0.2874 -0.9578 -0.0000
vn -0.6490 0.0216 0.7605
vn -0.7677 0.1588 -0.6208
vn -0.7448 -0.0377 0.6663
vn -0.6238 0.0000 0.7816
vn -0.6238 0.0000 -0.7816
vn -0.5671 -0.0195 0.8234
vn -0.5280 -0.8492 -0.0056
vn -0.5942 0.8040 0.0223
vn -0.4982 -0.8664 0.0324
vn -0.6238 0.0000 -0.7815
vn -0.6876 -0.0000 0.7261
vn -0.5957 0.8013 0.0555
vn -0.5209 -0.8536 -0.0026
vn -0.6416 0.0000 0.7670
vn -0.6416 0.0000 -0.7670
vn -0.6641 -0.0943 0.7417
vn -0.7963 0.0293 0.6042
vn -0.7891 -0.0364 -0.6131
vn -0.6600 -0.7512 -0.0125
vn -1.0000 -0.0001 0.0000
vn -0.5895 0.7930 -0.1537
vn -0.7939 0.0434 0.6065
vn -0.7942 -0.0355 0.6066
vn -0.4909 -0.8536 -0.1743
vn -0.4985 -0.8668 0.0122
vn -0.7648 -0.0148 0.6441
vn 0.0000 -0.0300 0.9996
vn -0.0000 0.3981 -0.9174
vn -0.5706 -0.0181 0.8210
vn -1.0000 -0.0000 -0.0014
vn -0.4985 0.8669 0.0061
vn -0.4983 0.8666 -0.0261
vn -0.4960 -0.8625 -0.1009
vn -0.5944 0.8042 -0.0045
vn -0.6308 -0.7722 0.0762
vn -0.5524 0.8335 0.0106
vn -0.6326 -0.7743 -0.0170
vn -0.5515 0.8322 -0.0576
vn -0.6659 -0.0310 0.7454
vn 0.0000 -0.9932 -0.1162
vn -0.3856 0.6705 -0.6338
vn -0.3856 -0.6705 -0.6338
vn -0.5197 -0.0000 -0.8543
vn -0.4764 -0.8792 0.0057
vn 0.0000 1.0000 0.0097
vn 0.0000 -0.9999 -0.0115
vn 0.7412 0.0757 -0.6670
vn 0.0000 0.0459 0.9989
vn 0.0000 -0.9908 0.1354
vn 0.7115 -0.0687 -0.6993
vn 0.0000 0.9998 0.0182
vn 0.0000 0.9996 0.0272
vn 0.0000 0.9994 -0.0333
vn 0.0000 1.0000 0.0001
vn -0.4985 0.8669 -0.0001
vn -0.0000 0.9988 -0.0485
vn -0.0000 0.0755 -0.9971
vn 0.0000 -0.9980 -0.0640
vn -0.0000 -0.0755 -0.9971
vn 0.0000 -0.1487 0.9889
vn 0.4764 0.8792 0.0057
vn -0.7412 0.0757 -0.6670
vn -0.6238 0.0000 0.7815
vn -0.7115 -0.0687 -0.6993
vn 0.4985 0.8669 -0.0001
vn -0.4764 0.8792 0.0057
vn 0.4104 0.7138 -0.5675
vn 0.7317 -0.0617 -0.6789
vn 0.8527 -0.1079 -0.5111
vn 0.6424 0.7663 0.0143
vn 0.7217 -0.0550 0.6900
vn 0.7448 -0.0506 -0.6654
vn 0.6059 -0.7921 0.0733
vn 0.6373 -0.7698 0.0358
vn 0.8313 0.0735 -0.5510
vn 0.5605 -0.7917 -0.2432
vn 0.6151 0.7707 0.1663
vn 0.6223 0.7796 -0.0706
vn 0.5510 -0.8281 0.1030
vn 0.6045 -0.7875 0.1202
vn 0.5644 0.8157 -0.1270
vn 0.5661 0.8182 0.1003
vn 0.7319 0.0558 -0.6791
vn 0.7545 -0.2695 -0.5985
vn 0.7545 0.2695 -0.5985
vn 0.7014 0.0660 0.7097
vn 0.6870 -0.2116 0.6952
vn 0.6440 -0.7598 0.0888
vn 0.7500 0.1527 -0.6436
vn 0.7546 -0.0289 0.6555
vn 0.7523 0.0834 0.6535
vn 0.6387 0.7619 -0.1075
vn 0.7421 0.0725 -0.6664
vn 0.6950 -0.0550 0.7169
vn 0.6868 0.0390 0.7258
vn 0.7414 -0.0842 -0.6658
vn 0.6577 0.7463 0.1023
vn 0.6533 0.7413 -0.1539
vn 0.5908 -0.3212 -0.7401
vn 0.7039 0.3136 0.6373
vn 0.8010 -0.0777 -0.5935
vn -0.6336 0.4451 -0.6328
vn 0.7836 0.1243 -0.6087
vn 0.6061 -0.7930 0.0606
vn 0.6376 -0.7478 0.1853
vn 0.6103 0.7906 0.0499
vn 0.6463 -0.7580 -0.0881
vn 0.6099 0.7901 -0.0609
vn 0.7241 0.1400 -0.6753
vn 0.7526 -0.2480 0.6100
vn 0.7731 0.2340 0.5896
vn 0.6789 -0.3718 -0.6332
vn 0.6434 0.7445 -0.1780
vn 0.6349 0.7639 0.1156
vn 0.6052 -0.7912 -0.0880
vn 0.8925 -0.0377 0.4495
vn 0.5908 0.3212 -0.7401
vn 0.5948 0.7885 0.1567
vn 0.5948 0.7885 -0.1567
vn 0.6617 -0.7495 -0.0223
vn 0.6296 -0.7762 -0.0349
vn 0.6475 0.7548 -0.1049
vn 0.6005 -0.7995 -0.0143
vn 0.6506 0.7585 0.0384
vn 0.5991 -0.7977 0.0690
vn 0.6374 -0.7698 -0.0339
vn 0.7509 0.1702 -0.6382
vn 0.6129 -0.7893 0.0372
vn 0.6129 -0.7894 -0.0336
vn 0.7532 -0.1509 -0.6402
vn 0.6059 0.7921 0.0733
vn 0.6434 -0.7445 -0.1780
vn 0.6349 -0.7639 0.1156
vn 0.6052 0.7912 -0.0880
vn -0.4104 0.7138 -0.5675
vn -0.7317 -0.0617 -0.6789
vn -0.8527 -0.1079 -0.5111
vn -0.6424 0.7663 0.0143
vn -0.7217 -0.0550 0.6900
vn -0.7448 -0.0506 -0.6654
vn -0.6059 -0.7921 0.0733
vn -0.6373 -0.7698 0.0358
vn -0.8313 0.0735 -0.5510
vn -0.5605 -0.7917 -0.2432
vn -0.6151 0.7707 0.1663
vn -0.6223 0.7796 -0.0706
vn -0.5510 -0.8281 0.1030
vn -0.6045 -0.7875 0.1202
vn -0.5644 0.8157 -0.1270
vn -0.5661 0.8182 0.1003
vn -0.7319 0.0558 -0.6791
vn -0.7545 -0.2695 -0.5985
vn -0.7545 0.2695 -0.5985
vn -0.7014 0.0660 0.7097
vn -0.6870 -0.2116 0.6952
vn -0.6440 -0.7598 0.0888
vn -0.7500 0.1527 -0.6436
vn -0.7546 -0.0289 0.6555
vn -0.7523 0.0834 0.6535
vn -0.6387 0.7619 -0.1075
vn -0.7421 0.0725 -0.6664
vn -0.6950 -0.0550 0.7169
vn -0.6868 0.0390 0.7258
vn -0.7414 -0.0842 -0.6658
vn -0.6577 0.7463 0.1023
vn -0.6533 0.7413 -0.1539
vn -0.5908 -0.3212 -0.7401
vn -0.7039 0.3136 0.6373
vn -0.8010 -0.0777 -0.5935
vn 0.6336 0.4451 -0.6328
vn -0.7836 0.1243 -0.6087
vn -0.6061 -0.7930 0.0606
vn -0.6376 -0.7478 0.1853
vn -0.6103 0.7906 0.0499
vn -0.6463 -0.7580 -0.0881
vn -0.6099 0.7901 -0.0609
vn -0.7241 0.1400 -0.6753
vn -0.7526 -0.2480 0.6100
vn -0.7731 0.2340 0.5896
vn -0.6789 -0.3718 -0.6332
vn -0.6434 0.7445 -0.1780
vn -0.6349 0.7639 0.1156
vn -0.6052 -0.7912 -0.0880
vn -0.8925 -0.0377 0.4495
vn -0.5908 0.3212 -0.7401
vn -0.5948 0.7885 0.1567
vn -0.5948 0.7885 -0.1567
vn -0.6617 -0.7495 -0.0223
vn -0.6296 -0.7762 -0.0348
vn -0.6475 0.7548 -0.1049
vn -0.6005 -0.7995 -0.0143
vn -0.6506 0.7585 0.0384
vn -0.5991 -0.7977 0.0690
vn -0.6374 -0.7698 -0.0339
vn -0.7509 0.1702 -0.6382
vn -0.6129 -0.7893 0.0372
vn -0.6129 -0.7894 -0.0336
vn -0.7532 -0.1509 -0.6402
vn -0.6059 0.7921 0.0733
vn -0.6434 -0.7445 -0.1780
vn -0.6349 -0.7639 0.1156
vn -0.6052 0.7912 -0.0880
usemtl Wall_Dark.009
s 1
f 2617//1139 2618//1139 2619//1139 2620//1139
f 2621//1140 2622//1140 2623//1140 2624//1140
f 2618//1141 2617//1141 2625//1141 2626//1141 2627//1141 2628//1141
f 2629//1142 2630//1142 2631//1142 2632//1142
f 2633//1143 2634//1143 2635//1143 2636//1143
f 2637//1144 2638//1144 2639//1144 2640//1144
f 2641//1142 2642//1142 2643//1142 2644//1142
f 2645//1145 2646//1145 2647//1142 2648//1142
f 2649//1146 2650//1146 2651//1146 2652//1146
f 2653//1147 2654//1147 2655//1148 2656//1148
f 2657//1149 2658//1149 2659//1149 2660//1149
f 2661//1150 2662//1150 2663//1150 2664//1150
f 2665//1151 2666//1151 2667//1151 2668//1151 2669//1151 2670//1151 2671//1151 2672//1151 2673//1151 2674//1151
f 2675//1146 2676//1146 2677//1146 2678//1146
f 2679//1152 2680//1152 2681//1152 2682//1152
f 2683//1141 2684//1141 2685//1141 2686//1141 2687//1141 2688//1141 2689//1141
f 2690//1153 2691//1153 2692//1153 2693//1153
f 2694//1154 2695//1154 2696//1154 2697//1154
f 2698//1146 2699//1146 2700//1146 2701//1146
f 2702//1148 2703//1148 2704//1148 2705//1148
f 2706//1155 2707//1155 2708//1155 2709//1155
f 2710//1156 2711//1156 2712//1157 2713//1157
f 2714//1158 2715//1158 2716//1158 2717//1158
f 2718//1159 2719//1159 2720//1142 2721//1142
f 2722//1160 2723//1160 2724//1160 2725//1160
f 2726//1139 2727//1139 2728//1139 2729//1139
f 2730//1148 2731//1148 2732//1148 2733//1148
f 2734//1161 2652//1161 2651//1161 2735//1161
f 2736//1141 2737//1141 2738//1141 2739//1141 2740//1141 2741//1141 2742//1141 2743//1141 2744//1141 2745//1141
f 2746//1142 2747//1142 2748//1142 2749//1142
f 2750//1142 2751//1142 2752//1142 2753//1142
f 2754//1146 2755//1146 2756//1146 2757//1146
f 2626//1162 2758//1162 2759//1162
f 2760//1163 2761//1163 2625//1163
f 2762//1164 2763//1165 2764//1166
f 2765//1167 2766//1168 2767//1169
f 2624//1170 2768//1171 2769//1172
f 2770//1173 2771//1174 2632//1175
f 2620//1176 2772//1176 2617//1176
f 2636//1176 2773//1176 2774//1176
f 2775//1177 2776//1177 2640//1177
f 2777//1163 2778//1163 2779//1163
f 2780//1176 2781//1176 2782//1176
f 2735//1162 2651//1162 2783//1162
f 2650//1178 2784//1178 2785//1178
f 2786//1178 2787//1178 2788//1178
f 2656//1163 2789//1163 2790//1163
f 2791//1162 2792//1162 2660//1162
f 2673//1176 2793//1176 2794//1176
f 2795//1178 2796//1178 2672//1178
f 2675//1162 2689//1162 2797//1162
f 2686//1163 2664//1163 2663//1163
f 2678//1178 2798//1178 2683//1178
f 2799//1176 2685//1176 2682//1176
f 2800//1163 2801//1163 2667//1163
f 2802//1162 2803//1162 2668//1162
f 2804//1163 2805//1163 2806//1163
f 2693//1162 2807//1162 2808//1162
f 2809//1178 2810//1178 2701//1178
f 2811//1178 2812//1178 2813//1178
f 2648//1162 2814//1162 2815//1162
f 2816//1176 2704//1176 2817//1176
f 2703//1163 2818//1163 2819//1163
f 2820//1162 2721//1162 2821//1162
f 2822//1179 2710//1179 2823//1179
f 2726//1180 2729//1180 2824//1180
f 2744//1176 2825//1176 2826//1176
f 2827//1178 2828//1178 2743//1178
f 2733//1163 2748//1163 2738//1163
f 2747//1162 2829//1162 2739//1162
f 2830//1163 2831//1163 2832//1163
f 2833//1176 2834//1176 2835//1176
f 2753//1162 2756//1162 2836//1162
f 2755//1178 2837//1178 2838//1178
f 2839//1143 2620//1143 2619//1143 2840//1143
f 2761//1142 2841//1142 2842//1142 2758//1142
f 2620//1181 2839//1181 2843//1181 2772//1181
f 2758//1161 2842//1161 2844//1161 2759//1161
f 2626//1182 2625//1182 2761//1182 2758//1182
f 2845//1143 2846//1143 2767//1143 2847//1143
f 2848//1183 2765//1183 2767//1183 2846//1183
f 2623//1184 2849//1185 2768//1171 2624//1170
f 2850//1186 2769//1186 2768//1186 2851//1186
f 2621//1187 2624//1187 2769//1187 2852//1187
f 2853//1146 2854//1146 2855//1146 2856//1146
f 2857//1188 2858//1188 2855//1188 2854//1188
f 2635//1181 2859//1181 2773//1181 2636//1181
f 2860//1189 2774//1189 2773//1189 2637//1189
f 2633//1139 2636//1139 2774//1139 2861//1139
f 2781//1148 2862//1148 2863//1148 2778//1148
f 2644//1182 2735//1182 2783//1182 2864//1182
f 2650//1190 2649//1190 2865//1190 2784//1190
f 2866//1139 2780//1139 2782//1139 2867//1139
f 2777//1191 2782//1191 2781//1191 2778//1191
f 2785//1192 2783//1192 2651//1192 2650//1192
f 2717//1193 2716//1193 2788//1193 2868//1193
f 2655//1150 2869//1150 2789//1150 2656//1150
f 2870//1182 2790//1182 2789//1182 2871//1182
f 2653//1191 2656//1191 2790//1191 2872//1191
f 2873//1192 2787//1192 2786//1192 2874//1192
f 2875//1194 2800//1194 2667//1194 2666//1194
f 2803//1161 2802//1161 2876//1161 2877//1161
f 2878//1192 2795//1192 2672//1192 2671//1192
f 2673//1139 2672//1139 2796//1139 2793//1139
f 2879//1195 2880//1195 2881//1196 2882//1196
f 2687//1197 2686//1197 2663//1197 2881//1197
f 2883//1198 2797//1198 2880//1198 2879//1198
f 2684//1199 2683//1199 2798//1199 2679//1199
f 2675//1192 2678//1192 2683//1192 2689//1192
f 2799//1191 2664//1191 2686//1191 2685//1191
f 2668//1182 2667//1182 2801//1182 2802//1182
f 2884//1200 2885//1200 2886//1200 2887//1200
f 2692//1161 2888//1161 2807//1161 2693//1161
f 2889//1192 2808//1192 2807//1192 2890//1192
f 2690//1201 2693//1201 2808//1201 2891//1201
f 2892//1139 2893//1139 2894//1139 2895//1139
f 2812//1190 2896//1190 2897//1190 2813//1190
f 2898//1139 2816//1139 2817//1139 2899//1139
f 2647//1161 2900//1161 2814//1161 2648//1161
f 2645//1182 2648//1182 2815//1182 2901//1182
f 2811//1202 2815//1202 2814//1202 2812//1202
f 2819//1191 2817//1191 2704//1191 2703//1191
f 2709//1146 2708//1146 2902//1146 2827//1146
f 2903//1203 2822//1203 2823//1203 2904//1203
f 2903//1148 2905//1148 2906//1148 2822//1148
f 2721//1161 2720//1161 2907//1161 2821//1161
f 2908//1204 2909//1204 2724//1204 2723//1204
f 2910//1205 2823//1205 2710//1205 2713//1205
f 2828//1143 2911//1143 2912//1143 2825//1143
f 2730//1191 2733//1191 2738//1191 2737//1191
f 2747//1161 2746//1161 2913//1161 2829//1161
f 2709//1192 2827//1192 2743//1192 2742//1192
f 2744//1139 2743//1139 2828//1139 2825//1139
f 2739//1182 2738//1182 2748//1182 2747//1182
f 2834//1148 2914//1148 2915//1148 2831//1148
f 2750//1182 2753//1182 2836//1182 2916//1182
f 2755//1190 2754//1190 2917//1190 2837//1190
f 2918//1139 2833//1139 2835//1139 2919//1139
f 2830//1206 2835//1206 2834//1206 2831//1206
f 2838//1192 2836//1192 2756//1192 2755//1192
f 2873//1146 2920//1146 2921//1146 2787//1146
f 2922//1190 2840//1190 2619//1190 2923//1190
f 2762//1207 2924//1207 2925//1207 2763//1207
f 2926//1141 2927//1141 2765//1141 2848//1141 2928//1141 2929//1141 2763//1141 2925//1141 2852//1141 2769//1141 2850//1141 2930//1141 2931//1141 2771//1141
f 2632//1175 2631//1208 2932//1209 2770//1173
f 2933//1210 2934//1210 2935//1211 2936//1211
f 2762//1148 2937//1148 2938//1148 2924//1148
f 2770//1212 2933//1212 2926//1212 2771//1212
f 2924//1213 2621//1213 2852//1213 2925//1213
f 2770//1146 2932//1146 2934//1210 2933//1210
f 2771//1186 2931//1186 2629//1186 2632//1186
f 2763//1183 2929//1183 2695//1183 2764//1183
f 2697//1214 2696//1214 2846//1214 2845//1214
f 2768//1142 2849//1142 2939//1142 2851//1142
f 2940//1215 2941//1215 2630//1215 2629//1215
f 2776//1216 2860//1216 2637//1216 2640//1216
f 2942//1217 2857//1217 2854//1217 2943//1217
f 2944//1146 2943//1146 2854//1146 2853//1146
f 2775//1218 2945//1218 2946//1218 2776//1218
f 2860//1219 2776//1219 2946//1219 2947//1219 2858//1219 2857//1219 2942//1219 2948//1219 2861//1219 2774//1219
f 2773//1220 2859//1220 2638//1220 2637//1220
f 2945//1221 2949//1221 2950//1221 2951//1221
f 2775//1222 2952//1222 2949//1222 2945//1222
f 2953//1223 2954//1223 2634//1223 2633//1223
f 2955//1224 2956//1224 2922//1225 2923//1225
f 2759//1192 2957//1192 2627//1192 2626//1192
f 2772//1191 2760//1191 2625//1191 2617//1191
f 2957//1226 2958//1226 2956//1224 2955//1224
f 2729//1227 2959//1227 2960//1227 2824//1227
f 2961//1228 2725//1228 2724//1228 2962//1228
f 2906//1229 2711//1229 2710//1229 2822//1229
f 2820//1182 2963//1182 2718//1182 2721//1182
f 2727//1230 2908//1230 2723//1230 2728//1230
f 2964//1181 2965//1181 2966//1181 2967//1181
f 2968//1231 2728//1231 2723//1231 2722//1231
f 2969//1232 2970//1232 2719//1159 2718//1159
f 2921//1190 2868//1190 2788//1190 2787//1190
f 2971//1233 2903//1233 2904//1233 2972//1233
f 2821//1192 2973//1192 2974//1192 2820//1192
f 2959//1143 2729//1143 2728//1143 2968//1143
f 2971//1148 2975//1148 2905//1148 2903//1148
f 2821//1146 2907//1146 2976//1146 2973//1146
f 2824//1234 2971//1234 2972//1234 2726//1234
f 2823//1141 2910//1141 2977//1141 2963//1141 2820//1141 2974//1141 2978//1141 2909//1141 2908//1141 2727//1141 2726//1141 2972//1141 2904//1141
f 2824//1148 2960//1148 2975//1148 2971//1148
f 2979//1192 2873//1192 2874//1192 2980//1192
f 2660//1161 2659//1161 2981//1161 2791//1161
f 2979//1146 2982//1146 2920//1146 2873//1146
f 2967//1235 2966//1235 2983//1236 2984//1236
f 2791//1192 2979//1192 2980//1192 2792//1192
f 2791//1146 2981//1146 2982//1146 2979//1146
f 2985//1141 2872//1141 2790//1141 2870//1141 2986//1141 2792//1141 2980//1141 2874//1141 2786//1141 2987//1141 2988//1141 2989//1141
f 2986//1237 2870//1237 2871//1237 2657//1237
f 2989//1139 2988//1139 2715//1139 2964//1139
f 2965//1143 2964//1143 2715//1143 2714//1143
f 2792//1238 2986//1238 2657//1238 2660//1238
f 2837//1139 2990//1139 2991//1139 2838//1139
f 2992//1182 2750//1182 2916//1182 2993//1182
f 2752//1161 2757//1161 2756//1161 2753//1161
f 2837//1143 2917//1143 2994//1143 2990//1143
f 2992//1142 2995//1142 2751//1142 2750//1142
f 2996//1182 2992//1182 2993//1182 2997//1182
f 2996//1142 2998//1142 2995//1142 2992//1142
f 2999//1182 2996//1182 2997//1182 3000//1182
f 2990//1239 2994//1239 3001//1239 3002//1239
f 2999//1142 3003//1142 2998//1142 2996//1142
f 2794//1240 3004//1240 2674//1240 2673//1240
f 2878//1241 3005//1241 3006//1241 3007//1241
f 2803//1192 3008//1192 2669//1192 2668//1192
f 3008//1146 2803//1146 2877//1146 3009//1146
f 3010//1242 3011//1242 2885//1242 2884//1242
f 2890//1146 3012//1146 2699//1146 2698//1146
f 2805//1243 3013//1243 3011//1243 2806//1243
f 3014//1244 2810//1244 3015//1244 2895//1244 2894//1244 3016//1244 3013//1244 2805//1244 3017//1244 2891//1244 2808//1244 2889//1244
f 2809//1245 3018//1245 3015//1245 2810//1245
f 3018//1246 2892//1246 2895//1246 3015//1246
f 2804//1182 3019//1182 3017//1182 2805//1182
f 3019//1247 2690//1247 2891//1247 3017//1247
f 3020//1148 2806//1148 3011//1148 3010//1148
f 2809//1248 3021//1248 3022//1248 3018//1248
f 3018//1249 3022//1249 3023//1249 2892//1249
f 2804//1142 3024//1142 3025//1142 3019//1142
f 2685//1250 2684//1250 2679//1250 2682//1250
f 3026//1251 2645//1251 2901//1251 3027//1251
f 2813//1252 3028//1252 3029//1252 2811//1252
f 2813//1253 2897//1253 3030//1253 3028//1253
f 2818//1254 3031//1254 3032//1255 3026//1255
f 3029//1141 2899//1141 2817//1141 2819//1141 3027//1141 2901//1141 2815//1141 2811//1141
f 3028//1256 3030//1256 3033//1256 2898//1256
f 2818//1257 3026//1257 3027//1257 2819//1257
f 3028//1258 2898//1258 2899//1258 3029//1258
f 3034//1259 3035//1259 3036//1260 2918//1260
f 2703//1150 2702//1150 3031//1150 2818//1150
f 2898//1143 3033//1143 3037//1143 2816//1143
f 2732//1150 2749//1150 2748//1150 2733//1150
f 3038//1261 3039//1261 2707//1261 2706//1261
f 3040//1148 3041//1148 3042//1148 3043//1148
f 2829//1192 3038//1192 2740//1192 2739//1192
f 2829//1146 2913//1146 3039//1146 3038//1146
f 3043//1262 3042//1262 2731//1262 2730//1262
f 2826//1263 3040//1263 2745//1263 2744//1263
f 2826//1264 3044//1264 3041//1264 3040//1264
f 2882//1196 2881//1196 2663//1265 2662//1265
f 2871//1266 3045//1266 2658//1266 2657//1266
f 3046//1267 3047//1267 3048//1267 2875//1267
f 3004//1268 3049//1268 3047//1268 3046//1268
f 3002//1269 3001//1269 3050//1269 3051//1269
f 2832//1142 3052//1142 3053//1142 3054//1142
f 3054//1142 3053//1142 3055//1142 3056//1142
f 3057//1141 3058//1141 3000//1141 2997//1141 2993//1141 2916//1141 2836//1141 2838//1141 2991//1141 3059//1141 3060//1141 3061//1141 3062//1141 2919//1141 2835//1141 2830//1141
f 2832//1182 3054//1182 3057//1182 2830//1182
f 3054//1182 3056//1182 3058//1182 3057//1182
f 3056//1182 2999//1182 3000//1182 3058//1182
f 3051//1139 3063//1139 3061//1139 3060//1139
f 3056//1142 3055//1142 3003//1142 2999//1142
f 3051//1143 3050//1143 3064//1270 3063//1270
f 3063//1270 3064//1270 3035//1271 3034//1271
f 2973//1272 2976//1272 3065//1272 3066//1272
f 2851//1273 2939//1273 2941//1273 2940//1273
f 3067//1143 2764//1143 2695//1143 2694//1143
f 2924//1274 2938//1274 2622//1274 2621//1274
f 3068//1275 2847//1276 2767//1169 2766//1168
f 2764//1166 3067//1277 2937//1278 2762//1164
f 2936//1211 2935//1211 3068//1279 2766//1279
f 3069//1190 3070//1190 2796//1190 2795//1190
f 2793//1181 3071//1181 3072//1181 2794//1181
f 2795//1146 2878//1146 3007//1146 3069//1146
f 2825//1181 2912//1181 3044//1181 2826//1181
f 2902//1190 2911//1190 2828//1190 2827//1190
f 2677//1190 3073//1190 2798//1190 2678//1190
f 3037//1181 2705//1181 2704//1181 2816//1181
f 3074//1181 2914//1181 2834//1181 2833//1181
f 2831//1150 2915//1150 3052//1150 2832//1150
f 2918//1260 3036//1260 3074//1143 2833//1143
f 3075//1181 2862//1181 2781//1181 2780//1181
f 2778//1150 2863//1150 3076//1150 2779//1150
f 2784//1143 2865//1143 3077//1143 3078//1143
f 3079//1150 2841//1150 2761//1150 2760//1150
f 2772//1148 2843//1148 3079//1148 2760//1148
f 3080//1280 3081//1280 2954//1280 2953//1280
f 2640//1150 2639//1150 2952//1150 2775//1150
f 3082//1161 2856//1161 2855//1161 3083//1161
f 2943//1190 2944//1190 3081//1190 3080//1190
f 2951//1142 2950//1142 3082//1142 3083//1142
f 2713//1157 2712//1157 2970//1232 2969//1232
f 2984//1236 2983//1236 2654//1147 2653//1147
f 3066//1281 3065//1281 2961//1281 2962//1281
f 2789//1142 2869//1142 3045//1142 2871//1142
f 2807//1146 2888//1146 3012//1146 2890//1146
f 2866//1143 3084//1143 3075//1143 2780//1143
f 2701//1190 2700//1190 3021//1190 2809//1190
f 2797//1161 2883//1161 2676//1161 2675//1161
f 3085//1181 2887//1181 2886//1181 2893//1181
f 2806//1150 3020//1150 3024//1150 2804//1150
f 2682//1181 2681//1181 3086//1181 2799//1181
f 2892//1143 3023//1143 3085//1143 2893//1143
f 2798//1282 3073//1282 2680//1282 2679//1282
f 2799//1148 3086//1148 2661//1148 2664//1148
f 3087//1141 2864//1141 2783//1141 2785//1141 3088//1141 2867//1141 2782//1141 2777//1141
f 2644//1142 2643//1142 2734//1142 2735//1142
f 2759//1146 2844//1146 2958//1226 2957//1226
f 2779//1142 3076//1142 2642//1142 2641//1142
f 3078//1143 3077//1143 3084//1143 2866//1143
f 3089//1142 3090//1142 3091//1255 3092//1255
f 2814//1146 2900//1146 2896//1146 2812//1146
f 3093//1141 3094//1141 3095//1141 3096//1141 3097//1141 3098//1141 3099//1141 3100//1141
f 3098//1163 3101//1163 3089//1163
f 3102//1176 3103//1176 3097//1176
f 3104//1178 3105//1178 3096//1178
f 3106//1146 3104//1146 3107//1146 3108//1146
f 3103//1148 3109//1148 3110//1148 3101//1148
f 3104//1190 3106//1190 3111//1190 3105//1190
f 3101//1150 3110//1150 3090//1150 3089//1150
f 3098//1191 3097//1191 3103//1191 3101//1191
f 3112//1161 3113//1161 3114//1161 3115//1161
f 3116//1283 3117//1283 3112//1284 3115//1284
f 3089//1182 3092//1182 3099//1182 3098//1182
f 3105//1139 3102//1139 3097//1139 3096//1139
f 3092//1255 3091//1255 3117//1283 3116//1283
f 3118//1181 3109//1181 3103//1181 3102//1181
f 3105//1143 3111//1143 3118//1143 3102//1143
f 3108//1146 3107//1146 3119//1146 3120//1146
f 3121//1285 3122//1285 3123//1286 3124//1286
f 3096//1202 3095//1202 3107//1202 3104//1202
f 3120//1146 3119//1146 3114//1146 3113//1146
f 3125//1287 3126//1287 3122//1285 3121//1285
f 3127//1288 3128//1288 3129//1288 3130//1288
f 3131//1146 3132//1146 3133//1146 3134//1146
f 3135//1176 3136//1176 3137//1176
f 3138//1163 3139//1163 3140//1163
f 3127//1289 3141//1289 3133//1289
f 3134//1290 3142//1290 3124//1290
f 3138//1142 3143//1142 3144//1142 3145//1142
f 3137//1148 3146//1148 3147//1148 3140//1148
f 3124//1291 3123//1291 3131//1291 3134//1291
f 3145//1182 3148//1182 3139//1182 3138//1182
f 3135//1191 3137//1191 3140//1191 3139//1191
f 3142//1292 3134//1292 3133//1292 3141//1292
f 3136//1139 3135//1139 3149//1139 3150//1139
f 3128//1293 3127//1293 3133//1293 3132//1293
f 3145//1294 3144//1294 3126//1294 3125//1294
f 3149//1141 3135//1141 3139//1141 3148//1141 3151//1141 3152//1141 3142//1141 3141//1141 3153//1141
f 3150//1143 3154//1143 3155//1143 3136//1143
f 3136//1181 3155//1181 3146//1181 3137//1181
f 3143//1150 3138//1150 3140//1150 3147//1150
f 3124//1295 3142//1295 3152//1295 3121//1295
f 3130//1296 3129//1296 3154//1296 3150//1296
f 3156//1297 2839//1297 2840//1297 3157//1297
f 3157//1298 3158//1298 3159//1298 3160//1298 3161//1298 3156//1298
f 2875//1148 3048//1148 3162//1148 2800//1148
f 3163//1299 3164//1299 3165//1299 3166//1299 3167//1299 3168//1299 3169//1299 3170//1299 3171//1299 3172//1299
f 3173//1298 3174//1298 3175//1298 3176//1298 3177//1298 3178//1298 3179//1298
f 2876//1142 2802//1142 2801//1142 3180//1142
f 3181//1297 2959//1297 2968//1297 3182//1297
f 3183//1298 3184//1298 3185//1298 3186//1298 3187//1298 3188//1298 3189//1298 3190//1298 3191//1298 3192//1298
f 3160//1300 2844//1300 2842//1300
f 3079//1301 3161//1301 2841//1301
f 2937//1278 3067//1277 3193//1302
f 3194//1303 2847//1276 3068//1275
f 2623//1184 3195//1304 2849//1185
f 2932//1209 2631//1208 3196//1305
f 2839//1306 3156//1306 2843//1306
f 2635//1306 3197//1306 2859//1306
f 2952//1307 2639//1307 3198//1307
f 3199//1301 3076//1301 2863//1301
f 3075//1306 3200//1306 2862//1306
f 2734//1300 3201//1300 2652//1300
f 2649//1308 3202//1308 2865//1308
f 3203//1308 2868//1308 2921//1308
f 2655//1301 3204//1301 2869//1301
f 2981//1300 2659//1300 3205//1300
f 3165//1306 3072//1306 3071//1306
f 3069//1308 3166//1308 3070//1308
f 2676//1300 2883//1300 3174//1300
f 3177//1301 2662//1301 2661//1301
f 2677//1308 3173//1308 3073//1308
f 3086//1306 2681//1306 3178//1306
f 3162//1301 3171//1301 3180//1301
f 2876//1300 3170//1300 2877//1300
f 3024//1301 3020//1301 3206//1301
f 2692//1300 3207//1300 2888//1300
f 3021//1308 2700//1308 3208//1308
f 3209//1308 2897//1308 2896//1308
f 2647//1300 3210//1300 2900//1300
f 3037//1306 3211//1306 2705//1306
f 2702//1301 3212//1301 3031//1301
f 3213//1300 2907//1300 2720//1300
f 2906//1309 3214//1309 2711//1309
f 3181//1310 2960//1310 2959//1310
f 3185//1306 3044//1306 2912//1306
f 2902//1308 3186//1308 2911//1308
f 2732//1301 3191//1301 2749//1301
f 2746//1300 3190//1300 2913//1300
f 3215//1301 3052//1301 2915//1301
f 3074//1306 3216//1306 2914//1306
f 2752//1300 3217//1300 2757//1300
f 2754//1308 3218//1308 2917//1308
f 3160//1311 2842//1311 2841//1311 3161//1311
f 3219//1312 2845//1312 2847//1312 3194//1312
f 3220//1313 2939//1313 2849//1313 3195//1313
f 2622//1314 3221//1314 3195//1314 2623//1314
f 3222//1315 2853//1315 2856//1315 3223//1315
f 3224//1316 2638//1316 2859//1316 3197//1316
f 2634//1297 3225//1297 3197//1297 2635//1297
f 2643//1311 3226//1311 3201//1311 2734//1311
f 3084//1297 3227//1297 3200//1297 3075//1297
f 3199//1317 2863//1317 2862//1317 3200//1317
f 3202//1318 2649//1318 2652//1318 3201//1318
f 3228//1311 3045//1311 2869//1311 3204//1311
f 2654//1317 3229//1317 3204//1317 2655//1317
f 2920//1318 3230//1318 3203//1318 2921//1318
f 2793//1143 2796//1143 3070//1143 3071//1143
f 3048//1319 3172//1319 3171//1319 3162//1319
f 3007//1318 3167//1318 3166//1318 3069//1318
f 3165//1297 3071//1297 3070//1297 3166//1297
f 3176//1320 2882//1320 2662//1320 3177//1320
f 3179//1321 2680//1321 3073//1321 3173//1321
f 2676//1318 3174//1318 3173//1318 2677//1318
f 3086//1317 3178//1317 3177//1317 2661//1317
f 3170//1311 2876//1311 3180//1311 3171//1311
f 3026//1255 3032//1255 2646//1145 2645//1145
f 3231//1318 3012//1318 2888//1318 3207//1318
f 2691//1322 3232//1322 3207//1322 2692//1322
f 3023//1297 3233//1297 3234//1297 3085//1297
f 3033//1297 3235//1297 3211//1297 3037//1297
f 2646//1311 3236//1311 3210//1311 2647//1311
f 3209//1323 2896//1323 2900//1323 3210//1323
f 3212//1317 2702//1317 2705//1317 3211//1317
f 2905//1324 3237//1324 3214//1324 2906//1324
f 3238//1325 2722//1325 2725//1325 3239//1325
f 3240//1326 2712//1326 2711//1326 3214//1326
f 2731//1317 3192//1317 3191//1317 2732//1317
f 2708//1318 3187//1318 3186//1318 2902//1318
f 3185//1297 2912//1297 2911//1297 3186//1297
f 3190//1311 2746//1311 2749//1311 3191//1311
f 2751//1311 3241//1311 3217//1311 2752//1311
f 3036//1297 3242//1297 3216//1297 3074//1297
f 3215//1317 2915//1317 2914//1317 3216//1317
f 3218//1318 2754//1318 2757//1318 3217//1318
f 2937//1327 3193//1327 3243//1327 2938//1327
f 3244//1298 3196//1298 3245//1298 3246//1298 3220//1298 3195//1298 3221//1298 3243//1298 3193//1298 3247//1298 3248//1298 3219//1298 3194//1298 3249//1298
f 2932//1328 3196//1328 3244//1328 2934//1328
f 2938//1329 3243//1329 3221//1329 2622//1329
f 3196//1313 2631//1313 2630//1313 3245//1313
f 3193//1312 3067//1312 2694//1312 3247//1312
f 3198//1330 2639//1330 2638//1330 3224//1330
f 3250//1331 2944//1331 2853//1331 3222//1331
f 2952//1332 3198//1332 3251//1332 2949//1332
f 3224//1333 3197//1333 3225//1333 3252//1333 3250//1333 3222//1333 3223//1333 3253//1333 3251//1333 3198//1333
f 2844//1318 3160//1318 3159//1318 2958//1318
f 2843//1317 3156//1317 3161//1317 3079//1317
f 3213//1311 2720//1311 2719//1311 3254//1311
f 3182//1334 2968//1334 2722//1334 3238//1334
f 2975//1335 3255//1335 3237//1335 2905//1335
f 2907//1318 3213//1318 3256//1318 2976//1318
f 2960//1336 3181//1336 3255//1336 2975//1336
f 3214//1298 3237//1298 3255//1298 3181//1298 3182//1298 3238//1298 3239//1298 3257//1298 3256//1298 3213//1298 3254//1298 3258//1298 3240//1298
f 2982//1318 3259//1318 3230//1318 2920//1318
f 2981//1318 3205//1318 3259//1318 2982//1318
f 3260//1298 3261//1298 3262//1298 3263//1298 3203//1298 3230//1298 3259//1298 3205//1298 3264//1298 3228//1298 3204//1298 3229//1298
f 3264//1337 2658//1337 3045//1337 3228//1337
f 3261//1297 2965//1297 2714//1297 3262//1297
f 3205//1338 2659//1338 2658//1338 3264//1338
f 2917//1297 3218//1297 3265//1297 2994//1297
f 2995//1311 3266//1311 3241//1311 2751//1311
f 2998//1311 3267//1311 3266//1311 2995//1311
f 3003//1311 3268//1311 3267//1311 2998//1311
f 3072//1339 3165//1339 3164//1339 3049//1339
f 3162//1150 3180//1150 2801//1150 2800//1150
f 2794//1340 3072//1340 3049//1340 3004//1340
f 2877//1318 3170//1318 3169//1318 3009//1318
f 3008//1341 3009//1341 3006//1341 3005//1341
f 3206//1342 3020//1342 3010//1342 3269//1342
f 3270//1343 3231//1343 3207//1343 3232//1343 3271//1343 3206//1343 3269//1343 3272//1343 3234//1343 3233//1343 3273//1343 3208//1343
f 3021//1344 3208//1344 3273//1344 3022//1344
f 3022//1345 3273//1345 3233//1345 3023//1345
f 3024//1311 3206//1311 3271//1311 3025//1311
f 3025//1346 3271//1346 3232//1346 2691//1346
f 3178//1347 2681//1347 2680//1347 3179//1347
f 3032//1348 3274//1348 3236//1348 2646//1348
f 2897//1349 3209//1349 3275//1349 3030//1349
f 3275//1298 3209//1298 3210//1298 3236//1298 3274//1298 3212//1298 3211//1298 3235//1298
f 3031//1350 3212//1350 3274//1350 3032//1350
f 3030//1351 3275//1351 3235//1351 3033//1351
f 2913//1318 3190//1318 3189//1318 3039//1318
f 3044//1352 3185//1352 3184//1352 3041//1352
f 3276//1298 3215//1298 3216//1298 3242//1298 3277//1298 3278//1298 3279//1298 3280//1298 3265//1298 3218//1298 3217//1298 3241//1298 3266//1298 3267//1298 3268//1298 3281//1298
f 3052//1311 3215//1311 3276//1311 3053//1311
f 3053//1311 3276//1311 3281//1311 3055//1311
f 3055//1311 3281//1311 3268//1311 3003//1311
f 3050//1297 3279//1297 3278//1297 3064//1297
f 3019//1353 3025//1353 2691//1353 2690//1353
f 3282//1298 3199//1298 3200//1298 3227//1298 3283//1298 3202//1298 3201//1298 3226//1298
f 3284//1298 3285//1298 3286//1298 3287//1298 3288//1298 3289//1298 3290//1298 3291//1298
f 3287//1301 3090//1301 3110//1301
f 3118//1306 3288//1306 3109//1306
f 3106//1308 3289//1308 3111//1308
f 3287//1317 3110//1317 3109//1317 3288//1317
f 3090//1311 3287//1311 3286//1311 3091//1311
f 3111//1297 3289//1297 3288//1297 3118//1297
f 3289//1323 3106//1323 3108//1323 3290//1323
f 3292//1306 3146//1306 3155//1306
f 3143//1301 3147//1301 3293//1301
f 3128//1354 3132//1354 3294//1354
f 3131//1355 3123//1355 3295//1355
f 3144//1311 3143//1311 3293//1311 3296//1311
f 3292//1317 3293//1317 3147//1317 3146//1317
f 3295//1356 3294//1356 3132//1356 3131//1356
f 3155//1297 3154//1297 3297//1297 3292//1297
f 3297//1298 3298//1298 3294//1298 3295//1298 3299//1298 3300//1298 3296//1298 3293//1298 3292//1298
f 3123//1357 3122//1357 3299//1357 3295//1357
usemtl Wall_Medium.009
f 3301//1146 3302//1146 3303//1146 3304//1146
f 3305//1142 3306//1142 3307//1142 3308//1142
f 3309//1142 3310//1142 3311//1142 3312//1142
f 3313//1146 3314//1146 3315//1146 3316//1146
f 3317//1146 3318//1146 3319//1146 3320//1146
f 3321//1296 3322//1296 3323//1358 3324//1358
f 3325//1142 3326//1142 3327//1142 3328//1142
f 3329//1143 3330//1143 3331//1143 3332//1143
f 3333//1148 3334//1148 3335//1148 3336//1148
f 3337//1142 3338//1142 3339//1142 3340//1142
f 3341//1359 3342//1359 3343//1359 3344//1359
f 3345//1142 3346//1142 3306//1142 3305//1142
f 3347//1146 3348//1146 3349//1146 3350//1146
f 3351//1142 3352//1142 3346//1142 3345//1142
f 3353//1146 3354//1146 3355//1146 3356//1146
f 3357//1163 3358//1163 3309//1163
f 3359//1176 3360//1176 3361//1176
f 3312//1162 3319//1162 3362//1162
f 3302//1178 3363//1178 3364//1178
f 3365//1178 3316//1178 3366//1178
f 3328//1162 3313//1162 3367//1162
f 3332//1176 3335//1176 3368//1176
f 3334//1163 3369//1163 3370//1163
f 3371//1163 3372//1163 3337//1163
f 3373//1176 3374//1176 3375//1176
f 3344//1290 3349//1290 3376//1290
f 3348//1289 3377//1289 3378//1289
f 3379//1163 3380//1163 3351//1163
f 3381//1176 3382//1176 3383//1176
f 3308//1162 3355//1162 3384//1162
f 3385//1178 3386//1178 3387//1178
f 3388//1148 3389//1148 3390//1148 3358//1148
f 3309//1182 3312//1182 3362//1182 3357//1182
f 3302//1190 3301//1190 3391//1190 3363//1190
f 3363//1139 3359//1139 3361//1139 3364//1139
f 3392//1206 3361//1206 3360//1206 3393//1206
f 3394//1360 3362//1360 3319//1360 3318//1360
f 3316//1190 3315//1190 3395//1190 3366//1190
f 3329//1139 3332//1139 3368//1139 3396//1139
f 3327//1161 3314//1161 3313//1161 3328//1161
f 3325//1182 3328//1182 3367//1182 3397//1182
f 3365//1192 3367//1192 3313//1192 3316//1192
f 3370//1206 3368//1206 3335//1206 3334//1206
f 3398//1143 3399//1143 3400//1143 3373//1143
f 3374//1148 3401//1148 3402//1148 3372//1148
f 3348//1293 3347//1293 3403//1293 3377//1293
f 3398//1139 3373//1139 3375//1139 3404//1139
f 3371//1191 3375//1191 3374//1191 3372//1191
f 3378//1292 3376//1292 3349//1292 3348//1292
f 3405//1361 3406//1361 3407//1361 3380//1361
f 3385//1190 3408//1190 3409//1190 3386//1190
f 3386//1139 3381//1139 3383//1139 3387//1139
f 3307//1161 3356//1161 3355//1161 3308//1161
f 3410//1192 3384//1192 3355//1192 3354//1192
f 3387//1192 3411//1192 3412//1192 3385//1192
f 3382//1148 3413//1148 3414//1148 3415//1148
f 3383//1141 3416//1141 3417//1141 3379//1141 3418//1141 3419//1141 3384//1141 3410//1141 3420//1141 3411//1141 3387//1141
f 3421//1362 3422//1362 3326//1362 3325//1362
f 3423//1363 3394//1363 3318//1363 3424//1363
f 3304//1146 3303//1146 3424//1146 3425//1146
f 3392//1141 3426//1141 3357//1141 3362//1141 3394//1141 3423//1141 3427//1141 3364//1141 3361//1141
f 3425//1146 3424//1146 3318//1146 3317//1146
f 3377//1364 3403//1364 3322//1296 3321//1296
f 3366//1365 3395//1365 3428//1365 3429//1365
f 3429//1366 3428//1366 3430//1366 3431//1366
f 3369//1367 3432//1367 3433//1367 3434//1367
f 3369//1368 3434//1368 3435//1368 3370//1368
f 3431//1143 3430//1143 3330//1143 3329//1143
f 3436//1141 3437//1141 3396//1141 3368//1141 3370//1141 3435//1141 3438//1141 3397//1141 3367//1141 3365//1141
f 3431//1139 3329//1139 3396//1139 3437//1139
f 3337//1182 3340//1182 3439//1182 3371//1182
f 3343//1291 3350//1291 3349//1291 3344//1291
f 3324//1369 3323//1369 3399//1369 3398//1369
f 3439//1141 3440//1141 3376//1141 3378//1141 3441//1141 3442//1141 3404//1141 3375//1141 3371//1141
f 3331//1181 3336//1181 3335//1181 3332//1181
f 3443//1370 3444//1370 3354//1370 3353//1370
f 3372//1150 3402//1150 3338//1150 3337//1150
f 3400//1181 3401//1181 3374//1181 3373//1181
f 3434//1371 3433//1371 3422//1371 3421//1371
f 3360//1148 3445//1148 3446//1148 3393//1148
f 3393//1148 3446//1148 3389//1148 3388//1148
f 3311//1161 3320//1161 3319//1161 3312//1161
f 3447//1181 3445//1181 3360//1181 3359//1181
f 3358//1150 3390//1150 3310//1150 3309//1150
f 3363//1143 3391//1143 3447//1143 3359//1143
f 3448//1372 3412//1372 3444//1372 3443//1372
f 3408//1146 3385//1146 3412//1146 3448//1146
f 3415//1373 3414//1373 3406//1373 3405//1373
f 3449//1181 3413//1181 3382//1181 3381//1181
f 3380//1150 3407//1150 3352//1150 3351//1150
f 3386//1143 3409//1143 3449//1143 3381//1143
f 3377//1374 3321//1374 3441//1374 3378//1374
f 3340//1285 3339//1285 3342//1285 3341//1285
f 3416//1191 3383//1191 3382//1191 3415//1191
f 3351//1182 3345//1182 3418//1182 3379//1182
f 3450//1301 3310//1301 3390//1301
f 3447//1306 3451//1306 3445//1306
f 3311//1300 3452//1300 3320//1300
f 3301//1308 3453//1308 3391//1308
f 3454//1308 3395//1308 3315//1308
f 3327//1300 3455//1300 3314//1300
f 3331//1306 3456//1306 3336//1306
f 3333//1301 3457//1301 3432//1301
f 3458//1301 3338//1301 3402//1301
f 3400//1306 3459//1306 3401//1306
f 3343//1355 3460//1355 3350//1355
f 3347//1354 3461//1354 3403//1354
f 3462//1301 3352//1301 3407//1301
f 3449//1306 3463//1306 3413//1306
f 3307//1300 3464//1300 3356//1300
f 3408//1308 3465//1308 3409//1308
f 3310//1311 3450//1311 3452//1311 3311//1311
f 3391//1297 3453//1297 3451//1297 3447//1297
f 3466//1317 3446//1317 3445//1317 3451//1317
f 3467//1375 3317//1375 3320//1375 3452//1375
f 3330//1297 3468//1297 3456//1297 3331//1297
f 3326//1311 3469//1311 3455//1311 3327//1311
f 3454//1318 3315//1318 3314//1318 3455//1318
f 3457//1376 3333//1376 3336//1376 3456//1376
f 3399//1297 3470//1297 3459//1297 3400//1297
f 3458//1376 3402//1376 3401//1376 3459//1376
f 3461//1356 3347//1356 3350//1356 3460//1356
f 3409//1297 3465//1297 3463//1297 3449//1297
f 3471//1318 3353//1318 3356//1318 3464//1318
f 3465//1323 3408//1323 3448//1323 3472//1323
f 3463//1298 3465//1298 3472//1298 3473//1298 3471//1298 3464//1298 3474//1298 3475//1298 3462//1298 3476//1298 3477//1298
f 3478//1377 3425//1377 3317//1377 3467//1377
f 3466//1298 3451//1298 3453//1298 3479//1298 3478//1298 3467//1298 3452//1298 3450//1298 3480//1298
f 3432//1378 3457//1378 3481//1378 3433//1378
f 3482//1298 3454//1298 3455//1298 3469//1298 3483//1298 3481//1298 3457//1298 3456//1298 3468//1298 3484//1298
f 3430//1297 3484//1297 3468//1297 3330//1297
f 3338//1311 3458//1311 3485//1311 3339//1311
f 3485//1298 3458//1298 3459//1298 3470//1298 3486//1298 3487//1298 3461//1298 3460//1298 3488//1298
f 3403//1379 3461//1379 3487//1379 3322//1379
f 3477//1317 3414//1317 3413//1317 3463//1317
f 3352//1311 3462//1311 3475//1311 3346//1311
f 3334//1150 3333//1150 3432//1150 3369//1150
usemtl Wall_Highlights.009
f 2923//1178 2619//1178 2618//1178
f 3080//1178 2942//1178 2943//1178
f 2858//1162 3083//1162 2855//1162
f 2967//1176 2989//1176 2964//1176
f 2894//1176 2893//1176 2886//1176
f 2962//1380 2724//1380 2909//1380
f 2955//1381 2923//1381 2618//1381 2628//1381
f 2936//1382 2766//1382 2765//1382 2927//1382
f 2951//1182 3083//1182 2858//1182 2947//1182
f 2987//1383 2786//1383 2788//1383 2716//1383
f 3016//1384 2894//1384 2886//1384 2885//1384
f 3066//1385 2962//1385 2909//1385 2978//1385
f 3341//1386 3344//1386 3376//1386 3440//1386
f 3305//1387 3308//1387 3384//1387 3419//1387
f 2933//1388 2936//1388 2927//1388 2926//1388
f 2930//1389 2850//1389 2851//1389 2940//1389
f 2928//1390 2848//1390 2846//1390 2696//1390
f 2929//1391 2928//1391 2696//1391 2695//1391
f 2931//1392 2930//1392 2940//1392 2629//1392
f 2945//1393 2951//1393 2947//1393 2946//1393
f 2953//1394 2633//1394 2861//1394 2948//1394
f 3080//1395 2953//1395 2948//1395 2942//1395
f 2957//1396 2955//1396 2628//1396 2627//1396
f 3411//1397 3420//1397 3444//1397 3412//1397
f 3420//1398 3410//1398 3354//1398 3444//1398
f 3379//1399 3417//1399 3405//1399 3380//1399
f 3417//1400 3416//1400 3415//1400 3405//1400
f 2963//1401 2977//1401 2969//1401 2718//1401
f 2973//1402 3066//1402 2978//1402 2974//1402
f 2967//1403 2984//1403 2985//1403 2989//1403
f 2984//1404 2653//1404 2872//1404 2985//1404
f 2988//1405 2987//1405 2716//1405 2715//1405
f 3427//1406 3423//1406 3424//1406 3303//1406
f 3426//1407 3392//1407 3393//1407 3388//1407
f 3357//1408 3426//1408 3388//1408 3358//1408
f 3364//1409 3427//1409 3303//1409 3302//1409
f 2990//1410 3002//1410 3059//1410 2991//1410
f 3002//1411 3051//1411 3060//1411 3059//1411
f 3005//1412 2878//1412 2671//1412 2670//1412
f 3046//1413 2875//1413 2666//1413 2665//1413
f 2810//1414 3014//1414 2698//1414 2701//1414
f 3013//1415 3016//1415 2885//1415 3011//1415
f 3014//1416 2889//1416 2890//1416 2698//1416
f 2689//1417 2688//1417 2880//1417 2797//1417
f 3421//1418 3325//1418 3397//1418 3438//1418
f 3366//1419 3429//1419 3436//1419 3365//1419
f 3434//1420 3421//1420 3438//1420 3435//1420
f 3429//1421 3431//1421 3437//1421 3436//1421
f 3038//1422 2706//1422 2741//1422 2740//1422
f 3040//1423 3043//1423 2736//1423 2745//1423
f 3043//1424 2730//1424 2737//1424 2736//1424
f 2706//1425 2709//1425 2742//1425 2741//1425
f 3324//1426 3398//1426 3404//1426 3442//1426
f 3321//1427 3324//1427 3442//1427 3441//1427
f 3340//1428 3341//1428 3440//1428 3439//1428
f 3004//1429 3046//1429 2665//1429 2674//1429
f 3008//1430 3005//1430 2670//1430 2669//1430
f 3063//1431 3034//1431 3062//1431 3061//1431
f 3034//1432 2918//1432 2919//1432 3062//1432
f 2977//1433 2910//1433 2713//1433 2969//1433
f 2688//1434 2687//1434 2881//1434 2880//1434
f 3078//1435 2866//1435 2867//1435 3088//1435
f 2779//1436 2641//1436 3087//1436 2777//1436
f 2784//1437 3078//1437 3088//1437 2785//1437
f 2641//1438 2644//1438 2864//1438 3087//1438
f 3345//1439 3305//1439 3419//1439 3418//1439
f 3094//1440 3093//1440 3114//1440 3119//1440
f 3115//1162 3114//1162 3093//1162
f 3116//1441 3115//1441 3093//1441 3100//1441
f 3092//1442 3116//1442 3100//1442 3099//1442
f 3095//1443 3094//1443 3119//1443 3107//1443
f 3130//1444 3153//1444 3141//1444 3127//1444
f 3125//1445 3151//1445 3148//1445 3145//1445
f 3121//1446 3152//1446 3151//1446 3125//1446
f 3150//1447 3149//1447 3153//1447 3130//1447
f 2922//1308 3157//1308 2840//1308
f 3081//1308 2944//1308 3250//1308
f 3223//1300 2856//1300 3082//1300
f 2966//1306 2965//1306 3261//1306
f 3234//1306 2887//1306 3085//1306
f 2961//1448 3239//1448 2725//1448
f 2956//1449 3158//1449 3157//1449 2922//1449
f 2935//1450 3249//1450 3194//1450 3068//1450
f 2950//1311 3253//1311 3223//1311 3082//1311
f 3263//1451 2717//1451 2868//1451 3203//1451
f 3272//1452 2884//1452 2887//1452 3234//1452
f 3065//1453 3257//1453 3239//1453 2961//1453
f 3342//1454 3488//1454 3460//1454 3343//1454
f 3306//1455 3474//1455 3464//1455 3307//1455
f 2934//1456 3244//1456 3249//1456 2935//1456
f 3246//1457 2941//1457 2939//1457 3220//1457
f 3248//1458 2697//1458 2845//1458 3219//1458
f 3247//1459 2694//1459 2697//1459 3248//1459
f 3245//1460 2630//1460 2941//1460 3246//1460
f 2949//1461 3251//1461 3253//1461 2950//1461
f 2954//1462 3252//1462 3225//1462 2634//1462
f 3081//1463 3250//1463 3252//1463 2954//1463
f 2958//1464 3159//1464 3158//1464 2956//1464
f 3472//1465 3448//1465 3443//1465 3473//1465
f 3473//1466 3443//1466 3353//1466 3471//1466
f 3462//1467 3407//1467 3406//1467 3476//1467
f 3476//1468 3406//1468 3414//1468 3477//1468
f 3254//1469 2719//1469 2970//1469 3258//1469
f 2976//1470 3256//1470 3257//1470 3065//1470
f 2966//1471 3261//1471 3260//1471 2983//1471
f 2983//1472 3260//1472 3229//1472 2654//1472
f 3262//1473 2714//1473 2717//1473 3263//1473
f 3479//1474 3304//1474 3425//1474 3478//1474
f 3480//1475 3389//1475 3446//1475 3466//1475
f 3450//1476 3390//1476 3389//1476 3480//1476
f 3453//1477 3301//1477 3304//1477 3479//1477
f 2994//1478 3265//1478 3280//1478 3001//1478
f 3001//1479 3280//1479 3279//1479 3050//1479
f 3006//1480 3168//1480 3167//1480 3007//1480
f 3047//1481 3163//1481 3172//1481 3048//1481
f 3208//1482 2700//1482 2699//1482 3270//1482
f 3269//1483 3010//1483 2884//1483 3272//1483
f 3270//1484 2699//1484 3012//1484 3231//1484
f 3174//1485 2883//1485 2879//1485 3175//1485
f 3422//1486 3483//1486 3469//1486 3326//1486
f 3395//1487 3454//1487 3482//1487 3428//1487
f 3433//1488 3481//1488 3483//1488 3422//1488
f 3428//1489 3482//1489 3484//1489 3430//1489
f 3039//1490 3189//1490 3188//1490 2707//1490
f 3041//1491 3184//1491 3183//1491 3042//1491
f 3042//1492 3183//1492 3192//1492 2731//1492
f 2707//1493 3188//1493 3187//1493 2708//1493
f 3323//1494 3486//1494 3470//1494 3399//1494
f 3322//1495 3487//1495 3486//1495 3323//1495
f 3339//1496 3485//1496 3488//1496 3342//1496
f 3049//1497 3164//1497 3163//1497 3047//1497
f 3009//1498 3169//1498 3168//1498 3006//1498
f 3064//1499 3278//1499 3277//1499 3035//1499
f 3035//1500 3277//1500 3242//1500 3036//1500
f 3258//1501 2970//1501 2712//1501 3240//1501
f 3175//1502 2879//1502 2882//1502 3176//1502
f 3077//1503 3283//1503 3227//1503 3084//1503
f 3076//1504 3199//1504 3282//1504 2642//1504
f 2865//1505 3202//1505 3283//1505 3077//1505
f 2642//1506 3282//1506 3226//1506 2643//1506
f 3346//1507 3475//1507 3474//1507 3306//1507
f 3291//1508 3120//1508 3113//1508 3284//1508
f 3112//1300 3284//1300 3113//1300
f 3117//1509 3285//1509 3284//1509 3112//1509
f 3091//1510 3286//1510 3285//1510 3117//1510
f 3290//1511 3108//1511 3120//1511 3291//1511
f 3129//1512 3128//1512 3294//1512 3298//1512
f 3126//1513 3144//1513 3296//1513 3300//1513
f 3122//1514 3126//1514 3300//1514 3299//1514
f 3154//1515 3129//1515 3298//1515 3297//1515
o Wall_Modular_Cube.008_Wall_Modular_Cube.009
v -0.959325 3.666415 0.187055
v -0.959325 3.943581 0.187055
v -0.926284 3.943581 0.160682
v -0.926284 3.666415 0.160682
v -0.888602 3.574320 -1.087682
v -0.661090 3.574320 -1.087682
v -0.661090 3.563545 -0.355776
v -0.888602 3.563545 -0.355776
v -0.959325 3.666415 0.673256
v -0.959325 3.943581 0.673256
v -0.959325 3.943581 0.473790
v -0.959325 3.930507 0.323207
v -0.888602 3.795294 -0.329402
v -0.661090 3.795294 -0.329402
v -0.661090 3.943581 -0.329402
v -0.888602 3.943581 -0.329402
v -0.844018 3.804894 -0.341069
v -0.705674 3.804894 -0.341069
v -0.705674 3.398570 -0.341069
v -0.844018 3.398570 -0.341069
v -0.844018 3.380866 -0.011229
v -0.705674 3.380866 -0.011229
v -0.705674 3.379570 0.141847
v -0.844018 3.379570 0.141847
v -0.948806 3.281070 -0.848938
v -0.600886 3.281070 -0.848938
v -0.600886 3.329508 -0.848938
v -0.948806 3.329508 -0.848938
v -0.948806 2.782324 1.393264
v -0.600886 2.782324 1.393264
v -0.600885 3.143561 1.393264
v -0.948807 3.143561 1.393264
v -0.600886 3.566755 -1.350056
v -0.948806 3.566755 -1.350056
v -0.948806 3.566755 -0.875312
v -0.600886 3.566755 -0.875312
v -0.888602 2.831857 -0.327395
v -0.661090 2.831857 -0.327395
v -0.661090 2.831857 0.143183
v -0.888602 2.831857 0.143183
v -0.888602 2.947327 0.158340
v -0.661090 2.947327 0.158340
v -0.661090 3.361708 0.169557
v -0.888602 3.361708 0.169557
v -0.661090 1.962995 1.366891
v -0.661090 1.981995 1.393264
v -0.888602 1.981995 1.393264
v -0.888602 1.962995 1.366891
v -0.976773 2.005810 -0.481017
v -0.985033 1.978538 -0.386727
v -0.981847 1.981996 -0.188775
v -0.981847 2.309195 -0.188775
v -0.981847 2.309195 -0.303599
v -0.981847 2.296265 -0.361010
v -0.981847 2.309195 -0.418423
v -0.981847 2.309195 -1.354147
v -0.981847 1.981996 -1.354147
v -0.976859 1.993753 -0.785948
v -0.888602 2.438464 1.366891
v -0.661090 2.438464 1.366891
v -0.661090 2.438464 0.377890
v -0.888602 2.438464 0.377890
v -0.888602 2.346362 0.347892
v -0.661090 2.346362 0.347892
v -0.661090 1.981995 0.351516
v -0.888602 1.981995 0.351516
v -0.921643 2.419464 0.377890
v -0.921643 2.346362 0.389315
v -0.921643 1.981995 0.377890
v -0.921643 1.981995 1.366891
v -0.921643 2.263378 1.361164
v -0.921643 2.346362 1.347448
v -0.921643 2.419464 1.366891
v -0.849517 2.257739 0.343801
v -0.700175 2.257739 0.343801
v -0.700175 2.527006 0.363183
v -0.849517 2.527006 0.363183
v -0.661090 3.709479 -1.380520
v -0.888602 3.709479 -1.380520
v -0.888602 3.772574 -1.383935
v -0.661090 3.772574 -1.383935
v -0.849517 2.546006 0.046217
v -0.700175 2.546006 0.046217
v -0.700175 2.546006 -0.146841
v -0.849517 2.546006 -0.146841
v -0.600886 2.435255 1.366891
v -0.948806 2.435255 1.366891
v -0.948806 2.435255 0.878870
v -0.600886 2.435255 0.878870
v -0.948806 2.830193 0.230688
v -0.600886 2.830193 0.230688
v -0.600886 2.832115 0.202985
v -0.948806 2.832115 0.202985
v -0.925202 2.850857 0.856108
v -0.624490 2.850857 0.856108
v -0.624490 3.206602 0.855628
v -0.925202 3.206602 0.855628
v -0.661090 2.918824 -0.863005
v -0.888602 2.918824 -0.863005
v -0.888602 2.970671 -0.860979
v -0.661090 2.970671 -0.860979
v -0.925202 3.464349 0.856108
v -0.624490 3.464349 0.856108
v -0.624490 3.631708 0.856108
v -0.925202 3.631708 0.856108
v -0.624490 3.464349 0.178842
v -0.925202 3.464349 0.178842
v -0.925202 3.631708 0.164239
v -0.624490 3.631708 0.164239
v -0.958243 2.850857 0.190613
v -0.958243 3.404573 0.190613
v -0.925202 3.404573 0.164239
v -0.925202 2.850857 0.164239
v -0.948806 2.542433 0.090439
v -0.600886 2.542433 0.090439
v -0.600886 2.542433 0.335327
v -0.948806 2.542433 0.335327
v -0.600886 3.547755 -0.848938
v -0.948806 3.547755 -0.848938
v -0.981847 2.585750 0.031667
v -0.981847 2.561433 0.090439
v -0.981847 2.561433 0.335327
v -0.981847 2.813115 0.335327
v -0.981847 2.813115 0.309139
v -0.981847 2.798150 0.230688
v -0.981847 2.813115 0.202985
v -0.981847 2.813115 -0.303116
v -0.981847 2.561433 -0.303116
v -0.981847 2.569905 -0.015715
v -0.600886 2.813115 0.361700
v -0.948806 2.813115 0.361700
v -0.948806 2.561433 0.361700
v -0.600886 2.561433 0.361700
v -0.850811 2.890056 -0.848938
v -0.698881 2.890056 -0.848938
v -0.698881 3.010316 -0.848938
v -0.850811 3.010316 -0.848938
v -0.698881 3.029316 -1.350056
v -0.850811 3.029316 -1.350056
v -0.850811 3.029316 -0.875312
v -0.698881 3.029316 -0.875312
v -0.926284 3.943581 0.699630
v -0.926284 3.962581 0.673256
v -0.926284 3.647415 0.673256
v -0.926284 3.666415 0.699630
v -0.888602 3.563545 -1.354147
v -0.910021 3.576453 -1.371601
v -0.888602 3.582545 -1.380520
v -0.910021 3.949673 -1.371601
v -0.888602 3.962581 -1.354147
v -0.888602 3.943581 -1.380520
v -0.888602 3.582545 -0.329402
v -0.910021 3.576453 -0.338322
v -0.888602 3.962581 -0.355776
v -0.910021 3.949673 -0.338322
v -0.926284 3.647415 0.187055
v -0.844018 3.379570 -0.314695
v -0.877059 3.398570 -0.314695
v -0.844018 3.398570 0.168220
v -0.876989 3.408577 0.131428
v -0.981847 3.046613 -0.875312
v -0.948806 3.027613 -0.875312
v -0.948806 3.046613 -0.848938
v -0.948806 3.046613 -1.376430
v -0.948806 3.027613 -1.350056
v -0.981847 3.046613 -1.350056
v -0.981847 3.547755 -0.875312
v -0.948806 3.547755 -1.376430
v -0.981847 3.547755 -1.350056
v -0.921643 3.361708 -0.836632
v -0.888602 3.380708 -0.836632
v -0.888602 3.361708 -0.863005
v -0.888602 2.850857 0.169557
v -0.921643 2.850857 0.143183
v -0.888602 3.380708 0.143183
v -0.921643 3.361708 0.143183
v -0.948806 1.981996 -1.380520
v -0.948806 1.962996 -1.354147
v -0.948806 2.328195 -1.354147
v -0.948806 2.309195 -1.380520
v -0.888602 2.419464 1.393264
v -0.888602 2.419464 0.351516
v -0.888602 1.962995 0.377890
v -0.948806 1.962996 -0.188775
v -0.948806 1.981996 -0.162401
v -0.948806 2.309195 -0.162401
v -0.948806 2.328195 -0.188775
v -0.849517 1.980431 0.363183
v -0.882558 1.980431 0.336809
v -0.849517 1.961431 0.336809
v -0.849517 2.546006 0.336809
v -0.882558 2.527006 0.336809
v -0.849517 2.527006 -0.173215
v -0.882558 2.527006 -0.146841
v -0.981847 3.143561 0.878870
v -0.948806 3.162561 0.878870
v -0.948806 3.143561 0.852496
v -0.948807 3.162561 1.366891
v -0.981847 3.143561 1.366891
v -0.948806 2.454255 0.852496
v -0.981847 2.454255 0.878870
v -0.948806 2.454255 1.393264
v -0.981847 2.454255 1.366891
v -0.958243 3.631708 0.829734
v -0.925202 3.650708 0.829734
v -0.925202 2.828315 0.829734
v -0.958243 2.850857 0.829734
v -0.925202 2.828315 0.190613
v -0.948806 2.561433 -0.329490
v -0.948806 2.542433 -0.303116
v -0.948806 2.832115 -0.303116
v -0.948806 2.813115 -0.329490
v -0.948806 2.832115 0.335327
v -0.883852 2.342063 -0.875312
v -0.850811 2.323063 -0.875312
v -0.850811 2.342063 -0.848938
v -0.850811 2.342063 -1.376430
v -0.850811 2.323063 -1.350056
v -0.883852 2.342063 -1.350056
v -0.883852 3.010316 -0.875312
v -0.850811 3.010316 -1.376430
v -0.883852 3.010316 -1.350056
v -0.623408 3.666415 0.160682
v -0.623408 3.943581 0.160682
v -0.623408 3.666415 0.699630
v -0.623408 3.943581 0.699630
v -0.623408 3.647415 0.187055
v -0.623408 3.962581 0.673256
v -0.661090 3.799035 -1.380520
v -0.888602 3.799035 -1.380520
v -0.661090 3.943581 -1.380520
v -0.910021 3.799978 -1.371601
v -0.661090 3.582545 -0.329402
v -0.910021 3.701001 -0.338322
v -0.888602 3.703463 -0.329402
v -0.910021 3.587611 -1.095643
v -0.705674 3.964145 0.063271
v -0.844018 3.964145 0.063271
v -0.844018 3.964145 0.141847
v -0.705674 3.964145 0.141847
v -0.877059 3.922327 0.048580
v -0.877059 3.945145 0.141847
v -0.705674 3.379570 -0.314695
v -0.877080 3.414948 -0.016345
v -0.877059 3.804894 -0.314695
v -0.600886 3.027613 -1.350056
v -0.600886 3.027613 -0.875312
v -0.981847 3.329508 -0.875312
v -0.600886 3.547755 -1.376430
v -0.948806 3.366486 -1.376430
v -0.981847 3.366486 -1.350056
v -0.661090 3.361708 -0.863005
v -0.661090 2.850857 0.169557
v -0.921643 2.918824 0.143183
v -0.888602 2.918824 0.169557
v -0.921643 2.850857 -0.327395
v -0.888602 3.380708 -0.536744
v -0.921643 3.361708 -0.536744
v -0.948806 1.962996 -0.400513
v -0.600886 2.309195 -0.162401
v -0.600886 2.328195 -0.188775
v -0.948806 2.328195 -0.418423
v -0.661090 2.346362 1.391185
v -0.888602 2.346362 1.391185
v -0.888602 2.263378 1.391827
v -0.661090 2.263378 1.391827
v -0.661090 2.419464 1.393264
v -0.700175 1.968974 0.177829
v -0.849517 1.968974 0.177829
v -0.849517 1.961431 -0.146841
v -0.700175 1.961431 -0.146841
v -0.700175 2.546006 0.336809
v -0.882558 2.527006 0.156088
v -0.849517 2.546006 0.156088
v -0.882558 2.257739 0.317427
v -0.849517 2.076316 -0.173215
v -0.849517 1.980431 -0.173215
v -0.882558 1.980431 -0.146841
v -0.882558 2.076316 -0.146841
v -0.600886 3.162561 0.878870
v -0.600886 3.143561 0.852496
v -0.948806 2.760428 0.852496
v -0.981847 2.760428 0.878870
v -0.600885 3.162561 1.366891
v -0.981847 2.782324 1.366891
v -0.600886 2.832115 -0.303116
v -0.925202 2.828315 0.706479
v -0.958243 2.850857 0.706479
v -0.624490 2.828315 0.706479
v -0.624490 2.828315 0.829734
v -0.624490 3.650708 0.829734
v -0.958243 3.464349 0.220655
v -0.958243 3.631708 0.190613
v -0.958243 3.206603 0.826025
v -0.600886 2.813115 -0.329490
v -0.600886 2.561433 -0.329490
v -0.600886 2.832115 0.335327
v -0.698881 2.323063 -1.350056
v -0.698881 2.323063 -0.875312
v -0.883852 2.890056 -0.875312
v -0.698881 3.010316 -1.376430
v -0.850811 2.407473 -1.376430
v -0.883852 2.407473 -1.350056
v -0.661090 3.380708 -0.536744
v -0.661090 3.380708 -0.836632
v -0.623408 3.962581 0.187055
v -0.926284 3.962581 0.187055
v -0.888602 3.563545 -1.250930
v -0.910021 3.576453 -1.264707
v -0.910021 3.949673 -1.095643
v -0.910021 3.927038 -1.264707
v -0.910021 3.772574 -1.345786
v -0.910021 3.707231 -1.371601
v -0.910021 3.728405 -0.365212
v -0.910021 3.796103 -0.338322
v -0.661090 3.962581 -0.355776
v -0.888602 3.962581 -1.087682
v -0.661090 3.962581 -1.087682
v -0.661090 3.962195 -1.250930
v -0.888602 3.962195 -1.250930
v -0.661090 3.563545 -1.354147
v -0.661090 3.563545 -1.250930
v -0.661090 3.703463 -0.329402
v -0.888602 3.729925 -0.334392
v -0.661090 3.729925 -0.334392
v -0.877059 3.945145 -0.314695
v -0.844018 3.964145 -0.314695
v -0.705674 3.964145 -0.314695
v -0.844018 3.804894 0.158883
v -0.877059 3.804894 0.114843
v -0.877059 3.866672 0.141847
v -0.877059 3.866672 -0.290808
v -0.705674 3.804894 0.158883
v -0.705674 3.866672 0.168220
v -0.844018 3.866672 0.168220
v -0.705674 3.398570 0.168220
v -0.844018 3.866672 -0.327899
v -0.705674 3.866672 -0.327899
v -0.926284 3.962817 0.323207
v -0.623408 3.962817 0.323207
v -0.926284 3.962581 0.473790
v -0.623408 3.962581 0.473790
v -0.624490 2.850857 0.164239
v -0.624490 2.828315 0.190613
v -0.624490 3.648429 0.189858
v -0.925202 3.648429 0.189858
v -0.958243 3.464349 0.829734
v -0.888602 2.850857 -0.863005
v -0.661090 2.850857 -0.863005
v -0.661090 2.831857 -0.836632
v -0.888602 2.831857 -0.836632
v -0.624490 3.404573 0.164239
v -0.925202 3.404573 0.855146
v -0.624490 3.404573 0.855146
v -0.925202 2.828315 0.474312
v -0.958243 2.868096 0.474312
v -0.925202 3.650708 0.543459
v -0.958243 3.631708 0.543459
v -0.624490 2.828315 0.474312
v -0.624490 3.650708 0.543459
v -0.958243 3.404573 0.803769
v -0.958243 3.611506 0.450382
v -0.888602 3.380708 -0.474528
v -0.921643 3.361708 -0.474528
v -0.661090 3.380708 0.143183
v -0.661090 3.380708 -0.474528
v -0.661090 2.832115 -0.458158
v -0.888602 2.832115 -0.458158
v -0.921643 2.867917 -0.458158
v -0.921643 2.947327 0.131966
v -0.921643 2.970671 -0.810459
v -0.921643 2.918824 -0.836632
v -0.921643 2.850857 -0.836632
v -0.850811 2.890056 -1.376430
v -0.883852 2.890056 -1.350056
v -0.850811 2.820940 -0.848938
v -0.883852 2.820940 -0.875312
v -0.698881 2.890056 -1.376430
v -0.698881 2.820940 -0.848938
v -0.850811 2.775295 -0.848938
v -0.883852 2.775295 -0.875312
v -0.698881 2.775295 -0.848938
v -0.850811 2.449148 -0.848938
v -0.883852 2.449148 -0.875312
v -0.698881 2.820940 -1.372216
v -0.850811 2.820940 -1.372216
v -0.698881 2.449148 -0.848938
v -0.962118 1.971987 -0.776737
v -0.948806 2.315265 -0.361010
v -0.600886 2.315265 -0.361010
v -0.600886 2.328195 -0.418423
v -0.948806 2.328195 -0.303599
v -0.600886 2.328195 -0.303599
v -0.700175 1.961431 0.122011
v -0.849517 1.961431 0.122011
v -0.700175 2.546006 0.156088
v -0.884132 1.976397 0.129766
v -0.876558 2.507641 0.030754
v -0.882558 2.162284 -0.141856
v -0.878630 1.996042 0.159289
v -0.882558 2.171771 0.336809
v -0.849517 2.162284 -0.168230
v -0.849517 2.171771 0.363183
v -0.700175 1.961431 0.336809
v -0.700175 2.527006 -0.173215
v -0.700175 2.162284 -0.168230
v -0.700175 2.076316 -0.173215
v -0.700175 1.980431 0.363183
v -0.700175 2.171771 0.363183
v -0.948806 2.722717 1.393017
v -0.981847 2.722717 1.344457
v -0.948806 2.820035 0.856422
v -0.981847 2.820035 0.890835
v -0.600886 2.820035 0.856422
v -0.600886 2.454255 1.393264
v -0.600886 2.722717 1.393017
v -0.600886 2.760428 0.852496
v -0.850811 2.428310 -1.376677
v -0.698881 2.428310 -1.376677
v -0.698881 2.407473 -1.376430
v -0.600886 2.454255 0.852496
v -0.948806 2.832115 0.309139
v -0.600886 2.832115 0.309139
v -0.948806 2.546381 -0.015715
v -0.600886 2.546381 -0.015715
v -0.600886 2.546381 0.011988
v -0.948806 2.546381 0.011988
v -0.600886 2.542433 -0.303116
v -0.661090 2.918824 0.169557
v -0.948806 1.967894 -0.457925
v -0.600886 1.967894 -0.457925
v -0.600886 1.962996 -0.400513
v -0.587574 1.971987 -0.776737
v -0.698881 2.775295 -1.376430
v -0.850811 2.775295 -1.376430
v -0.698881 2.342063 -0.848938
v -0.698881 2.407473 -0.848938
v -0.850811 2.407473 -0.848938
v -0.698881 2.428310 -0.848938
v -0.850811 2.428310 -0.848938
v -0.883852 2.407473 -0.875312
v -0.883852 2.428310 -0.875312
v -0.883852 2.820940 -1.317751
v -0.883852 2.775295 -1.350056
v -0.883852 2.449148 -1.350056
v -0.883852 2.428310 -1.333854
v -0.850811 2.449148 -1.376430
v -0.698881 2.449148 -1.376430
v -0.624490 3.648073 0.451136
v -0.925202 3.648073 0.451136
v -0.661090 3.582545 -1.380520
v -0.661090 3.962581 -1.354147
v -0.600886 2.328195 -1.354147
v -0.600886 2.309195 -1.380520
v -0.600886 1.981996 -1.380520
v -0.600886 1.962996 -1.354147
v -0.661090 2.419464 0.351516
v -0.698881 2.342063 -1.376430
v -0.600886 3.046613 -1.376430
v -0.600886 3.046613 -0.848938
v -0.600886 3.414924 -1.376430
v -0.948806 3.414924 -1.376430
v -0.623408 3.647415 0.673256
v -0.844018 3.945145 -0.341069
v -0.705674 3.945145 -0.341069
v -0.705674 3.945145 0.168220
v -0.844018 3.945145 0.168220
v -0.600886 3.366486 -1.376430
v -0.700175 1.980431 -0.173215
v -0.661090 1.962995 0.377890
v -0.981847 3.281070 -0.891461
v -0.981847 3.414924 -1.324120
v -0.960841 3.662406 1.389844
v -0.588851 3.662406 1.389844
v -0.588851 3.741258 1.389844
v -0.960841 3.741258 1.389844
v -0.993882 3.947825 1.363471
v -0.993882 3.929812 1.298393
v -0.993882 3.947825 1.224790
v -0.993882 3.947825 0.722700
v -0.993882 3.662406 0.722700
v -0.993882 3.662406 1.363471
v -0.993882 3.741258 1.363471
v -0.993882 3.849739 1.345324
v -0.960841 3.643406 1.363471
v -0.960841 3.662406 0.696326
v -0.960841 3.643406 0.722700
v -0.960841 3.966825 0.722700
v -0.960841 3.947825 0.696326
v -0.588851 3.966825 0.722700
v -0.960841 3.966825 1.224790
v -0.588851 3.966825 1.224790
v -0.588851 3.643406 0.722700
v -0.588851 3.643406 1.363471
v -0.588851 3.947825 0.696326
v -0.588851 3.947825 1.389844
v -0.588851 3.966825 1.363471
v -0.960841 3.966825 1.363471
v -0.960841 3.947825 1.389844
v -0.960841 3.849739 1.390173
v -0.588851 3.849739 1.390173
v -0.588851 3.662406 0.696326
v -0.960841 3.966825 1.298393
v -0.588851 3.966825 1.298393
v -0.881006 2.751632 -0.330320
v -0.668686 2.751632 -0.330320
v -0.668686 2.819264 -0.327947
v -0.881006 2.819264 -0.327947
v -0.881006 2.697446 -0.331332
v -0.668686 2.697446 -0.331332
v -0.881006 2.819264 -0.851286
v -0.668686 2.819264 -0.851286
v -0.668686 2.775807 -0.852252
v -0.881006 2.775807 -0.852252
v -0.668686 2.833745 -0.354321
v -0.668686 2.833745 -0.824912
v -0.881006 2.833745 -0.824912
v -0.881006 2.833745 -0.354321
v -0.914047 2.562098 -0.824912
v -0.881006 2.562098 -0.851286
v -0.881006 2.543098 -0.824912
v -0.881006 2.562098 -0.327947
v -0.914047 2.562098 -0.354321
v -0.881006 2.543098 -0.354321
v -0.914047 2.819264 -0.824912
v -0.914047 2.819264 -0.354321
v -0.668686 2.562098 -0.327947
v -0.668686 2.661310 -0.327947
v -0.881006 2.661310 -0.327947
v -0.668686 2.543098 -0.824912
v -0.668686 2.543098 -0.354321
v -0.914047 2.661310 -0.354321
v -0.914047 2.739670 -0.824912
v -0.881006 2.739670 -0.851286
v -0.914047 2.697446 -0.384233
v -0.914047 2.751632 -0.353647
v -0.914047 2.775807 -0.808460
v -0.668686 2.739670 -0.851286
v -0.668686 2.562098 -0.851286
v -0.590367 3.666415 0.187055
v -0.590367 3.943581 0.187055
v -0.590367 3.930507 0.323207
v -0.590367 3.943581 0.473790
v -0.590367 3.943581 0.673256
v -0.590367 3.666415 0.673256
v -0.600886 1.962996 -0.188775
v -0.572919 2.005810 -0.481018
v -0.572833 1.993753 -0.785948
v -0.567845 1.981996 -1.354147
v -0.567845 2.309195 -1.354147
v -0.567845 2.309195 -0.418423
v -0.567845 2.296265 -0.361010
v -0.567845 2.309195 -0.303599
v -0.567845 2.309195 -0.188775
v -0.567845 1.981996 -0.188775
v -0.564659 1.978538 -0.386727
v -0.628049 2.419464 0.377890
v -0.628049 2.419464 1.366891
v -0.628049 2.346362 1.347448
v -0.628049 2.263378 1.361164
v -0.628049 1.981995 1.366891
v -0.628049 1.981995 0.377890
v -0.628049 2.346362 0.389315
v -0.600886 1.981996 -0.162401
v -0.591449 2.850857 0.190613
v -0.591449 3.404573 0.190613
v -0.567845 2.585750 0.031667
v -0.567845 2.569905 -0.015715
v -0.567845 2.561433 -0.303116
v -0.567845 2.813115 -0.303116
v -0.567845 2.813115 0.202985
v -0.567845 2.798150 0.230688
v -0.567845 2.813115 0.309139
v -0.567845 2.813115 0.335327
v -0.567845 2.561433 0.335327
v -0.567845 2.561433 0.090439
v -0.639671 3.576453 -1.371601
v -0.639671 3.949673 -1.371601
v -0.639671 3.576453 -0.338322
v -0.639671 3.949673 -0.338322
v -0.672633 3.398570 -0.314695
v -0.672703 3.408577 0.131428
v -0.567845 3.046613 -0.875312
v -0.567845 3.046613 -1.350056
v -0.567845 3.547755 -0.875312
v -0.567845 3.547755 -1.350056
v -0.628049 3.361708 -0.836632
v -0.628049 2.850857 0.143183
v -0.628049 3.361708 0.143183
v -0.667134 1.980431 0.336809
v -0.667134 2.527006 0.336809
v -0.667134 2.527006 -0.146841
v -0.567845 3.143561 0.878870
v -0.567845 3.143561 1.366891
v -0.567845 2.454255 0.878870
v -0.567845 2.454255 1.366891
v -0.591449 3.631708 0.829734
v -0.591449 2.850857 0.829734
v -0.665840 2.342063 -0.875312
v -0.665840 2.342063 -1.350056
v -0.665840 3.010316 -0.875312
v -0.665840 3.010316 -1.350056
v -0.639671 3.799978 -1.371601
v -0.639671 3.701001 -0.338322
v -0.639671 3.587611 -1.095643
v -0.672633 3.922327 0.048580
v -0.672633 3.945145 0.141847
v -0.672612 3.414948 -0.016345
v -0.672633 3.804894 -0.314695
v -0.567845 3.329508 -0.875312
v -0.567845 3.366486 -1.350056
v -0.628049 2.918824 0.143183
v -0.628049 2.850857 -0.327395
v -0.628049 3.361708 -0.536744
v -0.667134 2.527006 0.156088
v -0.667134 2.257739 0.317427
v -0.667134 2.076316 -0.146841
v -0.667134 1.980431 -0.146841
v -0.567845 2.760428 0.878870
v -0.567845 2.782324 1.366891
v -0.591449 2.850857 0.706479
v -0.591449 3.464349 0.220655
v -0.591449 3.631708 0.190613
v -0.591449 3.206603 0.826025
v -0.665840 2.890056 -0.875312
v -0.665840 2.407473 -1.350056
v -0.639671 3.576453 -1.264707
v -0.639671 3.949673 -1.095643
v -0.639671 3.796103 -0.338322
v -0.639671 3.728405 -0.365212
v -0.639671 3.707231 -1.371601
v -0.639671 3.772574 -1.345786
v -0.639671 3.927038 -1.264707
v -0.672633 3.945145 -0.314695
v -0.672633 3.804894 0.114843
v -0.672633 3.866672 -0.290808
v -0.672633 3.866672 0.141847
v -0.591449 3.464349 0.829734
v -0.591449 2.868096 0.474312
v -0.591449 3.631708 0.543459
v -0.591449 3.611506 0.450382
v -0.591449 3.404573 0.803769
v -0.628049 3.361708 -0.474528
v -0.628049 2.867917 -0.458158
v -0.628049 2.850857 -0.836632
v -0.628049 2.918824 -0.836632
v -0.628049 2.970671 -0.810459
v -0.628049 2.947327 0.131966
v -0.665840 2.890056 -1.350056
v -0.665840 2.820940 -0.875312
v -0.665840 2.775295 -0.875312
v -0.665840 2.449148 -0.875312
v -0.665560 1.976397 0.129766
v -0.673134 2.507641 0.030754
v -0.667134 2.171771 0.336809
v -0.671062 1.996042 0.159289
v -0.667134 2.162284 -0.141856
v -0.567845 2.722717 1.344457
v -0.567845 2.820035 0.890835
v -0.665840 2.407473 -0.875312
v -0.665840 2.428310 -1.333854
v -0.665840 2.449148 -1.350056
v -0.665840 2.775295 -1.350056
v -0.665840 2.820940 -1.317751
v -0.665840 2.428310 -0.875312
v -0.567845 3.281070 -0.891461
v -0.567845 3.414924 -1.324120
v -0.555810 3.947825 1.363471
v -0.555810 3.849739 1.345324
v -0.555810 3.741258 1.363471
v -0.555810 3.662406 1.363471
v -0.555810 3.662406 0.722700
v -0.555810 3.947825 0.722700
v -0.555810 3.947825 1.224790
v -0.555810 3.929812 1.298393
v -0.635645 2.562098 -0.824912
v -0.635645 2.562098 -0.354321
v -0.635645 2.819264 -0.824912
v -0.635645 2.819264 -0.354321
v -0.635645 2.661310 -0.354321
v -0.635645 2.739670 -0.824912
v -0.635645 2.775807 -0.808460
v -0.635645 2.751632 -0.353647
v -0.635645 2.697446 -0.384233
v -0.694947 3.566755 -0.836908
v -0.854745 3.566755 -0.836908
v -0.854745 3.566755 -0.722520
v -0.694947 3.566755 -0.722520
v -0.925616 3.500815 1.387857
v -0.624076 3.500815 1.387857
v -0.624076 3.630156 1.387857
v -0.925616 3.630156 1.387857
v -0.854745 3.396833 -0.334426
v -0.694947 3.396833 -0.334426
v -0.694947 3.547755 -0.334426
v -0.854745 3.547755 -0.334426
v -0.849541 2.834864 0.840465
v -0.700151 2.834864 0.840465
v -0.700151 2.834864 0.382913
v -0.849541 2.834864 0.382913
v -0.694947 3.566755 -0.487226
v -0.854745 3.566755 -0.487226
v -0.854745 3.566755 -0.360799
v -0.694947 3.566755 -0.360799
v -0.925616 2.463406 -0.849878
v -0.624076 2.463406 -0.849878
v -0.624076 2.409221 -0.848868
v -0.925616 2.409221 -0.848868
v -0.849541 2.637421 0.866839
v -0.700151 2.637421 0.866839
v -0.700151 2.815864 0.866839
v -0.849541 2.815864 0.866839
v -0.849541 2.505937 0.356539
v -0.700151 2.505937 0.356539
v -0.700151 2.454255 0.356539
v -0.849541 2.454255 0.356539
v -0.700150 2.435255 0.840465
v -0.849542 2.435255 0.840465
v -0.849541 2.435255 0.382913
v -0.700151 2.435255 0.382913
v -0.925615 2.342063 -0.172784
v -0.624077 2.342063 -0.172784
v -0.624077 2.451445 -0.172784
v -0.925615 2.451445 -0.172784
v -0.925615 2.487582 -0.171818
v -0.624077 2.487582 -0.171818
v -0.624076 2.531039 -0.172784
v -0.925616 2.531039 -0.172784
v -0.925616 3.364026 1.387857
v -0.624076 3.364026 1.387857
v -0.624076 2.545519 -0.825878
v -0.925616 2.545519 -0.825878
v -0.925616 2.545519 -0.199158
v -0.624076 2.545519 -0.199158
v -0.925616 3.180246 1.387857
v -0.624076 3.180246 1.387857
v -0.624076 3.649156 1.099043
v -0.925616 3.649156 1.099043
v -0.925616 3.649156 1.361483
v -0.624076 3.649156 1.361483
v -0.887786 3.396833 -0.360799
v -0.854745 3.377833 -0.360799
v -0.854745 3.396833 -0.863282
v -0.854745 3.377833 -0.836908
v -0.887786 3.396833 -0.836908
v -0.887786 3.547755 -0.360799
v -0.854745 3.547755 -0.863282
v -0.887786 3.547755 -0.836908
v -0.882582 2.815864 0.382913
v -0.849541 2.815864 0.356539
v -0.882582 2.815864 0.840465
v -0.882582 2.454255 0.382913
v -0.849542 2.454255 0.866839
v -0.882582 2.454255 0.840465
v -0.958656 2.342063 -0.199158
v -0.925615 2.323063 -0.199158
v -0.925615 2.342063 -0.852252
v -0.925615 2.323063 -0.825878
v -0.958656 2.342063 -0.825878
v -0.958656 2.531039 -0.199158
v -0.925616 2.531039 -0.852252
v -0.958657 2.531039 -0.825878
v -0.958656 3.180246 1.361483
v -0.925616 3.161246 1.361483
v -0.925616 3.180246 0.851523
v -0.925616 3.161246 0.877895
v -0.958657 3.180246 0.877895
v -0.958657 3.630156 1.361483
v -0.925616 3.649156 0.877895
v -0.925616 3.630156 0.851523
v -0.958657 3.630156 0.877895
v -0.854745 3.377833 -0.487226
v -0.694947 3.377833 -0.487226
v -0.694947 3.377833 -0.360799
v -0.694947 3.547755 -0.863282
v -0.887786 3.396833 -0.589576
v -0.854745 3.377833 -0.589576
v -0.887786 3.535246 -0.446711
v -0.700151 2.815864 0.356539
v -0.882582 2.505937 0.382913
v -0.882582 2.637421 0.840465
v -0.925616 2.373084 -0.852252
v -0.624076 2.373084 -0.852252
v -0.624077 2.342063 -0.852252
v -0.624077 2.323063 -0.825878
v -0.624077 2.323063 -0.199158
v -0.624076 2.531039 -0.852252
v -0.958656 2.373084 -0.825878
v -0.925616 3.165665 1.176315
v -0.624076 3.165665 1.176315
v -0.624076 3.161246 1.361483
v -0.624076 3.649156 0.877895
v -0.624076 3.630156 0.851523
v -0.958657 3.630156 1.099043
v -0.958657 3.630156 0.985791
v -0.925616 3.649156 0.985791
v -0.624076 3.161246 0.877895
v -0.624076 3.161246 1.119689
v -0.925616 3.161246 1.119689
v -0.958657 3.180246 1.119689
v -0.958657 3.193714 1.176315
v -0.958657 3.364026 1.361483
v -0.958657 3.500815 1.338285
v -0.958657 3.605914 1.042417
v -0.849541 2.577940 0.851177
v -0.700151 2.577940 0.851177
v -0.887786 3.547755 -0.589576
v -0.854745 3.566755 -0.589576
v -0.694947 3.566755 -0.589576
v -0.887786 3.404338 -0.503432
v -0.887786 3.532744 -0.722520
v -0.700151 2.685009 0.363408
v -0.849541 2.685009 0.363408
v -0.700151 2.577940 0.356539
v -0.849541 2.577940 0.356539
v -0.700150 2.454255 0.866839
v -0.700151 2.451166 0.866839
v -0.849541 2.451166 0.866839
v -0.882582 2.451166 0.840465
v -0.882582 2.685009 0.407840
v -0.882582 2.577940 0.382913
v -0.882582 2.577940 0.799336
v -0.958656 2.451445 -0.199158
v -0.958656 2.487582 -0.215610
v -0.958656 2.463406 -0.826553
v -0.958656 2.409221 -0.795966
v -0.624076 3.646930 1.042417
v -0.925616 3.646930 1.042417
v -0.694947 3.377833 -0.836908
v -0.694947 3.377833 -0.589576
v -0.694947 3.396833 -0.863282
v -0.624076 3.649156 0.985791
v -0.624076 3.180246 0.851523
v -0.661906 3.396833 -0.360799
v -0.661906 3.396833 -0.836908
v -0.661906 3.547755 -0.360799
v -0.661906 3.547755 -0.836908
v -0.667110 2.815864 0.382913
v -0.667110 2.815864 0.840465
v -0.667110 2.454255 0.382913
v -0.667110 2.454255 0.840465
v -0.591036 2.342063 -0.199158
v -0.591036 2.342063 -0.825878
v -0.591036 2.531039 -0.199158
v -0.591035 2.531039 -0.825878
v -0.591036 3.180246 1.361483
v -0.591035 3.180246 0.877895
v -0.591035 3.630156 1.361483
v -0.591035 3.630156 0.877895
v -0.661906 3.396833 -0.589576
v -0.661906 3.535246 -0.446711
v -0.667110 2.505937 0.382913
v -0.667110 2.637421 0.840465
v -0.591036 2.373084 -0.825878
v -0.591035 3.630156 1.099043
v -0.591035 3.630156 0.985791
v -0.591035 3.605914 1.042417
v -0.591035 3.500815 1.338285
v -0.591035 3.364026 1.361483
v -0.591035 3.193714 1.176315
v -0.591035 3.180246 1.119689
v -0.661906 3.547755 -0.589576
v -0.661906 3.532744 -0.722520
v -0.661906 3.404338 -0.503432
v -0.667110 2.451166 0.840465
v -0.667110 2.685009 0.407840
v -0.667110 2.577940 0.799336
v -0.667110 2.577940 0.382913
v -0.591036 2.451445 -0.199158
v -0.591036 2.409221 -0.795966
v -0.591036 2.463406 -0.826553
v -0.591036 2.487582 -0.215610
vn -0.6238 0.0000 -0.7816
vn 0.0000 -0.9999 -0.0147
vn -1.0000 -0.0000 0.0000
vn 0.0000 0.0000 1.0000
vn 0.0000 0.0000 -1.0000
vn -0.0000 -1.0000 -0.0085
vn 0.0000 -0.0021 1.0000
vn 0.0000 1.0000 0.0000
vn 0.0000 -1.0000 -0.0010
vn 0.0000 -1.0000 0.0000
vn 0.0000 -0.0271 0.9996
vn 0.0000 -0.8114 0.5845
vn -1.0000 -0.0073 0.0002
vn 0.0000 -0.0099 -1.0000
vn 0.0000 -0.0718 0.9974
vn 0.0000 -0.0540 -0.9985
vn 0.0000 0.9976 0.0692
vn 0.0000 0.0014 1.0000
vn 0.0000 0.0019 1.0000
vn 0.0000 0.0391 -0.9992
vn 0.0000 -0.0080 1.0000
vn -0.0000 -0.0869 -0.9962
vn 0.0000 0.8114 0.5845
vn -0.4228 0.7353 0.5297
vn -0.4228 -0.7353 0.5297
vn -0.0099 -0.8111 -0.5849
vn -0.0127 -0.8113 -0.5845
vn -0.0108 -0.8115 -0.5842
vn -0.0127 0.8113 -0.5845
vn -0.0099 0.8111 -0.5849
vn -0.0108 0.8115 -0.5842
vn -0.0099 -0.8111 0.5849
vn -0.0108 -0.8115 0.5842
vn -0.0126 -0.8113 0.5845
vn -0.0099 0.8111 0.5849
vn -0.0127 0.8113 0.5845
vn -0.0108 0.8115 0.5842
vn -0.4228 -0.7353 -0.5297
vn -0.6684 -0.6035 0.4348
vn -0.4228 0.7353 -0.5297
vn -0.4604 -0.6748 0.5768
vn -0.4604 -0.6748 -0.5768
vn -0.0000 -0.8114 -0.5845
vn -0.6238 0.0000 0.7816
vn -0.3844 -0.0000 -0.9231
vn 0.0099 -0.8111 0.5849
vn 0.0108 -0.8115 0.5842
vn -0.3844 0.0000 0.9231
vn -0.5237 -0.8518 -0.0125
vn -0.6619 0.7431 -0.0987
vn -0.6270 -0.7787 0.0228
vn 0.0000 0.8114 -0.5845
vn -0.4985 -0.8669 0.0000
vn -0.4985 0.8669 0.0000
vn 0.0000 -0.0052 -1.0000
vn -0.4445 -0.8957 0.0110
vn 0.0000 0.0077 1.0000
vn 0.0000 0.0064 1.0000
vn -0.6534 0.0096 0.7570
vn 0.0000 -0.0284 0.9996
vn -0.7156 -0.0372 -0.6975
vn 0.0000 -0.9997 0.0232
vn -0.6229 -0.0562 0.7803
vn -0.6238 -0.0000 0.7815
vn -0.5636 -0.8261 0.0000
vn -0.7150 -0.0924 -0.6930
vn -0.6463 0.0045 0.7630
vn -0.6238 0.0000 -0.7815
vn -0.5162 -0.8565 0.0000
vn 0.0108 0.8115 0.5842
vn 0.0099 0.8111 0.5848
vn 0.0000 1.0000 -0.0012
vn 0.0000 1.0000 0.0007
vn -0.5162 0.8565 0.0000
vn -0.5412 -0.8390 0.0554
vn 0.0000 0.1280 -0.9918
vn 0.0000 -0.0761 0.9971
vn -0.6884 -0.7251 -0.0183
vn -0.6797 0.7331 0.0226
vn -0.7731 0.0204 0.6339
vn -1.0000 0.0000 0.0001
vn 0.0000 -1.0000 0.0043
vn 0.0000 -0.1495 0.9888
vn 0.0000 0.0230 0.9997
vn 0.0000 0.2085 -0.9780
vn -0.0000 1.0000 -0.0001
vn -0.0000 1.0000 -0.0017
vn 0.0000 1.0000 0.0008
vn -0.0000 -0.7602 -0.6497
vn -0.0000 0.8374 -0.5466
vn 0.0000 -0.7602 0.6497
vn -0.6950 0.2515 -0.6736
vn -0.0000 0.2373 -0.9714
vn 0.0000 -0.0068 1.0000
vn -0.6859 -0.7272 -0.0270
vn -0.6859 -0.7273 0.0221
vn 0.0000 -1.0000 0.0007
vn 0.0000 -1.0000 -0.0006
vn -0.5963 0.2940 0.7470
vn -0.6237 -0.0212 0.7814
vn 0.0000 -0.0609 -0.9981
vn -0.6500 -0.7599 0.0090
vn 0.0000 0.9756 0.2197
vn -0.0000 0.9910 -0.1339
vn -0.4477 -0.8941 0.0102
vn -1.0000 0.0020 0.0000
vn -0.6238 -0.0107 -0.7815
vn -0.6232 0.0453 -0.7807
vn -0.6144 0.1735 0.7697
vn 0.0000 -0.0137 -0.9999
vn 0.0000 0.0579 -0.9983
vn -0.7161 0.0075 -0.6980
vn -0.7441 -0.1249 0.6562
vn -0.6769 -0.0181 -0.7359
vn 0.0000 -0.0121 -0.9999
vn 0.0000 0.0009 1.0000
vn 0.0000 -0.0016 1.0000
vn 0.0000 0.0657 -0.9978
vn -0.7497 0.0279 0.6612
vn -0.6738 0.0976 -0.7325
vn 0.0000 -0.0119 -0.9999
vn 0.0000 -0.0059 -1.0000
vn 0.0000 0.9997 -0.0245
vn -0.0000 -0.9987 -0.0503
vn -0.5411 -0.8408 0.0182
vn 0.0000 -0.9999 0.0137
vn 0.0000 0.0051 1.0000
vn 0.0000 0.3662 0.9305
vn 0.0000 -0.9964 -0.0850
vn 0.0000 -0.9999 -0.0128
vn 0.0000 0.0919 -0.9958
vn 0.0000 0.0059 -1.0000
vn 0.0000 0.0119 -0.9999
vn 0.0000 0.9996 -0.0285
vn 0.0000 0.1853 0.9827
vn 0.0000 -0.9978 0.0659
vn 0.0099 0.8111 -0.5848
vn 0.0108 0.8115 -0.5842
vn 0.0108 -0.8115 -0.5842
vn 0.0099 -0.8111 -0.5849
vn 0.0000 1.0000 0.0037
vn 0.0000 -0.1655 -0.9862
vn 0.0000 1.0000 0.0014
vn 0.0000 0.0495 -0.9988
vn 0.0000 -0.0015 1.0000
vn 0.0000 0.0002 1.0000
vn 0.0000 0.0034 1.0000
vn 0.0000 -0.0269 0.9996
vn 0.0000 -0.0351 0.9994
vn 0.0000 -0.0187 0.9998
vn 0.0000 0.0222 -0.9998
vn -0.3586 0.8183 -0.4493
vn -0.3586 0.8183 0.4493
vn 0.0000 0.8766 0.4813
vn -0.4014 0.9159 0.0000
vn 0.0000 0.8766 -0.4813
vn 0.0000 0.0932 0.9956
vn -0.6010 -0.0100 0.7992
vn 0.0000 -0.0267 -0.9996
vn 0.6238 0.0000 -0.7816
vn 1.0000 0.0000 0.0000
vn 1.0000 -0.0073 0.0002
vn 0.4228 0.7353 0.5297
vn 0.4228 -0.7353 0.5297
vn 0.0127 -0.8113 -0.5845
vn 0.0127 0.8113 -0.5845
vn 0.0126 -0.8113 0.5845
vn 0.0127 0.8113 0.5845
vn 0.4228 -0.7353 -0.5297
vn 0.6684 -0.6035 0.4348
vn 0.4228 0.7353 -0.5297
vn 0.4604 -0.6748 0.5768
vn 0.4604 -0.6748 -0.5768
vn 0.6238 0.0000 0.7816
vn 0.3844 0.0000 -0.9231
vn 0.3844 0.0000 0.9231
vn 0.5237 -0.8518 -0.0125
vn 0.6619 0.7431 -0.0987
vn 0.6270 -0.7787 0.0228
vn 0.4985 -0.8669 0.0000
vn 0.4985 0.8669 -0.0000
vn 0.4445 -0.8957 0.0110
vn 0.6534 0.0096 0.7570
vn 0.7156 -0.0372 -0.6975
vn 0.6229 -0.0562 0.7803
vn 0.6238 -0.0000 0.7815
vn 0.5636 -0.8261 0.0000
vn 0.7150 -0.0924 -0.6930
vn 0.6463 0.0045 0.7630
vn 0.5162 -0.8565 0.0000
vn 0.5162 0.8565 0.0000
vn 0.5412 -0.8390 0.0554
vn 0.6884 -0.7251 -0.0183
vn 0.6797 0.7331 0.0226
vn 0.7731 0.0204 0.6339
vn 1.0000 0.0000 0.0001
vn 0.6950 0.2515 -0.6736
vn 0.6859 -0.7272 -0.0270
vn 0.6859 -0.7273 0.0221
vn 0.5963 0.2940 0.7470
vn 0.6237 -0.0212 0.7814
vn 0.6500 -0.7599 0.0090
vn 0.0000 -0.9999 0.0156
vn 0.0000 0.9756 -0.2197
vn 0.4477 -0.8941 0.0102
vn 1.0000 0.0020 0.0000
vn 0.6238 -0.0107 -0.7815
vn 0.6232 0.0453 -0.7807
vn 0.6144 0.1735 0.7697
vn 0.7161 0.0075 -0.6980
vn 0.7442 -0.1249 0.6562
vn 0.6769 -0.0181 -0.7359
vn 0.7497 0.0279 0.6612
vn 0.6738 0.0976 -0.7325
vn 0.5411 -0.8408 0.0182
vn 0.0000 0.2199 0.9755
vn 0.3586 0.8183 -0.4493
vn 0.3586 0.8183 0.4493
vn 0.4014 0.9159 0.0000
vn 0.6010 -0.0100 0.7992
vn 0.0000 -0.0269 -0.9996
vn 0.0000 -0.0186 -0.9998
vn 0.0000 0.0222 0.9998
vn -0.6243 0.7799 -0.0459
vn 0.0000 -0.9997 -0.0239
vn 0.0000 0.8114 -0.5846
vn 0.0000 -0.2546 0.9670
vn -0.5907 0.8058 0.0411
vn 0.0000 -0.0351 -0.9994
vn 0.0000 -0.0524 -0.9986
vn 0.0000 0.0640 -0.9979
vn 0.6239 0.0001 -0.7815
vn 0.0000 0.0932 -0.9956
vn 0.0000 0.9992 -0.0393
vn 0.0000 0.1226 0.9925
vn 0.0000 0.9992 0.0393
vn 0.0000 -0.9970 0.0778
vn -0.6010 -0.0100 -0.7992
vn 0.0000 -0.0267 0.9996
vn 0.6243 0.7799 -0.0459
vn 0.6238 0.0000 -0.7815
vn 0.5907 0.8058 0.0411
vn -0.6239 0.0001 -0.7815
vn 0.6010 -0.0100 -0.7992
vn -0.3999 0.7675 -0.5010
vn -0.6129 0.7893 0.0372
vn -0.7668 0.6380 0.0699
vn -0.7582 -0.0235 -0.6516
vn -0.6015 -0.7982 0.0330
vn -0.6274 0.7781 0.0307
vn -0.7226 -0.1213 0.6805
vn -0.7531 -0.0588 0.6553
vn -0.7351 0.6763 -0.0469
vn -0.6457 0.3889 0.6571
vn -0.7151 -0.2684 -0.6454
vn -0.7373 0.1161 -0.6655
vn -0.6683 -0.1733 0.7235
vn -0.7148 -0.1973 0.6709
vn -0.6770 0.2114 -0.7049
vn -0.6829 -0.1679 -0.7110
vn -0.6129 0.7894 -0.0337
vn -0.6625 0.7294 0.1705
vn -0.6625 0.7294 -0.1705
vn -0.5795 -0.8140 -0.0393
vn -0.5753 -0.8080 0.1276
vn -0.7540 -0.1443 0.6408
vn -0.6401 0.7625 -0.0939
vn -0.6383 -0.7696 0.0176
vn -0.6375 -0.7687 -0.0509
vn -0.7468 0.1745 -0.6418
vn -0.6251 0.7793 -0.0440
vn -0.5723 -0.8194 0.0326
vn -0.5632 -0.8260 -0.0230
vn -0.6249 0.7790 0.0511
vn -0.7636 -0.1649 -0.6242
vn -0.7505 0.2454 -0.6135
vn -0.4893 0.8508 0.1916
vn -0.6106 -0.7673 -0.1960
vn -0.6963 0.7161 0.0487
vn 0.5610 0.7776 -0.2839
vn -0.6780 0.7310 -0.0775
vn -0.7240 -0.1005 0.6824
vn -0.7300 -0.2944 0.6168
vn -0.7286 -0.0826 -0.6800
vn -0.7560 0.1431 0.6387
vn -0.7274 0.1008 -0.6788
vn -0.6091 0.7885 -0.0849
vn -0.6563 -0.7383 0.1558
vn -0.6791 -0.7189 -0.1481
vn -0.5943 0.7693 0.2345
vn -0.7368 0.2829 -0.6141
vn -0.7422 -0.1876 -0.6434
vn -0.7202 0.1453 0.6783
vn -0.8193 -0.5728 0.0249
vn -0.4893 0.8508 -0.1916
vn -0.6992 -0.2556 -0.6677
vn -0.6992 0.2556 -0.6677
vn -0.7743 0.0363 0.6318
vn -0.7464 0.0574 0.6630
vn -0.7547 0.1697 -0.6338
vn -0.7215 0.0238 0.6920
vn -0.7643 -0.0627 -0.6419
vn -0.7169 -0.1146 0.6876
vn -0.7532 0.0556 0.6554
vn -0.6430 0.7586 -0.1050
vn -0.7317 -0.0617 0.6789
vn -0.7319 0.0558 0.6791
vn -0.6438 0.7595 0.0929
vn -0.7226 -0.1213 -0.6805
vn -0.7367 0.2829 0.6141
vn -0.7422 -0.1876 0.6434
vn -0.7202 0.1453 -0.6783
vn 0.3999 0.7675 -0.5010
vn 0.6129 0.7893 0.0372
vn 0.7668 0.6380 0.0699
vn 0.7582 -0.0235 -0.6516
vn 0.6015 -0.7982 0.0330
vn 0.6274 0.7781 0.0307
vn 0.7226 -0.1213 0.6805
vn 0.7531 -0.0588 0.6553
vn 0.7351 0.6763 -0.0469
vn 0.6457 0.3889 0.6571
vn 0.7151 -0.2684 -0.6454
vn 0.7373 0.1161 -0.6655
vn 0.6683 -0.1733 0.7235
vn 0.7148 -0.1973 0.6709
vn 0.6770 0.2114 -0.7049
vn 0.6828 -0.1679 -0.7110
vn 0.6129 0.7894 -0.0337
vn 0.6625 0.7294 0.1705
vn 0.6625 0.7294 -0.1705
vn 0.5796 -0.8140 -0.0393
vn 0.5753 -0.8080 0.1276
vn 0.7540 -0.1443 0.6408
vn 0.6401 0.7625 -0.0939
vn 0.6383 -0.7696 0.0176
vn 0.6375 -0.7687 -0.0509
vn 0.7468 0.1745 -0.6418
vn 0.6251 0.7793 -0.0440
vn 0.5723 -0.8194 0.0326
vn 0.5632 -0.8260 -0.0230
vn 0.6249 0.7790 0.0511
vn 0.7636 -0.1649 -0.6242
vn 0.7505 0.2454 -0.6135
vn 0.4893 0.8508 0.1916
vn 0.6106 -0.7673 -0.1960
vn 0.6963 0.7161 0.0487
vn -0.5610 0.7776 -0.2839
vn 0.6780 0.7310 -0.0775
vn 0.7240 -0.1005 0.6824
vn 0.7300 -0.2944 0.6168
vn 0.7286 -0.0826 -0.6800
vn 0.7560 0.1431 0.6387
vn 0.7274 0.1008 -0.6788
vn 0.6091 0.7885 -0.0849
vn 0.6563 -0.7383 0.1558
vn 0.6791 -0.7189 -0.1481
vn 0.5943 0.7693 0.2345
vn 0.7368 0.2829 -0.6141
vn 0.7422 -0.1876 -0.6434
vn 0.7202 0.1453 0.6783
vn 0.8193 -0.5728 0.0249
vn 0.4893 0.8508 -0.1916
vn 0.6992 -0.2556 -0.6677
vn 0.6992 0.2556 -0.6677
vn 0.7743 0.0363 0.6318
vn 0.7464 0.0574 0.6630
vn 0.7547 0.1697 -0.6338
vn 0.7215 0.0238 0.6920
vn 0.7643 -0.0627 -0.6419
vn 0.7169 -0.1146 0.6876
vn 0.7532 0.0556 0.6554
vn 0.6430 0.7586 -0.1050
vn 0.7317 -0.0617 0.6789
vn 0.7319 0.0558 0.6791
vn 0.6438 0.7595 0.0929
vn 0.7226 -0.1213 -0.6805
vn 0.7367 0.2829 0.6141
vn 0.7422 -0.1876 0.6434
vn 0.7202 0.1453 -0.6783
usemtl Wall_Dark.008
s 1
f 3489//1516 3490//1516 3491//1516 3492//1516
f 3493//1517 3494//1517 3495//1517 3496//1517
f 3490//1518 3489//1518 3497//1518 3498//1518 3499//1518 3500//1518
f 3501//1519 3502//1519 3503//1519 3504//1519
f 3505//1520 3506//1520 3507//1520 3508//1520
f 3509//1521 3510//1521 3511//1521 3512//1521
f 3513//1519 3514//1519 3515//1519 3516//1519
f 3517//1522 3518//1522 3519//1519 3520//1519
f 3521//1523 3522//1523 3523//1523 3524//1523
f 3525//1524 3526//1524 3527//1525 3528//1525
f 3529//1526 3530//1526 3531//1526 3532//1526
f 3533//1527 3534//1527 3535//1527 3536//1527
f 3537//1528 3538//1528 3539//1528 3540//1528 3541//1528 3542//1528 3543//1528 3544//1528 3545//1528 3546//1528
f 3547//1523 3548//1523 3549//1523 3550//1523
f 3551//1529 3552//1529 3553//1529 3554//1529
f 3555//1518 3556//1518 3557//1518 3558//1518 3559//1518 3560//1518 3561//1518
f 3562//1530 3563//1530 3564//1530 3565//1530
f 3566//1531 3567//1531 3568//1531 3569//1531
f 3570//1523 3571//1523 3572//1523 3573//1523
f 3574//1525 3575//1525 3576//1525 3577//1525
f 3578//1532 3579//1532 3580//1532 3581//1532
f 3582//1533 3583//1533 3584//1534 3585//1534
f 3586//1535 3587//1535 3588//1535 3589//1535
f 3590//1536 3591//1536 3592//1519 3593//1519
f 3594//1537 3595//1537 3596//1537 3597//1537
f 3598//1516 3599//1516 3600//1516 3601//1516
f 3602//1525 3603//1525 3604//1525 3605//1525
f 3606//1538 3524//1538 3523//1538 3607//1538
f 3608//1518 3609//1518 3610//1518 3611//1518 3612//1518 3613//1518 3614//1518 3615//1518 3616//1518 3617//1518
f 3618//1519 3619//1519 3620//1519 3621//1519
f 3622//1519 3623//1519 3624//1519 3625//1519
f 3626//1523 3627//1523 3628//1523 3629//1523
f 3498//1539 3630//1539 3631//1539
f 3632//1540 3633//1540 3497//1540
f 3634//1541 3635//1542 3636//1543
f 3637//1544 3638//1545 3639//1546
f 3496//1547 3640//1548 3641//1549
f 3642//1550 3643//1551 3504//1552
f 3492//1553 3644//1553 3489//1553
f 3508//1553 3645//1553 3646//1553
f 3647//1554 3648//1554 3512//1554
f 3649//1540 3650//1540 3651//1540
f 3652//1553 3653//1553 3654//1553
f 3607//1539 3523//1539 3655//1539
f 3522//1555 3656//1555 3657//1555
f 3658//1555 3659//1555 3660//1555
f 3528//1540 3661//1540 3662//1540
f 3663//1539 3664//1539 3532//1539
f 3545//1553 3665//1553 3666//1553
f 3667//1555 3668//1555 3544//1555
f 3547//1539 3561//1539 3669//1539
f 3558//1540 3536//1540 3535//1540
f 3550//1555 3670//1555 3555//1555
f 3671//1553 3557//1553 3554//1553
f 3672//1540 3673//1540 3539//1540
f 3674//1539 3675//1539 3540//1539
f 3676//1540 3677//1540 3678//1540
f 3565//1539 3679//1539 3680//1539
f 3681//1555 3682//1555 3573//1555
f 3683//1555 3684//1555 3685//1555
f 3520//1539 3686//1539 3687//1539
f 3688//1553 3576//1553 3689//1553
f 3575//1540 3690//1540 3691//1540
f 3692//1539 3593//1539 3693//1539
f 3694//1556 3582//1556 3695//1556
f 3598//1557 3601//1557 3696//1557
f 3616//1553 3697//1553 3698//1553
f 3699//1555 3700//1555 3615//1555
f 3605//1540 3620//1540 3610//1540
f 3619//1539 3701//1539 3611//1539
f 3702//1540 3703//1540 3704//1540
f 3705//1553 3706//1553 3707//1553
f 3625//1539 3628//1539 3708//1539
f 3627//1555 3709//1555 3710//1555
f 3711//1520 3492//1520 3491//1520 3712//1520
f 3633//1519 3713//1519 3714//1519 3630//1519
f 3492//1558 3711//1558 3715//1558 3644//1558
f 3630//1538 3714//1538 3716//1538 3631//1538
f 3498//1559 3497//1559 3633//1559 3630//1559
f 3717//1520 3718//1520 3639//1520 3719//1520
f 3720//1560 3637//1560 3639//1560 3718//1560
f 3495//1561 3721//1562 3640//1548 3496//1547
f 3722//1563 3641//1563 3640//1563 3723//1563
f 3493//1564 3496//1564 3641//1564 3724//1564
f 3725//1523 3726//1523 3727//1523 3728//1523
f 3729//1565 3730//1565 3727//1565 3726//1565
f 3507//1558 3731//1558 3645//1558 3508//1558
f 3732//1566 3646//1566 3645//1566 3509//1566
f 3505//1516 3508//1516 3646//1516 3733//1516
f 3653//1525 3734//1525 3735//1525 3650//1525
f 3516//1559 3607//1559 3655//1559 3736//1559
f 3522//1567 3521//1567 3737//1567 3656//1567
f 3738//1516 3652//1516 3654//1516 3739//1516
f 3649//1568 3654//1568 3653//1568 3650//1568
f 3657//1569 3655//1569 3523//1569 3522//1569
f 3589//1570 3588//1570 3660//1570 3740//1570
f 3527//1527 3741//1527 3661//1527 3528//1527
f 3742//1559 3662//1559 3661//1559 3743//1559
f 3525//1568 3528//1568 3662//1568 3744//1568
f 3745//1569 3659//1569 3658//1569 3746//1569
f 3747//1571 3672//1571 3539//1571 3538//1571
f 3675//1538 3674//1538 3748//1538 3749//1538
f 3750//1569 3667//1569 3544//1569 3543//1569
f 3545//1516 3544//1516 3668//1516 3665//1516
f 3751//1572 3752//1572 3753//1573 3754//1573
f 3559//1574 3558//1574 3535//1574 3753//1574
f 3755//1575 3669//1575 3752//1575 3751//1575
f 3556//1576 3555//1576 3670//1576 3551//1576
f 3547//1569 3550//1569 3555//1569 3561//1569
f 3671//1568 3536//1568 3558//1568 3557//1568
f 3540//1559 3539//1559 3673//1559 3674//1559
f 3756//1577 3757//1577 3758//1577 3759//1577
f 3564//1538 3760//1538 3679//1538 3565//1538
f 3761//1569 3680//1569 3679//1569 3762//1569
f 3562//1578 3565//1578 3680//1578 3763//1578
f 3764//1516 3765//1516 3766//1516 3767//1516
f 3684//1567 3768//1567 3769//1567 3685//1567
f 3770//1516 3688//1516 3689//1516 3771//1516
f 3519//1538 3772//1538 3686//1538 3520//1538
f 3517//1579 3520//1579 3687//1579 3773//1579
f 3683//1569 3687//1569 3686//1569 3684//1569
f 3691//1568 3689//1568 3576//1568 3575//1568
f 3581//1523 3580//1523 3774//1523 3699//1523
f 3775//1580 3694//1580 3695//1580 3776//1580
f 3775//1525 3777//1525 3778//1525 3694//1525
f 3593//1538 3592//1538 3779//1538 3693//1538
f 3780//1581 3781//1581 3596//1581 3595//1581
f 3782//1582 3695//1582 3582//1582 3585//1582
f 3700//1520 3783//1520 3784//1520 3697//1520
f 3602//1568 3605//1568 3610//1568 3609//1568
f 3619//1538 3618//1538 3785//1538 3701//1538
f 3581//1569 3699//1569 3615//1569 3614//1569
f 3616//1583 3615//1583 3700//1583 3697//1583
f 3611//1559 3610//1559 3620//1559 3619//1559
f 3706//1525 3786//1525 3787//1525 3703//1525
f 3622//1559 3625//1559 3708//1559 3788//1559
f 3627//1567 3626//1567 3789//1567 3709//1567
f 3790//1516 3705//1516 3707//1516 3791//1516
f 3702//1568 3707//1568 3706//1568 3703//1568
f 3710//1569 3708//1569 3628//1569 3627//1569
f 3745//1523 3792//1523 3793//1523 3659//1523
f 3794//1567 3712//1567 3491//1567 3795//1567
f 3634//1584 3796//1584 3797//1584 3635//1584
f 3798//1518 3799//1518 3637//1518 3720//1518 3800//1518 3801//1518 3635//1518 3797//1518 3724//1518 3641//1518 3722//1518 3802//1518 3803//1518 3643//1518
f 3504//1552 3503//1585 3804//1586 3642//1550
f 3805//1587 3806//1587 3807//1588 3808//1588
f 3634//1525 3809//1525 3810//1525 3796//1525
f 3642//1589 3805//1589 3798//1589 3643//1589
f 3796//1590 3493//1590 3724//1590 3797//1590
f 3642//1523 3804//1523 3806//1587 3805//1587
f 3643//1563 3803//1563 3501//1563 3504//1563
f 3635//1560 3801//1560 3567//1560 3636//1560
f 3569//1591 3568//1591 3718//1591 3717//1591
f 3640//1519 3721//1519 3811//1519 3723//1519
f 3812//1592 3813//1592 3502//1592 3501//1592
f 3648//1593 3732//1593 3509//1593 3512//1593
f 3814//1594 3729//1594 3726//1594 3815//1594
f 3816//1523 3815//1523 3726//1523 3725//1523
f 3647//1595 3817//1595 3818//1595 3648//1595
f 3732//1596 3648//1596 3818//1596 3819//1596 3730//1596 3729//1596 3814//1596 3820//1596 3733//1596 3646//1596
f 3645//1597 3731//1597 3510//1597 3509//1597
f 3817//1598 3821//1598 3822//1598 3823//1598
f 3647//1599 3824//1599 3821//1599 3817//1599
f 3825//1600 3826//1600 3506//1600 3505//1600
f 3827//1601 3828//1601 3794//1602 3795//1602
f 3631//1569 3829//1569 3499//1569 3498//1569
f 3644//1568 3632//1568 3497//1568 3489//1568
f 3829//1603 3830//1603 3828//1601 3827//1601
f 3601//1604 3831//1604 3832//1604 3696//1604
f 3833//1605 3597//1605 3596//1605 3834//1605
f 3778//1606 3583//1606 3582//1606 3694//1606
f 3692//1559 3835//1559 3590//1559 3593//1559
f 3599//1607 3780//1607 3595//1607 3600//1607
f 3836//1558 3837//1558 3838//1558 3839//1558
f 3840//1608 3600//1608 3595//1608 3594//1608
f 3841//1609 3842//1609 3591//1536 3590//1536
f 3793//1567 3740//1567 3660//1567 3659//1567
f 3843//1610 3775//1610 3776//1610 3844//1610
f 3693//1569 3845//1569 3846//1569 3692//1569
f 3831//1520 3601//1520 3600//1520 3840//1520
f 3843//1525 3847//1525 3777//1525 3775//1525
f 3693//1523 3779//1523 3848//1523 3845//1523
f 3696//1611 3843//1611 3844//1611 3598//1611
f 3695//1518 3782//1518 3849//1518 3835//1518 3692//1518 3846//1518 3850//1518 3781//1518 3780//1518 3599//1518 3598//1518 3844//1518 3776//1518
f 3696//1525 3832//1525 3847//1525 3843//1525
f 3851//1569 3745//1569 3746//1569 3852//1569
f 3532//1538 3531//1538 3853//1538 3663//1538
f 3851//1523 3854//1523 3792//1523 3745//1523
f 3839//1612 3838//1612 3855//1613 3856//1613
f 3663//1569 3851//1569 3852//1569 3664//1569
f 3663//1523 3853//1523 3854//1523 3851//1523
f 3857//1518 3744//1518 3662//1518 3742//1518 3858//1518 3664//1518 3852//1518 3746//1518 3658//1518 3859//1518 3860//1518 3861//1518
f 3858//1614 3742//1614 3743//1614 3529//1614
f 3861//1516 3860//1516 3587//1516 3836//1516
f 3837//1520 3836//1520 3587//1520 3586//1520
f 3664//1615 3858//1615 3529//1615 3532//1615
f 3709//1516 3862//1516 3863//1516 3710//1516
f 3864//1559 3622//1559 3788//1559 3865//1559
f 3624//1538 3629//1538 3628//1538 3625//1538
f 3709//1520 3789//1520 3866//1520 3862//1520
f 3864//1519 3867//1519 3623//1519 3622//1519
f 3868//1559 3864//1559 3865//1559 3869//1559
f 3868//1519 3870//1519 3867//1519 3864//1519
f 3871//1559 3868//1559 3869//1559 3872//1559
f 3862//1616 3866//1616 3873//1616 3874//1616
f 3871//1519 3875//1519 3870//1519 3868//1519
f 3666//1617 3876//1617 3546//1617 3545//1617
f 3750//1618 3877//1618 3878//1618 3879//1618
f 3675//1569 3880//1569 3541//1569 3540//1569
f 3880//1523 3675//1523 3749//1523 3881//1523
f 3882//1619 3883//1619 3757//1619 3756//1619
f 3762//1523 3884//1523 3571//1523 3570//1523
f 3677//1620 3885//1620 3883//1620 3678//1620
f 3886//1621 3682//1621 3887//1621 3767//1621 3766//1621 3888//1621 3885//1621 3677//1621 3889//1621 3763//1621 3680//1621 3761//1621
f 3681//1622 3890//1622 3887//1622 3682//1622
f 3890//1623 3764//1623 3767//1623 3887//1623
f 3676//1559 3891//1559 3889//1559 3677//1559
f 3891//1624 3562//1624 3763//1624 3889//1624
f 3892//1525 3678//1525 3883//1525 3882//1525
f 3681//1625 3893//1625 3894//1625 3890//1625
f 3890//1626 3894//1626 3895//1626 3764//1626
f 3676//1519 3896//1519 3897//1519 3891//1519
f 3557//1627 3556//1627 3551//1627 3554//1627
f 3898//1628 3517//1628 3773//1628 3899//1628
f 3685//1629 3900//1629 3901//1629 3683//1629
f 3685//1630 3769//1630 3902//1630 3900//1630
f 3690//1631 3903//1631 3904//1632 3898//1632
f 3901//1518 3771//1518 3689//1518 3691//1518 3899//1518 3773//1518 3687//1518 3683//1518
f 3900//1633 3902//1633 3905//1633 3770//1633
f 3690//1634 3898//1634 3899//1634 3691//1634
f 3900//1635 3770//1635 3771//1635 3901//1635
f 3906//1636 3907//1636 3908//1637 3790//1637
f 3575//1527 3574//1527 3903//1527 3690//1527
f 3770//1520 3905//1520 3909//1520 3688//1520
f 3604//1527 3621//1527 3620//1527 3605//1527
f 3910//1638 3911//1638 3579//1638 3578//1638
f 3912//1525 3913//1525 3914//1525 3915//1525
f 3701//1569 3910//1569 3612//1569 3611//1569
f 3701//1523 3785//1523 3911//1523 3910//1523
f 3915//1639 3914//1639 3603//1639 3602//1639
f 3698//1640 3912//1640 3617//1640 3616//1640
f 3698//1641 3916//1641 3913//1641 3912//1641
f 3754//1573 3753//1573 3535//1642 3534//1642
f 3743//1643 3917//1643 3530//1643 3529//1643
f 3918//1644 3919//1644 3920//1644 3747//1644
f 3876//1645 3921//1645 3919//1645 3918//1645
f 3874//1646 3873//1646 3922//1646 3923//1646
f 3704//1519 3924//1519 3925//1519 3926//1519
f 3926//1519 3925//1519 3927//1519 3928//1519
f 3929//1518 3930//1518 3872//1518 3869//1518 3865//1518 3788//1518 3708//1518 3710//1518 3863//1518 3931//1518 3932//1518 3933//1518 3934//1518 3791//1518 3707//1518 3702//1518
f 3704//1559 3926//1559 3929//1559 3702//1559
f 3926//1559 3928//1559 3930//1559 3929//1559
f 3928//1559 3871//1559 3872//1559 3930//1559
f 3923//1516 3935//1516 3933//1516 3932//1516
f 3928//1519 3927//1519 3875//1519 3871//1519
f 3923//1520 3922//1520 3936//1647 3935//1647
f 3935//1647 3936//1647 3907//1648 3906//1648
f 3845//1649 3848//1649 3937//1649 3938//1649
f 3723//1650 3811//1650 3813//1650 3812//1650
f 3939//1520 3636//1520 3567//1520 3566//1520
f 3796//1651 3810//1651 3494//1651 3493//1651
f 3940//1652 3719//1653 3639//1546 3638//1545
f 3636//1543 3939//1654 3809//1655 3634//1541
f 3808//1588 3807//1588 3940//1656 3638//1656
f 3941//1567 3942//1567 3668//1567 3667//1567
f 3665//1558 3943//1558 3944//1558 3666//1558
f 3667//1523 3750//1523 3879//1523 3941//1523
f 3697//1558 3784//1558 3916//1558 3698//1558
f 3774//1567 3783//1567 3700//1567 3699//1567
f 3549//1567 3945//1567 3670//1567 3550//1567
f 3909//1558 3577//1558 3576//1558 3688//1558
f 3946//1558 3786//1558 3706//1558 3705//1558
f 3703//1527 3787//1527 3924//1527 3704//1527
f 3790//1637 3908//1637 3946//1520 3705//1520
f 3947//1558 3734//1558 3653//1558 3652//1558
f 3650//1527 3735//1527 3948//1527 3651//1527
f 3656//1520 3737//1520 3949//1520 3950//1520
f 3951//1527 3713//1527 3633//1527 3632//1527
f 3644//1525 3715//1525 3951//1525 3632//1525
f 3952//1657 3953//1657 3826//1657 3825//1657
f 3512//1527 3511//1527 3824//1527 3647//1527
f 3954//1538 3728//1538 3727//1538 3955//1538
f 3815//1567 3816//1567 3953//1567 3952//1567
f 3823//1519 3822//1519 3954//1519 3955//1519
f 3585//1534 3584//1534 3842//1609 3841//1609
f 3856//1613 3855//1613 3526//1524 3525//1524
f 3938//1658 3937//1658 3833//1658 3834//1658
f 3661//1519 3741//1519 3917//1519 3743//1519
f 3679//1523 3760//1523 3884//1523 3762//1523
f 3738//1520 3956//1520 3947//1520 3652//1520
f 3573//1567 3572//1567 3893//1567 3681//1567
f 3669//1538 3755//1538 3548//1538 3547//1538
f 3957//1558 3759//1558 3758//1558 3765//1558
f 3678//1527 3892//1527 3896//1527 3676//1527
f 3554//1558 3553//1558 3958//1558 3671//1558
f 3764//1520 3895//1520 3957//1520 3765//1520
f 3670//1659 3945//1659 3552//1659 3551//1659
f 3671//1525 3958//1525 3533//1525 3536//1525
f 3959//1518 3736//1518 3655//1518 3657//1518 3960//1518 3739//1518 3654//1518 3649//1518
f 3516//1519 3515//1519 3606//1519 3607//1519
f 3631//1523 3716//1523 3830//1603 3829//1603
f 3651//1519 3948//1519 3514//1519 3513//1519
f 3950//1520 3949//1520 3956//1520 3738//1520
f 3961//1519 3962//1519 3963//1660 3964//1660
f 3686//1523 3772//1523 3768//1523 3684//1523
f 3965//1518 3966//1518 3967//1518 3968//1518 3969//1518 3970//1518 3971//1518 3972//1518
f 3970//1540 3973//1540 3961//1540
f 3974//1553 3975//1553 3969//1553
f 3976//1555 3977//1555 3968//1555
f 3978//1523 3976//1523 3979//1523 3980//1523
f 3975//1525 3981//1525 3982//1525 3973//1525
f 3976//1567 3978//1567 3983//1567 3977//1567
f 3973//1527 3982//1527 3962//1527 3961//1527
f 3970//1568 3969//1568 3975//1568 3973//1568
f 3984//1538 3985//1538 3986//1538 3987//1538
f 3988//1661 3989//1661 3984//1662 3987//1662
f 3961//1559 3964//1559 3971//1559 3970//1559
f 3977//1516 3974//1516 3969//1516 3968//1516
f 3964//1660 3963//1660 3989//1661 3988//1661
f 3990//1558 3981//1558 3975//1558 3974//1558
f 3977//1520 3983//1520 3990//1520 3974//1520
f 3980//1523 3979//1523 3991//1523 3992//1523
f 3993//1663 3994//1663 3995//1664 3996//1664
f 3968//1569 3967//1569 3979//1569 3976//1569
f 3992//1523 3991//1523 3986//1523 3985//1523
f 3997//1665 3998//1665 3994//1663 3993//1663
f 3999//1666 4000//1666 4001//1666 4002//1666
f 4003//1523 4004//1523 4005//1523 4006//1523
f 4007//1553 4008//1553 4009//1553
f 4010//1540 4011//1540 4012//1540
f 3999//1667 4013//1667 4005//1667
f 4006//1668 4014//1668 3996//1668
f 4010//1519 4015//1519 4016//1519 4017//1519
f 4009//1525 4018//1525 4019//1525 4012//1525
f 3996//1669 3995//1669 4003//1669 4006//1669
f 4017//1559 4020//1559 4011//1559 4010//1559
f 4007//1568 4009//1568 4012//1568 4011//1568
f 4014//1670 4006//1670 4005//1670 4013//1670
f 4008//1516 4007//1516 4021//1516 4022//1516
f 4000//1671 3999//1671 4005//1671 4004//1671
f 4017//1672 4016//1672 3998//1672 3997//1672
f 4021//1518 4007//1518 4011//1518 4020//1518 4023//1518 4024//1518 4014//1518 4013//1518 4025//1518
f 4022//1520 4026//1520 4027//1520 4008//1520
f 4008//1558 4027//1558 4018//1558 4009//1558
f 4015//1527 4010//1527 4012//1527 4019//1527
f 3996//1673 4014//1673 4024//1673 3993//1673
f 4002//1674 4001//1674 4026//1674 4022//1674
f 4028//1675 3711//1675 3712//1675 4029//1675
f 4029//1676 4030//1676 4031//1676 4032//1676 4033//1676 4028//1676
f 3747//1525 3920//1525 4034//1525 3672//1525
f 4035//1677 4036//1677 4037//1677 4038//1677 4039//1677 4040//1677 4041//1677 4042//1677 4043//1677 4044//1677
f 4045//1676 4046//1676 4047//1676 4048//1676 4049//1676 4050//1676 4051//1676
f 3748//1519 3674//1519 3673//1519 4052//1519
f 4053//1675 3831//1675 3840//1675 4054//1675
f 4055//1676 4056//1676 4057//1676 4058//1676 4059//1676 4060//1676 4061//1676 4062//1676 4063//1676 4064//1676
f 4032//1678 3716//1678 3714//1678
f 3951//1679 4033//1679 3713//1679
f 3809//1655 3939//1654 4065//1680
f 4066//1681 3719//1653 3940//1652
f 3495//1561 4067//1682 3721//1562
f 3804//1586 3503//1585 4068//1683
f 3711//1684 4028//1684 3715//1684
f 3507//1684 4069//1684 3731//1684
f 3824//1685 3511//1685 4070//1685
f 4071//1679 3948//1679 3735//1679
f 3947//1684 4072//1684 3734//1684
f 3606//1678 4073//1678 3524//1678
f 3521//1686 4074//1686 3737//1686
f 4075//1686 3740//1686 3793//1686
f 3527//1679 4076//1679 3741//1679
f 3853//1678 3531//1678 4077//1678
f 4037//1684 3944//1684 3943//1684
f 3941//1686 4038//1686 3942//1686
f 3548//1678 3755//1678 4046//1678
f 4049//1679 3534//1679 3533//1679
f 3549//1686 4045//1686 3945//1686
f 3958//1684 3553//1684 4050//1684
f 4034//1679 4043//1679 4052//1679
f 3748//1678 4042//1678 3749//1678
f 3896//1679 3892//1679 4078//1679
f 3564//1678 4079//1678 3760//1678
f 3893//1686 3572//1686 4080//1686
f 4081//1686 3769//1686 3768//1686
f 3519//1678 4082//1678 3772//1678
f 3909//1684 4083//1684 3577//1684
f 3574//1679 4084//1679 3903//1679
f 4085//1678 3779//1678 3592//1678
f 3778//1687 4086//1687 3583//1687
f 4053//1688 3832//1688 3831//1688
f 4057//1684 3916//1684 3784//1684
f 3774//1686 4058//1686 3783//1686
f 3604//1679 4063//1679 3621//1679
f 3618//1678 4062//1678 3785//1678
f 4087//1679 3924//1679 3787//1679
f 3946//1684 4088//1684 3786//1684
f 3624//1678 4089//1678 3629//1678
f 3626//1686 4090//1686 3789//1686
f 4032//1689 3714//1689 3713//1689 4033//1689
f 4091//1690 3717//1690 3719//1690 4066//1690
f 4092//1691 3811//1691 3721//1691 4067//1691
f 3494//1692 4093//1692 4067//1692 3495//1692
f 4094//1693 3725//1693 3728//1693 4095//1693
f 4096//1694 3510//1694 3731//1694 4069//1694
f 3506//1675 4097//1675 4069//1675 3507//1675
f 3515//1689 4098//1689 4073//1689 3606//1689
f 3956//1675 4099//1675 4072//1675 3947//1675
f 4071//1695 3735//1695 3734//1695 4072//1695
f 4074//1696 3521//1696 3524//1696 4073//1696
f 4100//1689 3917//1689 3741//1689 4076//1689
f 3526//1695 4101//1695 4076//1695 3527//1695
f 3792//1696 4102//1696 4075//1696 3793//1696
f 3665//1520 3668//1520 3942//1520 3943//1520
f 3920//1697 4044//1697 4043//1697 4034//1697
f 3879//1696 4039//1696 4038//1696 3941//1696
f 4037//1675 3943//1675 3942//1675 4038//1675
f 4048//1698 3754//1698 3534//1698 4049//1698
f 4051//1699 3552//1699 3945//1699 4045//1699
f 3548//1696 4046//1696 4045//1696 3549//1696
f 3958//1695 4050//1695 4049//1695 3533//1695
f 4042//1689 3748//1689 4052//1689 4043//1689
f 3898//1632 3904//1632 3518//1522 3517//1522
f 4103//1696 3884//1696 3760//1696 4079//1696
f 3563//1700 4104//1700 4079//1700 3564//1700
f 3895//1675 4105//1675 4106//1675 3957//1675
f 3905//1675 4107//1675 4083//1675 3909//1675
f 3518//1701 4108//1701 4082//1701 3519//1701
f 4081//1696 3768//1696 3772//1696 4082//1696
f 4084//1695 3574//1695 3577//1695 4083//1695
f 3777//1702 4109//1702 4086//1702 3778//1702
f 4110//1703 3594//1703 3597//1703 4111//1703
f 4112//1704 3584//1704 3583//1704 4086//1704
f 3603//1695 4064//1695 4063//1695 3604//1695
f 3580//1696 4059//1696 4058//1696 3774//1696
f 4057//1675 3784//1675 3783//1675 4058//1675
f 4062//1689 3618//1689 3621//1689 4063//1689
f 3623//1689 4113//1689 4089//1689 3624//1689
f 3908//1675 4114//1675 4088//1675 3946//1675
f 4087//1695 3787//1695 3786//1695 4088//1695
f 4090//1696 3626//1696 3629//1696 4089//1696
f 3809//1705 4065//1705 4115//1705 3810//1705
f 4116//1676 4068//1676 4117//1676 4118//1676 4092//1676 4067//1676 4093//1676 4115//1676 4065//1676 4119//1676 4120//1676 4091//1676 4066//1676 4121//1676
f 3804//1706 4068//1706 4116//1706 3806//1706
f 3810//1707 4115//1707 4093//1707 3494//1707
f 4068//1691 3503//1691 3502//1691 4117//1691
f 4065//1690 3939//1690 3566//1690 4119//1690
f 4070//1708 3511//1708 3510//1708 4096//1708
f 4122//1709 3816//1709 3725//1709 4094//1709
f 3824//1710 4070//1710 4123//1710 3821//1710
f 4096//1711 4069//1711 4097//1711 4124//1711 4122//1711 4094//1711 4095//1711 4125//1711 4123//1711 4070//1711
f 3716//1696 4032//1696 4031//1696 3830//1696
f 3715//1695 4028//1695 4033//1695 3951//1695
f 4085//1689 3592//1689 3591//1689 4126//1689
f 4054//1712 3840//1712 3594//1712 4110//1712
f 3847//1713 4127//1713 4109//1713 3777//1713
f 3779//1696 4085//1696 4128//1696 3848//1696
f 3832//1714 4053//1714 4127//1714 3847//1714
f 4086//1676 4109//1676 4127//1676 4053//1676 4054//1676 4110//1676 4111//1676 4129//1676 4128//1676 4085//1676 4126//1676 4130//1676 4112//1676
f 3854//1696 4131//1696 4102//1696 3792//1696
f 3853//1696 4077//1696 4131//1696 3854//1696
f 4132//1676 4133//1676 4134//1676 4135//1676 4075//1676 4102//1676 4131//1676 4077//1676 4136//1676 4100//1676 4076//1676 4101//1676
f 4136//1715 3530//1715 3917//1715 4100//1715
f 4133//1675 3837//1675 3586//1675 4134//1675
f 4077//1716 3531//1716 3530//1716 4136//1716
f 3789//1675 4090//1675 4137//1675 3866//1675
f 3867//1689 4138//1689 4113//1689 3623//1689
f 3870//1689 4139//1689 4138//1689 3867//1689
f 3875//1689 4140//1689 4139//1689 3870//1689
f 3944//1717 4037//1717 4036//1717 3921//1717
f 4034//1527 4052//1527 3673//1527 3672//1527
f 3666//1718 3944//1718 3921//1718 3876//1718
f 3749//1696 4042//1696 4041//1696 3881//1696
f 3880//1719 3881//1719 3878//1719 3877//1719
f 4078//1720 3892//1720 3882//1720 4141//1720
f 4142//1721 4103//1721 4079//1721 4104//1721 4143//1721 4078//1721 4141//1721 4144//1721 4106//1721 4105//1721 4145//1721 4080//1721
f 3893//1722 4080//1722 4145//1722 3894//1722
f 3894//1723 4145//1723 4105//1723 3895//1723
f 3896//1689 4078//1689 4143//1689 3897//1689
f 3897//1724 4143//1724 4104//1724 3563//1724
f 4050//1725 3553//1725 3552//1725 4051//1725
f 3904//1726 4146//1726 4108//1726 3518//1726
f 3769//1727 4081//1727 4147//1727 3902//1727
f 4147//1676 4081//1676 4082//1676 4108//1676 4146//1676 4084//1676 4083//1676 4107//1676
f 3903//1728 4084//1728 4146//1728 3904//1728
f 3902//1729 4147//1729 4107//1729 3905//1729
f 3785//1696 4062//1696 4061//1696 3911//1696
f 3916//1730 4057//1730 4056//1730 3913//1730
f 4148//1676 4087//1676 4088//1676 4114//1676 4149//1676 4150//1676 4151//1676 4152//1676 4137//1676 4090//1676 4089//1676 4113//1676 4138//1676 4139//1676 4140//1676 4153//1676
f 3924//1689 4087//1689 4148//1689 3925//1689
f 3925//1689 4148//1689 4153//1689 3927//1689
f 3927//1689 4153//1689 4140//1689 3875//1689
f 3922//1675 4151//1675 4150//1675 3936//1675
f 3891//1731 3897//1731 3563//1731 3562//1731
f 4154//1676 4071//1676 4072//1676 4099//1676 4155//1676 4074//1676 4073//1676 4098//1676
f 4156//1676 4157//1676 4158//1676 4159//1676 4160//1676 4161//1676 4162//1676 4163//1676
f 4159//1679 3962//1679 3982//1679
f 3990//1684 4160//1684 3981//1684
f 3978//1686 4161//1686 3983//1686
f 4159//1695 3982//1695 3981//1695 4160//1695
f 3962//1689 4159//1689 4158//1689 3963//1689
f 3983//1675 4161//1675 4160//1675 3990//1675
f 4161//1696 3978//1696 3980//1696 4162//1696
f 4164//1684 4018//1684 4027//1684
f 4015//1679 4019//1679 4165//1679
f 4000//1732 4004//1732 4166//1732
f 4003//1733 3995//1733 4167//1733
f 4016//1689 4015//1689 4165//1689 4168//1689
f 4164//1695 4165//1695 4019//1695 4018//1695
f 4167//1734 4166//1734 4004//1734 4003//1734
f 4027//1675 4026//1675 4169//1675 4164//1675
f 4169//1676 4170//1676 4166//1676 4167//1676 4171//1676 4172//1676 4168//1676 4165//1676 4164//1676
f 3995//1735 3994//1735 4171//1735 4167//1735
usemtl Wall_Medium.008
f 4173//1523 4174//1523 4175//1523 4176//1523
f 4177//1519 4178//1519 4179//1519 4180//1519
f 4181//1519 4182//1519 4183//1519 4184//1519
f 4185//1523 4186//1523 4187//1523 4188//1523
f 4189//1523 4190//1523 4191//1523 4192//1523
f 4193//1736 4194//1736 4195//1737 4196//1737
f 4197//1519 4198//1519 4199//1519 4200//1519
f 4201//1520 4202//1520 4203//1520 4204//1520
f 4205//1525 4206//1525 4207//1525 4208//1525
f 4209//1519 4210//1519 4211//1519 4212//1519
f 4213//1738 4214//1738 4215//1738 4216//1738
f 4217//1519 4218//1519 4178//1519 4177//1519
f 4219//1523 4220//1523 4221//1523 4222//1523
f 4223//1519 4224//1519 4218//1519 4217//1519
f 4225//1523 4226//1523 4227//1523 4228//1523
f 4229//1540 4230//1540 4181//1540
f 4231//1553 4232//1553 4233//1553
f 4184//1539 4191//1539 4234//1539
f 4174//1555 4235//1555 4236//1555
f 4237//1555 4188//1555 4238//1555
f 4200//1539 4185//1539 4239//1539
f 4204//1553 4207//1553 4240//1553
f 4206//1540 4241//1540 4242//1540
f 4243//1540 4244//1540 4209//1540
f 4245//1553 4246//1553 4247//1553
f 4216//1668 4221//1668 4248//1668
f 4220//1667 4249//1667 4250//1667
f 4251//1540 4252//1540 4223//1540
f 4253//1553 4254//1553 4255//1553
f 4180//1539 4227//1539 4256//1539
f 4257//1555 4258//1555 4259//1555
f 4260//1525 4261//1525 4262//1525 4230//1525
f 4181//1559 4184//1559 4234//1559 4229//1559
f 4174//1567 4173//1567 4263//1567 4235//1567
f 4235//1516 4231//1516 4233//1516 4236//1516
f 4264//1568 4233//1568 4232//1568 4265//1568
f 4266//1739 4234//1739 4191//1739 4190//1739
f 4188//1567 4187//1567 4267//1567 4238//1567
f 4201//1583 4204//1583 4240//1583 4268//1583
f 4199//1538 4186//1538 4185//1538 4200//1538
f 4197//1559 4200//1559 4239//1559 4269//1559
f 4237//1569 4239//1569 4185//1569 4188//1569
f 4242//1568 4240//1568 4207//1568 4206//1568
f 4270//1520 4271//1520 4272//1520 4245//1520
f 4246//1525 4273//1525 4274//1525 4244//1525
f 4220//1671 4219//1671 4275//1671 4249//1671
f 4270//1583 4245//1583 4247//1583 4276//1583
f 4243//1568 4247//1568 4246//1568 4244//1568
f 4250//1670 4248//1670 4221//1670 4220//1670
f 4277//1740 4278//1740 4279//1740 4252//1740
f 4257//1741 4280//1741 4281//1741 4258//1741
f 4258//1516 4253//1516 4255//1516 4259//1516
f 4179//1538 4228//1538 4227//1538 4180//1538
f 4282//1569 4256//1569 4227//1569 4226//1569
f 4259//1569 4283//1569 4284//1569 4257//1569
f 4254//1525 4285//1525 4286//1525 4287//1525
f 4255//1518 4288//1518 4289//1518 4251//1518 4290//1518 4291//1518 4256//1518 4282//1518 4292//1518 4283//1518 4259//1518
f 4293//1742 4294//1742 4198//1742 4197//1742
f 4295//1743 4266//1743 4190//1743 4296//1743
f 4176//1523 4175//1523 4296//1523 4297//1523
f 4264//1518 4298//1518 4229//1518 4234//1518 4266//1518 4295//1518 4299//1518 4236//1518 4233//1518
f 4297//1523 4296//1523 4190//1523 4189//1523
f 4249//1744 4275//1744 4194//1736 4193//1736
f 4238//1745 4267//1745 4300//1745 4301//1745
f 4301//1746 4300//1746 4302//1746 4303//1746
f 4241//1520 4304//1520 4305//1520 4306//1520
f 4241//1747 4306//1747 4307//1747 4242//1747
f 4303//1520 4302//1520 4202//1520 4201//1520
f 4308//1518 4309//1518 4268//1518 4240//1518 4242//1518 4307//1518 4310//1518 4269//1518 4239//1518 4237//1518
f 4303//1583 4201//1583 4268//1583 4309//1583
f 4209//1559 4212//1559 4311//1559 4243//1559
f 4215//1669 4222//1669 4221//1669 4216//1669
f 4196//1748 4195//1748 4271//1748 4270//1748
f 4311//1518 4312//1518 4248//1518 4250//1518 4313//1518 4314//1518 4276//1518 4247//1518 4243//1518
f 4203//1558 4208//1558 4207//1558 4204//1558
f 4315//1749 4316//1749 4226//1749 4225//1749
f 4244//1527 4274//1527 4210//1527 4209//1527
f 4272//1558 4273//1558 4246//1558 4245//1558
f 4306//1750 4305//1750 4294//1750 4293//1750
f 4232//1525 4317//1525 4318//1525 4265//1525
f 4265//1525 4318//1525 4261//1525 4260//1525
f 4183//1538 4192//1538 4191//1538 4184//1538
f 4319//1558 4317//1558 4232//1558 4231//1558
f 4230//1527 4262//1527 4182//1527 4181//1527
f 4235//1520 4263//1520 4319//1520 4231//1520
f 4320//1751 4284//1751 4316//1751 4315//1751
f 4280//1523 4257//1523 4284//1523 4320//1523
f 4287//1752 4286//1752 4278//1752 4277//1752
f 4321//1558 4285//1558 4254//1558 4253//1558
f 4252//1527 4279//1527 4224//1527 4223//1527
f 4258//1520 4281//1520 4321//1520 4253//1520
f 4249//1753 4193//1753 4313//1753 4250//1753
f 4212//1754 4211//1754 4214//1754 4213//1754
f 4288//1568 4255//1568 4254//1568 4287//1568
f 4223//1579 4217//1579 4290//1579 4251//1579
f 4322//1679 4182//1679 4262//1679
f 4319//1684 4323//1684 4317//1684
f 4183//1678 4324//1678 4192//1678
f 4173//1686 4325//1686 4263//1686
f 4326//1686 4267//1686 4187//1686
f 4199//1678 4327//1678 4186//1678
f 4203//1684 4328//1684 4208//1684
f 4205//1679 4329//1679 4304//1679
f 4330//1679 4210//1679 4274//1679
f 4272//1684 4331//1684 4273//1684
f 4215//1733 4332//1733 4222//1733
f 4219//1732 4333//1732 4275//1732
f 4334//1679 4224//1679 4279//1679
f 4321//1684 4335//1684 4285//1684
f 4179//1678 4336//1678 4228//1678
f 4280//1686 4337//1686 4281//1686
f 4182//1689 4322//1689 4324//1689 4183//1689
f 4263//1675 4325//1675 4323//1675 4319//1675
f 4338//1695 4318//1695 4317//1695 4323//1695
f 4339//1755 4189//1755 4192//1755 4324//1755
f 4202//1756 4340//1756 4328//1756 4203//1756
f 4198//1701 4341//1701 4327//1701 4199//1701
f 4326//1696 4187//1696 4186//1696 4327//1696
f 4329//1695 4205//1695 4208//1695 4328//1695
f 4271//1756 4342//1756 4331//1756 4272//1756
f 4330//1695 4274//1695 4273//1695 4331//1695
f 4333//1734 4219//1734 4222//1734 4332//1734
f 4281//1675 4337//1675 4335//1675 4321//1675
f 4343//1696 4225//1696 4228//1696 4336//1696
f 4337//1696 4280//1696 4320//1696 4344//1696
f 4335//1676 4337//1676 4344//1676 4345//1676 4343//1676 4336//1676 4346//1676 4347//1676 4334//1676 4348//1676 4349//1676
f 4350//1757 4297//1757 4189//1757 4339//1757
f 4338//1676 4323//1676 4325//1676 4351//1676 4350//1676 4339//1676 4324//1676 4322//1676 4352//1676
f 4304//1758 4329//1758 4353//1758 4305//1758
f 4354//1676 4326//1676 4327//1676 4341//1676 4355//1676 4353//1676 4329//1676 4328//1676 4340//1676 4356//1676
f 4302//1756 4356//1756 4340//1756 4202//1756
f 4210//1689 4330//1689 4357//1689 4211//1689
f 4357//1676 4330//1676 4331//1676 4342//1676 4358//1676 4359//1676 4333//1676 4332//1676 4360//1676
f 4275//1759 4333//1759 4359//1759 4194//1759
f 4349//1695 4286//1695 4285//1695 4335//1695
f 4224//1701 4334//1701 4347//1701 4218//1701
f 4206//1527 4205//1527 4304//1527 4241//1527
usemtl Wall_Highlights.008
f 3795//1555 3491//1555 3490//1555
f 3952//1555 3814//1555 3815//1555
f 3730//1539 3955//1539 3727//1539
f 3839//1553 3861//1553 3836//1553
f 3766//1553 3765//1553 3758//1553
f 3834//1760 3596//1760 3781//1760
f 3827//1761 3795//1761 3490//1761 3500//1761
f 3808//1762 3638//1762 3637//1762 3799//1762
f 3823//1579 3955//1579 3730//1579 3819//1579
f 3859//1763 3658//1763 3660//1763 3588//1763
f 3888//1764 3766//1764 3758//1764 3757//1764
f 3938//1765 3834//1765 3781//1765 3850//1765
f 4213//1766 4216//1766 4248//1766 4312//1766
f 4177//1767 4180//1767 4256//1767 4291//1767
f 3805//1768 3808//1768 3799//1768 3798//1768
f 3802//1769 3722//1769 3723//1769 3812//1769
f 3800//1770 3720//1770 3718//1770 3568//1770
f 3801//1771 3800//1771 3568//1771 3567//1771
f 3803//1772 3802//1772 3812//1772 3501//1772
f 3817//1773 3823//1773 3819//1773 3818//1773
f 3825//1774 3505//1774 3733//1774 3820//1774
f 3952//1775 3825//1775 3820//1775 3814//1775
f 3829//1776 3827//1776 3500//1776 3499//1776
f 4283//1777 4292//1777 4316//1777 4284//1777
f 4292//1778 4282//1778 4226//1778 4316//1778
f 4251//1779 4289//1779 4277//1779 4252//1779
f 4289//1780 4288//1780 4287//1780 4277//1780
f 3835//1781 3849//1781 3841//1781 3590//1781
f 3845//1782 3938//1782 3850//1782 3846//1782
f 3839//1783 3856//1783 3857//1783 3861//1783
f 3856//1784 3525//1784 3744//1784 3857//1784
f 3860//1785 3859//1785 3588//1785 3587//1785
f 4299//1786 4295//1786 4296//1786 4175//1786
f 4298//1787 4264//1787 4265//1787 4260//1787
f 4229//1788 4298//1788 4260//1788 4230//1788
f 4236//1789 4299//1789 4175//1789 4174//1789
f 3862//1790 3874//1790 3931//1790 3863//1790
f 3874//1791 3923//1791 3932//1791 3931//1791
f 3877//1792 3750//1792 3543//1792 3542//1792
f 3918//1793 3747//1793 3538//1793 3537//1793
f 3682//1794 3886//1794 3570//1794 3573//1794
f 3885//1795 3888//1795 3757//1795 3883//1795
f 3886//1796 3761//1796 3762//1796 3570//1796
f 3561//1797 3560//1797 3752//1797 3669//1797
f 4293//1798 4197//1798 4269//1798 4310//1798
f 4238//1799 4301//1799 4308//1799 4237//1799
f 4306//1800 4293//1800 4310//1800 4307//1800
f 4301//1801 4303//1801 4309//1801 4308//1801
f 3910//1802 3578//1802 3613//1802 3612//1802
f 3912//1803 3915//1803 3608//1803 3617//1803
f 3915//1804 3602//1804 3609//1804 3608//1804
f 3578//1805 3581//1805 3614//1805 3613//1805
f 4196//1806 4270//1806 4276//1806 4314//1806
f 4193//1807 4196//1807 4314//1807 4313//1807
f 4212//1808 4213//1808 4312//1808 4311//1808
f 3876//1809 3918//1809 3537//1809 3546//1809
f 3880//1810 3877//1810 3542//1810 3541//1810
f 3935//1811 3906//1811 3934//1811 3933//1811
f 3906//1812 3790//1812 3791//1812 3934//1812
f 3849//1813 3782//1813 3585//1813 3841//1813
f 3560//1814 3559//1814 3753//1814 3752//1814
f 3950//1815 3738//1815 3739//1815 3960//1815
f 3651//1816 3513//1816 3959//1816 3649//1816
f 3656//1817 3950//1817 3960//1817 3657//1817
f 3513//1818 3516//1818 3736//1818 3959//1818
f 4217//1819 4177//1819 4291//1819 4290//1819
f 3966//1820 3965//1820 3986//1820 3991//1820
f 3987//1539 3986//1539 3965//1539
f 3988//1821 3987//1821 3965//1821 3972//1821
f 3964//1822 3988//1822 3972//1822 3971//1822
f 3967//1823 3966//1823 3991//1823 3979//1823
f 4002//1824 4025//1824 4013//1824 3999//1824
f 3997//1825 4023//1825 4020//1825 4017//1825
f 3993//1826 4024//1826 4023//1826 3997//1826
f 4022//1827 4021//1827 4025//1827 4002//1827
f 3794//1686 4029//1686 3712//1686
f 3953//1686 3816//1686 4122//1686
f 4095//1678 3728//1678 3954//1678
f 3838//1684 3837//1684 4133//1684
f 4106//1684 3759//1684 3957//1684
f 3833//1828 4111//1828 3597//1828
f 3828//1829 4030//1829 4029//1829 3794//1829
f 3807//1830 4121//1830 4066//1830 3940//1830
f 3822//1701 4125//1701 4095//1701 3954//1701
f 4135//1831 3589//1831 3740//1831 4075//1831
f 4144//1832 3756//1832 3759//1832 4106//1832
f 3937//1833 4129//1833 4111//1833 3833//1833
f 4214//1834 4360//1834 4332//1834 4215//1834
f 4178//1835 4346//1835 4336//1835 4179//1835
f 3806//1836 4116//1836 4121//1836 3807//1836
f 4118//1837 3813//1837 3811//1837 4092//1837
f 4120//1838 3569//1838 3717//1838 4091//1838
f 4119//1839 3566//1839 3569//1839 4120//1839
f 4117//1840 3502//1840 3813//1840 4118//1840
f 3821//1841 4123//1841 4125//1841 3822//1841
f 3826//1842 4124//1842 4097//1842 3506//1842
f 3953//1843 4122//1843 4124//1843 3826//1843
f 3830//1844 4031//1844 4030//1844 3828//1844
f 4344//1845 4320//1845 4315//1845 4345//1845
f 4345//1846 4315//1846 4225//1846 4343//1846
f 4334//1847 4279//1847 4278//1847 4348//1847
f 4348//1848 4278//1848 4286//1848 4349//1848
f 4126//1849 3591//1849 3842//1849 4130//1849
f 3848//1850 4128//1850 4129//1850 3937//1850
f 3838//1851 4133//1851 4132//1851 3855//1851
f 3855//1852 4132//1852 4101//1852 3526//1852
f 4134//1853 3586//1853 3589//1853 4135//1853
f 4351//1854 4176//1854 4297//1854 4350//1854
f 4352//1855 4261//1855 4318//1855 4338//1855
f 4322//1856 4262//1856 4261//1856 4352//1856
f 4325//1857 4173//1857 4176//1857 4351//1857
f 3866//1858 4137//1858 4152//1858 3873//1858
f 3873//1859 4152//1859 4151//1859 3922//1859
f 3878//1860 4040//1860 4039//1860 3879//1860
f 3919//1861 4035//1861 4044//1861 3920//1861
f 4080//1862 3572//1862 3571//1862 4142//1862
f 4141//1863 3882//1863 3756//1863 4144//1863
f 4142//1864 3571//1864 3884//1864 4103//1864
f 4046//1865 3755//1865 3751//1865 4047//1865
f 4294//1866 4355//1866 4341//1866 4198//1866
f 4267//1867 4326//1867 4354//1867 4300//1867
f 4305//1868 4353//1868 4355//1868 4294//1868
f 4300//1869 4354//1869 4356//1869 4302//1869
f 3911//1870 4061//1870 4060//1870 3579//1870
f 3913//1871 4056//1871 4055//1871 3914//1871
f 3914//1872 4055//1872 4064//1872 3603//1872
f 3579//1873 4060//1873 4059//1873 3580//1873
f 4195//1874 4358//1874 4342//1874 4271//1874
f 4194//1875 4359//1875 4358//1875 4195//1875
f 4211//1876 4357//1876 4360//1876 4214//1876
f 3921//1877 4036//1877 4035//1877 3919//1877
f 3881//1878 4041//1878 4040//1878 3878//1878
f 3936//1879 4150//1879 4149//1879 3907//1879
f 3907//1880 4149//1880 4114//1880 3908//1880
f 4130//1881 3842//1881 3584//1881 4112//1881
f 4047//1882 3751//1882 3754//1882 4048//1882
f 3949//1883 4155//1883 4099//1883 3956//1883
f 3948//1884 4071//1884 4154//1884 3514//1884
f 3737//1885 4074//1885 4155//1885 3949//1885
f 3514//1886 4154//1886 4098//1886 3515//1886
f 4218//1887 4347//1887 4346//1887 4178//1887
f 4163//1888 3992//1888 3985//1888 4156//1888
f 3984//1678 4156//1678 3985//1678
f 3989//1889 4157//1889 4156//1889 3984//1889
f 3963//1890 4158//1890 4157//1890 3989//1890
f 4162//1891 3980//1891 3992//1891 4163//1891
f 4001//1892 4000//1892 4166//1892 4170//1892
f 3998//1893 4016//1893 4168//1893 4172//1893
f 3994//1894 3998//1894 4172//1894 4171//1894
f 4026//1895 4001//1895 4170//1895 4169//1895
o Wall_Modular_Cube.007_Wall_Modular_Cube.008
v -0.959325 1.681634 0.187055
v -0.959325 1.958800 0.187055
v -0.926284 1.958800 0.160682
v -0.926284 1.681634 0.160682
v -0.888602 1.589539 -1.087682
v -0.661090 1.589539 -1.087682
v -0.661090 1.578764 -0.355776
v -0.888602 1.578764 -0.355776
v -0.959325 1.681634 0.673256
v -0.959325 1.958800 0.673256
v -0.959325 1.958800 0.473790
v -0.959325 1.945726 0.323207
v -0.888602 1.810513 -0.329402
v -0.661090 1.810513 -0.329402
v -0.661090 1.958800 -0.329402
v -0.888602 1.958800 -0.329402
v -0.844018 1.820113 -0.341069
v -0.705674 1.820113 -0.341069
v -0.705674 1.413789 -0.341069
v -0.844018 1.413789 -0.341069
v -0.844018 1.396085 -0.011229
v -0.705674 1.396085 -0.011229
v -0.705674 1.394789 0.141847
v -0.844018 1.394789 0.141847
v -0.948806 1.296289 -0.848938
v -0.600886 1.296289 -0.848938
v -0.600886 1.344727 -0.848938
v -0.948806 1.344727 -0.848938
v -0.948806 0.797543 1.393264
v -0.600886 0.797543 1.393264
v -0.600885 1.158780 1.393264
v -0.948807 1.158780 1.393264
v -0.600886 1.581974 -1.350056
v -0.948806 1.581974 -1.350056
v -0.948806 1.581974 -0.875312
v -0.600886 1.581974 -0.875312
v -0.888602 0.847076 -0.327395
v -0.661090 0.847076 -0.327395
v -0.661090 0.847076 0.143183
v -0.888602 0.847076 0.143183
v -0.888602 0.962546 0.158340
v -0.661090 0.962546 0.158340
v -0.661090 1.376927 0.169557
v -0.888602 1.376927 0.169557
v -0.661090 -0.021786 1.366891
v -0.661090 -0.002786 1.393264
v -0.888602 -0.002786 1.393264
v -0.888602 -0.021786 1.366891
v -0.976773 0.021029 -0.481017
v -0.985033 -0.006243 -0.386727
v -0.981847 -0.002785 -0.188775
v -0.981847 0.324414 -0.188775
v -0.981847 0.324414 -0.303599
v -0.981847 0.311484 -0.361010
v -0.981847 0.324414 -0.418423
v -0.981847 0.324414 -1.354147
v -0.981847 -0.002785 -1.354147
v -0.976859 0.008972 -0.785948
v -0.888602 0.453683 1.366891
v -0.661090 0.453683 1.366891
v -0.661090 0.453683 0.377890
v -0.888602 0.453683 0.377890
v -0.888602 0.361581 0.347892
v -0.661090 0.361581 0.347892
v -0.661090 -0.002786 0.351516
v -0.888602 -0.002786 0.351516
v -0.921643 0.434683 0.377890
v -0.921643 0.361581 0.389315
v -0.921643 -0.002786 0.377890
v -0.921643 -0.002786 1.366891
v -0.921643 0.278597 1.361164
v -0.921643 0.361581 1.347448
v -0.921643 0.434683 1.366891
v -0.849517 0.272958 0.343801
v -0.700175 0.272958 0.343801
v -0.700175 0.542225 0.363183
v -0.849517 0.542225 0.363183
v -0.661090 1.724698 -1.380520
v -0.888602 1.724698 -1.380520
v -0.888602 1.787793 -1.383935
v -0.661090 1.787793 -1.383935
v -0.849517 0.561225 0.046217
v -0.700175 0.561225 0.046217
v -0.700175 0.561225 -0.146841
v -0.849517 0.561225 -0.146841
v -0.600886 0.450474 1.366891
v -0.948806 0.450474 1.366891
v -0.948806 0.450474 0.878870
v -0.600886 0.450474 0.878870
v -0.948806 0.845412 0.230688
v -0.600886 0.845412 0.230688
v -0.600886 0.847334 0.202985
v -0.948806 0.847334 0.202985
v -0.925202 0.866076 0.856108
v -0.624490 0.866076 0.856108
v -0.624490 1.221821 0.855628
v -0.925202 1.221821 0.855628
v -0.661090 0.934043 -0.863005
v -0.888602 0.934043 -0.863005
v -0.888602 0.985890 -0.860979
v -0.661090 0.985890 -0.860979
v -0.925202 1.479568 0.856108
v -0.624490 1.479568 0.856108
v -0.624490 1.646927 0.856108
v -0.925202 1.646927 0.856108
v -0.624490 1.479568 0.178842
v -0.925202 1.479568 0.178842
v -0.925202 1.646927 0.164239
v -0.624490 1.646927 0.164239
v -0.958243 0.866076 0.190613
v -0.958243 1.419792 0.190613
v -0.925202 1.419792 0.164239
v -0.925202 0.866076 0.164239
v -0.948806 0.557652 0.090439
v -0.600886 0.557652 0.090439
v -0.600886 0.557652 0.335327
v -0.948806 0.557652 0.335327
v -0.600886 1.562974 -0.848938
v -0.948806 1.562974 -0.848938
v -0.981847 0.600969 0.031667
v -0.981847 0.576652 0.090439
v -0.981847 0.576652 0.335327
v -0.981847 0.828334 0.335327
v -0.981847 0.828334 0.309139
v -0.981847 0.813369 0.230688
v -0.981847 0.828334 0.202985
v -0.981847 0.828334 -0.303116
v -0.981847 0.576652 -0.303116
v -0.981847 0.585124 -0.015715
v -0.600886 0.828334 0.361700
v -0.948806 0.828334 0.361700
v -0.948806 0.576652 0.361700
v -0.600886 0.576652 0.361700
v -0.850811 0.905275 -0.848938
v -0.698881 0.905275 -0.848938
v -0.698881 1.025535 -0.848938
v -0.850811 1.025535 -0.848938
v -0.698881 1.044535 -1.350056
v -0.850811 1.044535 -1.350056
v -0.850811 1.044535 -0.875312
v -0.698881 1.044535 -0.875312
v -0.926284 1.958800 0.699630
v -0.926284 1.977800 0.673256
v -0.926284 1.662634 0.673256
v -0.926284 1.681634 0.699630
v -0.888602 1.578764 -1.354147
v -0.910021 1.591672 -1.371601
v -0.888602 1.597764 -1.380520
v -0.910021 1.964892 -1.371601
v -0.888602 1.977800 -1.354147
v -0.888602 1.958800 -1.380520
v -0.888602 1.597764 -0.329402
v -0.910021 1.591672 -0.338322
v -0.888602 1.977800 -0.355776
v -0.910021 1.964892 -0.338322
v -0.926284 1.662634 0.187055
v -0.844018 1.394789 -0.314695
v -0.877059 1.413789 -0.314695
v -0.844018 1.413789 0.168220
v -0.876989 1.423796 0.131428
v -0.981847 1.061832 -0.875312
v -0.948806 1.042832 -0.875312
v -0.948806 1.061832 -0.848938
v -0.948806 1.061832 -1.376430
v -0.948806 1.042832 -1.350056
v -0.981847 1.061832 -1.350056
v -0.981847 1.562974 -0.875312
v -0.948806 1.562974 -1.376430
v -0.981847 1.562974 -1.350056
v -0.921643 1.376927 -0.836632
v -0.888602 1.395927 -0.836632
v -0.888602 1.376927 -0.863005
v -0.888602 0.866076 0.169557
v -0.921643 0.866076 0.143183
v -0.888602 1.395927 0.143183
v -0.921643 1.376927 0.143183
v -0.948806 -0.002785 -1.380520
v -0.948806 -0.021785 -1.354147
v -0.948806 0.343414 -1.354147
v -0.948806 0.324414 -1.380520
v -0.888602 0.434683 1.393264
v -0.888602 0.434683 0.351516
v -0.888602 -0.021786 0.377890
v -0.948806 -0.021785 -0.188775
v -0.948806 -0.002785 -0.162401
v -0.948806 0.324414 -0.162401
v -0.948806 0.343414 -0.188775
v -0.849517 -0.004350 0.363183
v -0.882558 -0.004350 0.336809
v -0.849517 -0.023350 0.336809
v -0.849517 0.561225 0.336809
v -0.882558 0.542225 0.336809
v -0.849517 0.542225 -0.173215
v -0.882558 0.542225 -0.146841
v -0.981847 1.158780 0.878870
v -0.948806 1.177780 0.878870
v -0.948806 1.158780 0.852496
v -0.948807 1.177780 1.366891
v -0.981847 1.158780 1.366891
v -0.948806 0.469474 0.852496
v -0.981847 0.469474 0.878870
v -0.948806 0.469474 1.393264
v -0.981847 0.469474 1.366891
v -0.958243 1.646927 0.829734
v -0.925202 1.665927 0.829734
v -0.925202 0.843534 0.829734
v -0.958243 0.866076 0.829734
v -0.925202 0.843534 0.190613
v -0.948806 0.576652 -0.329490
v -0.948806 0.557652 -0.303116
v -0.948806 0.847334 -0.303116
v -0.948806 0.828334 -0.329490
v -0.948806 0.847334 0.335327
v -0.883852 0.357282 -0.875312
v -0.850811 0.338282 -0.875312
v -0.850811 0.357282 -0.848938
v -0.850811 0.357282 -1.376430
v -0.850811 0.338282 -1.350056
v -0.883852 0.357282 -1.350056
v -0.883852 1.025535 -0.875312
v -0.850811 1.025535 -1.376430
v -0.883852 1.025535 -1.350056
v -0.623408 1.681634 0.160682
v -0.623408 1.958800 0.160682
v -0.623408 1.681634 0.699630
v -0.623408 1.958800 0.699630
v -0.623408 1.662634 0.187055
v -0.623408 1.977800 0.673256
v -0.661090 1.814254 -1.380520
v -0.888602 1.814254 -1.380520
v -0.661090 1.958800 -1.380520
v -0.910021 1.815197 -1.371601
v -0.661090 1.597764 -0.329402
v -0.910021 1.716220 -0.338322
v -0.888602 1.718682 -0.329402
v -0.910021 1.602830 -1.095643
v -0.705674 1.979364 0.063271
v -0.844018 1.979364 0.063271
v -0.844018 1.979364 0.141847
v -0.705674 1.979364 0.141847
v -0.877059 1.937546 0.048580
v -0.877059 1.960364 0.141847
v -0.705674 1.394789 -0.314695
v -0.877080 1.430167 -0.016345
v -0.877059 1.820113 -0.314695
v -0.600886 1.042832 -1.350056
v -0.600886 1.042832 -0.875312
v -0.981847 1.344727 -0.875312
v -0.600886 1.562974 -1.376430
v -0.948806 1.381705 -1.376430
v -0.981847 1.381705 -1.350056
v -0.661090 1.376927 -0.863005
v -0.661090 0.866076 0.169557
v -0.921643 0.934043 0.143183
v -0.888602 0.934043 0.169557
v -0.921643 0.866076 -0.327395
v -0.888602 1.395927 -0.536744
v -0.921643 1.376927 -0.536744
v -0.948806 -0.021785 -0.400513
v -0.600886 0.324414 -0.162401
v -0.600886 0.343414 -0.188775
v -0.948806 0.343414 -0.418423
v -0.661090 0.361581 1.391185
v -0.888602 0.361581 1.391185
v -0.888602 0.278597 1.391827
v -0.661090 0.278597 1.391827
v -0.661090 0.434683 1.393264
v -0.700175 -0.015807 0.177829
v -0.849517 -0.015807 0.177829
v -0.849517 -0.023350 -0.146841
v -0.700175 -0.023350 -0.146841
v -0.700175 0.561225 0.336809
v -0.882558 0.542225 0.156088
v -0.849517 0.561225 0.156088
v -0.882558 0.272958 0.317427
v -0.849517 0.091535 -0.173215
v -0.849517 -0.004350 -0.173215
v -0.882558 -0.004350 -0.146841
v -0.882558 0.091535 -0.146841
v -0.600886 1.177780 0.878870
v -0.600886 1.158780 0.852496
v -0.948806 0.775647 0.852496
v -0.981847 0.775647 0.878870
v -0.600885 1.177780 1.366891
v -0.981847 0.797543 1.366891
v -0.600886 0.847334 -0.303116
v -0.925202 0.843534 0.706479
v -0.958243 0.866076 0.706479
v -0.624490 0.843534 0.706479
v -0.624490 0.843534 0.829734
v -0.624490 1.665927 0.829734
v -0.958243 1.479568 0.220655
v -0.958243 1.646927 0.190613
v -0.958243 1.221822 0.826025
v -0.600886 0.828334 -0.329490
v -0.600886 0.576652 -0.329490
v -0.600886 0.847334 0.335327
v -0.698881 0.338282 -1.350056
v -0.698881 0.338282 -0.875312
v -0.883852 0.905275 -0.875312
v -0.698881 1.025535 -1.376430
v -0.850811 0.422692 -1.376430
v -0.883852 0.422692 -1.350056
v -0.661090 1.395927 -0.536744
v -0.661090 1.395927 -0.836632
v -0.623408 1.977800 0.187055
v -0.926284 1.977800 0.187055
v -0.888602 1.578764 -1.250930
v -0.910021 1.591672 -1.264707
v -0.910021 1.964892 -1.095643
v -0.910021 1.942257 -1.264707
v -0.910021 1.787793 -1.345786
v -0.910021 1.722450 -1.371601
v -0.910021 1.743624 -0.365212
v -0.910021 1.811322 -0.338322
v -0.661090 1.977800 -0.355776
v -0.888602 1.977800 -1.087682
v -0.661090 1.977800 -1.087682
v -0.661090 1.977414 -1.250930
v -0.888602 1.977414 -1.250930
v -0.661090 1.578764 -1.354147
v -0.661090 1.578764 -1.250930
v -0.661090 1.718682 -0.329402
v -0.888602 1.745144 -0.334392
v -0.661090 1.745144 -0.334392
v -0.877059 1.960364 -0.314695
v -0.844018 1.979364 -0.314695
v -0.705674 1.979364 -0.314695
v -0.844018 1.820113 0.158883
v -0.877059 1.820113 0.114843
v -0.877059 1.881891 0.141847
v -0.877059 1.881891 -0.290808
v -0.705674 1.820113 0.158883
v -0.705674 1.881891 0.168220
v -0.844018 1.881891 0.168220
v -0.705674 1.413789 0.168220
v -0.844018 1.881891 -0.327899
v -0.705674 1.881891 -0.327899
v -0.926284 1.978036 0.323207
v -0.623408 1.978036 0.323207
v -0.926284 1.977800 0.473790
v -0.623408 1.977800 0.473790
v -0.624490 0.866076 0.164239
v -0.624490 0.843534 0.190613
v -0.624490 1.663648 0.189858
v -0.925202 1.663648 0.189858
v -0.958243 1.479568 0.829734
v -0.888602 0.866076 -0.863005
v -0.661090 0.866076 -0.863005
v -0.661090 0.847076 -0.836632
v -0.888602 0.847076 -0.836632
v -0.624490 1.419792 0.164239
v -0.925202 1.419792 0.855146
v -0.624490 1.419792 0.855146
v -0.925202 0.843534 0.474312
v -0.958243 0.883315 0.474312
v -0.925202 1.665927 0.543459
v -0.958243 1.646927 0.543459
v -0.624490 0.843534 0.474312
v -0.624490 1.665927 0.543459
v -0.958243 1.419792 0.803769
v -0.958243 1.626725 0.450382
v -0.888602 1.395927 -0.474528
v -0.921643 1.376927 -0.474528
v -0.661090 1.395927 0.143183
v -0.661090 1.395927 -0.474528
v -0.661090 0.847334 -0.458158
v -0.888602 0.847334 -0.458158
v -0.921643 0.883136 -0.458158
v -0.921643 0.962546 0.131966
v -0.921643 0.985890 -0.810459
v -0.921643 0.934043 -0.836632
v -0.921643 0.866076 -0.836632
v -0.850811 0.905275 -1.376430
v -0.883852 0.905275 -1.350056
v -0.850811 0.836159 -0.848938
v -0.883852 0.836159 -0.875312
v -0.698881 0.905275 -1.376430
v -0.698881 0.836159 -0.848938
v -0.850811 0.790514 -0.848938
v -0.883852 0.790514 -0.875312
v -0.698881 0.790514 -0.848938
v -0.850811 0.464367 -0.848938
v -0.883852 0.464367 -0.875312
v -0.698881 0.836159 -1.372216
v -0.850811 0.836159 -1.372216
v -0.698881 0.464367 -0.848938
v -0.962118 -0.012794 -0.776737
v -0.948806 0.330484 -0.361010
v -0.600886 0.330484 -0.361010
v -0.600886 0.343414 -0.418423
v -0.948806 0.343414 -0.303599
v -0.600886 0.343414 -0.303599
v -0.700175 -0.023350 0.122011
v -0.849517 -0.023350 0.122011
v -0.700175 0.561225 0.156088
v -0.884132 -0.008384 0.129766
v -0.876558 0.522860 0.030754
v -0.882558 0.177503 -0.141856
v -0.878630 0.011261 0.159289
v -0.882558 0.186990 0.336809
v -0.849517 0.177503 -0.168230
v -0.849517 0.186990 0.363183
v -0.700175 -0.023350 0.336809
v -0.700175 0.542225 -0.173215
v -0.700175 0.177503 -0.168230
v -0.700175 0.091535 -0.173215
v -0.700175 -0.004350 0.363183
v -0.700175 0.186990 0.363183
v -0.948806 0.737936 1.393017
v -0.981847 0.737936 1.344457
v -0.948806 0.835254 0.856422
v -0.981847 0.835254 0.890835
v -0.600886 0.835254 0.856422
v -0.600886 0.469474 1.393264
v -0.600886 0.737936 1.393017
v -0.600886 0.775647 0.852496
v -0.850811 0.443529 -1.376677
v -0.698881 0.443529 -1.376677
v -0.698881 0.422692 -1.376430
v -0.600886 0.469474 0.852496
v -0.948806 0.847334 0.309139
v -0.600886 0.847334 0.309139
v -0.948806 0.561600 -0.015715
v -0.600886 0.561600 -0.015715
v -0.600886 0.561600 0.011988
v -0.948806 0.561600 0.011988
v -0.600886 0.557652 -0.303116
v -0.661090 0.934043 0.169557
v -0.948806 -0.016887 -0.457925
v -0.600886 -0.016887 -0.457925
v -0.600886 -0.021785 -0.400513
v -0.587574 -0.012794 -0.776737
v -0.698881 0.790514 -1.376430
v -0.850811 0.790514 -1.376430
v -0.698881 0.357282 -0.848938
v -0.698881 0.422692 -0.848938
v -0.850811 0.422692 -0.848938
v -0.698881 0.443529 -0.848938
v -0.850811 0.443529 -0.848938
v -0.883852 0.422692 -0.875312
v -0.883852 0.443529 -0.875312
v -0.883852 0.836159 -1.317751
v -0.883852 0.790514 -1.350056
v -0.883852 0.464367 -1.350056
v -0.883852 0.443529 -1.333854
v -0.850811 0.464367 -1.376430
v -0.698881 0.464367 -1.376430
v -0.624490 1.663292 0.451136
v -0.925202 1.663292 0.451136
v -0.661090 1.597764 -1.380520
v -0.661090 1.977800 -1.354147
v -0.600886 0.343414 -1.354147
v -0.600886 0.324414 -1.380520
v -0.600886 -0.002785 -1.380520
v -0.600886 -0.021785 -1.354147
v -0.661090 0.434683 0.351516
v -0.698881 0.357282 -1.376430
v -0.600886 1.061832 -1.376430
v -0.600886 1.061832 -0.848938
v -0.600886 1.430143 -1.376430
v -0.948806 1.430143 -1.376430
v -0.623408 1.662634 0.673256
v -0.844018 1.960364 -0.341069
v -0.705674 1.960364 -0.341069
v -0.705674 1.960364 0.168220
v -0.844018 1.960364 0.168220
v -0.600886 1.381705 -1.376430
v -0.700175 -0.004350 -0.173215
v -0.661090 -0.021786 0.377890
v -0.981847 1.296289 -0.891461
v -0.981847 1.430143 -1.324120
v -0.960841 1.677625 1.389844
v -0.588851 1.677625 1.389844
v -0.588851 1.756477 1.389844
v -0.960841 1.756477 1.389844
v -0.993882 1.963044 1.363471
v -0.993882 1.945031 1.298393
v -0.993882 1.963044 1.224790
v -0.993882 1.963044 0.722700
v -0.993882 1.677625 0.722700
v -0.993882 1.677625 1.363471
v -0.993882 1.756477 1.363471
v -0.993882 1.864958 1.345324
v -0.960841 1.658625 1.363471
v -0.960841 1.677625 0.696326
v -0.960841 1.658625 0.722700
v -0.960841 1.982044 0.722700
v -0.960841 1.963044 0.696326
v -0.588851 1.982044 0.722700
v -0.960841 1.982044 1.224790
v -0.588851 1.982044 1.224790
v -0.588851 1.658625 0.722700
v -0.588851 1.658625 1.363471
v -0.588851 1.963044 0.696326
v -0.588851 1.963044 1.389844
v -0.588851 1.982044 1.363471
v -0.960841 1.982044 1.363471
v -0.960841 1.963044 1.389844
v -0.960841 1.864958 1.390173
v -0.588851 1.864958 1.390173
v -0.588851 1.677625 0.696326
v -0.960841 1.982044 1.298393
v -0.588851 1.982044 1.298393
v -0.881006 0.766851 -0.330320
v -0.668686 0.766851 -0.330320
v -0.668686 0.834483 -0.327947
v -0.881006 0.834483 -0.327947
v -0.881006 0.712665 -0.331332
v -0.668686 0.712665 -0.331332
v -0.881006 0.834483 -0.851286
v -0.668686 0.834483 -0.851286
v -0.668686 0.791026 -0.852252
v -0.881006 0.791026 -0.852252
v -0.668686 0.848964 -0.354321
v -0.668686 0.848964 -0.824912
v -0.881006 0.848964 -0.824912
v -0.881006 0.848964 -0.354321
v -0.914047 0.577317 -0.824912
v -0.881006 0.577317 -0.851286
v -0.881006 0.558317 -0.824912
v -0.881006 0.577317 -0.327947
v -0.914047 0.577317 -0.354321
v -0.881006 0.558317 -0.354321
v -0.914047 0.834483 -0.824912
v -0.914047 0.834483 -0.354321
v -0.668686 0.577317 -0.327947
v -0.668686 0.676529 -0.327947
v -0.881006 0.676529 -0.327947
v -0.668686 0.558317 -0.824912
v -0.668686 0.558317 -0.354321
v -0.914047 0.676529 -0.354321
v -0.914047 0.754889 -0.824912
v -0.881006 0.754889 -0.851286
v -0.914047 0.712665 -0.384233
v -0.914047 0.766851 -0.353647
v -0.914047 0.791026 -0.808460
v -0.668686 0.754889 -0.851286
v -0.668686 0.577317 -0.851286
v -0.590367 1.681634 0.187055
v -0.590367 1.958800 0.187055
v -0.590367 1.945726 0.323207
v -0.590367 1.958800 0.473790
v -0.590367 1.958800 0.673256
v -0.590367 1.681634 0.673256
v -0.600886 -0.021785 -0.188775
v -0.572919 0.021029 -0.481018
v -0.572833 0.008972 -0.785948
v -0.567845 -0.002785 -1.354147
v -0.567845 0.324414 -1.354147
v -0.567845 0.324414 -0.418423
v -0.567845 0.311484 -0.361010
v -0.567845 0.324414 -0.303599
v -0.567845 0.324414 -0.188775
v -0.567845 -0.002785 -0.188775
v -0.564659 -0.006243 -0.386727
v -0.628049 0.434683 0.377890
v -0.628049 0.434683 1.366891
v -0.628049 0.361581 1.347448
v -0.628049 0.278597 1.361164
v -0.628049 -0.002786 1.366891
v -0.628049 -0.002786 0.377890
v -0.628049 0.361581 0.389315
v -0.600886 -0.002785 -0.162401
v -0.591449 0.866076 0.190613
v -0.591449 1.419792 0.190613
v -0.567845 0.600969 0.031667
v -0.567845 0.585124 -0.015715
v -0.567845 0.576652 -0.303116
v -0.567845 0.828334 -0.303116
v -0.567845 0.828334 0.202985
v -0.567845 0.813369 0.230688
v -0.567845 0.828334 0.309139
v -0.567845 0.828334 0.335327
v -0.567845 0.576652 0.335327
v -0.567845 0.576652 0.090439
v -0.639671 1.591672 -1.371601
v -0.639671 1.964892 -1.371601
v -0.639671 1.591672 -0.338322
v -0.639671 1.964892 -0.338322
v -0.672633 1.413789 -0.314695
v -0.672703 1.423796 0.131428
v -0.567845 1.061832 -0.875312
v -0.567845 1.061832 -1.350056
v -0.567845 1.562974 -0.875312
v -0.567845 1.562974 -1.350056
v -0.628049 1.376927 -0.836632
v -0.628049 0.866076 0.143183
v -0.628049 1.376927 0.143183
v -0.667134 -0.004350 0.336809
v -0.667134 0.542225 0.336809
v -0.667134 0.542225 -0.146841
v -0.567845 1.158780 0.878870
v -0.567845 1.158780 1.366891
v -0.567845 0.469474 0.878870
v -0.567845 0.469474 1.366891
v -0.591449 1.646927 0.829734
v -0.591449 0.866076 0.829734
v -0.665840 0.357282 -0.875312
v -0.665840 0.357282 -1.350056
v -0.665840 1.025535 -0.875312
v -0.665840 1.025535 -1.350056
v -0.639671 1.815197 -1.371601
v -0.639671 1.716220 -0.338322
v -0.639671 1.602830 -1.095643
v -0.672633 1.937546 0.048580
v -0.672633 1.960364 0.141847
v -0.672612 1.430167 -0.016345
v -0.672633 1.820113 -0.314695
v -0.567845 1.344727 -0.875312
v -0.567845 1.381705 -1.350056
v -0.628049 0.934043 0.143183
v -0.628049 0.866076 -0.327395
v -0.628049 1.376927 -0.536744
v -0.667134 0.542225 0.156088
v -0.667134 0.272958 0.317427
v -0.667134 0.091535 -0.146841
v -0.667134 -0.004350 -0.146841
v -0.567845 0.775647 0.878870
v -0.567845 0.797543 1.366891
v -0.591449 0.866076 0.706479
v -0.591449 1.479568 0.220655
v -0.591449 1.646927 0.190613
v -0.591449 1.221822 0.826025
v -0.665840 0.905275 -0.875312
v -0.665840 0.422692 -1.350056
v -0.639671 1.591672 -1.264707
v -0.639671 1.964892 -1.095643
v -0.639671 1.811322 -0.338322
v -0.639671 1.743624 -0.365212
v -0.639671 1.722450 -1.371601
v -0.639671 1.787793 -1.345786
v -0.639671 1.942257 -1.264707
v -0.672633 1.960364 -0.314695
v -0.672633 1.820113 0.114843
v -0.672633 1.881891 -0.290808
v -0.672633 1.881891 0.141847
v -0.591449 1.479568 0.829734
v -0.591449 0.883315 0.474312
v -0.591449 1.646927 0.543459
v -0.591449 1.626725 0.450382
v -0.591449 1.419792 0.803769
v -0.628049 1.376927 -0.474528
v -0.628049 0.883136 -0.458158
v -0.628049 0.866076 -0.836632
v -0.628049 0.934043 -0.836632
v -0.628049 0.985890 -0.810459
v -0.628049 0.962546 0.131966
v -0.665840 0.905275 -1.350056
v -0.665840 0.836159 -0.875312
v -0.665840 0.790514 -0.875312
v -0.665840 0.464367 -0.875312
v -0.665560 -0.008384 0.129766
v -0.673134 0.522860 0.030754
v -0.667134 0.186990 0.336809
v -0.671062 0.011261 0.159289
v -0.667134 0.177503 -0.141856
v -0.567845 0.737936 1.344457
v -0.567845 0.835254 0.890835
v -0.665840 0.422692 -0.875312
v -0.665840 0.443529 -1.333854
v -0.665840 0.464367 -1.350056
v -0.665840 0.790514 -1.350056
v -0.665840 0.836159 -1.317751
v -0.665840 0.443529 -0.875312
v -0.567845 1.296289 -0.891461
v -0.567845 1.430143 -1.324120
v -0.555810 1.963044 1.363471
v -0.555810 1.864958 1.345324
v -0.555810 1.756477 1.363471
v -0.555810 1.677625 1.363471
v -0.555810 1.677625 0.722700
v -0.555810 1.963044 0.722700
v -0.555810 1.963044 1.224790
v -0.555810 1.945031 1.298393
v -0.635645 0.577317 -0.824912
v -0.635645 0.577317 -0.354321
v -0.635645 0.834483 -0.824912
v -0.635645 0.834483 -0.354321
v -0.635645 0.676529 -0.354321
v -0.635645 0.754889 -0.824912
v -0.635645 0.791026 -0.808460
v -0.635645 0.766851 -0.353647
v -0.635645 0.712665 -0.384233
v -0.694947 1.581974 -0.836908
v -0.854745 1.581974 -0.836908
v -0.854745 1.581974 -0.722520
v -0.694947 1.581974 -0.722520
v -0.925616 1.516034 1.387857
v -0.624076 1.516034 1.387857
v -0.624076 1.645375 1.387857
v -0.925616 1.645375 1.387857
v -0.854745 1.412052 -0.334426
v -0.694947 1.412052 -0.334426
v -0.694947 1.562974 -0.334426
v -0.854745 1.562974 -0.334426
v -0.849541 0.850083 0.840465
v -0.700151 0.850083 0.840465
v -0.700151 0.850083 0.382913
v -0.849541 0.850083 0.382913
v -0.694947 1.581974 -0.487226
v -0.854745 1.581974 -0.487226
v -0.854745 1.581974 -0.360799
v -0.694947 1.581974 -0.360799
v -0.925616 0.478625 -0.849878
v -0.624076 0.478625 -0.849878
v -0.624076 0.424440 -0.848868
v -0.925616 0.424440 -0.848868
v -0.849541 0.652640 0.866839
v -0.700151 0.652640 0.866839
v -0.700151 0.831083 0.866839
v -0.849541 0.831083 0.866839
v -0.849541 0.521156 0.356539
v -0.700151 0.521156 0.356539
v -0.700151 0.469474 0.356539
v -0.849541 0.469474 0.356539
v -0.700150 0.450474 0.840465
v -0.849542 0.450474 0.840465
v -0.849541 0.450474 0.382913
v -0.700151 0.450474 0.382913
v -0.925615 0.357282 -0.172784
v -0.624077 0.357282 -0.172784
v -0.624077 0.466664 -0.172784
v -0.925615 0.466664 -0.172784
v -0.925615 0.502801 -0.171818
v -0.624077 0.502801 -0.171818
v -0.624076 0.546258 -0.172784
v -0.925616 0.546258 -0.172784
v -0.925616 1.379245 1.387857
v -0.624076 1.379245 1.387857
v -0.624076 0.560738 -0.825878
v -0.925616 0.560738 -0.825878
v -0.925616 0.560738 -0.199158
v -0.624076 0.560738 -0.199158
v -0.925616 1.195465 1.387857
v -0.624076 1.195465 1.387857
v -0.624076 1.664375 1.099043
v -0.925616 1.664375 1.099043
v -0.925616 1.664375 1.361483
v -0.624076 1.664375 1.361483
v -0.887786 1.412052 -0.360799
v -0.854745 1.393052 -0.360799
v -0.854745 1.412052 -0.863282
v -0.854745 1.393052 -0.836908
v -0.887786 1.412052 -0.836908
v -0.887786 1.562974 -0.360799
v -0.854745 1.562974 -0.863282
v -0.887786 1.562974 -0.836908
v -0.882582 0.831083 0.382913
v -0.849541 0.831083 0.356539
v -0.882582 0.831083 0.840465
v -0.882582 0.469474 0.382913
v -0.849542 0.469474 0.866839
v -0.882582 0.469474 0.840465
v -0.958656 0.357282 -0.199158
v -0.925615 0.338282 -0.199158
v -0.925615 0.357282 -0.852252
v -0.925615 0.338282 -0.825878
v -0.958656 0.357282 -0.825878
v -0.958656 0.546258 -0.199158
v -0.925616 0.546258 -0.852252
v -0.958657 0.546258 -0.825878
v -0.958656 1.195465 1.361483
v -0.925616 1.176465 1.361483
v -0.925616 1.195465 0.851523
v -0.925616 1.176465 0.877895
v -0.958657 1.195465 0.877895
v -0.958657 1.645375 1.361483
v -0.925616 1.664375 0.877895
v -0.925616 1.645375 0.851523
v -0.958657 1.645375 0.877895
v -0.854745 1.393052 -0.487226
v -0.694947 1.393052 -0.487226
v -0.694947 1.393052 -0.360799
v -0.694947 1.562974 -0.863282
v -0.887786 1.412052 -0.589576
v -0.854745 1.393052 -0.589576
v -0.887786 1.550465 -0.446711
v -0.700151 0.831083 0.356539
v -0.882582 0.521156 0.382913
v -0.882582 0.652640 0.840465
v -0.925616 0.388303 -0.852252
v -0.624076 0.388303 -0.852252
v -0.624077 0.357282 -0.852252
v -0.624077 0.338282 -0.825878
v -0.624077 0.338282 -0.199158
v -0.624076 0.546258 -0.852252
v -0.958656 0.388303 -0.825878
v -0.925616 1.180884 1.176315
v -0.624076 1.180884 1.176315
v -0.624076 1.176465 1.361483
v -0.624076 1.664375 0.877895
v -0.624076 1.645375 0.851523
v -0.958657 1.645375 1.099043
v -0.958657 1.645375 0.985791
v -0.925616 1.664375 0.985791
v -0.624076 1.176465 0.877895
v -0.624076 1.176465 1.119689
v -0.925616 1.176465 1.119689
v -0.958657 1.195465 1.119689
v -0.958657 1.208933 1.176315
v -0.958657 1.379245 1.361483
v -0.958657 1.516034 1.338285
v -0.958657 1.621133 1.042417
v -0.849541 0.593159 0.851177
v -0.700151 0.593159 0.851177
v -0.887786 1.562974 -0.589576
v -0.854745 1.581974 -0.589576
v -0.694947 1.581974 -0.589576
v -0.887786 1.419557 -0.503432
v -0.887786 1.547963 -0.722520
v -0.700151 0.700228 0.363408
v -0.849541 0.700228 0.363408
v -0.700151 0.593159 0.356539
v -0.849541 0.593159 0.356539
v -0.700150 0.469474 0.866839
v -0.700151 0.466385 0.866839
v -0.849541 0.466385 0.866839
v -0.882582 0.466385 0.840465
v -0.882582 0.700228 0.407840
v -0.882582 0.593159 0.382913
v -0.882582 0.593159 0.799336
v -0.958656 0.466664 -0.199158
v -0.958656 0.502801 -0.215610
v -0.958656 0.478625 -0.826553
v -0.958656 0.424440 -0.795966
v -0.624076 1.662149 1.042417
v -0.925616 1.662149 1.042417
v -0.694947 1.393052 -0.836908
v -0.694947 1.393052 -0.589576
v -0.694947 1.412052 -0.863282
v -0.624076 1.664375 0.985791
v -0.624076 1.195465 0.851523
v -0.661906 1.412052 -0.360799
v -0.661906 1.412052 -0.836908
v -0.661906 1.562974 -0.360799
v -0.661906 1.562974 -0.836908
v -0.667110 0.831083 0.382913
v -0.667110 0.831083 0.840465
v -0.667110 0.469474 0.382913
v -0.667110 0.469474 0.840465
v -0.591036 0.357282 -0.199158
v -0.591036 0.357282 -0.825878
v -0.591036 0.546258 -0.199158
v -0.591035 0.546258 -0.825878
v -0.591036 1.195465 1.361483
v -0.591035 1.195465 0.877895
v -0.591035 1.645375 1.361483
v -0.591035 1.645375 0.877895
v -0.661906 1.412052 -0.589576
v -0.661906 1.550465 -0.446711
v -0.667110 0.521156 0.382913
v -0.667110 0.652640 0.840465
v -0.591036 0.388303 -0.825878
v -0.591035 1.645375 1.099043
v -0.591035 1.645375 0.985791
v -0.591035 1.621133 1.042417
v -0.591035 1.516034 1.338285
v -0.591035 1.379245 1.361483
v -0.591035 1.208933 1.176315
v -0.591035 1.195465 1.119689
v -0.661906 1.562974 -0.589576
v -0.661906 1.547963 -0.722520
v -0.661906 1.419557 -0.503432
v -0.667110 0.466385 0.840465
v -0.667110 0.700228 0.407840
v -0.667110 0.593159 0.799336
v -0.667110 0.593159 0.382913
v -0.591036 0.466664 -0.199158
v -0.591036 0.424440 -0.795966
v -0.591036 0.478625 -0.826553
v -0.591036 0.502801 -0.215610
vn -0.6238 0.0000 -0.7816
vn 0.0000 -0.9999 -0.0147
vn -1.0000 -0.0000 0.0000
vn 0.0000 0.0000 1.0000
vn 0.0000 0.0000 -1.0000
vn -0.0000 -1.0000 -0.0085
vn 0.0000 -0.0021 1.0000
vn 0.0000 1.0000 0.0000
vn 0.0000 -1.0000 -0.0010
vn 0.0000 -1.0000 0.0000
vn 0.0000 -0.0271 0.9996
vn 0.0000 -0.8114 0.5845
vn -1.0000 -0.0073 0.0002
vn 0.0000 -0.0099 -1.0000
vn 0.0000 -0.0718 0.9974
vn 0.0000 -0.0540 -0.9985
vn 0.0000 0.9976 0.0692
vn 0.0000 0.0014 1.0000
vn 0.0000 0.0019 1.0000
vn 0.0000 0.0391 -0.9992
vn 0.0000 -0.0080 1.0000
vn -0.0000 -0.0869 -0.9962
vn 0.0000 0.8114 0.5845
vn -0.4228 0.7353 0.5297
vn -0.4228 -0.7353 0.5297
vn -0.0099 -0.8111 -0.5849
vn -0.0127 -0.8113 -0.5845
vn -0.0108 -0.8115 -0.5842
vn -0.0127 0.8113 -0.5845
vn -0.0099 0.8111 -0.5848
vn -0.0108 0.8115 -0.5842
vn -0.0099 -0.8111 0.5848
vn -0.0108 -0.8115 0.5842
vn -0.0126 -0.8113 0.5845
vn -0.0099 0.8111 0.5848
vn -0.0127 0.8113 0.5845
vn -0.0108 0.8115 0.5842
vn -0.4228 -0.7353 -0.5297
vn -0.6684 -0.6035 0.4348
vn -0.4228 0.7353 -0.5297
vn -0.4604 -0.6748 0.5768
vn -0.4604 -0.6748 -0.5768
vn -0.0000 -0.8114 -0.5845
vn -0.6238 0.0000 0.7816
vn -0.3844 -0.0000 -0.9231
vn 0.0099 -0.8111 0.5848
vn 0.0108 -0.8115 0.5842
vn -0.3844 0.0000 0.9232
vn -0.5237 -0.8518 -0.0125
vn -0.6619 0.7430 -0.0987
vn -0.6270 -0.7787 0.0228
vn 0.0000 0.8114 -0.5845
vn -0.4985 -0.8669 0.0000
vn -0.4985 0.8669 0.0000
vn 0.0000 -0.0052 -1.0000
vn -0.4445 -0.8957 0.0110
vn 0.0000 0.0077 1.0000
vn 0.0000 0.0064 1.0000
vn -0.6534 0.0096 0.7570
vn 0.0000 -0.0284 0.9996
vn -0.7156 -0.0372 -0.6975
vn 0.0000 -0.9997 0.0232
vn -0.6229 -0.0562 0.7803
vn -0.6238 -0.0000 0.7815
vn -0.5636 -0.8261 0.0000
vn -0.7150 -0.0924 -0.6930
vn -0.6463 0.0045 0.7630
vn -0.5162 -0.8565 0.0000
vn 0.0108 0.8115 0.5842
vn 0.0099 0.8111 0.5848
vn 0.0000 1.0000 -0.0012
vn 0.0000 1.0000 0.0007
vn -0.5162 0.8565 0.0000
vn -0.5412 -0.8390 0.0554
vn -0.3844 0.0000 0.9231
vn 0.0000 0.1280 -0.9918
vn 0.0000 -0.0761 0.9971
vn -0.6884 -0.7251 -0.0183
vn -0.6797 0.7331 0.0226
vn -0.7731 0.0204 0.6339
vn -1.0000 0.0000 0.0001
vn 0.0000 -1.0000 0.0043
vn 0.0000 -0.1495 0.9888
vn 0.0000 0.0230 0.9997
vn 0.0000 0.2085 -0.9780
vn -0.0000 1.0000 -0.0001
vn -0.0000 1.0000 -0.0017
vn 0.0000 1.0000 0.0008
vn -0.0000 -0.7602 -0.6497
vn -0.0000 0.8374 -0.5466
vn 0.0000 -0.7602 0.6497
vn -0.6950 0.2515 -0.6736
vn -0.0000 0.2373 -0.9714
vn 0.0000 -0.0068 1.0000
vn -0.6859 -0.7272 -0.0270
vn -0.6859 -0.7273 0.0221
vn 0.0000 -1.0000 0.0007
vn 0.0000 -1.0000 -0.0006
vn -0.5963 0.2940 0.7470
vn -0.6237 -0.0212 0.7814
vn 0.0000 -0.0609 -0.9981
vn -0.6500 -0.7599 0.0090
vn 0.0000 0.9756 0.2197
vn -0.0000 0.9910 -0.1339
vn -0.4477 -0.8941 0.0102
vn -1.0000 0.0020 0.0000
vn -0.6238 -0.0107 -0.7815
vn -0.6232 0.0453 -0.7807
vn -0.6144 0.1735 0.7697
vn 0.0000 -0.0137 -0.9999
vn 0.0000 0.0579 -0.9983
vn -0.7161 0.0075 -0.6980
vn -0.7441 -0.1249 0.6562
vn -0.6769 -0.0181 -0.7359
vn 0.0000 -0.0121 -0.9999
vn 0.0000 0.0009 1.0000
vn 0.0000 -0.0016 1.0000
vn -0.0000 0.0657 -0.9978
vn -0.7497 0.0279 0.6612
vn -0.6738 0.0976 -0.7325
vn 0.0000 -0.0119 -0.9999
vn 0.0000 -0.0059 -1.0000
vn 0.0000 0.9997 -0.0245
vn -0.0000 -0.9987 -0.0503
vn -0.5411 -0.8408 0.0182
vn 0.0000 -0.9999 0.0137
vn 0.0000 0.0051 1.0000
vn 0.0000 0.3662 0.9305
vn 0.0000 -0.9964 -0.0850
vn 0.0000 -0.9999 -0.0128
vn 0.0000 0.0919 -0.9958
vn 0.0000 0.0059 -1.0000
vn 0.0000 0.0119 -0.9999
vn 0.0000 0.9996 -0.0285
vn 0.0000 0.1853 0.9827
vn 0.0000 -0.9978 0.0659
vn 0.0099 0.8111 -0.5848
vn 0.0108 0.8115 -0.5842
vn 0.0108 -0.8115 -0.5842
vn 0.0099 -0.8111 -0.5849
vn 0.0000 1.0000 0.0037
vn 0.0000 -0.1655 -0.9862
vn 0.0000 1.0000 0.0014
vn 0.0000 0.0495 -0.9988
vn 0.0000 -0.0015 1.0000
vn 0.0000 0.0002 1.0000
vn 0.0000 0.0034 1.0000
vn 0.0000 -0.0269 0.9996
vn 0.0000 -0.0351 0.9994
vn 0.0000 -0.0187 0.9998
vn 0.0000 0.0222 -0.9998
vn -0.3586 0.8183 -0.4493
vn -0.3586 0.8183 0.4493
vn 0.0000 0.8766 0.4813
vn -0.4014 0.9159 0.0000
vn 0.0000 0.8766 -0.4813
vn 0.0000 0.0932 0.9956
vn -0.6010 -0.0100 0.7992
vn 0.0000 -0.0267 -0.9996
vn 0.6238 0.0000 -0.7816
vn 1.0000 0.0000 0.0000
vn 1.0000 -0.0073 0.0002
vn 0.4228 0.7353 0.5297
vn 0.4228 -0.7353 0.5297
vn 0.0127 -0.8113 -0.5845
vn 0.0127 0.8113 -0.5845
vn 0.0126 -0.8113 0.5845
vn 0.0127 0.8113 0.5845
vn 0.4228 -0.7353 -0.5297
vn 0.6684 -0.6035 0.4348
vn 0.4228 0.7353 -0.5297
vn 0.4604 -0.6748 0.5768
vn 0.4604 -0.6748 -0.5768
vn 0.6238 0.0000 0.7816
vn 0.3844 0.0000 -0.9231
vn 0.3844 0.0000 0.9232
vn 0.5237 -0.8518 -0.0125
vn 0.6619 0.7430 -0.0987
vn 0.6270 -0.7787 0.0228
vn 0.4985 -0.8669 0.0000
vn 0.4985 0.8669 0.0000
vn 0.4445 -0.8957 0.0110
vn 0.6534 0.0096 0.7570
vn 0.7156 -0.0372 -0.6975
vn 0.6229 -0.0562 0.7803
vn 0.6238 -0.0000 0.7815
vn 0.5636 -0.8261 0.0000
vn 0.7150 -0.0924 -0.6930
vn 0.6463 0.0045 0.7630
vn 0.5162 -0.8565 0.0000
vn 0.5162 0.8565 -0.0000
vn 0.5412 -0.8390 0.0554
vn 0.3844 0.0000 0.9231
vn 0.6884 -0.7251 -0.0183
vn 0.6797 0.7331 0.0226
vn 0.7731 0.0204 0.6339
vn 1.0000 0.0000 0.0001
vn 0.6950 0.2515 -0.6736
vn 0.6859 -0.7272 -0.0270
vn 0.6859 -0.7273 0.0221
vn 0.5963 0.2940 0.7470
vn 0.6237 -0.0212 0.7814
vn 0.6500 -0.7599 0.0090
vn 0.0000 -0.9999 0.0156
vn 0.0000 0.9756 -0.2197
vn 0.4477 -0.8941 0.0102
vn 1.0000 0.0020 0.0000
vn 0.6238 -0.0107 -0.7815
vn 0.6232 0.0453 -0.7807
vn 0.6144 0.1735 0.7697
vn 0.7161 0.0075 -0.6980
vn 0.7442 -0.1249 0.6562
vn 0.6769 -0.0181 -0.7359
vn 0.7497 0.0279 0.6612
vn 0.6738 0.0976 -0.7325
vn 0.5411 -0.8408 0.0182
vn 0.0000 0.2199 0.9755
vn 0.3586 0.8183 -0.4493
vn 0.3586 0.8183 0.4493
vn 0.4014 0.9159 -0.0000
vn 0.6010 -0.0100 0.7992
vn 0.0000 -0.0269 -0.9996
vn 0.0000 -0.0186 -0.9998
vn 0.0000 0.0222 0.9998
vn -0.6243 0.7799 -0.0459
vn -0.6238 0.0000 -0.7815
vn 0.0000 -0.9997 -0.0239
vn 0.0000 -0.2546 0.9670
vn -0.5907 0.8058 0.0411
vn 0.0000 -0.0351 -0.9994
vn 0.0000 -0.0524 -0.9986
vn 0.0000 0.0640 -0.9979
vn 0.6238 0.0001 -0.7815
vn 0.0000 0.0932 -0.9956
vn 0.0000 0.9992 -0.0393
vn 0.0000 0.1226 0.9925
vn 0.0000 0.9992 0.0393
vn 0.0000 -0.9970 0.0778
vn -0.6010 -0.0100 -0.7992
vn 0.0000 -0.0267 0.9996
vn 0.6243 0.7799 -0.0459
vn 0.6238 0.0000 -0.7815
vn 0.5907 0.8058 0.0411
vn -0.6238 0.0001 -0.7815
vn 0.6010 -0.0100 -0.7992
vn -0.3999 0.7675 -0.5010
vn -0.6129 0.7893 0.0372
vn -0.7668 0.6380 0.0699
vn -0.7582 -0.0235 -0.6516
vn -0.6015 -0.7982 0.0330
vn -0.6274 0.7781 0.0307
vn -0.7226 -0.1213 0.6805
vn -0.7531 -0.0588 0.6553
vn -0.7351 0.6763 -0.0469
vn -0.6457 0.3889 0.6571
vn -0.7151 -0.2684 -0.6454
vn -0.7373 0.1161 -0.6655
vn -0.6683 -0.1733 0.7235
vn -0.7148 -0.1973 0.6709
vn -0.6770 0.2114 -0.7049
vn -0.6828 -0.1679 -0.7110
vn -0.6129 0.7894 -0.0337
vn -0.6625 0.7294 0.1705
vn -0.6625 0.7294 -0.1705
vn -0.5796 -0.8140 -0.0393
vn -0.5753 -0.8080 0.1276
vn -0.7540 -0.1443 0.6408
vn -0.6401 0.7625 -0.0939
vn -0.6383 -0.7696 0.0176
vn -0.6375 -0.7687 -0.0509
vn -0.7468 0.1745 -0.6418
vn -0.6251 0.7793 -0.0440
vn -0.5723 -0.8194 0.0326
vn -0.5632 -0.8260 -0.0230
vn -0.6249 0.7790 0.0511
vn -0.7636 -0.1649 -0.6242
vn -0.7505 0.2454 -0.6135
vn -0.4893 0.8508 0.1916
vn -0.6106 -0.7673 -0.1960
vn -0.6963 0.7161 0.0487
vn 0.5610 0.7776 -0.2839
vn -0.6780 0.7310 -0.0775
vn -0.7240 -0.1005 0.6824
vn -0.7300 -0.2944 0.6168
vn -0.7286 -0.0826 -0.6800
vn -0.7560 0.1431 0.6387
vn -0.7274 0.1008 -0.6788
vn -0.6091 0.7885 -0.0849
vn -0.6563 -0.7383 0.1558
vn -0.6791 -0.7189 -0.1481
vn -0.5943 0.7693 0.2345
vn -0.7368 0.2829 -0.6141
vn -0.7422 -0.1876 -0.6434
vn -0.7202 0.1453 0.6783
vn -0.8193 -0.5728 0.0249
vn -0.4893 0.8508 -0.1916
vn -0.6992 -0.2556 -0.6677
vn -0.6992 0.2556 -0.6677
vn -0.7743 0.0363 0.6318
vn -0.7464 0.0574 0.6630
vn -0.7547 0.1697 -0.6338
vn -0.7215 0.0238 0.6920
vn -0.7643 -0.0627 -0.6419
vn -0.7169 -0.1146 0.6877
vn -0.7532 0.0556 0.6554
vn -0.6430 0.7586 -0.1050
vn -0.7317 -0.0617 0.6789
vn -0.7319 0.0558 0.6791
vn -0.6438 0.7595 0.0929
vn -0.7226 -0.1213 -0.6806
vn -0.7367 0.2829 0.6141
vn -0.7422 -0.1876 0.6434
vn -0.7202 0.1453 -0.6783
vn 0.3999 0.7675 -0.5010
vn 0.6129 0.7893 0.0372
vn 0.7668 0.6380 0.0699
vn 0.7582 -0.0235 -0.6516
vn 0.6015 -0.7982 0.0330
vn 0.6274 0.7781 0.0307
vn 0.7226 -0.1213 0.6805
vn 0.7531 -0.0588 0.6553
vn 0.7351 0.6763 -0.0469
vn 0.6457 0.3889 0.6571
vn 0.7151 -0.2684 -0.6454
vn 0.7373 0.1161 -0.6655
vn 0.6683 -0.1733 0.7235
vn 0.7148 -0.1973 0.6709
vn 0.6770 0.2114 -0.7049
vn 0.6828 -0.1679 -0.7110
vn 0.6129 0.7894 -0.0337
vn 0.6625 0.7294 0.1705
vn 0.6625 0.7294 -0.1705
vn 0.5796 -0.8140 -0.0393
vn 0.5753 -0.8080 0.1276
vn 0.7540 -0.1443 0.6408
vn 0.6401 0.7625 -0.0939
vn 0.6383 -0.7696 0.0176
vn 0.6375 -0.7687 -0.0509
vn 0.7468 0.1745 -0.6418
vn 0.6251 0.7793 -0.0440
vn 0.5723 -0.8194 0.0326
vn 0.5632 -0.8260 -0.0230
vn 0.6249 0.7790 0.0511
vn 0.7636 -0.1649 -0.6242
vn 0.7505 0.2454 -0.6135
vn 0.4893 0.8508 0.1916
vn 0.6106 -0.7673 -0.1960
vn 0.6963 0.7161 0.0487
vn -0.5610 0.7776 -0.2839
vn 0.6780 0.7310 -0.0775
vn 0.7240 -0.1005 0.6824
vn 0.7300 -0.2944 0.6168
vn 0.7286 -0.0826 -0.6800
vn 0.7560 0.1431 0.6387
vn 0.7274 0.1008 -0.6788
vn 0.6091 0.7885 -0.0849
vn 0.6563 -0.7383 0.1558
vn 0.6791 -0.7189 -0.1481
vn 0.5943 0.7693 0.2345
vn 0.7368 0.2829 -0.6141
vn 0.7422 -0.1876 -0.6434
vn 0.7202 0.1453 0.6783
vn 0.8193 -0.5728 0.0249
vn 0.4893 0.8508 -0.1916
vn 0.6992 -0.2556 -0.6677
vn 0.6992 0.2556 -0.6677
vn 0.7743 0.0363 0.6318
vn 0.7464 0.0574 0.6630
vn 0.7547 0.1697 -0.6338
vn 0.7215 0.0238 0.6920
vn 0.7643 -0.0627 -0.6419
vn 0.7169 -0.1146 0.6877
vn 0.7532 0.0556 0.6554
vn 0.6430 0.7586 -0.1050
vn 0.7317 -0.0617 0.6789
vn 0.7319 0.0558 0.6791
vn 0.6438 0.7595 0.0929
vn 0.7226 -0.1213 -0.6806
vn 0.7367 0.2829 0.6141
vn 0.7422 -0.1876 0.6434
vn 0.7202 0.1453 -0.6783
usemtl Wall_Dark.007
s 1
f 4361//1896 4362//1896 4363//1896 4364//1896
f 4365//1897 4366//1897 4367//1897 4368//1897
f 4362//1898 4361//1898 4369//1898 4370//1898 4371//1898 4372//1898
f 4373//1899 4374//1899 4375//1899 4376//1899
f 4377//1900 4378//1900 4379//1900 4380//1900
f 4381//1901 4382//1901 4383//1901 4384//1901
f 4385//1899 4386//1899 4387//1899 4388//1899
f 4389//1902 4390//1902 4391//1899 4392//1899
f 4393//1903 4394//1903 4395//1903 4396//1903
f 4397//1904 4398//1904 4399//1905 4400//1905
f 4401//1906 4402//1906 4403//1906 4404//1906
f 4405//1907 4406//1907 4407//1907 4408//1907
f 4409//1908 4410//1908 4411//1908 4412//1908 4413//1908 4414//1908 4415//1908 4416//1908 4417//1908 4418//1908
f 4419//1903 4420//1903 4421//1903 4422//1903
f 4423//1909 4424//1909 4425//1909 4426//1909
f 4427//1898 4428//1898 4429//1898 4430//1898 4431//1898 4432//1898 4433//1898
f 4434//1910 4435//1910 4436//1910 4437//1910
f 4438//1911 4439//1911 4440//1911 4441//1911
f 4442//1903 4443//1903 4444//1903 4445//1903
f 4446//1905 4447//1905 4448//1905 4449//1905
f 4450//1912 4451//1912 4452//1912 4453//1912
f 4454//1913 4455//1913 4456//1914 4457//1914
f 4458//1915 4459//1915 4460//1915 4461//1915
f 4462//1916 4463//1916 4464//1899 4465//1899
f 4466//1917 4467//1917 4468//1917 4469//1917
f 4470//1896 4471//1896 4472//1896 4473//1896
f 4474//1905 4475//1905 4476//1905 4477//1905
f 4478//1918 4396//1918 4395//1918 4479//1918
f 4480//1898 4481//1898 4482//1898 4483//1898 4484//1898 4485//1898 4486//1898 4487//1898 4488//1898 4489//1898
f 4490//1899 4491//1899 4492//1899 4493//1899
f 4494//1899 4495//1899 4496//1899 4497//1899
f 4498//1903 4499//1903 4500//1903 4501//1903
f 4370//1919 4502//1919 4503//1919
f 4504//1920 4505//1920 4369//1920
f 4506//1921 4507//1922 4508//1923
f 4509//1924 4510//1925 4511//1926
f 4368//1927 4512//1928 4513//1929
f 4514//1930 4515//1931 4376//1932
f 4364//1933 4516//1933 4361//1933
f 4380//1933 4517//1933 4518//1933
f 4519//1934 4520//1934 4384//1934
f 4521//1920 4522//1920 4523//1920
f 4524//1933 4525//1933 4526//1933
f 4479//1919 4395//1919 4527//1919
f 4394//1935 4528//1935 4529//1935
f 4530//1935 4531//1935 4532//1935
f 4400//1920 4533//1920 4534//1920
f 4535//1919 4536//1919 4404//1919
f 4417//1933 4537//1933 4538//1933
f 4539//1935 4540//1935 4416//1935
f 4419//1919 4433//1919 4541//1919
f 4430//1920 4408//1920 4407//1920
f 4422//1935 4542//1935 4427//1935
f 4543//1933 4429//1933 4426//1933
f 4544//1920 4545//1920 4411//1920
f 4546//1919 4547//1919 4412//1919
f 4548//1920 4549//1920 4550//1920
f 4437//1919 4551//1919 4552//1919
f 4553//1935 4554//1935 4445//1935
f 4555//1935 4556//1935 4557//1935
f 4392//1919 4558//1919 4559//1919
f 4560//1933 4448//1933 4561//1933
f 4447//1920 4562//1920 4563//1920
f 4564//1919 4465//1919 4565//1919
f 4566//1936 4454//1936 4567//1936
f 4470//1937 4473//1937 4568//1937
f 4488//1933 4569//1933 4570//1933
f 4571//1935 4572//1935 4487//1935
f 4477//1920 4492//1920 4482//1920
f 4491//1919 4573//1919 4483//1919
f 4574//1920 4575//1920 4576//1920
f 4577//1933 4578//1933 4579//1933
f 4497//1919 4500//1919 4580//1919
f 4499//1935 4581//1935 4582//1935
f 4583//1900 4364//1900 4363//1900 4584//1900
f 4505//1899 4585//1899 4586//1899 4502//1899
f 4364//1938 4583//1938 4587//1938 4516//1938
f 4502//1918 4586//1918 4588//1918 4503//1918
f 4370//1939 4369//1939 4505//1939 4502//1939
f 4589//1900 4590//1900 4511//1900 4591//1900
f 4592//1940 4509//1940 4511//1940 4590//1940
f 4367//1941 4593//1942 4512//1928 4368//1927
f 4594//1943 4513//1943 4512//1943 4595//1943
f 4365//1944 4368//1944 4513//1944 4596//1944
f 4597//1903 4598//1903 4599//1903 4600//1903
f 4601//1945 4602//1945 4599//1945 4598//1945
f 4379//1938 4603//1938 4517//1938 4380//1938
f 4604//1946 4518//1946 4517//1946 4381//1946
f 4377//1896 4380//1896 4518//1896 4605//1896
f 4525//1905 4606//1905 4607//1905 4522//1905
f 4388//1939 4479//1939 4527//1939 4608//1939
f 4394//1947 4393//1947 4609//1947 4528//1947
f 4610//1896 4524//1896 4526//1896 4611//1896
f 4521//1948 4526//1948 4525//1948 4522//1948
f 4529//1949 4527//1949 4395//1949 4394//1949
f 4461//1950 4460//1950 4532//1950 4612//1950
f 4399//1907 4613//1907 4533//1907 4400//1907
f 4614//1939 4534//1939 4533//1939 4615//1939
f 4397//1948 4400//1948 4534//1948 4616//1948
f 4617//1949 4531//1949 4530//1949 4618//1949
f 4619//1951 4544//1951 4411//1951 4410//1951
f 4547//1918 4546//1918 4620//1918 4621//1918
f 4622//1949 4539//1949 4416//1949 4415//1949
f 4417//1896 4416//1896 4540//1896 4537//1896
f 4623//1952 4624//1952 4625//1953 4626//1953
f 4431//1954 4430//1954 4407//1954 4625//1954
f 4627//1955 4541//1955 4624//1955 4623//1955
f 4428//1956 4427//1956 4542//1956 4423//1956
f 4419//1949 4422//1949 4427//1949 4433//1949
f 4543//1948 4408//1948 4430//1948 4429//1948
f 4412//1939 4411//1939 4545//1939 4546//1939
f 4628//1957 4629//1957 4630//1957 4631//1957
f 4436//1918 4632//1918 4551//1918 4437//1918
f 4633//1949 4552//1949 4551//1949 4634//1949
f 4434//1958 4437//1958 4552//1958 4635//1958
f 4636//1896 4637//1896 4638//1896 4639//1896
f 4556//1947 4640//1947 4641//1947 4557//1947
f 4642//1896 4560//1896 4561//1896 4643//1896
f 4391//1918 4644//1918 4558//1918 4392//1918
f 4389//1959 4392//1959 4559//1959 4645//1959
f 4555//1949 4559//1949 4558//1949 4556//1949
f 4563//1948 4561//1948 4448//1948 4447//1948
f 4453//1903 4452//1903 4646//1903 4571//1903
f 4647//1960 4566//1960 4567//1960 4648//1960
f 4647//1905 4649//1905 4650//1905 4566//1905
f 4465//1918 4464//1918 4651//1918 4565//1918
f 4652//1961 4653//1961 4468//1961 4467//1961
f 4654//1962 4567//1962 4454//1962 4457//1962
f 4572//1900 4655//1900 4656//1900 4569//1900
f 4474//1948 4477//1948 4482//1948 4481//1948
f 4491//1918 4490//1918 4657//1918 4573//1918
f 4453//1949 4571//1949 4487//1949 4486//1949
f 4488//1896 4487//1896 4572//1896 4569//1896
f 4483//1939 4482//1939 4492//1939 4491//1939
f 4578//1905 4658//1905 4659//1905 4575//1905
f 4494//1939 4497//1939 4580//1939 4660//1939
f 4499//1947 4498//1947 4661//1947 4581//1947
f 4662//1896 4577//1896 4579//1896 4663//1896
f 4574//1948 4579//1948 4578//1948 4575//1948
f 4582//1949 4580//1949 4500//1949 4499//1949
f 4617//1903 4664//1903 4665//1903 4531//1903
f 4666//1947 4584//1947 4363//1947 4667//1947
f 4506//1963 4668//1963 4669//1963 4507//1963
f 4670//1898 4671//1898 4509//1898 4592//1898 4672//1898 4673//1898 4507//1898 4669//1898 4596//1898 4513//1898 4594//1898 4674//1898 4675//1898 4515//1898
f 4376//1932 4375//1964 4676//1965 4514//1930
f 4677//1966 4678//1966 4679//1967 4680//1967
f 4506//1905 4681//1905 4682//1905 4668//1905
f 4514//1968 4677//1968 4670//1968 4515//1968
f 4668//1969 4365//1969 4596//1969 4669//1969
f 4514//1903 4676//1903 4678//1966 4677//1966
f 4515//1970 4675//1970 4373//1970 4376//1970
f 4507//1940 4673//1940 4439//1940 4508//1940
f 4441//1971 4440//1971 4590//1971 4589//1971
f 4512//1899 4593//1899 4683//1899 4595//1899
f 4684//1972 4685//1972 4374//1972 4373//1972
f 4520//1973 4604//1973 4381//1973 4384//1973
f 4686//1974 4601//1974 4598//1974 4687//1974
f 4688//1903 4687//1903 4598//1903 4597//1903
f 4519//1975 4689//1975 4690//1975 4520//1975
f 4604//1976 4520//1976 4690//1976 4691//1976 4602//1976 4601//1976 4686//1976 4692//1976 4605//1976 4518//1976
f 4517//1977 4603//1977 4382//1977 4381//1977
f 4689//1978 4693//1978 4694//1978 4695//1978
f 4519//1979 4696//1979 4693//1979 4689//1979
f 4697//1980 4698//1980 4378//1980 4377//1980
f 4699//1981 4700//1981 4666//1982 4667//1982
f 4503//1949 4701//1949 4371//1949 4370//1949
f 4516//1948 4504//1948 4369//1948 4361//1948
f 4701//1983 4702//1983 4700//1981 4699//1981
f 4473//1984 4703//1984 4704//1984 4568//1984
f 4705//1985 4469//1985 4468//1985 4706//1985
f 4650//1986 4455//1986 4454//1986 4566//1986
f 4564//1939 4707//1939 4462//1939 4465//1939
f 4471//1987 4652//1987 4467//1987 4472//1987
f 4708//1938 4709//1938 4710//1938 4711//1938
f 4712//1988 4472//1988 4467//1988 4466//1988
f 4713//1989 4714//1989 4463//1916 4462//1916
f 4665//1947 4612//1947 4532//1947 4531//1947
f 4715//1990 4647//1990 4648//1990 4716//1990
f 4565//1949 4717//1949 4718//1949 4564//1949
f 4703//1900 4473//1900 4472//1900 4712//1900
f 4715//1905 4719//1905 4649//1905 4647//1905
f 4565//1903 4651//1903 4720//1903 4717//1903
f 4568//1991 4715//1991 4716//1991 4470//1991
f 4567//1898 4654//1898 4721//1898 4707//1898 4564//1898 4718//1898 4722//1898 4653//1898 4652//1898 4471//1898 4470//1898 4716//1898 4648//1898
f 4568//1905 4704//1905 4719//1905 4715//1905
f 4723//1949 4617//1949 4618//1949 4724//1949
f 4404//1918 4403//1918 4725//1918 4535//1918
f 4723//1903 4726//1903 4664//1903 4617//1903
f 4711//1992 4710//1992 4727//1993 4728//1993
f 4535//1949 4723//1949 4724//1949 4536//1949
f 4535//1903 4725//1903 4726//1903 4723//1903
f 4729//1898 4616//1898 4534//1898 4614//1898 4730//1898 4536//1898 4724//1898 4618//1898 4530//1898 4731//1898 4732//1898 4733//1898
f 4730//1994 4614//1994 4615//1994 4401//1994
f 4733//1896 4732//1896 4459//1896 4708//1896
f 4709//1900 4708//1900 4459//1900 4458//1900
f 4536//1995 4730//1995 4401//1995 4404//1995
f 4581//1896 4734//1896 4735//1896 4582//1896
f 4736//1939 4494//1939 4660//1939 4737//1939
f 4496//1918 4501//1918 4500//1918 4497//1918
f 4581//1900 4661//1900 4738//1900 4734//1900
f 4736//1899 4739//1899 4495//1899 4494//1899
f 4740//1939 4736//1939 4737//1939 4741//1939
f 4740//1899 4742//1899 4739//1899 4736//1899
f 4743//1939 4740//1939 4741//1939 4744//1939
f 4734//1996 4738//1996 4745//1996 4746//1996
f 4743//1899 4747//1899 4742//1899 4740//1899
f 4538//1997 4748//1997 4418//1997 4417//1997
f 4622//1998 4749//1998 4750//1998 4751//1998
f 4547//1949 4752//1949 4413//1949 4412//1949
f 4752//1903 4547//1903 4621//1903 4753//1903
f 4754//1999 4755//1999 4629//1999 4628//1999
f 4634//1903 4756//1903 4443//1903 4442//1903
f 4549//2000 4757//2000 4755//2000 4550//2000
f 4758//2001 4554//2001 4759//2001 4639//2001 4638//2001 4760//2001 4757//2001 4549//2001 4761//2001 4635//2001 4552//2001 4633//2001
f 4553//2002 4762//2002 4759//2002 4554//2002
f 4762//2003 4636//2003 4639//2003 4759//2003
f 4548//1939 4763//1939 4761//1939 4549//1939
f 4763//2004 4434//2004 4635//2004 4761//2004
f 4764//1905 4550//1905 4755//1905 4754//1905
f 4553//2005 4765//2005 4766//2005 4762//2005
f 4762//2006 4766//2006 4767//2006 4636//2006
f 4548//1899 4768//1899 4769//1899 4763//1899
f 4429//2007 4428//2007 4423//2007 4426//2007
f 4770//2008 4389//2008 4645//2008 4771//2008
f 4557//2009 4772//2009 4773//2009 4555//2009
f 4557//2010 4641//2010 4774//2010 4772//2010
f 4562//2011 4775//2011 4776//2012 4770//2012
f 4773//1898 4643//1898 4561//1898 4563//1898 4771//1898 4645//1898 4559//1898 4555//1898
f 4772//2013 4774//2013 4777//2013 4642//2013
f 4562//2014 4770//2014 4771//2014 4563//2014
f 4772//2015 4642//2015 4643//2015 4773//2015
f 4778//2016 4779//2016 4780//2017 4662//2017
f 4447//1907 4446//1907 4775//1907 4562//1907
f 4642//1900 4777//1900 4781//1900 4560//1900
f 4476//1907 4493//1907 4492//1907 4477//1907
f 4782//2018 4783//2018 4451//2018 4450//2018
f 4784//1905 4785//1905 4786//1905 4787//1905
f 4573//1949 4782//1949 4484//1949 4483//1949
f 4573//1903 4657//1903 4783//1903 4782//1903
f 4787//2019 4786//2019 4475//2019 4474//2019
f 4570//2020 4784//2020 4489//2020 4488//2020
f 4570//2021 4788//2021 4785//2021 4784//2021
f 4626//1953 4625//1953 4407//2022 4406//2022
f 4615//2023 4789//2023 4402//2023 4401//2023
f 4790//2024 4791//2024 4792//2024 4619//2024
f 4748//2025 4793//2025 4791//2025 4790//2025
f 4746//2026 4745//2026 4794//2026 4795//2026
f 4576//1899 4796//1899 4797//1899 4798//1899
f 4798//1899 4797//1899 4799//1899 4800//1899
f 4801//1898 4802//1898 4744//1898 4741//1898 4737//1898 4660//1898 4580//1898 4582//1898 4735//1898 4803//1898 4804//1898 4805//1898 4806//1898 4663//1898 4579//1898 4574//1898
f 4576//1939 4798//1939 4801//1939 4574//1939
f 4798//1939 4800//1939 4802//1939 4801//1939
f 4800//1939 4743//1939 4744//1939 4802//1939
f 4795//1896 4807//1896 4805//1896 4804//1896
f 4800//1899 4799//1899 4747//1899 4743//1899
f 4795//1900 4794//1900 4808//2027 4807//2027
f 4807//2027 4808//2027 4779//2028 4778//2028
f 4717//2029 4720//2029 4809//2029 4810//2029
f 4595//2030 4683//2030 4685//2030 4684//2030
f 4811//1900 4508//1900 4439//1900 4438//1900
f 4668//2031 4682//2031 4366//2031 4365//2031
f 4812//2032 4591//2033 4511//1926 4510//1925
f 4508//1923 4811//2034 4681//2035 4506//1921
f 4680//1967 4679//1967 4812//2036 4510//2036
f 4813//1947 4814//1947 4540//1947 4539//1947
f 4537//1938 4815//1938 4816//1938 4538//1938
f 4539//1903 4622//1903 4751//1903 4813//1903
f 4569//1938 4656//1938 4788//1938 4570//1938
f 4646//1947 4655//1947 4572//1947 4571//1947
f 4421//1947 4817//1947 4542//1947 4422//1947
f 4781//1938 4449//1938 4448//1938 4560//1938
f 4818//1938 4658//1938 4578//1938 4577//1938
f 4575//1907 4659//1907 4796//1907 4576//1907
f 4662//2017 4780//2017 4818//1900 4577//1900
f 4819//1938 4606//1938 4525//1938 4524//1938
f 4522//1907 4607//1907 4820//1907 4523//1907
f 4528//1900 4609//1900 4821//1900 4822//1900
f 4823//1907 4585//1907 4505//1907 4504//1907
f 4516//1905 4587//1905 4823//1905 4504//1905
f 4824//2037 4825//2037 4698//2037 4697//2037
f 4384//1907 4383//1907 4696//1907 4519//1907
f 4826//1918 4600//1918 4599//1918 4827//1918
f 4687//1947 4688//1947 4825//1947 4824//1947
f 4695//1899 4694//1899 4826//1899 4827//1899
f 4457//1914 4456//1914 4714//1989 4713//1989
f 4728//1993 4727//1993 4398//1904 4397//1904
f 4810//2038 4809//2038 4705//2038 4706//2038
f 4533//1899 4613//1899 4789//1899 4615//1899
f 4551//1903 4632//1903 4756//1903 4634//1903
f 4610//1900 4828//1900 4819//1900 4524//1900
f 4445//1947 4444//1947 4765//1947 4553//1947
f 4541//1918 4627//1918 4420//1918 4419//1918
f 4829//1938 4631//1938 4630//1938 4637//1938
f 4550//1907 4764//1907 4768//1907 4548//1907
f 4426//1938 4425//1938 4830//1938 4543//1938
f 4636//1900 4767//1900 4829//1900 4637//1900
f 4542//2039 4817//2039 4424//2039 4423//2039
f 4543//1905 4830//1905 4405//1905 4408//1905
f 4831//1898 4608//1898 4527//1898 4529//1898 4832//1898 4611//1898 4526//1898 4521//1898
f 4388//1899 4387//1899 4478//1899 4479//1899
f 4503//1903 4588//1903 4702//1983 4701//1983
f 4523//1899 4820//1899 4386//1899 4385//1899
f 4822//1900 4821//1900 4828//1900 4610//1900
f 4833//1899 4834//1899 4835//2040 4836//2040
f 4558//1903 4644//1903 4640//1903 4556//1903
f 4837//1898 4838//1898 4839//1898 4840//1898 4841//1898 4842//1898 4843//1898 4844//1898
f 4842//1920 4845//1920 4833//1920
f 4846//1933 4847//1933 4841//1933
f 4848//1935 4849//1935 4840//1935
f 4850//1903 4848//1903 4851//1903 4852//1903
f 4847//1905 4853//1905 4854//1905 4845//1905
f 4848//1947 4850//1947 4855//1947 4849//1947
f 4845//1907 4854//1907 4834//1907 4833//1907
f 4842//1948 4841//1948 4847//1948 4845//1948
f 4856//1918 4857//1918 4858//1918 4859//1918
f 4860//2041 4861//2041 4856//2042 4859//2042
f 4833//1939 4836//1939 4843//1939 4842//1939
f 4849//1896 4846//1896 4841//1896 4840//1896
f 4836//2040 4835//2040 4861//2041 4860//2041
f 4862//1938 4853//1938 4847//1938 4846//1938
f 4849//1900 4855//1900 4862//1900 4846//1900
f 4852//1903 4851//1903 4863//1903 4864//1903
f 4865//2043 4866//2043 4867//2044 4868//2044
f 4840//1949 4839//1949 4851//1949 4848//1949
f 4864//1903 4863//1903 4858//1903 4857//1903
f 4869//2045 4870//2045 4866//2043 4865//2043
f 4871//2046 4872//2046 4873//2046 4874//2046
f 4875//1903 4876//1903 4877//1903 4878//1903
f 4879//1933 4880//1933 4881//1933
f 4882//1920 4883//1920 4884//1920
f 4871//2047 4885//2047 4877//2047
f 4878//2048 4886//2048 4868//2048
f 4882//1899 4887//1899 4888//1899 4889//1899
f 4881//1905 4890//1905 4891//1905 4884//1905
f 4868//2049 4867//2049 4875//2049 4878//2049
f 4889//1939 4892//1939 4883//1939 4882//1939
f 4879//1948 4881//1948 4884//1948 4883//1948
f 4886//2050 4878//2050 4877//2050 4885//2050
f 4880//1896 4879//1896 4893//1896 4894//1896
f 4872//2051 4871//2051 4877//2051 4876//2051
f 4889//2052 4888//2052 4870//2052 4869//2052
f 4893//1898 4879//1898 4883//1898 4892//1898 4895//1898 4896//1898 4886//1898 4885//1898 4897//1898
f 4894//1900 4898//1900 4899//1900 4880//1900
f 4880//1938 4899//1938 4890//1938 4881//1938
f 4887//1907 4882//1907 4884//1907 4891//1907
f 4868//2053 4886//2053 4896//2053 4865//2053
f 4874//2054 4873//2054 4898//2054 4894//2054
f 4900//2055 4583//2055 4584//2055 4901//2055
f 4901//2056 4902//2056 4903//2056 4904//2056 4905//2056 4900//2056
f 4619//1905 4792//1905 4906//1905 4544//1905
f 4907//2057 4908//2057 4909//2057 4910//2057 4911//2057 4912//2057 4913//2057 4914//2057 4915//2057 4916//2057
f 4917//2056 4918//2056 4919//2056 4920//2056 4921//2056 4922//2056 4923//2056
f 4620//1899 4546//1899 4545//1899 4924//1899
f 4925//2055 4703//2055 4712//2055 4926//2055
f 4927//2056 4928//2056 4929//2056 4930//2056 4931//2056 4932//2056 4933//2056 4934//2056 4935//2056 4936//2056
f 4904//2058 4588//2058 4586//2058
f 4823//2059 4905//2059 4585//2059
f 4681//2035 4811//2034 4937//2060
f 4938//2061 4591//2033 4812//2032
f 4367//1941 4939//2062 4593//1942
f 4676//1965 4375//1964 4940//2063
f 4583//2064 4900//2064 4587//2064
f 4379//2064 4941//2064 4603//2064
f 4696//2065 4383//2065 4942//2065
f 4943//2059 4820//2059 4607//2059
f 4819//2064 4944//2064 4606//2064
f 4478//2058 4945//2058 4396//2058
f 4393//2066 4946//2066 4609//2066
f 4947//2066 4612//2066 4665//2066
f 4399//2059 4948//2059 4613//2059
f 4725//2058 4403//2058 4949//2058
f 4909//2064 4816//2064 4815//2064
f 4813//2066 4910//2066 4814//2066
f 4420//2058 4627//2058 4918//2058
f 4921//2059 4406//2059 4405//2059
f 4421//2066 4917//2066 4817//2066
f 4830//2064 4425//2064 4922//2064
f 4906//2059 4915//2059 4924//2059
f 4620//2058 4914//2058 4621//2058
f 4768//2059 4764//2059 4950//2059
f 4436//2058 4951//2058 4632//2058
f 4765//2066 4444//2066 4952//2066
f 4953//2066 4641//2066 4640//2066
f 4391//2058 4954//2058 4644//2058
f 4781//2064 4955//2064 4449//2064
f 4446//2059 4956//2059 4775//2059
f 4957//2058 4651//2058 4464//2058
f 4650//2067 4958//2067 4455//2067
f 4925//2068 4704//2068 4703//2068
f 4929//2064 4788//2064 4656//2064
f 4646//2066 4930//2066 4655//2066
f 4476//2059 4935//2059 4493//2059
f 4490//2058 4934//2058 4657//2058
f 4959//2059 4796//2059 4659//2059
f 4818//2064 4960//2064 4658//2064
f 4496//2058 4961//2058 4501//2058
f 4498//2066 4962//2066 4661//2066
f 4904//2069 4586//2069 4585//2069 4905//2069
f 4963//2070 4589//2070 4591//2070 4938//2070
f 4964//2071 4683//2071 4593//2071 4939//2071
f 4366//2072 4965//2072 4939//2072 4367//2072
f 4966//2073 4597//2073 4600//2073 4967//2073
f 4968//2074 4382//2074 4603//2074 4941//2074
f 4378//2055 4969//2055 4941//2055 4379//2055
f 4387//2069 4970//2069 4945//2069 4478//2069
f 4828//2055 4971//2055 4944//2055 4819//2055
f 4943//2075 4607//2075 4606//2075 4944//2075
f 4946//2076 4393//2076 4396//2076 4945//2076
f 4972//2069 4789//2069 4613//2069 4948//2069
f 4398//2075 4973//2075 4948//2075 4399//2075
f 4664//2076 4974//2076 4947//2076 4665//2076
f 4537//1900 4540//1900 4814//1900 4815//1900
f 4792//2077 4916//2077 4915//2077 4906//2077
f 4751//2076 4911//2076 4910//2076 4813//2076
f 4909//2055 4815//2055 4814//2055 4910//2055
f 4920//2078 4626//2078 4406//2078 4921//2078
f 4923//2079 4424//2079 4817//2079 4917//2079
f 4420//2076 4918//2076 4917//2076 4421//2076
f 4830//2075 4922//2075 4921//2075 4405//2075
f 4914//2069 4620//2069 4924//2069 4915//2069
f 4770//2012 4776//2012 4390//1902 4389//1902
f 4975//2076 4756//2076 4632//2076 4951//2076
f 4435//2080 4976//2080 4951//2080 4436//2080
f 4767//2055 4977//2055 4978//2055 4829//2055
f 4777//2055 4979//2055 4955//2055 4781//2055
f 4390//2081 4980//2081 4954//2081 4391//2081
f 4953//2076 4640//2076 4644//2076 4954//2076
f 4956//2075 4446//2075 4449//2075 4955//2075
f 4649//2082 4981//2082 4958//2082 4650//2082
f 4982//2083 4466//2083 4469//2083 4983//2083
f 4984//2084 4456//2084 4455//2084 4958//2084
f 4475//2075 4936//2075 4935//2075 4476//2075
f 4452//2076 4931//2076 4930//2076 4646//2076
f 4929//2055 4656//2055 4655//2055 4930//2055
f 4934//2069 4490//2069 4493//2069 4935//2069
f 4495//2069 4985//2069 4961//2069 4496//2069
f 4780//2055 4986//2055 4960//2055 4818//2055
f 4959//2075 4659//2075 4658//2075 4960//2075
f 4962//2076 4498//2076 4501//2076 4961//2076
f 4681//2085 4937//2085 4987//2085 4682//2085
f 4988//2056 4940//2056 4989//2056 4990//2056 4964//2056 4939//2056 4965//2056 4987//2056 4937//2056 4991//2056 4992//2056 4963//2056 4938//2056 4993//2056
f 4676//2086 4940//2086 4988//2086 4678//2086
f 4682//2087 4987//2087 4965//2087 4366//2087
f 4940//2088 4375//2088 4374//2088 4989//2088
f 4937//2070 4811//2070 4438//2070 4991//2070
f 4942//2089 4383//2089 4382//2089 4968//2089
f 4994//2090 4688//2090 4597//2090 4966//2090
f 4696//2091 4942//2091 4995//2091 4693//2091
f 4968//2092 4941//2092 4969//2092 4996//2092 4994//2092 4966//2092 4967//2092 4997//2092 4995//2092 4942//2092
f 4588//2076 4904//2076 4903//2076 4702//2076
f 4587//2075 4900//2075 4905//2075 4823//2075
f 4957//2069 4464//2069 4463//2069 4998//2069
f 4926//2093 4712//2093 4466//2093 4982//2093
f 4719//2094 4999//2094 4981//2094 4649//2094
f 4651//2076 4957//2076 5000//2076 4720//2076
f 4704//2095 4925//2095 4999//2095 4719//2095
f 4958//2056 4981//2056 4999//2056 4925//2056 4926//2056 4982//2056 4983//2056 5001//2056 5000//2056 4957//2056 4998//2056 5002//2056 4984//2056
f 4726//2076 5003//2076 4974//2076 4664//2076
f 4725//2076 4949//2076 5003//2076 4726//2076
f 5004//2056 5005//2056 5006//2056 5007//2056 4947//2056 4974//2056 5003//2056 4949//2056 5008//2056 4972//2056 4948//2056 4973//2056
f 5008//2096 4402//2096 4789//2096 4972//2096
f 5005//2055 4709//2055 4458//2055 5006//2055
f 4949//2097 4403//2097 4402//2097 5008//2097
f 4661//2055 4962//2055 5009//2055 4738//2055
f 4739//2069 5010//2069 4985//2069 4495//2069
f 4742//2069 5011//2069 5010//2069 4739//2069
f 4747//2069 5012//2069 5011//2069 4742//2069
f 4816//2098 4909//2098 4908//2098 4793//2098
f 4906//1907 4924//1907 4545//1907 4544//1907
f 4538//2099 4816//2099 4793//2099 4748//2099
f 4621//2076 4914//2076 4913//2076 4753//2076
f 4752//2100 4753//2100 4750//2100 4749//2100
f 4950//2101 4764//2101 4754//2101 5013//2101
f 5014//2102 4975//2102 4951//2102 4976//2102 5015//2102 4950//2102 5013//2102 5016//2102 4978//2102 4977//2102 5017//2102 4952//2102
f 4765//2103 4952//2103 5017//2103 4766//2103
f 4766//2104 5017//2104 4977//2104 4767//2104
f 4768//2069 4950//2069 5015//2069 4769//2069
f 4769//2105 5015//2105 4976//2105 4435//2105
f 4922//2106 4425//2106 4424//2106 4923//2106
f 4776//2107 5018//2107 4980//2107 4390//2107
f 4641//2108 4953//2108 5019//2108 4774//2108
f 5019//2056 4953//2056 4954//2056 4980//2056 5018//2056 4956//2056 4955//2056 4979//2056
f 4775//2109 4956//2109 5018//2109 4776//2109
f 4774//2110 5019//2110 4979//2110 4777//2110
f 4657//2076 4934//2076 4933//2076 4783//2076
f 4788//2111 4929//2111 4928//2111 4785//2111
f 5020//2056 4959//2056 4960//2056 4986//2056 5021//2056 5022//2056 5023//2056 5024//2056 5009//2056 4962//2056 4961//2056 4985//2056 5010//2056 5011//2056 5012//2056 5025//2056
f 4796//2069 4959//2069 5020//2069 4797//2069
f 4797//2069 5020//2069 5025//2069 4799//2069
f 4799//2069 5025//2069 5012//2069 4747//2069
f 4794//2055 5023//2055 5022//2055 4808//2055
f 4763//2112 4769//2112 4435//2112 4434//2112
f 5026//2056 4943//2056 4944//2056 4971//2056 5027//2056 4946//2056 4945//2056 4970//2056
f 5028//2056 5029//2056 5030//2056 5031//2056 5032//2056 5033//2056 5034//2056 5035//2056
f 5031//2059 4834//2059 4854//2059
f 4862//2064 5032//2064 4853//2064
f 4850//2066 5033//2066 4855//2066
f 5031//2075 4854//2075 4853//2075 5032//2075
f 4834//2069 5031//2069 5030//2069 4835//2069
f 4855//2055 5033//2055 5032//2055 4862//2055
f 5033//2076 4850//2076 4852//2076 5034//2076
f 5036//2064 4890//2064 4899//2064
f 4887//2059 4891//2059 5037//2059
f 4872//2113 4876//2113 5038//2113
f 4875//2114 4867//2114 5039//2114
f 4888//2069 4887//2069 5037//2069 5040//2069
f 5036//2075 5037//2075 4891//2075 4890//2075
f 5039//2115 5038//2115 4876//2115 4875//2115
f 4899//2055 4898//2055 5041//2055 5036//2055
f 5041//2056 5042//2056 5038//2056 5039//2056 5043//2056 5044//2056 5040//2056 5037//2056 5036//2056
f 4867//2116 4866//2116 5043//2116 5039//2116
usemtl Wall_Medium.007
f 5045//1903 5046//1903 5047//1903 5048//1903
f 5049//1899 5050//1899 5051//1899 5052//1899
f 5053//1899 5054//1899 5055//1899 5056//1899
f 5057//1903 5058//1903 5059//1903 5060//1903
f 5061//1903 5062//1903 5063//1903 5064//1903
f 5065//2117 5066//2117 5067//2118 5068//2118
f 5069//1899 5070//1899 5071//1899 5072//1899
f 5073//1900 5074//1900 5075//1900 5076//1900
f 5077//1905 5078//1905 5079//1905 5080//1905
f 5081//1899 5082//1899 5083//1899 5084//1899
f 5085//2119 5086//2119 5087//2119 5088//2119
f 5089//1899 5090//1899 5050//1899 5049//1899
f 5091//1903 5092//1903 5093//1903 5094//1903
f 5095//1899 5096//1899 5090//1899 5089//1899
f 5097//1903 5098//1903 5099//1903 5100//1903
f 5101//1920 5102//1920 5053//1920
f 5103//1933 5104//1933 5105//1933
f 5056//1919 5063//1919 5106//1919
f 5046//1935 5107//1935 5108//1935
f 5109//1935 5060//1935 5110//1935
f 5072//1919 5057//1919 5111//1919
f 5076//1933 5079//1933 5112//1933
f 5078//1920 5113//1920 5114//1920
f 5115//1920 5116//1920 5081//1920
f 5117//1933 5118//1933 5119//1933
f 5088//2048 5093//2048 5120//2048
f 5092//2047 5121//2047 5122//2047
f 5123//1920 5124//1920 5095//1920
f 5125//1933 5126//1933 5127//1933
f 5052//1919 5099//1919 5128//1919
f 5129//1935 5130//1935 5131//1935
f 5132//1905 5133//1905 5134//1905 5102//1905
f 5053//1939 5056//1939 5106//1939 5101//1939
f 5046//1947 5045//1947 5135//1947 5107//1947
f 5107//1896 5103//1896 5105//1896 5108//1896
f 5136//1948 5105//1948 5104//1948 5137//1948
f 5138//2120 5106//2120 5063//2120 5062//2120
f 5060//1947 5059//1947 5139//1947 5110//1947
f 5073//1896 5076//2121 5112//2121 5140//1896
f 5071//1918 5058//1918 5057//1918 5072//1918
f 5069//1939 5072//1939 5111//1939 5141//1939
f 5109//1949 5111//1949 5057//1949 5060//1949
f 5114//1948 5112//1948 5079//1948 5078//1948
f 5142//1900 5143//1900 5144//1900 5117//1900
f 5118//1905 5145//1905 5146//1905 5116//1905
f 5092//2051 5091//2051 5147//2051 5121//2051
f 5142//2121 5117//2121 5119//2121 5148//2121
f 5115//1948 5119//1948 5118//1948 5116//1948
f 5122//2050 5120//2050 5093//2050 5092//2050
f 5149//2122 5150//2122 5151//2122 5124//2122
f 5129//1947 5152//1947 5153//1947 5130//1947
f 5130//1896 5125//1896 5127//1896 5131//1896
f 5051//1918 5100//1918 5099//1918 5052//1918
f 5154//1949 5128//1949 5099//1949 5098//1949
f 5131//1949 5155//1949 5156//1949 5129//1949
f 5126//1905 5157//1905 5158//1905 5159//1905
f 5127//1898 5160//1898 5161//1898 5123//1898 5162//1898 5163//1898 5128//1898 5154//1898 5164//1898 5155//1898 5131//1898
f 5165//2123 5166//2123 5070//2123 5069//2123
f 5167//2124 5138//2124 5062//2124 5168//2124
f 5048//1903 5047//1903 5168//1903 5169//1903
f 5136//1898 5170//1898 5101//1898 5106//1898 5138//1898 5167//1898 5171//1898 5108//1898 5105//1898
f 5169//1903 5168//1903 5062//1903 5061//1903
f 5121//2125 5147//2125 5066//2117 5065//2117
f 5110//2126 5139//2126 5172//2126 5173//2126
f 5173//2127 5172//2127 5174//2127 5175//2127
f 5113//1900 5176//1900 5177//1900 5178//1900
f 5113//2128 5178//2128 5179//2128 5114//2128
f 5175//1900 5174//1900 5074//1900 5073//1900
f 5180//1898 5181//1898 5140//1898 5112//1898 5114//1898 5179//1898 5182//1898 5141//1898 5111//1898 5109//1898
f 5175//1896 5073//1896 5140//1896 5181//1896
f 5081//1939 5084//1939 5183//1939 5115//1939
f 5087//2049 5094//2049 5093//2049 5088//2049
f 5068//2129 5067//2129 5143//2129 5142//2129
f 5183//1898 5184//1898 5120//1898 5122//1898 5185//1898 5186//1898 5148//1898 5119//1898 5115//1898
f 5075//1938 5080//1938 5079//1938 5076//1938
f 5187//2130 5188//2130 5098//2130 5097//2130
f 5116//1907 5146//1907 5082//1907 5081//1907
f 5144//1938 5145//1938 5118//1938 5117//1938
f 5178//2131 5177//2131 5166//2131 5165//2131
f 5104//1905 5189//1905 5190//1905 5137//1905
f 5137//1905 5190//1905 5133//1905 5132//1905
f 5055//1918 5064//1918 5063//1918 5056//1918
f 5191//1938 5189//1938 5104//1938 5103//1938
f 5102//1907 5134//1907 5054//1907 5053//1907
f 5107//1900 5135//1900 5191//1900 5103//1900
f 5192//2132 5156//2132 5188//2132 5187//2132
f 5152//1903 5129//1903 5156//1903 5192//1903
f 5159//2133 5158//2133 5150//2133 5149//2133
f 5193//1938 5157//1938 5126//1938 5125//1938
f 5124//1907 5151//1907 5096//1907 5095//1907
f 5130//1900 5153//1900 5193//1900 5125//1900
f 5121//2134 5065//2134 5185//2134 5122//2134
f 5084//2135 5083//2135 5086//2135 5085//2135
f 5160//1948 5127//1948 5126//1948 5159//1948
f 5095//1959 5089//1959 5162//1959 5123//1959
f 5194//2059 5054//2059 5134//2059
f 5191//2064 5195//2064 5189//2064
f 5055//2058 5196//2058 5064//2058
f 5045//2066 5197//2066 5135//2066
f 5198//2066 5139//2066 5059//2066
f 5071//2058 5199//2058 5058//2058
f 5075//2064 5200//2064 5080//2064
f 5077//2059 5201//2059 5176//2059
f 5202//2059 5082//2059 5146//2059
f 5144//2064 5203//2064 5145//2064
f 5087//2114 5204//2114 5094//2114
f 5091//2113 5205//2113 5147//2113
f 5206//2059 5096//2059 5151//2059
f 5193//2064 5207//2064 5157//2064
f 5051//2058 5208//2058 5100//2058
f 5152//2066 5209//2066 5153//2066
f 5054//2069 5194//2069 5196//2069 5055//2069
f 5135//2055 5197//2055 5195//2055 5191//2055
f 5210//2075 5190//2075 5189//2075 5195//2075
f 5211//2136 5061//2136 5064//2136 5196//2136
f 5074//2055 5212//2055 5200//2137 5075//2137
f 5070//2081 5213//2081 5199//2081 5071//2081
f 5198//2076 5059//2076 5058//2076 5199//2076
f 5201//2075 5077//2075 5080//2075 5200//2075
f 5143//2137 5214//2137 5203//2137 5144//2137
f 5202//2075 5146//2075 5145//2075 5203//2075
f 5205//2115 5091//2115 5094//2115 5204//2115
f 5153//2055 5209//2055 5207//2055 5193//2055
f 5215//2076 5097//2076 5100//2076 5208//2076
f 5209//2076 5152//2076 5192//2076 5216//2076
f 5207//2056 5209//2056 5216//2056 5217//2056 5215//2056 5208//2056 5218//2056 5219//2056 5206//2056 5220//2056 5221//2056
f 5222//2138 5169//2138 5061//2138 5211//2138
f 5210//2056 5195//2056 5197//2056 5223//2056 5222//2056 5211//2056 5196//2056 5194//2056 5224//2056
f 5176//2139 5201//2139 5225//2139 5177//2139
f 5226//2056 5198//2056 5199//2056 5213//2056 5227//2056 5225//2056 5201//2056 5200//2056 5212//2056 5228//2056
f 5174//2055 5228//2055 5212//2055 5074//2055
f 5082//2069 5202//2069 5229//2069 5083//2069
f 5229//2056 5202//2056 5203//2056 5214//2056 5230//2056 5231//2056 5205//2056 5204//2056 5232//2056
f 5147//2140 5205//2140 5231//2140 5066//2140
f 5221//2075 5158//2075 5157//2075 5207//2075
f 5096//2081 5206//2081 5219//2081 5090//2081
f 5078//1907 5077//1907 5176//1907 5113//1907
usemtl Wall_Highlights.007
f 4667//1935 4363//1935 4362//1935
f 4824//1935 4686//1935 4687//1935
f 4602//1919 4827//1919 4599//1919
f 4711//1933 4733//1933 4708//1933
f 4638//1933 4637//1933 4630//1933
f 4706//2141 4468//2141 4653//2141
f 4699//2142 4667//2142 4362//2142 4372//2142
f 4680//2143 4510//2143 4509//2143 4671//2143
f 4695//1939 4827//1939 4602//1939 4691//1939
f 4731//2144 4530//2144 4532//2144 4460//2144
f 4760//2145 4638//2145 4630//2145 4629//2145
f 4810//2146 4706//2146 4653//2146 4722//2146
f 5085//2147 5088//2147 5120//2147 5184//2147
f 5049//2148 5052//2148 5128//2148 5163//2148
f 4677//2149 4680//2149 4671//2149 4670//2149
f 4674//2150 4594//2150 4595//2150 4684//2150
f 4672//2151 4592//2151 4590//2151 4440//2151
f 4673//2152 4672//2152 4440//2152 4439//2152
f 4675//2153 4674//2153 4684//2153 4373//2153
f 4689//2154 4695//2154 4691//2154 4690//2154
f 4697//2155 4377//2155 4605//2155 4692//2155
f 4824//2156 4697//2156 4692//2156 4686//2156
f 4701//2157 4699//2157 4372//2157 4371//2157
f 5155//2158 5164//2158 5188//2158 5156//2158
f 5164//2159 5154//2159 5098//2159 5188//2159
f 5123//2160 5161//2160 5149//2160 5124//2160
f 5161//2161 5160//2161 5159//2161 5149//2161
f 4707//2162 4721//2162 4713//2162 4462//2162
f 4717//2163 4810//2163 4722//2163 4718//2163
f 4711//2164 4728//2164 4729//2164 4733//2164
f 4728//2165 4397//2165 4616//2165 4729//2165
f 4732//2166 4731//2166 4460//2166 4459//2166
f 5171//2167 5167//2167 5168//2167 5047//2167
f 5170//2168 5136//2168 5137//2168 5132//2168
f 5101//2169 5170//2169 5132//2169 5102//2169
f 5108//2170 5171//2170 5047//2170 5046//2170
f 4734//2171 4746//2171 4803//2171 4735//2171
f 4746//2172 4795//2172 4804//2172 4803//2172
f 4749//2173 4622//2173 4415//2173 4414//2173
f 4790//2174 4619//2174 4410//2174 4409//2174
f 4554//2175 4758//2175 4442//2175 4445//2175
f 4757//2176 4760//2176 4629//2176 4755//2176
f 4758//2177 4633//2177 4634//2177 4442//2177
f 4433//2178 4432//2178 4624//2178 4541//2178
f 5165//2179 5069//2179 5141//2179 5182//2179
f 5110//2180 5173//2180 5180//2180 5109//2180
f 5178//2181 5165//2181 5182//2181 5179//2181
f 5173//2182 5175//2182 5181//2182 5180//2182
f 4782//2183 4450//2183 4485//2183 4484//2183
f 4784//2184 4787//2184 4480//2184 4489//2184
f 4787//2185 4474//2185 4481//2185 4480//2185
f 4450//2186 4453//2186 4486//2186 4485//2186
f 5068//2187 5142//2187 5148//2187 5186//2187
f 5065//2188 5068//2188 5186//2188 5185//2188
f 5084//2189 5085//2189 5184//2189 5183//2189
f 4748//2190 4790//2190 4409//2190 4418//2190
f 4752//2191 4749//2191 4414//2191 4413//2191
f 4807//2192 4778//2192 4806//2192 4805//2192
f 4778//2193 4662//2193 4663//2193 4806//2193
f 4721//2194 4654//2194 4457//2194 4713//2194
f 4432//2195 4431//2195 4625//2195 4624//2195
f 4822//2196 4610//2196 4611//2196 4832//2196
f 4523//2197 4385//2197 4831//2197 4521//2197
f 4528//2198 4822//2198 4832//2198 4529//2198
f 4385//2199 4388//2199 4608//2199 4831//2199
f 5089//2200 5049//2200 5163//2200 5162//2200
f 4838//2201 4837//2201 4858//2201 4863//2201
f 4859//1919 4858//1919 4837//1919
f 4860//2202 4859//2202 4837//2202 4844//2202
f 4836//2203 4860//2203 4844//2203 4843//2203
f 4839//2204 4838//2204 4863//2204 4851//2204
f 4874//2205 4897//2205 4885//2205 4871//2205
f 4869//2206 4895//2206 4892//2206 4889//2206
f 4865//2207 4896//2207 4895//2207 4869//2207
f 4894//2208 4893//2208 4897//2208 4874//2208
f 4666//2066 4901//2066 4584//2066
f 4825//2066 4688//2066 4994//2066
f 4967//2058 4600//2058 4826//2058
f 4710//2064 4709//2064 5005//2064
f 4978//2064 4631//2064 4829//2064
f 4705//2209 4983//2209 4469//2209
f 4700//2210 4902//2210 4901//2210 4666//2210
f 4679//2211 4993//2211 4938//2211 4812//2211
f 4694//2069 4997//2069 4967//2069 4826//2069
f 5007//2212 4461//2212 4612//2212 4947//2212
f 5016//2213 4628//2213 4631//2213 4978//2213
f 4809//2214 5001//2214 4983//2214 4705//2214
f 5086//2215 5232//2215 5204//2215 5087//2215
f 5050//2216 5218//2216 5208//2216 5051//2216
f 4678//2217 4988//2217 4993//2217 4679//2217
f 4990//2218 4685//2218 4683//2218 4964//2218
f 4992//2219 4441//2219 4589//2219 4963//2219
f 4991//2220 4438//2220 4441//2220 4992//2220
f 4989//2221 4374//2221 4685//2221 4990//2221
f 4693//2222 4995//2222 4997//2222 4694//2222
f 4698//2223 4996//2223 4969//2223 4378//2223
f 4825//2224 4994//2224 4996//2224 4698//2224
f 4702//2225 4903//2225 4902//2225 4700//2225
f 5216//2226 5192//2226 5187//2226 5217//2226
f 5217//2227 5187//2227 5097//2227 5215//2227
f 5206//2228 5151//2228 5150//2228 5220//2228
f 5220//2229 5150//2229 5158//2229 5221//2229
f 4998//2230 4463//2230 4714//2230 5002//2230
f 4720//2231 5000//2231 5001//2231 4809//2231
f 4710//2232 5005//2232 5004//2232 4727//2232
f 4727//2233 5004//2233 4973//2233 4398//2233
f 5006//2234 4458//2234 4461//2234 5007//2234
f 5223//2235 5048//2235 5169//2235 5222//2235
f 5224//2236 5133//2236 5190//2236 5210//2236
f 5194//2237 5134//2237 5133//2237 5224//2237
f 5197//2238 5045//2238 5048//2238 5223//2238
f 4738//2239 5009//2239 5024//2239 4745//2239
f 4745//2240 5024//2240 5023//2240 4794//2240
f 4750//2241 4912//2241 4911//2241 4751//2241
f 4791//2242 4907//2242 4916//2242 4792//2242
f 4952//2243 4444//2243 4443//2243 5014//2243
f 5013//2244 4754//2244 4628//2244 5016//2244
f 5014//2245 4443//2245 4756//2245 4975//2245
f 4918//2246 4627//2246 4623//2246 4919//2246
f 5166//2247 5227//2247 5213//2247 5070//2247
f 5139//2248 5198//2248 5226//2248 5172//2248
f 5177//2249 5225//2249 5227//2249 5166//2249
f 5172//2250 5226//2250 5228//2250 5174//2250
f 4783//2251 4933//2251 4932//2251 4451//2251
f 4785//2252 4928//2252 4927//2252 4786//2252
f 4786//2253 4927//2253 4936//2253 4475//2253
f 4451//2254 4932//2254 4931//2254 4452//2254
f 5067//2255 5230//2255 5214//2255 5143//2255
f 5066//2256 5231//2256 5230//2256 5067//2256
f 5083//2257 5229//2257 5232//2257 5086//2257
f 4793//2258 4908//2258 4907//2258 4791//2258
f 4753//2259 4913//2259 4912//2259 4750//2259
f 4808//2260 5022//2260 5021//2260 4779//2260
f 4779//2261 5021//2261 4986//2261 4780//2261
f 5002//2262 4714//2262 4456//2262 4984//2262
f 4919//2263 4623//2263 4626//2263 4920//2263
f 4821//2264 5027//2264 4971//2264 4828//2264
f 4820//2265 4943//2265 5026//2265 4386//2265
f 4609//2266 4946//2266 5027//2266 4821//2266
f 4386//2267 5026//2267 4970//2267 4387//2267
f 5090//2268 5219//2268 5218//2268 5050//2268
f 5035//2269 4864//2269 4857//2269 5028//2269
f 4856//2058 5028//2058 4857//2058
f 4861//2270 5029//2270 5028//2270 4856//2270
f 4835//2271 5030//2271 5029//2271 4861//2271
f 5034//2272 4852//2272 4864//2272 5035//2272
f 4873//2273 4872//2273 5038//2273 5042//2273
f 4870//2274 4888//2274 5040//2274 5044//2274
f 4866//2275 4870//2275 5044//2275 5043//2275
f 4898//2276 4873//2276 5042//2276 5041//2276
o Floor_Modular_Cube.001
v 0.433881 -0.002548 0.435211
v 0.433881 -0.188798 0.435211
v 0.414881 -0.188798 0.416211
v 0.414881 -0.002548 0.416211
v 0.427122 -0.189447 0.584240
v 0.446122 -0.189447 0.603240
v 0.446122 -0.001899 0.603240
v 0.427122 -0.001899 0.584240
v 0.786383 -0.000875 0.601409
v 0.786383 -0.190472 0.601409
v 0.448063 -0.190471 0.600030
v 0.448063 -0.000875 0.600030
v 0.414881 0.008212 0.878094
v 0.414881 0.008212 0.980603
v 0.433881 -0.002548 0.980603
v 0.433881 -0.002548 0.878094
v 0.429063 -0.000875 0.831779
v 0.429063 -0.190471 0.831779
v 0.429063 -0.190471 0.980066
v 0.429063 -0.000875 0.980066
v 0.406800 0.008212 0.849592
v 0.425800 -0.002548 0.849592
v -0.997333 -0.011948 0.709718
v -0.997333 -0.179398 0.709718
v -0.997333 -0.179398 0.831878
v -0.997333 -0.011948 0.831878
v 0.427122 -0.001899 0.317555
v 0.427122 -0.189447 0.317555
v 0.427122 -0.189447 0.365993
v 0.427122 -0.001899 0.365993
v 0.975401 -0.189448 0.603240
v 0.975401 -0.001899 0.603240
v -0.163392 0.018731 -0.133322
v -0.163392 -0.210077 -0.133322
v -0.143434 -0.210077 -0.131400
v -0.143434 0.018731 -0.131400
v 0.094742 -0.000875 -0.131658
v 0.094742 -0.190471 -0.131658
v -0.244270 -0.190471 -0.131658
v -0.244270 -0.000875 -0.131658
v -0.255189 -0.000875 -0.016188
v -0.255189 -0.190471 -0.016188
v -0.263270 -0.190471 0.398193
v -0.263270 -0.000875 0.398193
v -0.981930 -0.190470 -0.999972
v -0.997333 -0.190470 -0.981520
v -0.997333 -0.000875 -0.981520
v -0.981929 -0.000875 -0.999972
v -0.997333 -0.190470 -0.700137
v -0.997333 -0.000875 -0.700137
v -0.981930 -0.000875 -0.348485
v -0.981930 -0.190471 -0.348485
v -0.269438 -0.190471 -0.348485
v -0.269438 -0.000875 -0.348485
v -0.247827 -0.000875 -0.617153
v -0.247827 -0.190471 -0.617153
v -0.250438 -0.190471 -0.981520
v -0.250438 -0.000875 -0.981520
v -0.269438 0.009885 -0.367485
v -0.277669 0.009885 -0.617153
v -0.269438 0.009885 -0.981520
v -0.981930 0.009885 -0.981520
v -0.977804 0.009885 -0.700137
v -0.967923 0.009885 -0.617153
v -0.981930 0.009885 -0.367485
v -0.249890 -0.013603 -0.705776
v -0.249890 -0.177743 -0.705776
v -0.258843 -0.177743 -0.436509
v -0.258843 -0.013603 -0.436509
v -0.030496 -0.013603 -0.417509
v -0.030496 -0.177743 -0.417509
v 0.417449 -0.177743 -0.417509
v 0.417449 -0.013603 -0.417509
v 0.429244 -0.190471 -0.044691
v 0.429245 -0.000875 -0.044691
v 0.427784 -0.000875 0.007156
v 0.427784 -0.190471 0.007156
v -0.813467 0.011044 -0.352362
v -0.813468 -0.202389 -0.352362
v -0.980827 -0.202389 -0.352362
v -0.980826 0.011044 -0.352362
v -0.258843 -0.013603 -0.791744
v -0.258843 -0.177743 -0.791744
v -0.813468 -0.202389 0.135551
v -0.813468 0.011044 0.135551
v -0.980826 0.011044 0.146072
v -0.980827 -0.202389 0.146072
v -0.277478 0.021804 0.127072
v -0.753691 0.021804 0.127072
v -0.753691 0.011044 0.146072
v -0.277478 0.011044 0.146072
v -0.062354 0.018731 -0.421082
v -0.062354 -0.210077 -0.421082
v -0.238775 -0.210077 -0.421082
v -0.238775 0.018731 -0.421082
v -0.020014 0.029491 -0.377765
v -0.062354 0.029491 -0.402082
v -0.238775 0.029491 -0.402082
v -0.238775 0.029491 -0.150400
v -0.219909 0.029491 -0.150400
v -0.163392 0.029491 -0.165365
v -0.143434 0.029491 -0.150400
v 0.407769 0.029491 -0.150400
v 0.407769 0.029491 -0.402082
v 0.014121 0.029491 -0.393610
v -0.257775 -0.210077 -0.150400
v -0.257775 0.018731 -0.150400
v -0.257775 0.018731 -0.402082
v -0.257775 -0.210077 -0.402082
v -0.211756 0.008212 0.826247
v -0.230611 0.008212 0.435211
v -0.253627 -0.002548 0.435211
v -0.252167 -0.002548 0.826247
v -0.132853 -0.002548 1.000606
v -0.132853 -0.188798 1.000606
v -0.038649 -0.188798 1.000606
v -0.038649 -0.002548 1.000606
v 0.978348 -0.000875 0.600030
v 0.990922 0.006100 0.612938
v 1.007484 -0.000875 0.619030
v 0.990922 0.006100 0.986158
v 0.978348 -0.000875 1.000606
v 1.007484 -0.000875 0.980066
v 0.429063 -0.000875 0.619030
v 0.449473 0.006100 0.612938
v 0.448063 -0.000875 1.000606
v 0.449473 0.006100 0.986158
v -0.038649 0.008212 0.980603
v -0.132853 0.008212 0.963543
v -0.230611 -0.002548 1.000606
v -0.230611 0.008212 0.980603
v -0.230611 0.008212 0.878094
v -0.253628 -0.002548 0.878094
v 0.446122 0.008861 0.083098
v 0.446122 -0.001899 0.064098
v 0.427122 -0.001899 0.083098
v 1.007484 -0.001899 0.083098
v 0.975401 -0.001899 0.064098
v 0.975401 0.008861 0.083098
v 0.446122 0.008861 0.584240
v 1.007484 -0.001899 0.584240
v 0.975401 0.008861 0.584240
v 0.410244 -0.000875 -0.131658
v 0.410244 0.009885 -0.112658
v 0.429245 -0.000875 -0.112658
v 0.410244 0.009885 0.398193
v 0.410244 -0.000875 0.417193
v 0.429244 -0.000875 0.398193
v -0.263270 -0.000875 -0.112658
v -0.244270 0.009885 -0.112658
v -0.244270 -0.000875 0.417193
v -0.244270 0.009885 0.398193
v -0.997333 -0.000875 -0.367485
v -0.250438 -0.000875 -0.367485
v -0.269438 -0.000875 -0.999972
v -0.258843 -0.013603 -0.983084
v -0.239843 -0.002843 -0.983084
v -0.239843 -0.013603 -0.999972
v 0.415412 -0.002844 -0.983084
v 0.434412 -0.013603 -0.983084
v 0.415412 -0.013603 -0.999972
v -0.239843 -0.013603 -0.417509
v -0.239843 -0.002843 -0.436509
v 0.434412 -0.013603 -0.436509
v 0.415412 -0.002843 -0.436509
v -0.980826 0.021804 -0.333362
v -0.997333 0.011044 -0.333362
v -0.254936 0.011044 -0.333362
v -0.277478 0.011044 -0.352362
v -0.277478 0.021804 -0.333362
v -0.997333 0.011044 0.127615
v -0.980826 0.021804 0.127072
v -0.254936 0.011044 0.127072
v 0.426769 0.018731 -0.402082
v 0.407769 0.018731 -0.421082
v 0.407769 0.018731 -0.131400
v 0.426769 0.018731 -0.150400
v -0.238775 0.018731 -0.131400
v 0.433881 -0.188799 0.878094
v 0.425800 -0.188798 0.849592
v 0.414881 -0.002548 1.000606
v -0.144647 -0.002548 0.416211
v -0.144647 -0.188798 0.416211
v -0.189467 -0.188798 0.416211
v -0.189467 -0.002548 0.416211
v 0.414881 0.008212 0.435211
v -0.230611 -0.002548 0.416211
v -0.189467 0.008212 0.435211
v 1.007484 -0.190472 0.835520
v 1.007484 -0.000875 0.835520
v 1.007484 -0.190472 0.980066
v 0.990922 0.006100 0.836463
v 0.429063 -0.190471 0.619030
v 0.449473 0.006100 0.737486
v 0.429063 -0.000875 0.739948
v 0.792118 0.006100 0.624096
v 0.903989 -0.000875 1.000606
v 0.913914 0.006100 0.963523
v 1.007484 -0.190472 0.745964
v 1.007484 -0.000875 0.745964
v 1.007484 -0.000875 0.809059
v 1.007484 -0.190472 0.809059
v 0.414881 -0.188799 1.000606
v 0.433881 -0.188799 0.980603
v 0.975401 -0.189448 0.064098
v 0.446122 -0.189447 0.064098
v 0.446122 0.008861 0.365993
v 1.007484 -0.189448 0.584240
v 1.007484 -0.001899 0.402971
v 0.975401 0.008861 0.402971
v 0.429244 -0.190471 0.398193
v 0.391389 0.009885 0.007156
v -0.263270 -0.190471 -0.112658
v -0.244270 0.009885 -0.044691
v -0.263270 -0.000875 -0.044691
v 0.094742 0.009885 -0.112658
v 0.245560 -0.000875 0.417193
v 0.245560 0.009885 0.398193
v -0.997333 -0.190470 -0.617153
v -0.997333 -0.000875 -0.617153
v -0.997333 -0.190470 -0.367485
v -0.055581 -0.177743 -0.999972
v -0.055581 -0.013603 -0.999972
v 0.415412 -0.177743 -0.999972
v -0.042224 -0.004122 -0.967473
v -0.239843 -0.177743 -0.417509
v -0.109649 -0.002843 -0.436509
v -0.109649 -0.013603 -0.417509
v -0.230890 -0.002843 -0.705776
v 0.434412 -0.013603 -0.887199
v 0.415412 -0.002844 -0.887199
v 0.407769 -0.210077 -0.131400
v -0.997333 0.011044 -0.060614
v -0.960624 0.021804 -0.060071
v -0.254936 0.011044 -0.244567
v -0.277478 0.021804 -0.244567
v -0.254936 -0.202390 -0.244567
v -0.254936 -0.202390 -0.333362
v -0.997333 -0.202389 -0.333362
v -0.813467 0.021804 0.105429
v -0.555721 0.021804 -0.330690
v -0.555721 0.011044 -0.352015
v 0.426769 -0.210077 -0.150400
v 0.426769 -0.210077 -0.402082
v -0.238775 -0.210077 -0.131400
v 0.245560 -0.190471 0.417193
v 0.410244 -0.190471 0.417193
v -0.253628 -0.188798 0.980603
v -0.253628 -0.002548 0.980603
v -0.253628 -0.188798 0.878094
v 0.786383 -0.000875 1.000606
v 0.792118 0.006100 0.986158
v 0.903989 -0.000875 0.600030
v 0.913914 0.006100 0.612938
v 0.972325 0.006100 0.809059
v 0.990922 0.006100 0.743716
v 0.468845 0.006100 0.764890
v 0.449473 0.006100 0.832588
v 0.448063 -0.190471 1.000606
v 0.786383 -0.190472 1.000606
v 0.903989 -0.190472 1.000606
v 0.978348 -0.190472 0.600030
v 0.903989 -0.190472 0.600030
v 0.432658 -0.000875 0.766410
v 0.429063 -0.190471 0.739948
v 0.432658 -0.190471 0.766410
v -0.252167 -0.188798 0.826247
v -0.253627 -0.188798 0.435211
v -0.277478 -0.202390 -0.352362
v -0.555721 -0.202390 -0.352015
v -0.230611 -0.188798 0.416211
v -0.144647 0.008212 0.435211
v -0.230611 -0.188798 1.000606
v -0.277478 -0.202390 0.146072
v -0.254936 -0.202390 0.127072
v -0.997333 -0.202389 0.127615
v -0.813467 0.021804 -0.333362
v 0.429244 -0.190471 -0.112658
v 0.410244 -0.190471 -0.131658
v -0.753691 -0.202389 0.146072
v -0.753691 0.011044 -0.351669
v -0.753691 -0.202389 -0.351669
v -0.753691 0.021804 -0.314656
v -0.254936 0.011044 -0.077310
v -0.294717 0.021804 -0.077310
v -0.997333 0.011044 -0.127125
v -0.980826 0.021804 -0.127125
v -0.254936 -0.202390 -0.077310
v -0.997333 -0.202389 -0.127125
v 0.200739 -0.000875 0.417193
v 0.200739 0.009885 0.398193
v 0.188946 -0.000875 -0.131400
v 0.188946 0.009885 -0.095598
v -0.244270 -0.190471 0.417193
v 0.200739 -0.190471 0.417193
v 0.188946 -0.190471 -0.131400
v -0.236189 0.009885 -0.016188
v 0.410244 0.009885 -0.044691
v -0.019356 -0.004797 -0.455874
v -0.090686 -0.002331 -0.987118
v -0.085099 -0.013603 -0.999972
v -0.085099 -0.177743 -0.999972
v -0.109649 -0.177743 -0.417509
v 0.411820 -0.002843 -0.801231
v -0.239843 -0.002843 -0.791744
v 0.430820 -0.013603 -0.801231
v -0.239843 -0.177743 -0.999972
v 0.434412 -0.177743 -0.436509
v 0.430820 -0.177743 -0.801231
v 0.434412 -0.177743 -0.887199
v -0.258843 -0.177743 -0.983084
v -0.263270 -0.190471 -0.044691
v -0.219909 0.018731 -0.131400
v 0.014121 0.018731 -0.417134
v -0.005837 0.018731 -0.417134
v -0.219909 -0.210077 -0.131400
v 0.014121 -0.210077 -0.417134
v -0.005837 -0.210077 -0.417134
v 0.407769 -0.210077 -0.421082
v -0.997333 -0.202389 -0.060614
v 1.007484 -0.190472 0.619030
v 0.978348 -0.190472 1.000606
v 1.007484 -0.189448 0.083098
v 0.427122 -0.189447 0.083098
v 1.007484 -0.189448 0.451409
v 1.007484 -0.001899 0.451409
v 1.007484 -0.189448 0.402971
v 0.434412 -0.177743 -0.983084
v -0.269438 -0.190471 -0.999972
v -0.250438 -0.190471 -0.367485
v 0.956716 0.008861 0.451409
v 0.457756 0.008861 0.317555
v -0.932583 -0.002069 0.966297
v -0.979466 -0.002069 0.984310
v -0.979466 -0.012829 1.000606
v -0.932583 -0.012829 1.000606
v -0.879558 -0.002069 0.984310
v -0.269986 -0.002069 0.984310
v -0.269986 -0.001188 0.709718
v -0.979466 -0.001188 0.709718
v -0.979466 -0.001188 0.831878
v -0.966393 -0.001188 0.940360
v -0.979466 -0.011948 0.690718
v -0.250986 -0.011948 0.709718
v -0.269986 -0.011948 0.690718
v -0.997333 -0.012829 0.984310
v -0.269986 -0.012829 1.000606
v -0.250986 -0.012829 0.984310
v -0.269986 -0.178517 1.000606
v -0.879558 -0.012829 1.000606
v -0.879558 -0.178517 1.000606
v -0.269986 -0.179398 0.690718
v -0.979466 -0.179398 0.690718
v -0.997333 -0.011948 0.940360
v -0.250986 -0.178517 0.984310
v -0.997333 -0.178517 0.984310
v -0.979466 -0.178517 1.000606
v -0.997333 -0.179398 0.940360
v -0.250986 -0.179398 0.709718
v -0.932583 -0.178517 1.000606
v 0.921675 -0.003349 0.068410
v 0.921674 -0.187998 0.068410
v 0.989307 -0.187998 0.070119
v 0.989307 -0.003349 0.070119
v 0.867489 -0.003349 0.067681
v 0.867489 -0.187998 0.067681
v 0.989307 -0.003349 -0.454775
v 0.989307 -0.187998 -0.454775
v 0.945850 -0.187998 -0.455471
v 0.945850 -0.003349 -0.455471
v 1.007484 -0.187998 0.051119
v 1.007484 -0.187998 -0.435775
v 1.007484 -0.003349 -0.435775
v 1.007484 -0.003349 0.051119
v 0.441797 0.007411 -0.435775
v 0.441797 -0.003349 -0.454775
v 0.422797 -0.003349 -0.435775
v 0.441797 -0.003349 0.070119
v 0.441797 0.007411 0.051119
v 0.422797 -0.003349 0.051119
v 0.989307 0.007411 -0.435775
v 0.989307 0.007411 0.051119
v 0.441797 -0.187998 0.070119
v 0.831352 -0.187998 0.070119
v 0.831353 -0.003349 0.070119
v 0.422797 -0.187997 -0.435775
v 0.422797 -0.187998 0.051119
v 0.945850 0.007411 -0.423923
v 0.831353 0.007411 0.051119
v 0.867489 0.007411 0.029570
v 0.909713 0.007411 -0.435775
v 0.909713 -0.003349 -0.454775
v 0.921675 0.007411 0.051605
v 0.424365 -0.000875 -0.912570
v 0.424365 -0.190471 -0.912570
v 0.432446 -0.190471 -0.884068
v 0.432446 -0.000875 -0.884068
v 0.909713 -0.187998 -0.454775
v 0.441797 -0.187997 -0.454775
v 0.888375 -0.000875 -0.450687
v 0.888374 -0.190472 -0.450687
v 0.933195 -0.190472 -0.450687
v 0.933195 -0.000875 -0.450687
v 0.424365 -0.190471 -0.469687
v 0.424365 -0.000875 -0.469687
v 0.782377 -0.000875 -0.999972
v 0.443365 -0.000875 -0.999972
v 0.443365 0.009885 -0.980537
v 0.782377 0.009885 -0.980537
v 0.974339 -0.000875 -0.999972
v 0.876581 -0.000875 -0.999972
v 0.876581 0.009885 -0.963478
v 0.974339 0.009885 -0.980537
v 0.443365 -0.000875 -0.450687
v 0.888375 0.009885 -0.469687
v 0.443365 0.009885 -0.469687
v 1.007484 -0.000875 -0.980537
v 1.007484 -0.190472 -0.980537
v 0.974339 -0.190471 -0.999972
v 0.443365 -0.190471 -0.999972
v 0.424365 -0.190471 -0.980537
v 0.424365 -0.000875 -0.980537
v 0.974339 0.009885 -0.469687
v 0.974339 -0.000875 -0.450687
v 1.007484 -0.000875 -0.469687
v 0.974339 -0.190472 -0.450687
v 1.007484 -0.190472 -0.469687
v 1.007484 -0.190472 -0.860723
v 1.007484 -0.000875 -0.860723
v 0.876581 -0.190471 -0.999972
v 0.443365 -0.190471 -0.450687
v 0.443365 0.009885 -0.912570
v 0.933195 0.009885 -0.469687
v 0.955484 0.009885 -0.860723
v -0.248402 -0.000875 0.603391
v -0.248402 -0.190471 0.603391
v -0.256483 -0.190471 0.574888
v -0.256483 -0.000875 0.574888
v 0.782377 -0.190471 -0.999972
v 0.451446 0.009885 -0.884068
v 0.974339 0.009885 -0.912570
v 1.007484 -0.000875 -0.912570
v 1.007484 -0.190472 -0.912570
v -0.606414 -0.000875 0.690358
v -0.606414 -0.190471 0.690358
v -0.267402 -0.190471 0.690358
v -0.267402 -0.000875 0.690358
v -0.248402 -0.190471 0.160507
v -0.248402 -0.000875 0.160507
v -0.973276 -0.000875 0.690358
v -0.973276 0.009885 0.671358
v -0.997333 -0.000875 0.671358
v -0.973276 0.009885 0.160507
v -0.973276 -0.000875 0.141508
v -0.997333 -0.000875 0.160507
v -0.248402 -0.000875 0.671358
v -0.267402 0.009885 0.671358
v -0.267402 -0.000875 0.141508
v -0.267402 0.009885 0.160507
v -0.997333 -0.190470 0.551544
v -0.997333 -0.000875 0.551544
v -0.997333 -0.190470 0.160507
v -0.954421 0.009885 0.551544
v -0.248402 -0.190471 0.671358
v -0.267402 0.009885 0.603391
v -0.606414 0.009885 0.671358
v -0.757232 -0.000875 0.141508
v -0.757232 0.009885 0.160507
v -0.757232 -0.190471 0.141508
v -0.973276 -0.190470 0.141508
v -0.997333 -0.190470 0.671358
v -0.973276 -0.190470 0.690358
v -0.712411 -0.000875 0.141508
v -0.712411 0.009885 0.160507
v -0.700618 -0.000875 0.690100
v -0.700618 0.009885 0.654298
v -0.267402 -0.190471 0.141508
v -0.712411 -0.190471 0.141508
v -0.700618 -0.190471 0.690100
v -0.275483 0.009885 0.574888
v -0.973276 0.009885 0.603391
v -0.997333 -0.000875 0.603391
v -0.997333 -0.190470 0.603391
v 0.414881 -0.199558 0.878094
v 0.414881 -0.199558 0.980603
v 0.406800 -0.199558 0.849592
v -0.269438 -0.201231 -0.367485
v -0.981930 -0.201230 -0.367485
v -0.967923 -0.201230 -0.617153
v -0.977805 -0.201230 -0.700137
v -0.981930 -0.201230 -0.981520
v -0.269438 -0.201231 -0.981520
v -0.277669 -0.201231 -0.617153
v -0.277478 -0.213150 0.127072
v -0.753691 -0.213149 0.127072
v -0.020014 -0.220837 -0.377765
v 0.014121 -0.220837 -0.393610
v 0.407769 -0.220837 -0.402082
v 0.407769 -0.220837 -0.150400
v -0.143434 -0.220837 -0.150400
v -0.163392 -0.220837 -0.165365
v -0.219909 -0.220837 -0.150400
v -0.238775 -0.220837 -0.150400
v -0.238775 -0.220837 -0.402082
v -0.062354 -0.220837 -0.402082
v -0.211756 -0.199558 0.826247
v -0.230611 -0.199558 0.435211
v 0.990922 -0.197447 0.612938
v 0.990922 -0.197447 0.986158
v 0.449473 -0.197447 0.612938
v 0.449473 -0.197447 0.986158
v -0.132853 -0.199558 0.963543
v -0.038649 -0.199558 0.980603
v -0.230611 -0.199558 0.980603
v -0.230611 -0.199558 0.878094
v 0.446122 -0.200207 0.083098
v 0.975401 -0.200207 0.083098
v 0.446122 -0.200207 0.584240
v 0.975401 -0.200208 0.584240
v 0.410244 -0.201231 -0.112658
v 0.410244 -0.201231 0.398193
v -0.244270 -0.201231 -0.112658
v -0.244270 -0.201231 0.398193
v -0.239843 -0.188502 -0.983084
v 0.415412 -0.188503 -0.983084
v -0.239843 -0.188503 -0.436509
v 0.415412 -0.188503 -0.436509
v -0.980827 -0.213149 -0.333362
v -0.277478 -0.213150 -0.333362
v -0.980827 -0.213149 0.127072
v 0.414881 -0.199558 0.435211
v -0.189467 -0.199558 0.435211
v 0.990922 -0.197447 0.836463
v 0.449473 -0.197447 0.737486
v 0.792118 -0.197447 0.624096
v 0.913914 -0.197447 0.963523
v 0.446122 -0.200207 0.365993
v 0.975401 -0.200207 0.402971
v 0.391389 -0.201231 0.007156
v -0.244270 -0.201231 -0.044691
v 0.094742 -0.201231 -0.112658
v 0.245560 -0.201231 0.398193
v -0.042224 -0.187224 -0.967473
v -0.109649 -0.188503 -0.436509
v -0.230890 -0.188503 -0.705776
v 0.415412 -0.188503 -0.887199
v -0.960624 -0.213149 -0.060071
v -0.277478 -0.213150 -0.244567
v -0.813468 -0.213149 0.105429
v -0.555721 -0.213150 -0.330690
v 0.792118 -0.197447 0.986158
v 0.913914 -0.197447 0.612938
v 0.449473 -0.197447 0.832588
v 0.468845 -0.197447 0.764890
v 0.990922 -0.197447 0.743716
v 0.972325 -0.197447 0.809059
v -0.144647 -0.199558 0.435211
v -0.813468 -0.213149 -0.333362
v -0.753691 -0.213149 -0.314656
v -0.294717 -0.213150 -0.077310
v -0.980827 -0.213149 -0.127125
v 0.200739 -0.201231 0.398193
v 0.188946 -0.201231 -0.095598
v 0.410244 -0.201231 -0.044691
v -0.236189 -0.201231 -0.016188
v -0.019356 -0.186549 -0.455874
v -0.090686 -0.189015 -0.987118
v -0.239843 -0.188502 -0.791744
v 0.411820 -0.188503 -0.801231
v 0.956716 -0.200207 0.451409
v 0.457756 -0.200207 0.317555
v -0.932583 -0.189277 0.966297
v -0.979466 -0.189276 0.984310
v -0.966393 -0.190158 0.940360
v -0.979466 -0.190158 0.831878
v -0.979466 -0.190157 0.709718
v -0.269986 -0.190158 0.709718
v -0.269986 -0.189277 0.984310
v -0.879558 -0.189277 0.984310
v 0.441797 -0.198757 -0.435775
v 0.441797 -0.198757 0.051119
v 0.989307 -0.198758 -0.435775
v 0.989307 -0.198758 0.051119
v 0.945850 -0.198758 -0.423923
v 0.831352 -0.198758 0.051119
v 0.867489 -0.198758 0.029570
v 0.909713 -0.198758 -0.435775
v 0.921674 -0.198758 0.051605
v 0.782377 -0.201231 -0.980537
v 0.443365 -0.201231 -0.980537
v 0.974339 -0.201231 -0.980537
v 0.876581 -0.201231 -0.963478
v 0.443365 -0.201231 -0.469687
v 0.888374 -0.201231 -0.469687
v 0.974339 -0.201231 -0.469687
v 0.443365 -0.201231 -0.912570
v 0.933195 -0.201231 -0.469687
v 0.955483 -0.201231 -0.860723
v 0.974339 -0.201231 -0.912570
v 0.451446 -0.201231 -0.884068
v -0.973276 -0.201230 0.671358
v -0.973276 -0.201230 0.160507
v -0.267402 -0.201231 0.671358
v -0.267402 -0.201231 0.160507
v -0.954421 -0.201230 0.551544
v -0.267402 -0.201231 0.603391
v -0.606414 -0.201231 0.671358
v -0.757232 -0.201230 0.160507
v -0.712411 -0.201230 0.160507
v -0.700618 -0.201231 0.654298
v -0.973276 -0.201230 0.603391
v -0.275483 -0.201231 0.574888
vn 0.7071 0.0000 -0.7071
vn -0.7071 0.0000 0.7071
vn 0.0041 0.0000 -1.0000
vn 0.4928 0.8702 0.0000
vn -1.0000 0.0000 0.0000
vn 0.4880 0.8618 -0.1384
vn 0.0000 0.0000 1.0000
vn -0.0959 0.0000 0.9954
vn 0.0014 0.0000 -1.0000
vn 0.0000 0.0000 -1.0000
vn -0.9998 0.0000 -0.0195
vn -0.7677 0.0000 -0.6408
vn 1.0000 0.0000 -0.0072
vn -0.0000 1.0000 0.0000
vn -0.9994 0.0000 -0.0332
vn 0.9996 -0.0000 0.0282
vn 0.0058 -0.0000 -1.0000
vn -0.9946 0.0000 0.1036
vn 0.0627 -0.0000 0.9980
vn 0.0000 0.8702 0.4928
vn -0.3213 0.9469 0.0083
vn 0.4755 0.4922 -0.7291
vn 0.4822 0.5475 0.6839
vn -0.4012 0.8235 -0.4012
vn -0.3971 0.8411 0.3673
vn -0.0319 0.9352 0.3527
vn 0.0308 0.9352 0.3527
vn -0.3207 0.9451 -0.0628
vn -0.4420 0.7805 -0.4420
vn 0.2801 0.8353 -0.4731
vn -0.4420 0.7805 0.4420
vn 0.2801 0.8353 0.4731
vn 0.4420 0.7805 -0.4420
vn 0.4420 0.7805 0.4420
vn -0.5194 0.7436 0.4211
vn -0.5167 0.7396 -0.4313
vn 0.4394 0.7760 -0.4525
vn -0.4310 0.7610 -0.4849
vn 0.4310 0.7610 -0.4848
vn 0.4511 0.7965 0.4027
vn -0.4934 0.7569 -0.4286
vn 0.3836 0.8036 -0.4551
vn -0.4826 0.7621 0.4316
vn 0.3836 0.8036 0.4551
vn 0.9621 0.0000 -0.2728
vn 0.0000 0.8807 0.4737
vn 0.4463 0.7881 0.4239
vn 0.0000 0.8702 -0.4928
vn 1.0000 0.0000 0.0000
vn 0.3881 0.9216 0.0000
vn -0.7071 0.0000 -0.7071
vn -0.3234 0.9463 0.0000
vn 0.0067 0.9306 -0.3661
vn -0.0368 0.9685 0.2461
vn 0.7251 0.0000 0.6887
vn -0.4928 0.8702 0.0000
vn 0.5096 0.0000 0.8604
vn 0.3180 0.9481 0.0000
vn 1.0000 0.0000 -0.0037
vn 0.3621 0.9321 -0.0094
vn -0.5245 0.8514 0.0038
vn 0.4032 0.9151 -0.0007
vn 0.4032 0.9151 -0.0045
vn 0.0000 0.8639 -0.5037
vn -0.0076 0.9260 -0.3774
vn -0.4927 0.8700 -0.0164
vn 0.4927 0.8702 0.0000
vn -0.3748 0.9269 -0.0202
vn 0.4308 0.9025 0.0000
vn -0.7549 0.0000 -0.6558
vn 0.0385 0.9153 0.4010
vn -0.0026 0.8822 -0.4708
vn 0.0254 0.9630 0.2684
vn 0.0000 0.8798 -0.4754
vn -0.7341 0.0000 0.6791
vn -0.0059 0.0000 -1.0000
vn 0.0000 0.9005 0.4348
vn -0.0187 0.9337 -0.3577
vn -0.2316 0.9678 0.0987
vn 0.2579 0.9621 -0.0890
vn -0.9985 0.0000 -0.0549
vn 0.2587 0.9652 0.0375
vn -0.2396 0.9700 -0.0414
vn -0.4235 0.9059 0.0000
vn -0.9996 0.0000 -0.0282
vn -1.0000 0.0000 0.0037
vn 0.4928 0.8701 0.0096
vn -0.0012 0.0000 -1.0000
vn -0.0015 0.0000 -1.0000
vn -0.6366 0.0000 -0.7712
vn -0.6560 0.0000 0.7548
vn -0.3807 0.8144 0.4381
vn 0.6445 0.0000 0.7646
vn -0.7454 0.0000 0.6666
vn 0.6445 0.0000 -0.7646
vn -0.1073 0.9107 0.3990
vn -0.1733 0.0000 0.9849
vn 0.0049 -0.0000 -1.0000
vn 0.7071 0.0000 0.7071
vn 0.0581 0.9319 -0.3580
vn 0.3263 0.9451 0.0168
vn -0.5461 0.8377 0.0000
vn 0.3264 0.9451 -0.0138
vn -0.3748 0.9254 0.0567
vn -0.0143 0.9307 -0.3655
vn 0.0008 0.0000 -1.0000
vn 0.0336 0.9303 -0.3653
vn -0.4880 0.8618 0.1384
vn -0.4928 0.8701 -0.0096
vn 0.3612 0.9298 0.0708
vn -0.0091 0.9469 0.3215
vn 0.1290 0.8932 -0.4308
vn -0.0093 0.8027 -0.5963
vn 0.0487 0.9424 0.3309
vn -0.0000 1.0000 0.0007
vn 0.4928 0.8701 -0.0049
vn 0.4927 0.8700 0.0206
vn -0.4921 0.8690 0.0513
vn 1.0000 0.0000 -0.0098
vn 0.9991 0.0000 0.0417
vn 0.4032 0.9151 0.0031
vn -0.4329 0.9014 -0.0121
vn -0.9621 0.0000 0.2728
vn 0.0579 0.9199 0.3878
vn -0.1003 0.9342 -0.3423
vn 0.0340 0.0000 0.9994
vn -0.0050 0.0000 -1.0000
vn 0.0928 0.9413 -0.3245
vn 0.0697 0.0000 -0.9976
vn -0.0071 0.8922 -0.4515
vn -0.1622 0.9093 0.3833
vn -0.0100 0.0000 -0.9999
vn -0.0143 0.9381 -0.3461
vn -0.9909 0.0000 0.1346
vn -0.0117 0.0000 -0.9999
vn 0.5762 0.0000 0.8173
vn 0.5462 0.0000 -0.8376
vn 0.5096 0.0000 -0.8604
vn -0.3768 0.8060 -0.4565
vn 0.7460 0.0000 0.6660
vn -0.7768 0.0000 0.6297
vn 0.6643 0.0000 -0.7474
vn -0.6643 0.0000 -0.7474
vn 0.6967 0.0000 -0.7174
vn 0.9999 0.0000 0.0105
vn -0.4024 0.9151 0.0240
vn 0.2511 0.9667 0.0484
vn -0.3978 0.9174 0.0099
vn 0.9998 0.0000 0.0195
vn 0.2514 0.9677 -0.0177
vn -0.3973 0.9164 -0.0477
vn 0.0750 0.9177 0.3902
vn 0.0005 1.0000 0.0032
vn -0.4642 0.7707 -0.4365
vn -0.4490 0.7456 0.4923
vn 0.4273 0.7545 0.4982
vn -0.4031 0.9142 -0.0416
vn 0.6510 0.0000 0.7591
vn -0.7285 0.0000 -0.6851
vn -0.6739 0.0000 0.7388
vn -0.4033 0.9147 0.0243
vn -0.5159 0.8566 0.0000
vn 0.4928 0.8701 0.0028
vn -0.0194 -0.0000 0.9998
vn -0.0253 -0.0000 0.9997
vn -0.0663 0.9182 0.3905
vn 0.0000 0.8345 0.5510
vn -0.0135 -0.0000 0.9999
vn 0.0160 0.0000 -0.9999
vn 0.4579 0.7736 -0.4381
vn 0.4579 0.7736 0.4381
vn -0.0502 0.9189 -0.3912
vn 0.7226 -0.0000 0.6913
vn 0.5094 0.8605 0.0000
vn 0.1162 0.9294 0.3502
vn 0.7226 0.0000 -0.6913
vn 0.0673 -0.0000 0.9977
vn -0.0764 0.9283 0.3638
vn 0.0604 0.9184 -0.3910
vn -0.0047 0.8571 0.5151
vn -0.0193 0.0000 -0.9998
vn 0.0000 0.8749 -0.4844
vn -0.0313 0.9328 -0.3589
vn 0.5058 0.0000 -0.8626
vn -0.7151 0.0000 -0.6991
vn 0.2718 0.8374 0.4742
vn 0.0325 0.9328 -0.3589
vn 0.4973 0.0000 0.8676
vn -0.4440 0.7839 -0.4340
vn 0.2732 0.8416 -0.4659
vn 0.2450 0.9695 -0.0059
vn 0.3088 0.9511 0.0000
vn 0.2448 0.9686 0.0445
vn -0.0014 0.0000 1.0000
vn -0.3627 0.8109 0.4592
vn -0.3627 0.8109 -0.4592
vn -0.3059 0.9520 0.0074
vn 0.0000 0.8701 -0.4928
vn -0.6198 0.0000 0.7848
vn -0.6198 0.0000 -0.7848
vn 0.0116 0.9307 0.3655
vn 0.0009 0.0000 1.0000
vn -0.0009 0.0000 1.0000
vn -0.0336 0.9303 0.3653
vn -0.4083 0.9129 0.0000
vn -0.3055 0.9506 -0.0555
vn 0.4927 -0.8702 -0.0000
vn 0.4880 -0.8618 -0.1384
vn -0.0000 -1.0000 -0.0000
vn -0.0000 -0.8702 0.4928
vn -0.3213 -0.9469 0.0083
vn 0.4755 -0.4922 -0.7291
vn 0.4822 -0.5475 0.6839
vn -0.4012 -0.8235 -0.4012
vn -0.3971 -0.8411 0.3673
vn -0.0319 -0.9352 0.3527
vn 0.0308 -0.9352 0.3527
vn -0.3207 -0.9451 -0.0628
vn -0.4420 -0.7805 -0.4420
vn 0.2801 -0.8353 -0.4730
vn -0.4420 -0.7805 0.4420
vn 0.2801 -0.8353 0.4730
vn 0.4420 -0.7805 -0.4420
vn 0.4420 -0.7805 0.4420
vn -0.5194 -0.7436 0.4211
vn -0.5167 -0.7396 -0.4313
vn 0.4394 -0.7760 -0.4525
vn -0.4310 -0.7610 -0.4849
vn 0.4310 -0.7610 -0.4849
vn 0.4511 -0.7965 0.4027
vn -0.4934 -0.7569 -0.4286
vn 0.3836 -0.8036 -0.4551
vn -0.4826 -0.7621 0.4316
vn 0.3836 -0.8036 0.4551
vn -0.0000 -0.8807 0.4737
vn 0.4463 -0.7881 0.4239
vn 0.0000 -0.8702 -0.4928
vn 0.3881 -0.9216 0.0000
vn -0.3234 -0.9463 0.0000
vn 0.0067 -0.9306 -0.3661
vn -0.0368 -0.9685 0.2461
vn -0.4928 -0.8702 0.0000
vn 0.3179 -0.9481 0.0000
vn 0.3621 -0.9321 -0.0094
vn -0.5245 -0.8514 0.0038
vn 0.4032 -0.9151 -0.0007
vn 0.4032 -0.9151 -0.0045
vn -0.0000 -0.8639 -0.5037
vn -0.0076 -0.9260 -0.3775
vn -0.4927 -0.8700 -0.0164
vn 0.4928 -0.8702 0.0000
vn -0.3748 -0.9269 -0.0202
vn 0.4308 -0.9025 0.0000
vn 0.0385 -0.9153 0.4010
vn -0.0026 -0.8822 -0.4708
vn 0.0254 -0.9630 0.2684
vn 0.0000 -0.8798 -0.4754
vn -0.0000 -0.9005 0.4348
vn -0.0187 -0.9337 -0.3577
vn -0.2316 -0.9678 0.0988
vn 0.2579 -0.9621 -0.0890
vn 0.2587 -0.9652 0.0375
vn -0.2396 -0.9700 -0.0414
vn -0.4235 -0.9059 0.0000
vn 0.4928 -0.8701 0.0096
vn -0.3807 -0.8144 0.4381
vn -0.1073 -0.9107 0.3990
vn 0.0581 -0.9319 -0.3580
vn 0.3263 -0.9451 0.0168
vn -0.5461 -0.8377 0.0000
vn 0.3264 -0.9451 -0.0138
vn -0.3748 -0.9254 0.0567
vn -0.0143 -0.9307 -0.3655
vn 0.0336 -0.9303 -0.3653
vn -0.4880 -0.8618 0.1384
vn -0.4928 -0.8701 -0.0096
vn 0.3612 -0.9298 0.0708
vn -0.0091 -0.9469 0.3215
vn 0.1290 -0.8932 -0.4308
vn -0.0093 -0.8027 -0.5963
vn 0.0487 -0.9424 0.3309
vn -0.0000 -1.0000 0.0007
vn 0.4928 -0.8701 -0.0049
vn 0.4927 -0.8700 0.0206
vn -0.4927 -0.8702 0.0000
vn -0.4921 -0.8690 0.0512
vn 0.4032 -0.9151 0.0031
vn -0.4329 -0.9014 -0.0121
vn 0.0579 -0.9199 0.3878
vn -0.1003 -0.9342 -0.3423
vn 0.0928 -0.9413 -0.3245
vn -0.0071 -0.8922 -0.4515
vn -0.1622 -0.9093 0.3833
vn -0.0143 -0.9381 -0.3461
vn -0.3768 -0.8060 -0.4565
vn -0.4024 -0.9151 0.0240
vn 0.2511 -0.9668 0.0484
vn -0.3978 -0.9174 0.0099
vn 0.2514 -0.9677 -0.0177
vn -0.3973 -0.9164 -0.0477
vn 0.0750 -0.9177 0.3902
vn 0.0005 -1.0000 0.0032
vn -0.4641 -0.7708 -0.4365
vn -0.4490 -0.7457 0.4923
vn 0.4273 -0.7545 0.4982
vn -0.4031 -0.9142 -0.0416
vn -0.4033 -0.9147 0.0243
vn -0.5159 -0.8567 -0.0000
vn 0.4928 -0.8701 0.0028
vn -0.0663 -0.9182 0.3905
vn 0.0000 -0.8345 0.5510
vn -0.4420 -0.7806 0.4420
vn 0.4579 -0.7736 -0.4381
vn 0.4579 -0.7736 0.4381
vn -0.0502 -0.9189 -0.3912
vn 0.5094 -0.8605 -0.0000
vn 0.1162 -0.9294 0.3502
vn -0.0764 -0.9283 0.3638
vn 0.0604 -0.9184 -0.3910
vn -0.0047 -0.8571 0.5151
vn 0.0000 -0.8749 -0.4844
vn -0.0313 -0.9328 -0.3589
vn 0.2718 -0.8374 0.4742
vn 0.0325 -0.9328 -0.3589
vn -0.4440 -0.7839 -0.4340
vn 0.2732 -0.8416 -0.4659
vn 0.0000 -0.8702 0.4927
vn 0.2450 -0.9695 -0.0059
vn 0.3087 -0.9511 0.0000
vn 0.2448 -0.9686 0.0445
vn -0.3627 -0.8109 0.4592
vn -0.3627 -0.8109 -0.4592
vn -0.3059 -0.9520 0.0074
vn 0.0116 -0.9307 0.3655
vn -0.0336 -0.9303 0.3653
vn -0.4083 -0.9129 0.0000
vn -0.3055 -0.9506 -0.0555
usemtl Grey_Floor.001
s 1
f 5233//2277 5234//2277 5235//2277 5236//2277
f 5237//2278 5238//2278 5239//2278 5240//2278
f 5241//2279 5242//2279 5243//2279 5244//2279
f 5245//2280 5246//2280 5247//2280 5248//2280
f 5249//2281 5250//2281 5251//2281 5252//2281
f 5253//2282 5245//2282 5248//2282 5254//2282
f 5255//2281 5256//2281 5257//2281 5258//2281
f 5259//2281 5260//2281 5261//2281 5262//2281
f 5263//2283 5264//2283 5239//2283 5238//2283
f 5265//2284 5266//2284 5267//2284 5268//2284
f 5269//2285 5270//2285 5271//2286 5272//2286
f 5273//2287 5274//2287 5275//2287 5276//2287
f 5277//2288 5278//2288 5279//2288 5280//2288
f 5281//2281 5282//2281 5279//2281 5278//2281
f 5283//2283 5284//2283 5285//2283 5286//2283
f 5287//2289 5288//2289 5289//2289 5290//2289
f 5291//2290 5292//2290 5293//2290 5294//2290 5295//2290 5296//2290 5297//2290
f 5298//2291 5299//2291 5300//2291 5301//2291
f 5302//2283 5303//2283 5304//2283 5305//2283
f 5306//2292 5307//2292 5308//2292 5309//2292
f 5310//2293 5311//2293 5312//2286 5313//2286
f 5314//2294 5315//2294 5299//2294 5298//2294
f 5316//2295 5317//2295 5318//2295 5319//2295
f 5320//2296 5321//2296 5322//2296 5323//2296
f 5324//2286 5325//2286 5326//2286 5327//2286
f 5328//2290 5329//2290 5330//2290 5331//2290 5332//2290 5333//2290 5334//2290 5335//2290 5336//2290 5337//2290
f 5338//2281 5339//2281 5340//2281 5341//2281
f 5342//2297 5343//2297 5344//2297 5345//2297
f 5346//2283 5347//2283 5348//2283 5349//2283
f 5350//2298 5351//2298 5352//2298
f 5353//2299 5354//2299 5355//2299
f 5244//2300 5356//2300 5357//2300
f 5358//2301 5359//2301 5252//2301
f 5346//2302 5349//2302 5360//2302 5361//2302
f 5362//2303 5346//2303 5361//2303 5363//2303
f 5364//2304 5342//2304 5345//2304 5365//2304
f 5366//2305 5367//2305 5368//2305
f 5369//2306 5370//2306 5371//2306
f 5240//2307 5239//2307 5372//2307
f 5264//2308 5373//2308 5374//2308
f 5375//2309 5376//2309 5377//2309
f 5378//2310 5379//2310 5380//2310
f 5272//2305 5381//2305 5382//2305
f 5383//2307 5384//2307 5276//2307
f 5283//2311 5297//2311 5385//2311
f 5294//2312 5280//2312 5279//2312
f 5286//2310 5386//2310 5291//2310
f 5387//2313 5293//2313 5290//2313
f 5388//2314 5389//2314 5390//2314
f 5391//2315 5392//2315 5393//2315
f 5301//2307 5394//2307 5395//2307
f 5396//2316 5397//2316 5305//2316
f 5398//2317 5313//2317 5399//2317
f 5400//2318 5401//2318 5402//2318
f 5403//2319 5318//2319 5404//2319
f 5320//2320 5323//2320 5405//2320
f 5336//2309 5406//2309 5407//2309
f 5408//2310 5409//2310 5335//2310
f 5327//2305 5340//2305 5330//2305
f 5339//2307 5410//2307 5331//2307
f 5248//2321 5411//2321 5412//2321 5254//2321
f 5349//2322 5413//2322 5246//2322 5360//2322
f 5414//2286 5415//2286 5416//2286 5417//2286
f 5236//2309 5418//2309 5233//2309
f 5413//2323 5247//2323 5246//2323
f 5417//2324 5419//2324 5343//2324 5420//2324
f 5421//2325 5422//2325 5355//2325 5423//2325
f 5424//2326 5353//2326 5355//2326 5422//2326
f 5243//2327 5425//2327 5356//2327 5244//2327
f 5426//2328 5357//2328 5356//2328 5427//2328
f 5241//2329 5244//2329 5357//2329 5428//2329
f 5429//2330 5354//2330 5353//2330 5430//2330
f 5431//2325 5432//2325 5433//2325 5434//2325
f 5435//2331 5436//2331 5247//2331 5413//2331
f 5370//2286 5437//2286 5438//2286 5367//2286
f 5262//2332 5240//2332 5372//2332 5439//2332
f 5264//2333 5263//2333 5440//2333 5373//2333
f 5441//2334 5369//2334 5371//2334 5442//2334
f 5366//2324 5371//2324 5370//2324 5367//2324
f 5374//2296 5372//2296 5239//2296 5264//2296
f 5309//2335 5308//2335 5380//2335 5443//2335
f 5444//2336 5378//2336 5380//2336 5308//2336
f 5271//2327 5445//2327 5381//2327 5272//2327
f 5446//2332 5382//2332 5381//2332 5447//2332
f 5269//2324 5272//2324 5382//2324 5448//2324
f 5449//2296 5379//2296 5378//2296 5450//2296
f 5451//2281 5452//2281 5282//2281 5281//2281
f 5295//2337 5294//2337 5279//2337 5282//2337
f 5453//2281 5385//2281 5452//2281 5451//2281
f 5292//2338 5291//2339 5386//2339 5287//2338
f 5283//2296 5286//2296 5291//2296 5297//2296
f 5387//2340 5280//2340 5294//2340 5293//2340
f 5454//2286 5455//2286 5393//2286 5456//2286
f 5457//2341 5391//2341 5393//2341 5455//2341
f 5300//2278 5458//2278 5394//2278 5301//2278
f 5459//2296 5395//2296 5394//2296 5460//2296
f 5298//2342 5301//2342 5395//2342 5461//2342
f 5462//2343 5392//2343 5391//2343 5463//2343
f 5268//2283 5267//2283 5464//2283 5408//2283
f 5465//2344 5403//2344 5404//2344 5466//2344
f 5467//2345 5400//2345 5402//2345 5468//2345
f 5467//2325 5469//2325 5470//2325 5400//2325
f 5313//2346 5312//2346 5471//2346 5399//2346
f 5472//2347 5404//2347 5318//2347 5317//2347
f 5473//2348 5402//2348 5401//2348 5474//2348
f 5409//2325 5475//2325 5476//2325 5406//2325
f 5324//2324 5327//2324 5330//2324 5329//2324
f 5339//2278 5338//2278 5477//2278 5410//2278
f 5268//2296 5408//2296 5335//2296 5334//2296
f 5336//2280 5335//2280 5409//2280 5406//2280
f 5331//2332 5330//2332 5340//2332 5339//2332
f 5449//2283 5478//2283 5479//2283 5379//2283
f 5480//2281 5481//2281 5365//2281 5482//2281
f 5483//2349 5429//2349 5430//2349 5484//2349
f 5350//2350 5485//2350 5486//2350 5351//2350
f 5484//2290 5430//2290 5353//2290 5424//2290 5487//2290 5488//2290 5351//2290 5486//2290 5428//2290 5357//2290 5426//2290 5489//2290 5490//2290 5359//2290
f 5252//2351 5251//2351 5491//2351 5358//2351
f 5483//2283 5492//2283 5493//2283 5429//2283
f 5350//2286 5494//2286 5495//2352 5485//2352
f 5358//2353 5483//2353 5484//2353 5359//2353
f 5485//2354 5241//2354 5428//2354 5486//2354
f 5358//2283 5491//2283 5492//2283 5483//2283
f 5359//2328 5490//2328 5249//2328 5252//2328
f 5489//2355 5426//2355 5427//2355 5496//2355
f 5351//2326 5488//2326 5432//2326 5352//2326
f 5487//2356 5424//2356 5422//2356 5433//2356
f 5434//2325 5433//2325 5422//2325 5421//2325
f 5356//2281 5425//2281 5497//2281 5427//2281
f 5496//2357 5498//2357 5250//2357 5249//2357
f 5488//2358 5487//2358 5433//2358 5432//2358
f 5490//2359 5489//2359 5496//2359 5249//2359
f 5363//2360 5364//2360 5365//2360 5481//2360
f 5482//2361 5365//2361 5345//2361 5499//2361
f 5499//2362 5345//2362 5344//2362 5500//2362
f 5418//2363 5253//2363 5254//2363 5233//2363
f 5247//2325 5436//2325 5411//2325 5248//2325
f 5401//2364 5501//2364 5502//2365 5474//2365
f 5503//2366 5500//2366 5344//2366 5419//2366
f 5361//2290 5360//2290 5246//2290 5245//2290 5253//2290 5418//2290 5504//2290 5420//2290 5343//2290 5342//2290 5364//2290 5363//2290
f 5236//2286 5235//2286 5415//2286 5414//2286
f 5349//2283 5348//2283 5435//2283 5413//2283
f 5414//2324 5417//2324 5420//2324 5504//2324
f 5481//2367 5480//2367 5505//2367 5362//2367
f 5362//2368 5363//2368 5481//2368
f 5323//2369 5506//2369 5507//2369 5405//2369
f 5508//2370 5319//2370 5318//2370 5403//2370
f 5470//2371 5501//2371 5401//2371 5400//2371
f 5398//2324 5509//2324 5310//2324 5313//2324
f 5321//2372 5472//2372 5317//2372 5322//2372
f 5377//2277 5510//2277 5511//2277 5375//2277
f 5512//2373 5322//2373 5317//2373 5316//2373
f 5513//2374 5514//2374 5311//2293 5310//2293
f 5479//2375 5443//2375 5380//2375 5379//2375
f 5509//2376 5515//2376 5513//2376 5310//2376
f 5516//2377 5467//2377 5468//2377 5517//2377
f 5399//2378 5518//2378 5519//2378 5398//2378
f 5506//2283 5323//2283 5322//2283 5512//2283
f 5516//2325 5520//2325 5469//2325 5467//2325
f 5399//2281 5471//2281 5521//2281 5518//2281
f 5405//2379 5516//2379 5517//2379 5320//2379
f 5402//2290 5473//2290 5515//2290 5509//2290 5398//2290 5519//2290 5466//2290 5404//2290 5472//2290 5321//2290 5320//2290 5517//2290 5468//2290
f 5518//2380 5465//2380 5466//2380 5519//2380
f 5405//2325 5507//2325 5520//2325 5516//2325
f 5522//2296 5449//2296 5450//2296 5523//2296
f 5375//2381 5524//2381 5525//2381 5376//2381
f 5276//2278 5275//2278 5526//2278 5383//2278
f 5522//2283 5527//2283 5478//2283 5449//2283
f 5375//2364 5511//2364 5528//2382 5524//2382
f 5383//2296 5522//2296 5523//2296 5384//2296
f 5524//2383 5269//2383 5448//2383 5525//2383
f 5383//2283 5526//2283 5527//2283 5522//2283
f 5525//2290 5448//2290 5382//2290 5446//2290 5529//2290 5384//2290 5523//2290 5450//2290 5378//2290 5444//2290 5530//2290 5376//2290
f 5529//2384 5446//2384 5447//2384 5273//2384
f 5376//2280 5530//2280 5307//2280 5377//2280
f 5510//2325 5377//2325 5307//2325 5306//2325
f 5384//2385 5529//2385 5273//2385 5276//2385
f 5530//2386 5444//2386 5308//2386 5307//2386
f 5417//2286 5416//2286 5503//2286 5419//2286
f 5397//2387 5531//2387 5302//2387 5305//2387
f 5532//2388 5457//2388 5455//2388 5533//2388
f 5534//2286 5533//2286 5455//2286 5454//2286
f 5460//2283 5535//2283 5303//2283 5302//2283
f 5389//2389 5532//2389 5533//2389 5390//2389
f 5531//2390 5459//2390 5460//2390 5302//2390
f 5531//2391 5397//2391 5536//2391 5463//2391 5391//2391 5457//2391 5532//2391 5389//2391 5537//2391 5461//2391 5395//2391 5459//2391
f 5396//2392 5538//2392 5536//2392 5397//2392
f 5538//2393 5462//2393 5463//2393 5536//2393
f 5388//2332 5314//2332 5537//2332 5389//2332
f 5314//2394 5298//2394 5461//2394 5537//2394
f 5539//2286 5390//2286 5533//2286 5534//2286
f 5396//2395 5540//2395 5541//2395 5538//2395
f 5538//2396 5541//2396 5542//2396 5462//2396
f 5388//2281 5543//2281 5315//2281 5314//2281
f 5293//2397 5292//2338 5287//2338 5290//2397
f 5297//2398 5296//2398 5452//2398 5385//2398
f 5447//2399 5544//2399 5274//2399 5273//2399
f 5545//2400 5265//2400 5333//2400 5332//2400
f 5546//2401 5547//2401 5328//2401 5337//2401
f 5326//2327 5341//2327 5340//2327 5327//2327
f 5545//2402 5548//2402 5266//2402 5265//2402
f 5546//2403 5549//2403 5550//2286 5547//2286
f 5410//2296 5545//2296 5332//2296 5331//2296
f 5547//2404 5324//2404 5329//2404 5328//2404
f 5410//2283 5477//2283 5548//2283 5545//2283
f 5547//2405 5550//2405 5325//2405 5324//2405
f 5407//2406 5546//2406 5337//2406 5336//2406
f 5265//2407 5268//2407 5334//2407 5333//2407
f 5407//2408 5551//2408 5549//2403 5546//2403
f 5518//2281 5521//2281 5552//2281 5465//2281
f 5515//2409 5473//2409 5474//2409 5513//2409
f 5427//2410 5497//2410 5498//2410 5496//2410
f 5553//2325 5352//2325 5432//2325 5431//2325
f 5485//2352 5495//2352 5242//2411 5241//2411
f 5554//2412 5423//2412 5355//2412 5354//2412
f 5352//2413 5553//2413 5494//2413 5350//2413
f 5429//2283 5493//2283 5554//2283 5354//2283
f 5406//2277 5476//2277 5551//2277 5407//2277
f 5464//2375 5475//2375 5409//2375 5408//2375
f 5555//2414 5437//2414 5370//2414 5369//2414
f 5367//2327 5438//2327 5556//2327 5368//2327
f 5373//2325 5440//2325 5557//2325 5558//2325
f 5343//2415 5419//2415 5344//2415
f 5362//2283 5505//2283 5347//2283 5346//2283
f 5236//2324 5414//2324 5504//2324 5418//2324
f 5474//2365 5502//2365 5514//2374 5513//2374
f 5524//2382 5528//2382 5270//2285 5269//2285
f 5465//2281 5552//2281 5508//2281 5403//2281
f 5381//2281 5445//2281 5544//2281 5447//2281
f 5394//2283 5458//2283 5535//2283 5460//2283
f 5441//2325 5559//2325 5555//2325 5369//2325
f 5305//2416 5304//2416 5540//2416 5396//2416
f 5385//2417 5453//2417 5284//2417 5283//2417
f 5560//2418 5456//2418 5393//2418 5392//2418
f 5390//2419 5539//2419 5543//2419 5388//2419
f 5290//2420 5289//2420 5561//2420 5387//2420
f 5462//2325 5542//2325 5560//2325 5392//2325
f 5386//2421 5562//2421 5288//2421 5287//2421
f 5387//2286 5561//2286 5277//2286 5280//2286
f 5296//2422 5295//2422 5282//2422 5452//2422
f 5558//2423 5441//2423 5442//2423 5563//2423
f 5368//2424 5259//2424 5564//2424 5366//2424
f 5564//2290 5439//2290 5372//2290 5374//2290 5563//2290 5442//2290 5371//2290 5366//2290
f 5262//2281 5261//2281 5237//2281 5240//2281
f 5254//2425 5412//2425 5234//2425 5233//2425
f 5368//2281 5556//2281 5260//2281 5259//2281
f 5373//2426 5558//2426 5563//2426 5374//2426
f 5259//2427 5262//2427 5439//2427 5564//2427
f 5558//2325 5557//2325 5559//2325 5441//2325
f 5565//2428 5566//2428 5567//2428 5568//2428
f 5566//2429 5565//2429 5569//2429 5570//2429 5571//2429 5572//2429 5573//2429 5574//2429
f 5572//2430 5575//2430 5255//2430
f 5576//2309 5577//2309 5571//2309
f 5578//2431 5567//2431 5566//2431
f 5579//2432 5580//2432 5570//2432
f 5581//2283 5579//2283 5582//2283 5583//2283
f 5577//2286 5584//2286 5585//2286 5575//2286
f 5586//2433 5578//2433 5566//2433 5574//2433
f 5579//2434 5581//2434 5587//2434 5580//2434
f 5575//2435 5585//2435 5256//2435 5255//2435
f 5572//2324 5571//2324 5577//2324 5575//2324
f 5588//2436 5589//2436 5567//2436 5578//2436
f 5586//2281 5590//2281 5588//2281 5578//2281
f 5258//2437 5586//2437 5574//2437 5573//2437
f 5255//2438 5258//2438 5573//2438 5572//2438
f 5580//2439 5576//2439 5571//2439 5570//2439
f 5258//2281 5257//2281 5590//2281 5586//2281
f 5591//2277 5584//2277 5577//2277 5576//2277
f 5580//2325 5587//2325 5591//2325 5576//2325
f 5583//2283 5582//2283 5568//2283 5592//2283
f 5593//2440 5594//2440 5595//2441 5596//2441
f 5569//2442 5565//2442 5568//2442 5582//2442
f 5570//2443 5569//2443 5582//2443 5579//2443
f 5592//2283 5568//2283 5567//2283 5589//2283
f 5597//2444 5598//2444 5594//2440 5593//2440
f 5599//2445 5600//2445 5601//2445 5602//2445
f 5603//2325 5604//2325 5605//2325 5606//2325
f 5607//2305 5608//2305 5609//2305
f 5610//2307 5611//2307 5612//2307
f 5599//2446 5613//2446 5605//2446
f 5606//2447 5614//2447 5596//2447
f 5610//2283 5615//2283 5616//2283 5617//2283
f 5609//2281 5618//2281 5619//2281 5612//2281
f 5602//2448 5620//2448 5613//2448 5599//2448
f 5596//2449 5595//2449 5603//2449 5606//2449
f 5617//2296 5621//2296 5611//2296 5610//2296
f 5607//2332 5609//2332 5612//2332 5611//2332
f 5614//2450 5606//2450 5605//2450 5613//2450
f 5597//2451 5622//2451 5621//2451 5617//2451
f 5608//2324 5607//2324 5623//2324 5624//2324
f 5600//2452 5599//2452 5605//2452 5604//2452
f 5617//2453 5616//2453 5598//2453 5597//2453
f 5623//2290 5607//2290 5611//2290 5621//2290 5622//2290 5625//2290 5614//2290 5613//2290 5620//2290
f 5626//2399 5627//2399 5628//2399 5629//2399
f 5593//2454 5625//2454 5622//2454 5597//2454
f 5624//2455 5623//2455 5620//2455 5602//2455
f 5624//2286 5630//2286 5631//2286 5608//2286
f 5608//2327 5631//2327 5618//2327 5609//2327
f 5615//2278 5610//2278 5612//2278 5619//2278
f 5596//2456 5614//2456 5625//2456 5593//2456
f 5602//2457 5601//2457 5630//2457 5624//2457
f 5632//2283 5633//2283 5634//2283 5635//2283
f 5629//2287 5628//2287 5636//2287 5637//2287
f 5638//2458 5639//2458 5640//2458 5641//2458
f 5642//2459 5643//2459 5644//2459 5645//2459
f 5646//2296 5632//2296 5647//2296 5648//2296
f 5649//2460 5650//2460 5651//2460 5642//2460
f 5652//2461 5653//2461 5654//2461 5639//2461
f 5655//2462 5656//2462 5657//2462
f 5643//2463 5638//2463 5641//2463 5644//2463
f 5658//2464 5659//2464 5657//2464 5656//2464
f 5639//2465 5654//2465 5640//2465
f 5660//2325 5661//2325 5657//2325 5659//2325
f 5642//2286 5651//2286 5662//2286 5643//2286
f 5635//2283 5634//2283 5658//2283 5656//2283
f 5642//2466 5645//2466 5649//2466
f 5637//2278 5636//2278 5663//2278 5646//2278
f 5646//2307 5648//2307 5637//2307
f 5664//2332 5640//2332 5654//2332 5626//2332
f 5635//2296 5656//2296 5655//2296 5665//2296
f 5666//2467 5655//2467 5657//2467 5661//2467
f 5632//2296 5635//2296 5665//2296 5647//2296
f 5667//2321 5668//2321 5669//2321 5670//2321
f 5638//2286 5671//2286 5652//2286 5639//2286
f 5646//2283 5663//2283 5633//2283 5632//2283
f 5644//2290 5641//2290 5640//2290 5664//2290 5672//2290 5648//2290 5647//2290 5665//2290 5655//2290 5666//2290 5673//2290 5645//2290
f 5672//2384 5664//2384 5626//2384 5629//2384
f 5645//2468 5673//2468 5674//2468 5649//2468
f 5650//2325 5649//2325 5674//2325 5675//2325
f 5648//2385 5672//2385 5629//2385 5637//2385
f 5673//2469 5666//2469 5661//2469 5674//2469
f 5675//2325 5674//2325 5661//2325 5660//2325
f 5643//2286 5662//2286 5671//2286 5638//2286
f 5654//2281 5653//2281 5627//2281 5626//2281
f 5676//2470 5677//2470 5678//2283 5679//2283
f 5670//2425 5669//2425 5680//2425 5681//2425
f 5682//2471 5683//2471 5684//2471
f 5685//2472 5686//2472 5687//2472
f 5679//2310 5688//2310 5689//2310
f 5690//2309 5691//2309 5681//2309
f 5692//2281 5693//2281 5687//2281 5694//2281
f 5695//2473 5685//2473 5687//2473 5693//2473
f 5678//2375 5696//2375 5688//2375 5679//2375
f 5697//2280 5689//2280 5688//2280 5667//2280
f 5676//2296 5679//2296 5689//2296 5698//2296
f 5699//2474 5686//2474 5685//2474 5700//2474
f 5699//2286 5701//2286 5702//2286 5686//2286
f 5684//2475 5703//2475 5704//2475 5682//2475
f 5702//2476 5694//2476 5687//2476 5686//2476
f 5705//2474 5699//2474 5700//2474 5706//2474
f 5682//2477 5707//2477 5708//2477 5683//2477
f 5681//2277 5680//2277 5709//2277 5690//2277
f 5705//2286 5710//2286 5701//2286 5699//2286
f 5682//2478 5704//2478 5711//2479 5707//2479
f 5690//2474 5705//2474 5706//2474 5691//2474
f 5707//2480 5676//2480 5698//2480 5708//2480
f 5690//2286 5709//2286 5710//2286 5705//2286
f 5708//2290 5698//2290 5689//2290 5697//2290 5712//2290 5691//2290 5706//2290 5700//2290 5685//2290 5695//2290 5713//2290 5683//2290
f 5712//2282 5697//2282 5667//2282 5670//2282
f 5683//2481 5713//2481 5714//2481 5684//2481
f 5703//2281 5684//2281 5714//2281 5715//2281
f 5691//2363 5712//2363 5670//2363 5681//2363
f 5713//2482 5695//2482 5693//2482 5714//2482
f 5715//2281 5714//2281 5693//2281 5692//2281
f 5707//2479 5711//2479 5677//2470 5676//2470
f 5688//2325 5696//2325 5668//2325 5667//2325
f 5716//2483 5411//2483 5436//2483 5717//2483
f 5718//2484 5412//2484 5411//2484 5716//2484
f 5719//2485 5720//2485 5721//2485 5722//2485 5723//2485 5724//2485 5725//2485
f 5726//2486 5506//2486 5512//2486 5727//2486
f 5728//2485 5729//2485 5730//2485 5731//2485 5732//2485 5733//2485 5734//2485 5735//2485 5736//2485 5737//2485
f 5738//2487 5499//2487 5500//2487 5739//2487
f 5494//2488 5553//2488 5740//2488
f 5741//2489 5423//2489 5554//2489
f 5243//2490 5742//2490 5425//2490
f 5491//2491 5251//2491 5743//2491
f 5347//2492 5744//2492 5745//2492 5348//2492
f 5505//2493 5746//2493 5744//2493 5347//2493
f 5747//2494 5482//2494 5499//2494 5738//2494
f 5748//2495 5556//2495 5438//2495
f 5555//2496 5749//2496 5437//2496
f 5237//2497 5750//2497 5238//2497
f 5263//2498 5751//2498 5440//2498
f 5511//2499 5510//2499 5752//2499
f 5753//2500 5443//2500 5479//2500
f 5271//2495 5754//2495 5445//2495
f 5526//2497 5275//2497 5755//2497
f 5284//2501 5453//2501 5720//2501
f 5723//2502 5278//2502 5277//2502
f 5285//2500 5719//2500 5562//2500
f 5561//2503 5289//2503 5724//2503
f 5543//2504 5539//2504 5756//2504
f 5757//2505 5456//2505 5560//2505
f 5300//2497 5758//2497 5458//2497
f 5540//2506 5304//2506 5759//2506
f 5760//2507 5471//2507 5312//2507
f 5470//2508 5761//2508 5501//2508
f 5508//2509 5762//2509 5319//2509
f 5726//2510 5507//2510 5506//2510
f 5730//2499 5551//2499 5476//2499
f 5464//2500 5731//2500 5475//2500
f 5326//2495 5736//2495 5341//2495
f 5338//2497 5735//2497 5477//2497
f 5348//2511 5745//2511 5717//2511 5435//2511
f 5235//2499 5234//2499 5763//2499
f 5435//2512 5717//2512 5436//2512
f 5416//2513 5764//2513 5739//2513 5503//2513
f 5765//2514 5421//2514 5423//2514 5741//2514
f 5766//2515 5497//2515 5425//2515 5742//2515
f 5242//2516 5767//2516 5742//2516 5243//2516
f 5493//2517 5768//2517 5741//2517 5554//2517
f 5261//2518 5769//2518 5750//2518 5237//2518
f 5559//2519 5770//2519 5749//2519 5555//2519
f 5748//2513 5438//2513 5437//2513 5749//2513
f 5751//2486 5263//2486 5238//2486 5750//2486
f 5771//2520 5309//2520 5443//2520 5753//2520
f 5772//2518 5544//2518 5445//2518 5754//2518
f 5270//2513 5773//2513 5754//2513 5271//2513
f 5478//2486 5774//2486 5753//2486 5479//2486
f 5722//2521 5281//2521 5278//2521 5723//2521
f 5725//2522 5288//2522 5562//2523 5719//2523
f 5284//2486 5720//2486 5719//2486 5285//2486
f 5561//2524 5724//2524 5723//2524 5277//2524
f 5775//2525 5454//2525 5456//2525 5757//2525
f 5776//2486 5535//2486 5458//2486 5758//2486
f 5299//2526 5777//2526 5758//2526 5300//2526
f 5542//2527 5778//2527 5757//2527 5560//2527
f 5552//2528 5779//2528 5762//2528 5508//2528
f 5469//2529 5780//2529 5761//2529 5470//2529
f 5781//2530 5316//2530 5319//2530 5762//2530
f 5782//2531 5502//2531 5501//2531 5761//2531
f 5325//2513 5737//2513 5736//2513 5326//2513
f 5267//2486 5732//2486 5731//2486 5464//2486
f 5730//2527 5476//2527 5475//2527 5731//2527
f 5735//2518 5338//2518 5341//2518 5736//2518
f 5492//2532 5783//2532 5768//2532 5493//2532
f 5494//2533 5740//2533 5784//2533 5495//2533
f 5783//2485 5743//2485 5785//2485 5786//2485 5766//2485 5742//2485 5767//2485 5784//2485 5740//2485 5787//2485 5788//2485 5765//2485 5741//2485 5768//2485
f 5491//2534 5743//2534 5783//2534 5492//2534
f 5495//2535 5784//2535 5767//2535 5242//2535
f 5743//2515 5251//2515 5250//2515 5785//2515
f 5786//2536 5498//2536 5497//2536 5766//2536
f 5740//2514 5553//2514 5431//2514 5787//2514
f 5788//2537 5434//2537 5421//2537 5765//2537
f 5787//2538 5431//2538 5434//2538 5788//2538
f 5785//2539 5250//2539 5498//2539 5786//2539
f 5746//2540 5480//2540 5482//2540 5747//2540
f 5763//2541 5234//2541 5412//2541 5718//2541
f 5744//2485 5746//2485 5747//2485 5738//2485 5739//2485 5764//2485 5789//2485 5763//2485 5718//2485 5716//2485 5717//2485 5745//2485
f 5415//2513 5789//2513 5764//2513 5416//2513
f 5505//2542 5480//2542 5746//2542
f 5760//2513 5312//2513 5311//2513 5790//2513
f 5727//2543 5512//2543 5316//2543 5781//2543
f 5790//2544 5311//2544 5514//2544 5791//2544
f 5520//2545 5792//2545 5780//2545 5469//2545
f 5471//2546 5760//2546 5793//2546 5521//2546
f 5507//2547 5726//2547 5792//2547 5520//2547
f 5761//2485 5780//2485 5792//2485 5726//2485 5727//2485 5781//2485 5762//2485 5779//2485 5793//2485 5760//2485 5790//2485 5791//2485 5782//2485
f 5521//2548 5793//2548 5779//2548 5552//2548
f 5527//2486 5794//2486 5774//2486 5478//2486
f 5511//2549 5752//2549 5795//2549 5528//2549
f 5526//2486 5755//2486 5794//2486 5527//2486
f 5528//2550 5795//2550 5773//2550 5270//2550
f 5795//2485 5752//2485 5796//2485 5771//2485 5753//2485 5774//2485 5794//2485 5755//2485 5797//2485 5772//2485 5754//2485 5773//2485
f 5797//2551 5274//2551 5544//2551 5772//2551
f 5752//2527 5510//2527 5306//2527 5796//2527
f 5755//2552 5275//2552 5274//2552 5797//2552
f 5796//2553 5306//2553 5309//2553 5771//2553
f 5759//2554 5304//2554 5303//2554 5798//2554
f 5799//2555 5534//2555 5454//2555 5775//2555
f 5756//2556 5539//2556 5534//2556 5799//2556
f 5798//2557 5303//2557 5535//2557 5776//2557
f 5798//2558 5776//2558 5758//2558 5777//2558 5800//2558 5756//2558 5799//2558 5775//2558 5757//2558 5778//2558 5801//2558 5759//2558
f 5540//2559 5759//2559 5801//2559 5541//2559
f 5541//2560 5801//2560 5778//2560 5542//2560
f 5543//2561 5756//2561 5800//2561 5315//2561
f 5315//2562 5800//2562 5777//2562 5299//2562
f 5724//2563 5289//2563 5288//2522 5725//2522
f 5720//2564 5453//2564 5451//2564 5721//2564
f 5548//2565 5734//2565 5733//2565 5266//2565
f 5549//2566 5729//2566 5728//2566 5550//2566
f 5477//2486 5735//2486 5734//2486 5548//2486
f 5550//2567 5728//2567 5737//2567 5325//2567
f 5551//2568 5730//2568 5729//2568 5549//2568
f 5266//2569 5733//2569 5732//2569 5267//2569
f 5791//2570 5514//2570 5502//2570 5782//2570
f 5739//2571 5500//2571 5503//2571
f 5235//2513 5763//2513 5789//2513 5415//2513
f 5721//2572 5451//2572 5281//2572 5722//2572
f 5557//2573 5802//2573 5770//2573 5559//2573
f 5556//2574 5748//2574 5803//2574 5260//2574
f 5803//2485 5748//2485 5749//2485 5770//2485 5802//2485 5751//2485 5750//2485 5769//2485
f 5440//2575 5751//2575 5802//2575 5557//2575
f 5260//2576 5803//2576 5769//2576 5261//2576
f 5804//2577 5592//2577 5589//2577 5805//2577
f 5805//2578 5806//2578 5807//2578 5808//2578 5809//2578 5810//2578 5811//2578 5804//2578
f 5808//2579 5256//2579 5585//2579
f 5591//2499 5809//2499 5584//2499
f 5588//2580 5805//2580 5589//2580
f 5581//2581 5810//2581 5587//2581
f 5590//2582 5806//2582 5805//2582 5588//2582
f 5808//2513 5585//2513 5584//2513 5809//2513
f 5257//2583 5807//2583 5806//2583 5590//2583
f 5256//2584 5808//2584 5807//2584 5257//2584
f 5587//2585 5810//2585 5809//2585 5591//2585
f 5811//2586 5583//2586 5592//2586 5804//2586
f 5810//2587 5581//2587 5583//2587 5811//2587
f 5812//2495 5618//2495 5631//2495
f 5615//2588 5619//2588 5813//2588
f 5600//2589 5604//2589 5814//2589
f 5603//2590 5595//2590 5815//2590
f 5601//2591 5600//2591 5814//2591 5816//2591
f 5616//2486 5615//2486 5813//2486 5817//2486
f 5812//2518 5813//2518 5619//2518 5618//2518
f 5815//2592 5814//2592 5604//2592 5603//2592
f 5598//2593 5616//2593 5817//2593 5818//2593
f 5631//2513 5630//2513 5819//2513 5812//2513
f 5819//2485 5816//2485 5814//2485 5815//2485 5820//2485 5818//2485 5817//2485 5813//2485 5812//2485
f 5594//2594 5598//2594 5818//2594 5820//2594
f 5630//2595 5601//2595 5816//2595 5819//2595
f 5595//2596 5594//2596 5820//2596 5815//2596
f 5671//2597 5821//2597 5822//2597 5652//2597
f 5651//2598 5823//2598 5824//2598 5662//2598
f 5663//2486 5825//2486 5826//2486 5633//2486
f 5827//2599 5659//2599 5658//2599
f 5662//2600 5824//2600 5821//2600 5671//2600
f 5652//2601 5822//2601 5653//2601
f 5651//2602 5650//2602 5823//2602
f 5663//2497 5636//2497 5825//2497
f 5828//2518 5627//2518 5653//2518 5822//2518
f 5634//2603 5829//2603 5827//2603 5658//2603
f 5830//2604 5660//2604 5659//2604 5827//2604
f 5633//2486 5826//2486 5829//2603 5634//2603
f 5824//2485 5823//2485 5831//2485 5830//2485 5827//2485 5829//2485 5826//2485 5825//2485 5832//2485 5828//2485 5822//2485 5821//2485
f 5832//2551 5628//2551 5627//2551 5828//2551
f 5823//2605 5650//2605 5675//2605 5831//2605
f 5825//2552 5636//2552 5628//2552 5832//2552
f 5831//2606 5675//2606 5660//2606 5830//2606
f 5704//2607 5703//2607 5833//2607
f 5834//2608 5694//2608 5702//2608
f 5678//2500 5835//2500 5696//2500
f 5709//2499 5680//2499 5836//2499
f 5837//2609 5692//2609 5694//2609 5834//2609
f 5838//2527 5668//2527 5696//2527 5835//2527
f 5677//2486 5839//2486 5835//2486 5678//2486
f 5701//2513 5840//2513 5834//2513 5702//2513
f 5710//2513 5841//2513 5840//2513 5701//2513
f 5704//2610 5833//2610 5842//2610 5711//2610
f 5709//2513 5836//2513 5841//2513 5710//2513
f 5711//2611 5842//2611 5839//2611 5677//2611
f 5842//2485 5833//2485 5843//2485 5837//2485 5834//2485 5840//2485 5841//2485 5836//2485 5844//2485 5838//2485 5835//2485 5839//2485
f 5844//2484 5669//2484 5668//2484 5838//2484
f 5833//2612 5703//2612 5715//2612 5843//2612
f 5836//2541 5680//2541 5669//2541 5844//2541
f 5843//2613 5715//2613 5692//2613 5837//2613
f 5285//2375 5562//2375 5386//2375 5286//2375
o WallCover_Modular_Cube.001
v 0.789362 6.136744 0.525625
v 0.789362 6.136744 1.506202
v 1.019522 6.136744 1.506202
v 1.019522 6.136744 0.525625
v 0.789362 5.883550 1.528756
v 0.789362 5.719774 1.527307
v 1.019522 5.719774 1.527307
v 1.019522 5.883550 1.528756
v 0.789362 5.705723 1.506202
v 0.789362 5.705723 0.525625
v 1.019522 5.705723 0.525625
v 1.019522 5.705723 1.506202
v 1.043957 6.127396 1.506202
v 1.043957 6.091431 1.497059
v 1.043957 5.883550 1.519534
v 1.043957 5.719774 1.506202
v 1.043956 5.719774 0.525625
v 1.043956 5.901282 0.530206
v 1.043956 6.091431 0.541182
v 1.043956 6.127396 0.525625
v 1.019522 6.127396 0.504520
v 1.019522 5.719774 0.504520
v 1.019522 6.127396 1.527307
v 0.789362 6.127396 0.504520
v 1.019522 5.901282 0.505670
v 1.019522 6.091431 1.530207
v 1.019522 6.091431 0.506183
v 0.789362 6.127396 1.527307
v 0.789362 6.091431 1.530207
v 0.789362 5.719774 0.504520
v 0.789362 5.901282 0.505670
v 0.789362 6.091431 0.506183
v 0.789362 5.705094 0.488660
v 0.789362 5.705094 -0.495372
v 1.019522 5.705094 -0.495372
v 1.019522 5.705094 0.488660
v 0.789362 5.845356 -0.519377
v 0.789362 6.126977 -0.516477
v 1.019522 6.126977 -0.516477
v 1.019522 5.845356 -0.519377
v 0.789362 6.136324 -0.495372
v 0.789362 6.136324 0.488660
v 1.019522 6.136324 0.488660
v 1.019522 6.136324 -0.495372
v 1.043956 5.719145 -0.495372
v 1.043956 5.845356 -0.486231
v 1.043956 6.126977 -0.495372
v 1.043956 6.126977 0.488660
v 1.043956 5.886182 0.484078
v 1.043956 5.845356 0.473101
v 1.043956 5.719145 0.488660
v 1.019522 5.719145 0.509763
v 1.019522 6.126977 0.509763
v 1.019522 5.719145 -0.516477
v 0.789362 5.719145 0.509763
v 1.019522 5.886182 0.508614
v 1.019522 5.845356 0.508101
v 0.789362 5.719145 -0.516477
v 0.789362 6.126977 0.509763
v 0.789362 5.886182 0.508614
v 0.789362 5.845356 0.508101
v 0.789362 5.705094 -0.536294
v 0.789362 5.705094 -1.465063
v 1.019522 5.705094 -1.465063
v 1.019522 5.705094 -0.536294
v 0.789362 5.845356 -1.489066
v 0.789362 6.126977 -1.486167
v 1.019522 6.126977 -1.486167
v 1.019522 5.845356 -1.489066
v 0.789362 6.136324 -1.465063
v 0.789362 6.136324 -0.536294
v 1.019522 6.136324 -0.536294
v 1.019522 6.136324 -1.465063
v 1.043956 5.719145 -1.465063
v 1.043956 5.845356 -1.455920
v 1.043956 6.126977 -1.465063
v 1.043956 6.126977 -0.536294
v 1.043956 5.886182 -0.540875
v 1.043956 5.845356 -0.551852
v 1.043956 5.719145 -0.536294
v 1.019522 5.719145 -0.515189
v 1.019522 6.126977 -0.515189
v 1.019522 5.719145 -1.486166
v 0.789362 5.719145 -0.515189
v 1.019522 5.886182 -0.516340
v 1.019522 5.845356 -0.516852
v 0.789362 5.719145 -1.486166
v 0.789362 6.126977 -0.515189
v 0.789362 5.886182 -0.516340
v 0.789362 5.845356 -0.516852
v 0.559202 6.136744 0.525625
v 0.559202 6.136744 1.506202
v 0.559202 5.883550 1.528756
v 0.559202 5.719774 1.527307
v 0.559202 5.705723 1.506202
v 0.559202 5.705723 0.525625
v 0.534768 6.127396 1.506202
v 0.534768 6.127396 0.525625
v 0.534768 6.091431 0.541182
v 0.534768 5.901282 0.530206
v 0.534768 5.719774 0.525625
v 0.534768 5.719774 1.506202
v 0.534768 5.883550 1.519534
v 0.534768 6.091431 1.497059
v 0.559202 6.127396 0.504520
v 0.559202 5.719774 0.504520
v 0.559202 6.127396 1.527307
v 0.559202 5.901282 0.505670
v 0.559202 6.091431 1.530207
v 0.559202 6.091431 0.506183
v 0.559202 5.705094 0.488660
v 0.559202 5.705094 -0.495372
v 0.559202 5.845356 -0.519377
v 0.559202 6.126977 -0.516477
v 0.559202 6.136324 -0.495372
v 0.559202 6.136324 0.488660
v 0.534768 5.719145 -0.495372
v 0.534768 5.719145 0.488660
v 0.534768 5.845356 0.473101
v 0.534768 5.886182 0.484078
v 0.534768 6.126977 0.488660
v 0.534768 6.126977 -0.495372
v 0.534768 5.845356 -0.486231
v 0.559202 5.719145 0.509763
v 0.559202 6.126977 0.509763
v 0.559202 5.719145 -0.516477
v 0.559202 5.886182 0.508614
v 0.559202 5.845356 0.508101
v 0.559202 5.705094 -0.536294
v 0.559202 5.705094 -1.465063
v 0.559202 5.845356 -1.489066
v 0.559202 6.126977 -1.486167
v 0.559202 6.136324 -1.465063
v 0.559202 6.136324 -0.536294
v 0.534768 5.719145 -1.465063
v 0.534768 5.719145 -0.536294
v 0.534768 5.845356 -0.551852
v 0.534768 5.886182 -0.540875
v 0.534768 6.126977 -0.536294
v 0.534768 6.126977 -1.465063
v 0.534768 5.845356 -1.455920
v 0.559202 5.719145 -0.515189
v 0.559202 6.126977 -0.515189
v 0.559202 5.719145 -1.486166
v 0.559202 5.886182 -0.516340
v 0.559202 5.845356 -0.516852
vn 0.0000 1.0000 0.0000
vn 0.0000 -0.0079 1.0000
vn 0.0000 -0.0088 1.0000
vn 0.0000 -1.0000 0.0000
vn 1.0000 0.0000 -0.0000
vn 0.3302 0.8630 -0.3823
vn 0.4317 -0.7508 -0.4999
vn 0.3302 0.8630 0.3823
vn 0.4318 -0.7508 0.4999
vn 0.0000 0.9143 -0.4050
vn 0.6825 0.0115 -0.7308
vn 0.0000 -0.8324 0.5542
vn 0.7418 -0.0580 0.6681
vn 0.3573 0.9340 0.0000
vn 0.4985 -0.8669 0.0000
vn 0.6546 0.0382 0.7550
vn 0.7449 -0.1553 -0.6488
vn 0.0000 0.0804 0.9968
vn 0.0000 0.0045 -1.0000
vn 0.0000 0.0063 -1.0000
vn 0.0000 -0.8324 -0.5542
vn 0.0000 0.9143 0.4050
vn 0.0000 -0.0462 -0.9989
vn 0.0000 0.0027 -1.0000
vn 0.7728 0.0192 -0.6343
vn 0.0000 0.0103 -0.9999
vn 0.3301 0.8630 0.3823
vn 0.4318 -0.7508 -0.4998
vn 0.3302 0.8631 -0.3823
vn 0.6825 -0.0087 0.7308
vn 0.7429 0.0165 -0.6692
vn 0.7430 -0.0074 -0.6693
vn 0.7533 0.0448 0.6562
vn 0.0000 -0.0230 -0.9997
vn 0.0000 -0.0087 1.0000
vn 0.0000 -0.0048 1.0000
vn 0.0000 0.0132 0.9999
vn 0.0000 -0.0126 0.9999
vn 0.7699 -0.0889 0.6319
vn 0.5269 -0.0383 0.8491
vn 0.0000 -0.0070 1.0000
vn 0.4318 -0.7508 0.4998
vn 0.3302 0.8631 0.3823
vn 0.4318 -0.7508 -0.4999
vn 0.7533 0.0448 0.6561
vn 0.0000 -0.0125 0.9999
vn -1.0000 0.0000 0.0000
vn -0.3302 0.8630 -0.3823
vn -0.4317 -0.7508 -0.4999
vn -0.3302 0.8630 0.3823
vn -0.4318 -0.7508 0.4999
vn -0.6825 0.0115 -0.7308
vn -0.7418 -0.0580 0.6681
vn -0.3573 0.9340 0.0000
vn -0.4985 -0.8669 0.0000
vn -0.6546 0.0382 0.7550
vn -0.7449 -0.1553 -0.6488
vn -0.7728 0.0192 -0.6343
vn -0.4318 -0.7508 -0.4998
vn -0.3302 0.8631 -0.3822
vn -0.6825 -0.0087 0.7308
vn -0.7429 0.0165 -0.6692
vn -0.7430 -0.0074 -0.6693
vn -0.7533 0.0448 0.6562
vn -0.7699 -0.0889 0.6319
vn -0.5269 -0.0383 0.8491
vn -0.4318 -0.7508 0.4998
vn -0.3302 0.8631 0.3822
vn -0.4318 -0.7508 -0.4999
vn -0.3302 0.8631 -0.3823
vn -0.7533 0.0448 0.6561
vn -0.7699 -0.0889 0.6320
usemtl Grey_Floor.003
s 1
f 5845//2614 5846//2614 5847//2614 5848//2614
f 5849//2615 5850//2616 5851//2616 5852//2615
f 5853//2617 5854//2617 5855//2617 5856//2617
f 5857//2618 5858//2618 5859//2618 5860//2618 5861//2618 5862//2618 5863//2618 5864//2618
f 5848//2619 5864//2619 5865//2619
f 5861//2620 5855//2620 5866//2620
f 5847//2621 5867//2621 5857//2621
f 5856//2622 5860//2622 5851//2622
f 5845//2623 5848//2623 5865//2623 5868//2623
f 5862//2624 5861//2624 5866//2624 5869//2624
f 5853//2625 5856//2625 5851//2625 5850//2625
f 5858//2626 5857//2626 5867//2626 5870//2626
f 5848//2627 5847//2627 5857//2627 5864//2627
f 5856//2628 5855//2628 5861//2628 5860//2628
f 5859//2629 5858//2629 5870//2629 5852//2629
f 5864//2630 5863//2630 5871//2630 5865//2630
f 5872//2631 5873//2631 5870//2631 5867//2631
f 5869//2632 5866//2633 5874//2633 5875//2632
f 5855//2634 5854//2634 5874//2634 5866//2634
f 5847//2635 5846//2635 5872//2635 5867//2635
f 5865//2636 5871//2636 5876//2636 5868//2636
f 5871//2637 5869//2632 5875//2632 5876//2637
f 5863//2638 5862//2638 5869//2638 5871//2638
f 5877//2617 5878//2617 5879//2617 5880//2617
f 5881//2639 5882//2639 5883//2639 5884//2639
f 5885//2614 5886//2614 5887//2614 5888//2614
f 5889//2618 5890//2618 5891//2618 5892//2618 5893//2618 5894//2618 5895//2618
f 5880//2622 5895//2622 5896//2622
f 5892//2640 5887//2640 5897//2640
f 5879//2641 5898//2641 5889//2641
f 5888//2642 5891//2642 5883//2642
f 5877//2625 5880//2625 5896//2625 5899//2625
f 5893//2643 5892//2643 5897//2643 5900//2643
f 5885//2623 5888//2623 5883//2623 5882//2623
f 5890//2644 5889//2644 5898//2644 5884//2644
f 5880//2628 5879//2628 5889//2628 5895//2628
f 5888//2627 5887//2627 5892//2627 5891//2627
f 5891//2645 5890//2645 5884//2645 5883//2645
f 5895//2646 5894//2646 5901//2646 5896//2646
f 5902//2647 5881//2647 5884//2647 5898//2647
f 5900//2648 5897//2649 5903//2649 5904//2648
f 5887//2635 5886//2635 5903//2635 5897//2635
f 5879//2634 5878//2634 5902//2634 5898//2634
f 5896//2650 5901//2650 5905//2650 5899//2650
f 5901//2651 5900//2648 5904//2648 5905//2651
f 5894//2652 5893//2652 5900//2652 5901//2652
f 5860//2653 5859//2653 5852//2653 5851//2653
f 5873//2654 5849//2615 5852//2615 5870//2654
f 5906//2617 5907//2617 5908//2617 5909//2617
f 5910//2639 5911//2639 5912//2639 5913//2639
f 5914//2614 5915//2614 5916//2614 5917//2614
f 5918//2618 5919//2618 5920//2618 5921//2618 5922//2618 5923//2618 5924//2618
f 5909//2655 5924//2655 5925//2655
f 5921//2656 5916//2656 5926//2656
f 5908//2657 5927//2657 5918//2657
f 5917//2642 5920//2642 5912//2642
f 5906//2625 5909//2625 5925//2625 5928//2625
f 5922//2643 5921//2643 5926//2643 5929//2643
f 5914//2623 5917//2623 5912//2623 5911//2623
f 5919//2644 5918//2644 5927//2644 5913//2644
f 5909//2628 5908//2628 5918//2628 5924//2628
f 5917//2627 5916//2627 5921//2627 5920//2627
f 5920//2645 5919//2645 5913//2645 5912//2645
f 5924//2658 5923//2658 5930//2658 5925//2658
f 5931//2647 5910//2647 5913//2647 5927//2647
f 5929//2648 5926//2649 5932//2649 5933//2648
f 5916//2635 5915//2635 5932//2635 5926//2635
f 5908//2634 5907//2634 5931//2634 5927//2634
f 5925//2650 5930//2650 5934//2650 5928//2650
f 5930//2659 5929//2648 5933//2648 5934//2659
f 5923//2652 5922//2652 5929//2652 5930//2652
f 5845//2614 5935//2614 5936//2614 5846//2614
f 5849//2615 5937//2615 5938//2616 5850//2616
f 5853//2617 5939//2617 5940//2617 5854//2617
f 5941//2660 5942//2660 5943//2660 5944//2660 5945//2660 5946//2660 5947//2660 5948//2660
f 5935//2661 5949//2661 5942//2661
f 5945//2662 5950//2662 5940//2662
f 5936//2663 5941//2663 5951//2663
f 5939//2664 5938//2664 5946//2664
f 5845//2623 5868//2623 5949//2623 5935//2623
f 5944//2665 5952//2665 5950//2665 5945//2665
f 5853//2625 5850//2625 5938//2625 5939//2625
f 5948//2666 5953//2666 5951//2666 5941//2666
f 5935//2667 5942//2667 5941//2667 5936//2667
f 5939//2668 5946//2668 5945//2668 5940//2668
f 5947//2669 5937//2669 5953//2669 5948//2669
f 5942//2670 5949//2670 5954//2670 5943//2670
f 5872//2631 5951//2631 5953//2631 5873//2631
f 5952//2632 5875//2632 5874//2633 5950//2633
f 5940//2634 5950//2634 5874//2634 5854//2634
f 5936//2635 5951//2635 5872//2635 5846//2635
f 5949//2636 5868//2636 5876//2636 5954//2636
f 5954//2637 5876//2637 5875//2632 5952//2632
f 5943//2671 5954//2671 5952//2671 5944//2671
f 5877//2617 5955//2617 5956//2617 5878//2617
f 5881//2639 5957//2639 5958//2639 5882//2639
f 5885//2614 5959//2614 5960//2614 5886//2614
f 5961//2660 5962//2660 5963//2660 5964//2660 5965//2660 5966//2660 5967//2660
f 5955//2664 5968//2664 5962//2664
f 5965//2663 5969//2663 5960//2663
f 5956//2672 5961//2672 5970//2672
f 5959//2673 5958//2673 5966//2673
f 5877//2625 5899//2625 5968//2625 5955//2625
f 5964//2674 5971//2674 5969//2674 5965//2674
f 5885//2623 5882//2623 5958//2623 5959//2623
f 5967//2675 5957//2675 5970//2675 5961//2675
f 5955//2668 5962//2668 5961//2668 5956//2668
f 5959//2667 5966//2667 5965//2667 5960//2667
f 5966//2676 5958//2676 5957//2676 5967//2676
f 5962//2677 5968//2677 5972//2677 5963//2677
f 5902//2647 5970//2647 5957//2647 5881//2647
f 5971//2648 5904//2648 5903//2649 5969//2649
f 5960//2635 5969//2635 5903//2635 5886//2635
f 5956//2634 5970//2634 5902//2634 5878//2634
f 5968//2650 5899//2650 5905//2650 5972//2650
f 5972//2651 5905//2651 5904//2648 5971//2648
f 5963//2678 5972//2678 5971//2678 5964//2678
f 5946//2679 5938//2679 5937//2679 5947//2679
f 5873//2654 5953//2654 5937//2615 5849//2615
f 5906//2617 5973//2617 5974//2617 5907//2617
f 5910//2639 5975//2639 5976//2639 5911//2639
f 5914//2614 5977//2614 5978//2614 5915//2614
f 5979//2660 5980//2660 5981//2660 5982//2660 5983//2660 5984//2660 5985//2660
f 5973//2680 5986//2680 5980//2680
f 5983//2681 5987//2681 5978//2681
f 5974//2682 5979//2682 5988//2682
f 5977//2683 5976//2683 5984//2683
f 5906//2625 5928//2625 5986//2625 5973//2625
f 5982//2674 5989//2674 5987//2674 5983//2674
f 5914//2623 5911//2623 5976//2623 5977//2623
f 5985//2675 5975//2675 5988//2675 5979//2675
f 5973//2668 5980//2668 5979//2668 5974//2668
f 5977//2667 5984//2667 5983//2667 5978//2667
f 5984//2676 5976//2676 5975//2676 5985//2676
f 5980//2684 5986//2684 5990//2684 5981//2684
f 5931//2647 5988//2647 5975//2647 5910//2647
f 5989//2648 5933//2648 5932//2649 5987//2649
f 5978//2635 5987//2635 5932//2635 5915//2635
f 5974//2634 5988//2634 5931//2634 5907//2634
f 5986//2650 5928//2650 5934//2650 5990//2650
f 5990//2659 5934//2659 5933//2648 5989//2648
f 5981//2685 5990//2685 5989//2685 5982//2685
o WallCover_Modular_Cube.002
v -0.775169 6.136744 0.525625
v -0.775169 6.136744 1.506202
v -0.545009 6.136744 1.506202
v -0.545009 6.136744 0.525625
v -0.775169 5.883550 1.528756
v -0.775169 5.719774 1.527307
v -0.545009 5.719774 1.527307
v -0.545009 5.883550 1.528756
v -0.775169 5.705723 1.506202
v -0.775169 5.705723 0.525625
v -0.545009 5.705723 0.525625
v -0.545009 5.705723 1.506202
v -0.520575 6.127396 1.506202
v -0.520575 6.091431 1.497059
v -0.520575 5.883550 1.519534
v -0.520575 5.719774 1.506202
v -0.520575 5.719774 0.525625
v -0.520575 5.901282 0.530206
v -0.520575 6.091431 0.541182
v -0.520575 6.127396 0.525625
v -0.545009 6.127396 0.504520
v -0.545009 5.719774 0.504520
v -0.545009 6.127396 1.527307
v -0.775169 6.127396 0.504520
v -0.545009 5.901282 0.505670
v -0.545009 6.091431 1.530207
v -0.545009 6.091431 0.506183
v -0.775169 6.127396 1.527307
v -0.775169 6.091431 1.530207
v -0.775169 5.719774 0.504520
v -0.775169 5.901282 0.505670
v -0.775169 6.091431 0.506183
v -0.775169 5.705094 0.488660
v -0.775169 5.705094 -0.495372
v -0.545009 5.705094 -0.495372
v -0.545009 5.705094 0.488660
v -0.775169 5.845356 -0.519377
v -0.775169 6.126977 -0.516477
v -0.545009 6.126977 -0.516477
v -0.545009 5.845356 -0.519377
v -0.775169 6.136324 -0.495372
v -0.775169 6.136324 0.488660
v -0.545009 6.136324 0.488660
v -0.545009 6.136324 -0.495372
v -0.520575 5.719145 -0.495372
v -0.520575 5.845356 -0.486231
v -0.520575 6.126977 -0.495372
v -0.520575 6.126977 0.488660
v -0.520575 5.886182 0.484078
v -0.520575 5.845356 0.473101
v -0.520575 5.719145 0.488660
v -0.545009 5.719145 0.509763
v -0.545009 6.126977 0.509763
v -0.545009 5.719145 -0.516477
v -0.775169 5.719145 0.509763
v -0.545009 5.886182 0.508614
v -0.545009 5.845356 0.508101
v -0.775169 5.719145 -0.516477
v -0.775169 6.126977 0.509763
v -0.775169 5.886182 0.508614
v -0.775169 5.845356 0.508101
v -0.775169 5.705094 -0.536294
v -0.775169 5.705094 -1.465063
v -0.545009 5.705094 -1.465063
v -0.545009 5.705094 -0.536294
v -0.775169 5.845356 -1.489066
v -0.775169 6.126977 -1.486167
v -0.545009 6.126977 -1.486167
v -0.545009 5.845356 -1.489066
v -0.775169 6.136324 -1.465063
v -0.775169 6.136324 -0.536294
v -0.545009 6.136324 -0.536294
v -0.545009 6.136324 -1.465063
v -0.520575 5.719145 -1.465063
v -0.520575 5.845356 -1.455920
v -0.520575 6.126977 -1.465063
v -0.520575 6.126977 -0.536294
v -0.520575 5.886182 -0.540875
v -0.520575 5.845356 -0.551852
v -0.520575 5.719145 -0.536294
v -0.545009 5.719145 -0.515189
v -0.545009 6.126977 -0.515189
v -0.545009 5.719145 -1.486166
v -0.775169 5.719145 -0.515189
v -0.545009 5.886182 -0.516340
v -0.545009 5.845356 -0.516852
v -0.775169 5.719145 -1.486166
v -0.775169 6.126977 -0.515189
v -0.775169 5.886182 -0.516340
v -0.775169 5.845356 -0.516852
v -1.005329 6.136744 0.525625
v -1.005329 6.136744 1.506202
v -1.005329 5.883550 1.528756
v -1.005329 5.719774 1.527307
v -1.005329 5.705723 1.506202
v -1.005329 5.705723 0.525625
v -1.029763 6.127396 1.506202
v -1.029763 6.127396 0.525625
v -1.029763 6.091431 0.541182
v -1.029763 5.901282 0.530206
v -1.029763 5.719774 0.525625
v -1.029763 5.719774 1.506202
v -1.029763 5.883550 1.519534
v -1.029763 6.091431 1.497059
v -1.005329 6.127396 0.504520
v -1.005329 5.719774 0.504520
v -1.005329 6.127396 1.527307
v -1.005329 5.901282 0.505670
v -1.005329 6.091431 1.530207
v -1.005329 6.091431 0.506183
v -1.005329 5.705094 0.488660
v -1.005329 5.705094 -0.495372
v -1.005329 5.845356 -0.519377
v -1.005329 6.126977 -0.516477
v -1.005329 6.136324 -0.495372
v -1.005329 6.136324 0.488660
v -1.029763 5.719145 -0.495372
v -1.029763 5.719145 0.488660
v -1.029763 5.845356 0.473101
v -1.029763 5.886182 0.484078
v -1.029763 6.126977 0.488660
v -1.029763 6.126977 -0.495372
v -1.029763 5.845356 -0.486231
v -1.005329 5.719145 0.509763
v -1.005329 6.126977 0.509763
v -1.005329 5.719145 -0.516477
v -1.005329 5.886182 0.508614
v -1.005329 5.845356 0.508101
v -1.005329 5.705094 -0.536294
v -1.005329 5.705094 -1.465063
v -1.005329 5.845356 -1.489066
v -1.005329 6.126977 -1.486167
v -1.005329 6.136324 -1.465063
v -1.005329 6.136324 -0.536294
v -1.029763 5.719145 -1.465063
v -1.029763 5.719145 -0.536294
v -1.029763 5.845356 -0.551852
v -1.029763 5.886182 -0.540875
v -1.029763 6.126977 -0.536294
v -1.029763 6.126977 -1.465063
v -1.029763 5.845356 -1.455920
v -1.005329 5.719145 -0.515189
v -1.005329 6.126977 -0.515189
v -1.005329 5.719145 -1.486166
v -1.005329 5.886182 -0.516340
v -1.005329 5.845356 -0.516852
vn 0.0000 1.0000 0.0000
vn 0.0000 -0.0079 1.0000
vn 0.0000 -0.0088 1.0000
vn 0.0000 -1.0000 0.0000
vn 1.0000 -0.0000 -0.0000
vn 0.3302 0.8630 -0.3823
vn 0.4317 -0.7508 -0.4999
vn 0.3302 0.8630 0.3823
vn 0.4318 -0.7508 0.4999
vn 0.0000 0.9143 -0.4050
vn 0.6825 0.0115 -0.7308
vn 0.0000 -0.8324 0.5542
vn 0.7418 -0.0580 0.6681
vn 0.3573 0.9340 0.0000
vn 0.4985 -0.8669 0.0000
vn 0.6546 0.0382 0.7550
vn 0.7449 -0.1553 -0.6488
vn 0.0000 0.0804 0.9968
vn 0.0000 0.0045 -1.0000
vn 0.0000 0.0063 -1.0000
vn 0.0000 -0.8324 -0.5542
vn 0.0000 0.9143 0.4050
vn 0.0000 -0.0462 -0.9989
vn 0.0000 0.0027 -1.0000
vn 0.7728 0.0192 -0.6343
vn 0.0000 0.0103 -0.9999
vn 0.3302 0.8631 0.3823
vn 0.4318 -0.7508 -0.4998
vn 0.3302 0.8631 -0.3823
vn 0.6825 -0.0087 0.7308
vn 0.7429 0.0165 -0.6692
vn 0.7430 -0.0074 -0.6693
vn 0.7533 0.0448 0.6562
vn 0.0000 -0.0230 -0.9997
vn 0.0000 -0.0087 1.0000
vn 0.0000 -0.0048 1.0000
vn 0.0000 0.0132 0.9999
vn 0.0000 -0.0126 0.9999
vn 0.7699 -0.0889 0.6319
vn 0.5269 -0.0383 0.8491
vn 0.0000 -0.0070 1.0000
vn 0.4318 -0.7508 0.4998
vn 0.4318 -0.7508 -0.4999
vn 0.7533 0.0448 0.6561
vn 0.0000 -0.0125 0.9999
vn -1.0000 0.0000 0.0000
vn -0.3302 0.8630 -0.3823
vn -0.4317 -0.7508 -0.4999
vn -0.3302 0.8630 0.3823
vn -0.4318 -0.7508 0.4999
vn -0.6825 0.0115 -0.7308
vn -0.7418 -0.0580 0.6681
vn -0.3573 0.9340 0.0000
vn -0.4985 -0.8669 0.0000
vn -0.6546 0.0382 0.7550
vn -0.7449 -0.1553 -0.6488
vn -0.7728 0.0192 -0.6343
vn -0.3301 0.8630 0.3823
vn -0.4318 -0.7508 -0.4998
vn -0.3302 0.8631 -0.3823
vn -0.6825 -0.0087 0.7308
vn -0.7429 0.0165 -0.6692
vn -0.7430 -0.0074 -0.6693
vn -0.7533 0.0448 0.6562
vn -0.7699 -0.0889 0.6319
vn -0.5269 -0.0383 0.8491
vn -0.4318 -0.7508 0.4998
vn -0.3302 0.8631 0.3823
vn -0.4318 -0.7508 -0.4999
vn -0.3302 0.8631 -0.3822
vn 0.0000 0.9143 -0.4049
vn -0.7533 0.0448 0.6561
usemtl Grey_Floor.004
s 1
f 5991//2686 5992//2686 5993//2686 5994//2686
f 5995//2687 5996//2688 5997//2688 5998//2687
f 5999//2689 6000//2689 6001//2689 6002//2689
f 6003//2690 6004//2690 6005//2690 6006//2690 6007//2690 6008//2690 6009//2690 6010//2690
f 5994//2691 6010//2691 6011//2691
f 6007//2692 6001//2692 6012//2692
f 5993//2693 6013//2693 6003//2693
f 6002//2694 6006//2694 5997//2694
f 5991//2695 5994//2695 6011//2695 6014//2695
f 6008//2696 6007//2696 6012//2696 6015//2696
f 5999//2697 6002//2697 5997//2697 5996//2697
f 6004//2698 6003//2698 6013//2698 6016//2698
f 5994//2699 5993//2699 6003//2699 6010//2699
f 6002//2700 6001//2700 6007//2700 6006//2700
f 6005//2701 6004//2701 6016//2701 5998//2701
f 6010//2702 6009//2702 6017//2702 6011//2702
f 6018//2703 6019//2703 6016//2703 6013//2703
f 6015//2704 6012//2705 6020//2705 6021//2704
f 6001//2706 6000//2706 6020//2706 6012//2706
f 5993//2707 5992//2707 6018//2707 6013//2707
f 6011//2708 6017//2708 6022//2708 6014//2708
f 6017//2709 6015//2704 6021//2704 6022//2709
f 6009//2710 6008//2710 6015//2710 6017//2710
f 6023//2689 6024//2689 6025//2689 6026//2689
f 6027//2711 6028//2711 6029//2711 6030//2711
f 6031//2686 6032//2686 6033//2686 6034//2686
f 6035//2690 6036//2690 6037//2690 6038//2690 6039//2690 6040//2690 6041//2690
f 6026//2694 6041//2694 6042//2694
f 6038//2712 6033//2712 6043//2712
f 6025//2713 6044//2713 6035//2713
f 6034//2714 6037//2714 6029//2714
f 6023//2697 6026//2697 6042//2697 6045//2697
f 6039//2715 6038//2715 6043//2715 6046//2715
f 6031//2695 6034//2695 6029//2695 6028//2695
f 6036//2716 6035//2716 6044//2716 6030//2716
f 6026//2700 6025//2700 6035//2700 6041//2700
f 6034//2699 6033//2699 6038//2699 6037//2699
f 6037//2717 6036//2717 6030//2717 6029//2717
f 6041//2718 6040//2718 6047//2718 6042//2718
f 6048//2719 6027//2719 6030//2719 6044//2719
f 6046//2720 6043//2721 6049//2721 6050//2720
f 6033//2707 6032//2707 6049//2707 6043//2707
f 6025//2706 6024//2706 6048//2706 6044//2706
f 6042//2722 6047//2722 6051//2722 6045//2722
f 6047//2723 6046//2720 6050//2720 6051//2723
f 6040//2724 6039//2724 6046//2724 6047//2724
f 6006//2725 6005//2725 5998//2725 5997//2725
f 6019//2726 5995//2687 5998//2687 6016//2726
f 6052//2689 6053//2689 6054//2689 6055//2689
f 6056//2711 6057//2711 6058//2711 6059//2711
f 6060//2686 6061//2686 6062//2686 6063//2686
f 6064//2690 6065//2690 6066//2690 6067//2690 6068//2690 6069//2690 6070//2690
f 6055//2727 6070//2727 6071//2727
f 6067//2712 6062//2712 6072//2712
f 6054//2728 6073//2728 6064//2728
f 6063//2714 6066//2714 6058//2714
f 6052//2697 6055//2697 6071//2697 6074//2697
f 6068//2715 6067//2715 6072//2715 6075//2715
f 6060//2695 6063//2695 6058//2695 6057//2695
f 6065//2716 6064//2716 6073//2716 6059//2716
f 6055//2700 6054//2700 6064//2700 6070//2700
f 6063//2699 6062//2699 6067//2699 6066//2699
f 6066//2717 6065//2717 6059//2717 6058//2717
f 6070//2729 6069//2729 6076//2729 6071//2729
f 6077//2719 6056//2719 6059//2719 6073//2719
f 6075//2720 6072//2721 6078//2721 6079//2720
f 6062//2707 6061//2707 6078//2707 6072//2707
f 6054//2706 6053//2706 6077//2706 6073//2706
f 6071//2722 6076//2722 6080//2722 6074//2722
f 6076//2730 6075//2720 6079//2720 6080//2730
f 6069//2724 6068//2724 6075//2724 6076//2724
f 5991//2686 6081//2686 6082//2686 5992//2686
f 5995//2687 6083//2687 6084//2688 5996//2688
f 5999//2689 6085//2689 6086//2689 6000//2689
f 6087//2731 6088//2731 6089//2731 6090//2731 6091//2731 6092//2731 6093//2731 6094//2731
f 6081//2732 6095//2732 6088//2732
f 6091//2733 6096//2733 6086//2733
f 6082//2734 6087//2734 6097//2734
f 6085//2735 6084//2735 6092//2735
f 5991//2695 6014//2695 6095//2695 6081//2695
f 6090//2736 6098//2736 6096//2736 6091//2736
f 5999//2697 5996//2697 6084//2697 6085//2697
f 6094//2737 6099//2737 6097//2737 6087//2737
f 6081//2738 6088//2738 6087//2738 6082//2738
f 6085//2739 6092//2739 6091//2739 6086//2739
f 6093//2740 6083//2740 6099//2740 6094//2740
f 6088//2741 6095//2741 6100//2741 6089//2741
f 6018//2703 6097//2703 6099//2703 6019//2703
f 6098//2704 6021//2704 6020//2705 6096//2705
f 6086//2706 6096//2706 6020//2706 6000//2706
f 6082//2707 6097//2707 6018//2707 5992//2707
f 6095//2708 6014//2708 6022//2708 6100//2708
f 6100//2709 6022//2709 6021//2704 6098//2704
f 6089//2742 6100//2742 6098//2742 6090//2742
f 6023//2689 6101//2689 6102//2689 6024//2689
f 6027//2711 6103//2711 6104//2711 6028//2711
f 6031//2686 6105//2686 6106//2686 6032//2686
f 6107//2731 6108//2731 6109//2731 6110//2731 6111//2731 6112//2731 6113//2731
f 6101//2735 6114//2735 6108//2735
f 6111//2743 6115//2743 6106//2743
f 6102//2744 6107//2744 6116//2744
f 6105//2745 6104//2745 6112//2745
f 6023//2697 6045//2697 6114//2697 6101//2697
f 6110//2746 6117//2746 6115//2746 6111//2746
f 6031//2695 6028//2695 6104//2695 6105//2695
f 6113//2747 6103//2747 6116//2747 6107//2747
f 6101//2739 6108//2739 6107//2739 6102//2739
f 6105//2738 6112//2738 6111//2738 6106//2738
f 6112//2748 6104//2748 6103//2748 6113//2748
f 6108//2749 6114//2749 6118//2749 6109//2749
f 6048//2719 6116//2719 6103//2719 6027//2719
f 6117//2720 6050//2720 6049//2721 6115//2721
f 6106//2707 6115//2707 6049//2707 6032//2707
f 6102//2706 6116//2706 6048//2706 6024//2706
f 6114//2722 6045//2722 6051//2722 6118//2722
f 6118//2723 6051//2723 6050//2720 6117//2720
f 6109//2750 6118//2750 6117//2750 6110//2750
f 6092//2751 6084//2751 6083//2751 6093//2751
f 6019//2726 6099//2726 6083//2687 5995//2687
f 6052//2689 6119//2689 6120//2689 6053//2689
f 6056//2711 6121//2711 6122//2711 6057//2711
f 6060//2686 6123//2686 6124//2686 6061//2686
f 6125//2731 6126//2731 6127//2731 6128//2731 6129//2731 6130//2731 6131//2731
f 6119//2752 6132//2752 6126//2752
f 6129//2753 6133//2753 6124//2753
f 6120//2754 6125//2754 6134//2754
f 6123//2755 6122//2755 6130//2755
f 6052//2697 6074//2697 6132//2697 6119//2697
f 6128//2746 6135//2746 6133//2746 6129//2746
f 6060//2695 6057//2695 6122//2756 6123//2756
f 6131//2747 6121//2747 6134//2747 6125//2747
f 6119//2739 6126//2739 6125//2739 6120//2739
f 6123//2738 6130//2738 6129//2738 6124//2738
f 6130//2748 6122//2748 6121//2748 6131//2748
f 6126//2757 6132//2757 6136//2757 6127//2757
f 6077//2719 6134//2719 6121//2719 6056//2719
f 6135//2720 6079//2720 6078//2721 6133//2721
f 6124//2707 6133//2707 6078//2707 6061//2707
f 6120//2706 6134//2706 6077//2706 6053//2706
f 6132//2722 6074//2722 6080//2722 6136//2722
f 6136//2730 6080//2730 6079//2720 6135//2720
f 6127//2750 6136//2750 6135//2750 6128//2750
