# Blender v3.0.1 OBJ File: ''
# www.blender.org
mtllib quat_corner.mtl
o Wall_Modular_Cube.006_Wall_Modular_Cube.007
v -0.190480 1.681634 0.609111
v -0.190480 1.958800 0.609111
v -0.162676 1.958800 0.642152
v -0.162676 1.681634 0.642152
v 1.153368 1.589539 0.679834
v 1.153368 1.589539 0.907346
v 0.381781 1.578764 0.907346
v 0.381781 1.578764 0.679834
v -0.703041 1.681634 0.609111
v -0.703041 1.958800 0.609111
v -0.492760 1.958800 0.609111
v -0.334013 1.945726 0.609111
v 0.353977 1.810513 0.679834
v 0.353977 1.810513 0.907346
v 0.353977 1.958800 0.907346
v 0.353977 1.958800 0.679834
v 0.366277 1.820113 0.724418
v 0.366277 1.820113 0.862762
v 0.366277 1.413789 0.862762
v 0.366277 1.413789 0.724418
v 0.018554 1.396085 0.724418
v 0.018554 1.396085 0.862762
v -0.142820 1.394789 0.862762
v -0.142820 1.394789 0.724418
v 0.901680 1.296289 0.619630
v 0.901680 1.296289 0.967550
v 0.901680 1.344727 0.967550
v 0.901680 1.344727 0.619630
v -1.462084 0.797543 0.619630
v -1.462084 0.797543 0.967550
v -1.462084 1.158780 0.967551
v -1.462084 1.158780 0.619629
v 1.429966 1.581974 0.967550
v 1.429966 1.581974 0.619630
v 0.929484 1.581974 0.619630
v 0.929484 1.581974 0.967550
v 0.351861 0.847076 0.679834
v 0.351861 0.847076 0.907346
v -0.144229 0.847076 0.907346
v -0.144229 0.847076 0.679834
v -0.160208 0.962546 0.679834
v -0.160208 0.962546 0.907346
v -0.172033 1.376927 0.907346
v -0.172033 1.376927 0.679834
v -1.434281 -0.021786 0.907346
v -1.462084 -0.002786 0.907346
v -1.462084 -0.002786 0.679834
v -1.434281 -0.021786 0.679834
v 0.513813 0.021029 0.591663
v 0.414411 -0.006243 0.583403
v 0.205726 -0.002785 0.586589
v 0.205726 0.324414 0.586589
v 0.326775 0.324414 0.586589
v 0.387299 0.311484 0.586589
v 0.447825 0.324414 0.586589
v 1.434279 0.324414 0.586589
v 1.434279 -0.002785 0.586589
v 0.835275 0.008972 0.591577
v -1.434281 0.453683 0.679834
v -1.434281 0.453683 0.907346
v -0.391660 0.453683 0.907346
v -0.391660 0.453683 0.679834
v -0.360036 0.361581 0.679834
v -0.360036 0.361581 0.907346
v -0.363857 -0.002786 0.907346
v -0.363857 -0.002786 0.679834
v -0.391660 0.434683 0.646793
v -0.403705 0.361581 0.646793
v -0.391660 -0.002786 0.646793
v -1.434281 -0.002786 0.646793
v -1.428243 0.278597 0.646793
v -1.413783 0.361581 0.646793
v -1.434281 0.434683 0.646793
v -0.355723 0.272958 0.718919
v -0.355723 0.272958 0.868261
v -0.376156 0.542225 0.868261
v -0.376156 0.542225 0.718919
v 1.462082 1.724698 0.907346
v 1.462082 1.724698 0.679834
v 1.465682 1.787793 0.679834
v 1.465682 1.787793 0.907346
v -0.042006 0.561225 0.718919
v -0.042006 0.561225 0.868261
v 0.161519 0.561225 0.868261
v 0.161519 0.561225 0.718919
v -1.434281 0.450474 0.967550
v -1.434281 0.450474 0.619630
v -0.919801 0.450474 0.619630
v -0.919801 0.450474 0.967550
v -0.236479 0.845412 0.619630
v -0.236478 0.845412 0.967550
v -0.207273 0.847334 0.967550
v -0.207273 0.847334 0.619630
v -0.895805 0.866076 0.643234
v -0.895805 0.866076 0.943946
v -0.895299 1.221821 0.943946
v -0.895299 1.221821 0.643234
v 0.916510 0.934043 0.907346
v 0.916510 0.934043 0.679834
v 0.914374 0.985890 0.679834
v 0.914374 0.985890 0.907346
v -0.895805 1.479568 0.643234
v -0.895805 1.479568 0.943946
v -0.895805 1.646927 0.943946
v -0.895805 1.646927 0.643234
v -0.181821 1.479568 0.943946
v -0.181821 1.479568 0.643234
v -0.166427 1.646927 0.643234
v -0.166427 1.646927 0.943946
v -0.194230 0.866076 0.610193
v -0.194230 1.419792 0.610193
v -0.166427 1.419792 0.643234
v -0.166427 0.866076 0.643234
v -0.088625 0.557652 0.619630
v -0.088625 0.557652 0.967550
v -0.346790 0.557652 0.967550
v -0.346790 0.557652 0.619630
v 0.901680 1.562974 0.967550
v 0.901680 1.562974 0.619630
v -0.026667 0.600969 0.586589
v -0.088625 0.576652 0.586589
v -0.346790 0.576652 0.586589
v -0.346790 0.828334 0.586589
v -0.319182 0.828334 0.586589
v -0.236479 0.813369 0.586589
v -0.207273 0.828334 0.586589
v 0.326266 0.828334 0.586589
v 0.326266 0.576652 0.586589
v 0.023284 0.585124 0.586589
v -0.374593 0.828334 0.967550
v -0.374593 0.828334 0.619630
v -0.374593 0.576652 0.619630
v -0.374593 0.576652 0.967550
v 0.901680 0.905275 0.717625
v 0.901680 0.905275 0.869555
v 0.901680 1.025535 0.869555
v 0.901680 1.025535 0.717625
v 1.429966 1.044535 0.869555
v 1.429966 1.044535 0.717625
v 0.929484 1.044535 0.717625
v 0.929484 1.044535 0.869555
v -0.730844 1.958800 0.642152
v -0.703041 1.977800 0.642152
v -0.703041 1.662634 0.642152
v -0.730844 1.681634 0.642152
v 1.434279 1.578764 0.679834
v 1.452679 1.591672 0.658415
v 1.462082 1.597764 0.679834
v 1.452679 1.964892 0.658415
v 1.434279 1.977800 0.679834
v 1.462082 1.958800 0.679834
v 0.353977 1.597764 0.679834
v 0.363381 1.591672 0.658415
v 0.381781 1.977800 0.679834
v 0.363381 1.964892 0.658415
v -0.190480 1.662634 0.642152
v 0.338473 1.394789 0.724418
v 0.338473 1.413789 0.691377
v -0.170624 1.413789 0.724418
v -0.131836 1.423796 0.691447
v 0.929484 1.061832 0.586589
v 0.929484 1.042832 0.619630
v 0.901680 1.061832 0.619630
v 1.457770 1.061832 0.619630
v 1.429966 1.042832 0.619630
v 1.429966 1.061832 0.586589
v 0.929484 1.562974 0.586589
v 1.457770 1.562974 0.619630
v 1.429966 1.562974 0.586589
v 0.888706 1.376927 0.646793
v 0.888706 1.395927 0.679834
v 0.916510 1.376927 0.679834
v -0.172033 0.866076 0.679834
v -0.144229 0.866076 0.646793
v -0.144229 1.395927 0.679834
v -0.144229 1.376927 0.646793
v 1.462082 -0.002785 0.619630
v 1.434279 -0.021785 0.619630
v 1.434279 0.343414 0.619630
v 1.462082 0.324414 0.619630
v -1.462084 0.434683 0.679834
v -0.363857 0.434683 0.679834
v -0.391660 -0.021786 0.679834
v 0.205726 -0.021785 0.619630
v 0.177923 -0.002785 0.619630
v 0.177923 0.324414 0.619630
v 0.205726 0.343414 0.619630
v -0.376156 -0.004350 0.718919
v -0.348353 -0.004350 0.685878
v -0.348353 -0.023350 0.718919
v -0.348353 0.561225 0.718919
v -0.348353 0.542225 0.685878
v 0.189322 0.542225 0.718919
v 0.161519 0.542225 0.685878
v -0.919801 1.158780 0.586589
v -0.919801 1.177780 0.619630
v -0.891998 1.158780 0.619630
v -1.434281 1.177780 0.619629
v -1.434281 1.158780 0.586589
v -0.891998 0.469474 0.619630
v -0.919801 0.469474 0.586589
v -1.462084 0.469474 0.619630
v -1.434281 0.469474 0.586589
v -0.868002 1.646927 0.610193
v -0.868002 1.665927 0.643234
v -0.868002 0.843534 0.643234
v -0.868002 0.866076 0.610193
v -0.194230 0.843534 0.643234
v 0.354070 0.576652 0.619630
v 0.326266 0.557652 0.619630
v 0.326266 0.847334 0.619630
v 0.354070 0.828334 0.619630
v -0.346790 0.847334 0.619630
v 0.929484 0.357282 0.684584
v 0.929484 0.338282 0.717625
v 0.901680 0.357282 0.717625
v 1.457770 0.357282 0.717625
v 1.429966 0.338282 0.717625
v 1.429966 0.357282 0.684584
v 0.929484 1.025535 0.684584
v 1.457770 1.025535 0.717625
v 1.429966 1.025535 0.684584
v -0.162676 1.681634 0.945028
v -0.162676 1.958800 0.945028
v -0.730844 1.681634 0.945028
v -0.730844 1.958800 0.945028
v -0.190480 1.662634 0.945028
v -0.703041 1.977800 0.945028
v 1.462082 1.814254 0.907346
v 1.462082 1.814254 0.679834
v 1.462082 1.958800 0.907346
v 1.452679 1.815197 0.658415
v 0.353977 1.597764 0.907346
v 0.363381 1.716220 0.658415
v 0.353977 1.718682 0.679834
v 1.161760 1.602830 0.658415
v -0.059985 1.979364 0.862762
v -0.059985 1.979364 0.724418
v -0.142820 1.979364 0.724418
v -0.142820 1.979364 0.862762
v -0.044497 1.937546 0.691377
v -0.142820 1.960364 0.691377
v 0.338473 1.394789 0.862762
v 0.023948 1.430167 0.691356
v 0.338473 1.820113 0.691377
v 1.429966 1.042832 0.967550
v 0.929484 1.042832 0.967550
v 0.929484 1.344727 0.586589
v 1.457770 1.562974 0.967550
v 1.457770 1.381705 0.619630
v 1.429966 1.381705 0.586589
v 0.916510 1.376927 0.907346
v -0.172033 0.866076 0.907346
v -0.144229 0.934043 0.646793
v -0.172033 0.934043 0.679834
v 0.351861 0.866076 0.646793
v 0.572560 1.395927 0.679834
v 0.572560 1.376927 0.646793
v 0.428943 -0.021785 0.619630
v 0.177923 0.324414 0.967550
v 0.205726 0.343414 0.967550
v 0.447825 0.343414 0.619630
v -1.459892 0.361581 0.907346
v -1.459892 0.361581 0.679834
v -1.460568 0.278597 0.679834
v -1.460568 0.278597 0.907346
v -1.462084 0.434683 0.907346
v -0.180753 -0.015807 0.868261
v -0.180753 -0.015807 0.718919
v 0.161519 -0.023350 0.718919
v 0.161519 -0.023350 0.868261
v -0.348353 0.561225 0.868261
v -0.157834 0.542225 0.685878
v -0.157834 0.561225 0.718919
v -0.327920 0.272958 0.685878
v 0.189322 0.091535 0.718919
v 0.189322 -0.004350 0.718919
v 0.161519 -0.004350 0.685878
v 0.161519 0.091535 0.685878
v -0.919801 1.177780 0.967550
v -0.891998 1.158780 0.967550
v -0.891998 0.775647 0.619630
v -0.919801 0.775647 0.586589
v -1.434281 1.177780 0.967551
v -1.434281 0.797543 0.586589
v 0.326266 0.847334 0.967550
v -0.738064 0.843534 0.643234
v -0.738064 0.866076 0.610193
v -0.738064 0.843534 0.943946
v -0.868002 0.843534 0.943946
v -0.868002 1.665927 0.943946
v -0.225902 1.479568 0.610193
v -0.194230 1.646927 0.610193
v -0.864092 1.221822 0.610193
v 0.354070 0.828334 0.967550
v 0.354070 0.576652 0.967550
v -0.346790 0.847334 0.967550
v 1.429966 0.338282 0.869555
v 0.929484 0.338282 0.869555
v 0.929484 0.905275 0.684584
v 1.457770 1.025535 0.869555
v 1.457770 0.422692 0.717625
v 1.429966 0.422692 0.684584
v 0.572560 1.395927 0.907346
v 0.888706 1.395927 0.907346
v -0.190480 1.977800 0.945028
v -0.190480 1.977800 0.642152
v 1.325466 1.578764 0.679834
v 1.339990 1.591672 0.658415
v 1.161760 1.964892 0.658415
v 1.339990 1.942257 0.658415
v 1.425465 1.787793 0.658415
v 1.452679 1.722450 0.658415
v 0.391729 1.743624 0.658415
v 0.363381 1.811322 0.658415
v 0.381781 1.977800 0.907346
v 1.153368 1.977800 0.679834
v 1.153368 1.977800 0.907346
v 1.325466 1.977414 0.907346
v 1.325466 1.977414 0.679834
v 1.434279 1.578764 0.907346
v 1.325466 1.578764 0.907346
v 0.353977 1.718682 0.907346
v 0.359238 1.745144 0.679834
v 0.359238 1.745144 0.907346
v 0.338473 1.960364 0.691377
v 0.338473 1.979364 0.724418
v 0.338473 1.979364 0.862762
v -0.160780 1.820113 0.724418
v -0.114352 1.820113 0.691377
v -0.142820 1.881891 0.691377
v 0.313291 1.881891 0.691377
v -0.160780 1.820113 0.862762
v -0.170624 1.881891 0.862762
v -0.170624 1.881891 0.724418
v -0.170624 1.413789 0.862762
v 0.352393 1.881891 0.724418
v 0.352393 1.881891 0.862762
v -0.334013 1.978036 0.642152
v -0.334013 1.978036 0.945028
v -0.492760 1.977800 0.642152
v -0.492760 1.977800 0.945028
v -0.166427 0.866076 0.943946
v -0.194230 0.843534 0.943946
v -0.193434 1.663648 0.943946
v -0.193434 1.663648 0.643234
v -0.868002 1.479568 0.610193
v 0.916510 0.866076 0.679834
v 0.916510 0.866076 0.907346
v 0.888706 0.847076 0.907346
v 0.888706 0.847076 0.679834
v -0.166427 1.419792 0.943946
v -0.894791 1.419792 0.643234
v -0.894791 1.419792 0.943946
v -0.493310 0.843534 0.643234
v -0.493310 0.883315 0.610193
v -0.566206 1.665927 0.643234
v -0.566206 1.646927 0.610193
v -0.493310 0.843534 0.943946
v -0.566206 1.665927 0.943946
v -0.840628 1.419792 0.610193
v -0.468083 1.626725 0.610193
v 0.506971 1.395927 0.679834
v 0.506971 1.376927 0.646793
v -0.144229 1.395927 0.907346
v 0.506971 1.395927 0.907346
v 0.489714 0.847334 0.907346
v 0.489714 0.847334 0.679834
v 0.489714 0.883136 0.646793
v -0.132404 0.962546 0.646793
v 0.861115 0.985890 0.646793
v 0.888706 0.934043 0.646793
v 0.888706 0.866076 0.646793
v 1.457770 0.905275 0.717625
v 1.429966 0.905275 0.684584
v 0.901680 0.836159 0.717625
v 0.929484 0.836159 0.684584
v 1.457770 0.905275 0.869555
v 0.901680 0.836159 0.869555
v 0.901680 0.790514 0.717625
v 0.929484 0.790514 0.684584
v 0.901680 0.790514 0.869555
v 0.901680 0.464367 0.717625
v 0.929484 0.464367 0.684584
v 1.453327 0.836159 0.869555
v 1.453327 0.836159 0.717625
v 0.901680 0.464367 0.869555
v 0.825565 -0.012794 0.606318
v 0.387299 0.330484 0.619630
v 0.387299 0.330484 0.967550
v 0.447825 0.343414 0.967550
v 0.326775 0.343414 0.619630
v 0.326775 0.343414 0.967550
v -0.121909 -0.023350 0.868261
v -0.121909 -0.023350 0.718919
v -0.157834 0.561225 0.868261
v -0.130085 -0.008384 0.684304
v -0.025704 0.522860 0.691878
v 0.156264 0.177503 0.685878
v -0.161209 0.011261 0.689806
v -0.348353 0.186990 0.685878
v 0.184067 0.177503 0.718919
v -0.376156 0.186990 0.718919
v -0.348353 -0.023350 0.868261
v 0.189322 0.542225 0.868261
v 0.184067 0.177503 0.868261
v 0.189322 0.091535 0.868261
v -0.376156 -0.004350 0.868261
v -0.376156 0.186990 0.868261
v -1.461823 0.737936 0.619630
v -1.410630 0.737936 0.586589
v -0.896136 0.835254 0.619630
v -0.932415 0.835254 0.586589
v -0.896136 0.835254 0.967550
v -1.462084 0.469474 0.967550
v -1.461823 0.737936 0.967550
v -0.891998 0.775647 0.967550
v 1.458030 0.443529 0.717625
v 1.458030 0.443529 0.869555
v 1.457770 0.422692 0.869555
v -0.891998 0.469474 0.967550
v -0.319182 0.847334 0.619630
v -0.319182 0.847334 0.967550
v 0.023284 0.561600 0.619630
v 0.023284 0.561600 0.967550
v -0.005921 0.561600 0.967550
v -0.005922 0.561600 0.619630
v 0.326266 0.557652 0.967550
v -0.172033 0.934043 0.907346
v 0.489468 -0.016887 0.619630
v 0.489468 -0.016887 0.967550
v 0.428943 -0.021785 0.967550
v 0.825565 -0.012794 0.980862
v 1.457770 0.790514 0.869555
v 1.457770 0.790514 0.717625
v 0.901680 0.357282 0.869555
v 0.901680 0.422692 0.869555
v 0.901680 0.422692 0.717625
v 0.901680 0.443529 0.869555
v 0.901680 0.443529 0.717625
v 0.929484 0.422692 0.684584
v 0.929484 0.443529 0.684584
v 1.395910 0.836159 0.684584
v 1.429966 0.790514 0.684584
v 1.429966 0.464367 0.684584
v 1.412886 0.443529 0.684584
v 1.457770 0.464367 0.717625
v 1.457770 0.464367 0.869555
v -0.468878 1.663292 0.943946
v -0.468878 1.663292 0.643234
v 1.462082 1.597764 0.907346
v 1.434279 1.977800 0.907346
v 1.434279 0.343414 0.967550
v 1.462082 0.324414 0.967550
v 1.462082 -0.002785 0.967550
v 1.434279 -0.021785 0.967550
v -0.363857 0.434683 0.907346
v 1.457770 0.357282 0.869555
v 1.457770 1.061832 0.967550
v 0.901680 1.061832 0.967550
v 1.457770 1.430143 0.967550
v 1.457770 1.430143 0.619630
v -0.703041 1.662634 0.945028
v 0.366277 1.960364 0.724418
v 0.366277 1.960364 0.862762
v -0.170624 1.960364 0.862762
v -0.170624 1.960364 0.724418
v 1.457770 1.381705 0.967550
v 0.189322 -0.004350 0.868261
v -0.391660 -0.021786 0.907346
v 0.946508 1.296289 0.586589
v 1.402624 1.430143 0.586589
v -1.458478 1.677625 0.607595
v -1.458478 1.677625 0.979585
v -1.458478 1.756477 0.979585
v -1.458478 1.756477 0.607595
v -1.430675 1.963044 0.574554
v -1.362069 1.945031 0.574554
v -1.284475 1.963044 0.574554
v -0.755165 1.963044 0.574554
v -0.755165 1.677625 0.574554
v -1.430675 1.677625 0.574554
v -1.430675 1.756477 0.574554
v -1.411544 1.864958 0.574554
v -1.430675 1.658625 0.607595
v -0.727361 1.677625 0.607595
v -0.755165 1.658625 0.607595
v -0.755165 1.982044 0.607595
v -0.727361 1.963044 0.607595
v -0.755165 1.982044 0.979585
v -1.284475 1.982044 0.607595
v -1.284475 1.982044 0.979585
v -0.755165 1.658625 0.979585
v -1.430675 1.658625 0.979585
v -0.727361 1.963044 0.979585
v -1.458478 1.963044 0.979585
v -1.430675 1.982044 0.979585
v -1.430675 1.982044 0.607595
v -1.458478 1.963044 0.607595
v -1.458825 1.864958 0.607595
v -1.458825 1.864958 0.979585
v -0.727361 1.677625 0.979585
v -1.362069 1.982044 0.607595
v -1.362069 1.982044 0.979585
v 0.354945 0.766851 0.687430
v 0.354945 0.766851 0.899750
v 0.352444 0.834483 0.899750
v 0.352444 0.834483 0.687430
v 0.356011 0.712665 0.687430
v 0.356012 0.712665 0.899750
v 0.904155 0.834483 0.687430
v 0.904155 0.834483 0.899750
v 0.905173 0.791026 0.899750
v 0.905173 0.791026 0.687430
v 0.380247 0.848964 0.899750
v 0.876351 0.848964 0.899750
v 0.876351 0.848964 0.687430
v 0.380247 0.848964 0.687430
v 0.876351 0.577317 0.654389
v 0.904155 0.577317 0.687430
v 0.876351 0.558317 0.687430
v 0.352444 0.577317 0.687430
v 0.380247 0.577317 0.654389
v 0.380247 0.558317 0.687430
v 0.876351 0.834483 0.654389
v 0.380247 0.834483 0.654389
v 0.352444 0.577317 0.899750
v 0.352444 0.676529 0.899750
v 0.352444 0.676529 0.687430
v 0.876351 0.558317 0.899750
v 0.380247 0.558317 0.899750
v 0.380247 0.676529 0.654389
v 0.876351 0.754889 0.654389
v 0.904155 0.754889 0.687430
v 0.411781 0.712665 0.654389
v 0.379536 0.766851 0.654389
v 0.859008 0.791026 0.654389
v 0.904155 0.754889 0.899750
v 0.904155 0.577317 0.899750
v -0.190480 1.681634 0.978069
v -0.190480 1.958800 0.978069
v -0.334013 1.945726 0.978069
v -0.492760 1.958800 0.978069
v -0.703041 1.958800 0.978069
v -0.703041 1.681634 0.978069
v 0.205726 -0.021785 0.967550
v 0.513813 0.021029 0.995517
v 0.835275 0.008972 0.995603
v 1.434279 -0.002785 1.000591
v 1.434279 0.324414 1.000591
v 0.447825 0.324414 1.000591
v 0.387299 0.311484 1.000591
v 0.326775 0.324414 1.000591
v 0.205726 0.324414 1.000591
v 0.205726 -0.002785 1.000591
v 0.414411 -0.006243 1.003777
v -0.391660 0.434683 0.940387
v -1.434281 0.434683 0.940387
v -1.413783 0.361581 0.940387
v -1.428243 0.278597 0.940387
v -1.434281 -0.002786 0.940387
v -0.391660 -0.002786 0.940387
v -0.403705 0.361581 0.940387
v 0.177923 -0.002785 0.967550
v -0.194230 0.866076 0.976987
v -0.194230 1.419792 0.976987
v -0.026667 0.600969 1.000591
v 0.023284 0.585124 1.000591
v 0.326266 0.576652 1.000591
v 0.326266 0.828334 1.000591
v -0.207273 0.828334 1.000591
v -0.236478 0.813369 1.000591
v -0.319182 0.828334 1.000591
v -0.346790 0.828334 1.000591
v -0.346790 0.576652 1.000591
v -0.088625 0.576652 1.000591
v 1.452679 1.591672 0.928765
v 1.452679 1.964892 0.928765
v 0.363381 1.591672 0.928765
v 0.363381 1.964892 0.928765
v 0.338473 1.413789 0.895803
v -0.131836 1.423796 0.895733
v 0.929484 1.061832 1.000591
v 1.429966 1.061832 1.000591
v 0.929484 1.562974 1.000591
v 1.429966 1.562974 1.000591
v 0.888706 1.376927 0.940387
v -0.144229 0.866076 0.940387
v -0.144229 1.376927 0.940387
v -0.348353 -0.004350 0.901302
v -0.348353 0.542225 0.901302
v 0.161519 0.542225 0.901302
v -0.919801 1.158780 1.000591
v -1.434281 1.158780 1.000591
v -0.919801 0.469474 1.000591
v -1.434281 0.469474 1.000591
v -0.868002 1.646927 0.976987
v -0.868002 0.866076 0.976987
v 0.929484 0.357282 0.902596
v 1.429966 0.357282 0.902596
v 0.929484 1.025535 0.902596
v 1.429966 1.025535 0.902596
v 1.452679 1.815197 0.928765
v 0.363381 1.716220 0.928765
v 1.161760 1.602830 0.928765
v -0.044497 1.937546 0.895803
v -0.142820 1.960364 0.895803
v 0.023948 1.430167 0.895824
v 0.338473 1.820113 0.895803
v 0.929484 1.344727 1.000591
v 1.429966 1.381705 1.000591
v -0.144229 0.934043 0.940387
v 0.351861 0.866076 0.940387
v 0.572560 1.376927 0.940387
v -0.157834 0.542225 0.901302
v -0.327920 0.272958 0.901302
v 0.161519 0.091535 0.901302
v 0.161519 -0.004350 0.901302
v -0.919801 0.775647 1.000591
v -1.434281 0.797543 1.000591
v -0.738064 0.866076 0.976987
v -0.225901 1.479568 0.976987
v -0.194230 1.646927 0.976987
v -0.864092 1.221822 0.976987
v 0.929484 0.905275 0.902596
v 1.429966 0.422692 0.902596
v 1.339990 1.591672 0.928765
v 1.161760 1.964892 0.928765
v 0.363381 1.811322 0.928765
v 0.391729 1.743624 0.928765
v 1.452679 1.722450 0.928765
v 1.425465 1.787793 0.928765
v 1.339990 1.942257 0.928765
v 0.338473 1.960364 0.895803
v -0.114352 1.820113 0.895803
v 0.313291 1.881891 0.895803
v -0.142820 1.881891 0.895803
v -0.868002 1.479568 0.976987
v -0.493310 0.883315 0.976987
v -0.566206 1.646927 0.976987
v -0.468083 1.626725 0.976987
v -0.840628 1.419792 0.976987
v 0.506971 1.376927 0.940387
v 0.489714 0.883136 0.940387
v 0.888706 0.866076 0.940387
v 0.888706 0.934043 0.940387
v 0.861115 0.985890 0.940387
v -0.132404 0.962546 0.940387
v 1.429966 0.905275 0.902596
v 0.929484 0.836159 0.902596
v 0.929484 0.790514 0.902596
v 0.929484 0.464367 0.902596
v -0.130085 -0.008384 0.902876
v -0.025704 0.522860 0.895302
v -0.348353 0.186990 0.901302
v -0.161209 0.011261 0.897374
v 0.156264 0.177503 0.901302
v -1.410630 0.737936 1.000591
v -0.932415 0.835254 1.000591
v 0.929484 0.422692 0.902596
v 1.412886 0.443529 0.902596
v 1.429966 0.464367 0.902596
v 1.429966 0.790514 0.902596
v 1.395910 0.836159 0.902596
v 0.929484 0.443529 0.902596
v 0.946509 1.296289 1.000591
v 1.402624 1.430143 1.000591
v -1.430675 1.963044 1.012626
v -1.411544 1.864958 1.012626
v -1.430675 1.756477 1.012626
v -1.430675 1.677625 1.012626
v -0.755165 1.677625 1.012626
v -0.755165 1.963044 1.012626
v -1.284475 1.963044 1.012626
v -1.362069 1.945031 1.012626
v 0.876351 0.577317 0.932791
v 0.380247 0.577317 0.932791
v 0.876351 0.834483 0.932791
v 0.380247 0.834483 0.932791
v 0.380247 0.676529 0.932791
v 0.876351 0.754889 0.932791
v 0.859008 0.791026 0.932791
v 0.379536 0.766851 0.932791
v 0.411781 0.712665 0.932791
v 0.888998 1.581974 0.873489
v 0.888998 1.581974 0.713691
v 0.768408 1.581974 0.713691
v 0.768408 1.581974 0.873489
v -1.456383 1.516034 0.642820
v -1.456383 1.516034 0.944360
v -1.456383 1.645375 0.944360
v -1.456383 1.645375 0.642820
v 0.359273 1.412052 0.713691
v 0.359273 1.412052 0.873489
v 0.359273 1.562974 0.873489
v 0.359273 1.562974 0.713691
v -0.879315 0.850083 0.718895
v -0.879315 0.850083 0.868285
v -0.396956 0.850083 0.868285
v -0.396956 0.850083 0.718895
v 0.520358 1.581974 0.873489
v 0.520358 1.581974 0.713691
v 0.387077 1.581974 0.713691
v 0.387077 1.581974 0.873489
v 0.902671 0.478625 0.642820
v 0.902671 0.478625 0.944360
v 0.901606 0.424440 0.944360
v 0.901606 0.424440 0.642820
v -0.907118 0.652640 0.718895
v -0.907118 0.652640 0.868285
v -0.907118 0.831083 0.868285
v -0.907118 0.831083 0.718895
v -0.369153 0.521156 0.718895
v -0.369153 0.521156 0.868285
v -0.369153 0.469474 0.868285
v -0.369153 0.469474 0.718895
v -0.879315 0.450474 0.868286
v -0.879315 0.450474 0.718894
v -0.396956 0.450474 0.718895
v -0.396956 0.450474 0.868285
v 0.188868 0.357282 0.642821
v 0.188869 0.357282 0.944359
v 0.188869 0.466664 0.944359
v 0.188868 0.466664 0.642821
v 0.187850 0.502801 0.642821
v 0.187850 0.502801 0.944359
v 0.188869 0.546258 0.944360
v 0.188868 0.546258 0.642820
v -1.456383 1.379245 0.642820
v -1.456383 1.379245 0.944360
v 0.877370 0.560738 0.944360
v 0.877370 0.560738 0.642820
v 0.216672 0.560738 0.642820
v 0.216672 0.560738 0.944360
v -1.456383 1.195465 0.642820
v -1.456383 1.195465 0.944360
v -1.151911 1.664375 0.944360
v -1.151911 1.664375 0.642820
v -1.428579 1.664375 0.642820
v -1.428579 1.664375 0.944360
v 0.387077 1.412052 0.680650
v 0.387077 1.393052 0.713691
v 0.916801 1.412052 0.713691
v 0.888998 1.393052 0.713691
v 0.888998 1.412052 0.680650
v 0.387077 1.562974 0.680650
v 0.916801 1.562974 0.713691
v 0.888998 1.562974 0.680650
v -0.396956 0.831083 0.685854
v -0.369153 0.831083 0.718895
v -0.879315 0.831083 0.685854
v -0.396956 0.469474 0.685854
v -0.907118 0.469474 0.718894
v -0.879315 0.469474 0.685854
v 0.216672 0.357282 0.609780
v 0.216672 0.338282 0.642821
v 0.905173 0.357282 0.642821
v 0.877370 0.338282 0.642821
v 0.877370 0.357282 0.609780
v 0.216672 0.546258 0.609780
v 0.905173 0.546258 0.642820
v 0.877370 0.546258 0.609779
v -1.428579 1.195465 0.609780
v -1.428579 1.176465 0.642820
v -0.890972 1.195465 0.642820
v -0.918774 1.176465 0.642820
v -0.918774 1.195465 0.609779
v -1.428579 1.645375 0.609779
v -0.918774 1.664375 0.642820
v -0.890972 1.645375 0.642820
v -0.918774 1.645375 0.609779
v 0.520358 1.393052 0.713691
v 0.520358 1.393052 0.873489
v 0.387077 1.393052 0.873489
v 0.916801 1.562974 0.873489
v 0.628256 1.412052 0.680650
v 0.628256 1.393052 0.713691
v 0.477646 1.550465 0.680650
v -0.369153 0.831083 0.868285
v -0.396956 0.521156 0.685854
v -0.879315 0.652640 0.685854
v 0.905173 0.388303 0.642820
v 0.905173 0.388303 0.944360
v 0.905173 0.357282 0.944359
v 0.877370 0.338282 0.944359
v 0.216672 0.338282 0.944359
v 0.905173 0.546258 0.944360
v 0.877370 0.388303 0.609780
v -1.233372 1.180884 0.642820
v -1.233372 1.180884 0.944360
v -1.428579 1.176465 0.944360
v -0.918774 1.664375 0.944360
v -0.890972 1.645375 0.944360
v -1.151911 1.645375 0.609779
v -1.032520 1.645375 0.609779
v -1.032520 1.664375 0.642820
v -0.918774 1.176465 0.944360
v -1.173677 1.176465 0.944360
v -1.173677 1.176465 0.642820
v -1.173677 1.195465 0.609779
v -1.233372 1.208933 0.609779
v -1.428579 1.379245 0.609779
v -1.404124 1.516034 0.609779
v -1.092215 1.621133 0.609779
v -0.890607 0.593159 0.718895
v -0.890607 0.593159 0.868285
v 0.628256 1.562974 0.680650
v 0.628256 1.581974 0.713691
v 0.628256 1.581974 0.873489
v 0.537443 1.419557 0.680650
v 0.768408 1.547963 0.680650
v -0.376393 0.700228 0.868285
v -0.376393 0.700228 0.718895
v -0.369153 0.593159 0.868285
v -0.369153 0.593159 0.718895
v -0.907118 0.469474 0.868286
v -0.907118 0.466385 0.868285
v -0.907118 0.466385 0.718895
v -0.879315 0.466385 0.685854
v -0.423235 0.700228 0.685854
v -0.396956 0.593159 0.685854
v -0.835956 0.593159 0.685854
v 0.216672 0.466664 0.609780
v 0.234015 0.502801 0.609780
v 0.878081 0.478625 0.609780
v 0.845836 0.424440 0.609780
v -1.092215 1.662149 0.944360
v -1.092215 1.662149 0.642820
v 0.888998 1.393052 0.873489
v 0.628256 1.393052 0.873489
v 0.916801 1.412052 0.873489
v -1.032520 1.664375 0.944360
v -0.890972 1.195465 0.944360
v 0.387077 1.412052 0.906530
v 0.888998 1.412052 0.906530
v 0.387077 1.562974 0.906530
v 0.888998 1.562974 0.906530
v -0.396956 0.831083 0.901326
v -0.879315 0.831083 0.901326
v -0.396956 0.469474 0.901326
v -0.879315 0.469474 0.901326
v 0.216672 0.357282 0.977400
v 0.877370 0.357282 0.977400
v 0.216672 0.546258 0.977400
v 0.877370 0.546258 0.977401
v -1.428579 1.195465 0.977400
v -0.918774 1.195465 0.977401
v -1.428579 1.645375 0.977401
v -0.918774 1.645375 0.977401
v 0.628256 1.412052 0.906530
v 0.477646 1.550465 0.906530
v -0.396956 0.521156 0.901326
v -0.879315 0.652640 0.901326
v 0.877370 0.388303 0.977400
v -1.151911 1.645375 0.977401
v -1.032520 1.645375 0.977401
v -1.092215 1.621133 0.977401
v -1.404124 1.516034 0.977401
v -1.428579 1.379245 0.977401
v -1.233372 1.208933 0.977401
v -1.173677 1.195465 0.977401
v 0.628256 1.562974 0.906530
v 0.768408 1.547963 0.906530
v 0.537443 1.419557 0.906530
v -0.879315 0.466385 0.901326
v -0.423235 0.700228 0.901326
v -0.835956 0.593159 0.901326
v -0.396956 0.593159 0.901326
v 0.216672 0.466664 0.977400
v 0.845836 0.424440 0.977400
v 0.878081 0.478625 0.977400
v 0.234016 0.502801 0.977400
vn 0.7651 0.0000 -0.6439
vn 0.0140 -0.9999 0.0000
vn -0.0000 -0.0000 -1.0000
vn -1.0000 0.0000 0.0000
vn 1.0000 0.0000 0.0000
vn 0.0080 -1.0000 -0.0000
vn -1.0000 -0.0022 0.0000
vn 0.0000 1.0000 0.0000
vn 0.0009 -1.0000 -0.0000
vn 0.0000 -1.0000 -0.0000
vn -0.9996 -0.0285 0.0000
vn -0.5642 -0.8256 0.0000
vn -0.0002 -0.0073 -1.0000
vn 0.9999 -0.0105 -0.0000
vn -0.9971 -0.0757 0.0000
vn 0.9984 -0.0570 0.0000
vn -0.0657 0.9978 0.0000
vn -1.0000 0.0014 0.0000
vn -1.0000 0.0020 0.0000
vn 0.9992 0.0412 0.0000
vn -1.0000 -0.0085 0.0000
vn 0.9958 -0.0916 -0.0000
vn -0.5642 0.8256 0.0000
vn -0.5097 0.7458 -0.4289
vn -0.5097 -0.7458 -0.4289
vn 0.5646 -0.8253 -0.0099
vn 0.5642 -0.8256 -0.0129
vn 0.5638 -0.8258 -0.0108
vn 0.5642 0.8256 -0.0129
vn 0.5646 0.8253 -0.0099
vn 0.5638 0.8258 -0.0108
vn -0.5646 -0.8253 -0.0099
vn -0.5638 -0.8258 -0.0108
vn -0.5642 -0.8256 -0.0129
vn -0.5646 0.8253 -0.0099
vn -0.5642 0.8256 -0.0129
vn -0.5638 0.8258 -0.0108
vn 0.5097 -0.7458 -0.4289
vn -0.4164 -0.6093 -0.6748
vn 0.5097 0.7458 -0.4289
vn -0.5565 -0.6864 -0.4683
vn 0.5565 -0.6864 -0.4683
vn 0.5642 -0.8256 -0.0000
vn -0.7651 0.0000 -0.6439
vn 0.9156 0.0000 -0.4020
vn -0.5646 -0.8253 0.0099
vn -0.5638 -0.8258 0.0108
vn -0.9156 0.0000 -0.4020
vn 0.0119 -0.8518 -0.5237
vn 0.0936 0.7434 -0.6622
vn -0.0217 -0.7787 -0.6271
vn 0.5642 0.8256 0.0000
vn -0.0000 -0.8669 -0.4985
vn -0.0000 0.8669 -0.4985
vn 1.0000 -0.0055 0.0000
vn -0.0105 -0.8957 -0.4445
vn -1.0000 0.0081 0.0000
vn -1.0000 0.0068 0.0000
vn -0.7396 0.0099 -0.6730
vn -0.9996 -0.0300 0.0000
vn 0.6784 -0.0382 -0.7337
vn -0.0220 -0.9998 0.0000
vn -0.7639 -0.0580 -0.6428
vn 0.0000 -0.8261 -0.5636
vn 0.6737 -0.0947 -0.7329
vn -0.7459 0.0046 -0.6661
vn 0.0000 -0.8565 -0.5162
vn -0.5638 0.8258 0.0108
vn -0.5646 0.8253 0.0099
vn 0.0011 1.0000 -0.0000
vn -0.0007 1.0000 0.0000
vn -0.0000 0.8565 -0.5162
vn -0.0525 -0.8392 -0.5413
vn 0.9909 0.1348 0.0000
vn -0.9968 -0.0802 0.0000
vn 0.0173 -0.7251 -0.6885
vn -0.0214 0.7331 -0.6797
vn -0.6138 0.0208 -0.7892
vn -0.0001 0.0000 -1.0000
vn -0.0041 -1.0000 0.0000
vn -0.9875 -0.1574 0.0000
vn -0.9997 0.0242 0.0000
vn 0.9757 0.2193 0.0000
vn 0.0001 1.0000 -0.0000
vn 0.0016 1.0000 -0.0000
vn 0.6298 -0.7768 -0.0000
vn 0.5264 0.8502 -0.0000
vn -0.6298 -0.7768 0.0000
vn 0.6540 0.2575 -0.7114
vn 0.9684 0.2494 -0.0000
vn -1.0000 -0.0072 0.0000
vn 0.0256 -0.7273 -0.6859
vn -0.0210 -0.7273 -0.6860
vn -0.0006 -1.0000 -0.0000
vn 0.0006 -1.0000 -0.0000
vn -0.7293 0.3026 -0.6137
vn -0.7650 -0.0218 -0.6437
vn 0.9979 -0.0641 0.0000
vn -0.0086 -0.7599 -0.6500
vn -0.2089 0.9779 0.0000
vn 0.1271 0.9919 -0.0000
vn -0.0097 -0.8941 -0.4477
vn -0.0000 0.0020 -1.0000
vn 0.7651 -0.0110 -0.6438
vn 0.7643 0.0467 -0.6432
vn -0.7528 0.1789 -0.6335
vn 0.9999 -0.0144 -0.0000
vn 0.9981 0.0610 -0.0000
vn 0.6789 0.0077 -0.7342
vn -0.6364 -0.1276 -0.7607
vn 0.7178 -0.0186 -0.6960
vn 0.9999 -0.0128 0.0000
vn -1.0000 0.0010 0.0000
vn -1.0000 -0.0017 0.0000
vn 0.9976 0.0693 -0.0000
vn -0.6414 0.0286 -0.7667
vn 0.7143 0.1004 -0.6926
vn 0.9999 -0.0125 0.0000
vn 1.0000 -0.0063 0.0000
vn 0.0232 0.9997 -0.0000
vn 0.0477 -0.9989 -0.0000
vn -0.0172 -0.8408 -0.5411
vn -0.0130 -0.9999 -0.0000
vn -1.0000 0.0054 0.0000
vn -0.9237 0.3832 0.0000
vn 0.0807 -0.9967 -0.0000
vn 0.0122 -0.9999 -0.0000
vn 0.9953 0.0969 0.0000
vn 1.0000 0.0063 0.0000
vn 0.9999 0.0125 0.0000
vn 0.0271 0.9996 -0.0000
vn -0.9808 0.1950 0.0000
vn -0.0625 -0.9980 0.0000
vn 0.5646 0.8253 0.0099
vn 0.5638 0.8258 0.0108
vn 0.5638 -0.8258 0.0108
vn 0.5646 -0.8253 0.0099
vn -0.0035 1.0000 0.0000
vn 0.9847 -0.1742 0.0000
vn -0.0013 1.0000 0.0000
vn 0.9986 0.0522 -0.0000
vn -1.0000 -0.0016 0.0000
vn -1.0000 0.0002 0.0000
vn -1.0000 0.0035 0.0000
vn -0.9996 -0.0283 0.0000
vn -0.9993 -0.0370 0.0000
vn -0.9998 -0.0197 0.0000
vn 0.9997 0.0234 0.0000
vn 0.4306 0.8267 -0.3623
vn -0.4306 0.8267 -0.3623
vn -0.4619 0.8869 0.0000
vn -0.0000 0.9159 -0.4014
vn 0.4619 0.8869 0.0000
vn -0.9952 0.0982 0.0000
vn -0.7835 -0.0104 -0.6213
vn 0.9996 -0.0282 0.0000
vn 0.7651 0.0000 0.6439
vn 0.0000 0.0000 1.0000
vn -0.0002 -0.0073 1.0000
vn -0.5097 0.7458 0.4289
vn -0.5097 -0.7458 0.4289
vn 0.5642 -0.8256 0.0129
vn 0.5642 0.8256 0.0129
vn -0.5642 -0.8256 0.0129
vn -0.5642 0.8256 0.0129
vn 0.5097 -0.7458 0.4289
vn -0.4164 -0.6093 0.6748
vn 0.5097 0.7458 0.4289
vn -0.5565 -0.6864 0.4683
vn 0.5565 -0.6864 0.4683
vn -0.7651 0.0000 0.6439
vn 0.9156 0.0000 0.4020
vn -0.9156 0.0000 0.4020
vn 0.0119 -0.8518 0.5237
vn 0.0936 0.7434 0.6622
vn -0.0217 -0.7787 0.6271
vn 0.0000 -0.8669 0.4985
vn 0.0000 0.8669 0.4985
vn -0.0105 -0.8957 0.4445
vn -0.7396 0.0099 0.6730
vn 0.6784 -0.0382 0.7337
vn -0.7639 -0.0580 0.6428
vn 0.0000 -0.8261 0.5636
vn 0.6737 -0.0947 0.7329
vn -0.7459 0.0046 0.6661
vn 0.0000 -0.8565 0.5162
vn 0.0000 0.8565 0.5162
vn -0.0525 -0.8392 0.5413
vn 0.0173 -0.7251 0.6885
vn -0.0214 0.7331 0.6797
vn -0.6138 0.0208 0.7892
vn -0.0001 0.0000 1.0000
vn 0.6540 0.2575 0.7114
vn 0.0256 -0.7273 0.6859
vn -0.0210 -0.7273 0.6860
vn -0.7293 0.3026 0.6137
vn -0.7650 -0.0218 0.6437
vn -0.0086 -0.7599 0.6500
vn -0.0148 -0.9999 0.0000
vn 0.2089 0.9779 -0.0000
vn -0.0097 -0.8941 0.4477
vn -0.0000 0.0020 1.0000
vn 0.7651 -0.0110 0.6438
vn 0.7643 0.0467 0.6432
vn -0.7528 0.1789 0.6335
vn 0.6789 0.0077 0.7342
vn -0.6364 -0.1276 0.7607
vn 0.7178 -0.0186 0.6960
vn -0.6414 0.0286 0.7667
vn 0.7143 0.1004 0.6926
vn -0.0172 -0.8408 0.5411
vn -0.9729 0.2312 0.0000
vn 0.4306 0.8267 0.3623
vn -0.4306 0.8267 0.3623
vn 0.0000 0.9159 0.4014
vn -0.7835 -0.0104 0.6213
vn 0.9996 -0.0283 0.0000
vn 0.9998 -0.0197 0.0000
vn -0.9997 0.0234 0.0000
vn -0.4305 0.8267 -0.3623
vn 0.4305 0.8267 -0.3623
vn 0.0436 0.7800 -0.6243
vn 0.0226 -0.9997 0.0000
vn 0.7652 -0.0000 -0.6438
vn -0.9636 -0.2675 0.0000
vn -0.0390 0.8059 -0.5908
vn 0.9993 -0.0370 0.0000
vn 0.9985 -0.0552 0.0000
vn 0.9977 0.0675 0.0000
vn 0.7651 0.0001 0.6439
vn 0.9952 0.0982 0.0000
vn 0.0373 0.9993 0.0000
vn -0.9916 0.1291 0.0000
vn -0.0373 0.9993 0.0000
vn -0.0738 -0.9973 0.0000
vn 0.7835 -0.0104 -0.6212
vn -0.9996 -0.0282 0.0000
vn -0.4305 0.8267 0.3623
vn 0.4305 0.8267 0.3623
vn 0.0436 0.7800 0.6243
vn 0.7652 0.0000 0.6438
vn -0.0390 0.8059 0.5908
vn 0.7651 0.0001 -0.6439
vn 0.7835 -0.0104 0.6212
vn 0.4813 0.7774 -0.4050
vn -0.0353 0.7894 -0.6129
vn -0.0663 0.6382 -0.7670
vn 0.6317 -0.0240 -0.7749
vn -0.0313 -0.7982 -0.6015
vn -0.0291 0.7781 -0.6275
vn -0.6611 -0.1242 -0.7400
vn -0.6354 -0.0601 -0.7698
vn 0.0444 0.6764 -0.7352
vn -0.6373 0.3976 -0.6602
vn 0.6254 -0.2742 -0.7305
vn 0.6458 0.1187 -0.7542
vn -0.7050 -0.1781 -0.6865
vn -0.6512 -0.2019 -0.7315
vn 0.6860 0.2169 -0.6945
vn 0.6922 -0.1723 -0.7008
vn 0.0319 0.7895 -0.6130
vn -0.1619 0.7305 -0.6634
vn 0.1619 0.7305 -0.6634
vn 0.0373 -0.8141 -0.5796
vn -0.1211 -0.8086 -0.5757
vn -0.6208 -0.1474 -0.7700
vn 0.0891 0.7629 -0.6404
vn -0.0167 -0.7696 -0.6383
vn 0.0483 -0.7688 -0.6376
vn 0.6217 0.1782 -0.7627
vn 0.0417 0.7794 -0.6252
vn -0.0309 -0.8195 -0.5723
vn 0.0219 -0.8260 -0.5632
vn -0.0485 0.7791 -0.6250
vn 0.6040 -0.1682 -0.7790
vn 0.5933 0.2502 -0.7651
vn -0.1821 0.8524 -0.4902
vn 0.1862 -0.7688 -0.6118
vn -0.0462 0.7162 -0.6964
vn 0.2704 0.7808 0.5632
vn 0.0735 0.7312 -0.6782
vn -0.6630 -0.1029 -0.7415
vn -0.5965 -0.3002 -0.7443
vn 0.6605 -0.0846 -0.7461
vn -0.6187 0.1461 -0.7720
vn 0.6593 0.1032 -0.7448
vn 0.0805 0.7888 -0.6093
vn -0.1480 -0.7392 -0.6571
vn 0.1406 -0.7197 -0.6799
vn -0.2230 0.7715 -0.5959
vn 0.5939 0.2884 -0.7511
vn 0.6234 -0.1916 -0.7581
vn -0.6588 0.1488 -0.7374
vn -0.0236 -0.5728 -0.8193
vn 0.1821 0.8524 -0.4902
vn 0.6480 -0.2615 -0.7153
vn 0.6480 0.2615 -0.7153
vn -0.6117 0.0370 -0.7902
vn -0.6432 0.0587 -0.7634
vn 0.6137 0.1732 -0.7703
vn -0.6728 0.0244 -0.7394
vn 0.6218 -0.0640 -0.7805
vn -0.6683 -0.1174 -0.7346
vn -0.6355 0.0568 -0.7700
vn 0.0996 0.7590 -0.6434
vn -0.6594 -0.0631 -0.7492
vn -0.6596 0.0571 -0.7494
vn -0.0882 0.7599 -0.6441
vn 0.6611 -0.1242 -0.7400
vn -0.5939 0.2884 -0.7511
vn -0.6234 -0.1916 -0.7581
vn 0.6588 0.1488 -0.7374
vn 0.4813 0.7774 0.4050
vn -0.0353 0.7894 0.6129
vn -0.0663 0.6382 0.7670
vn 0.6317 -0.0240 0.7749
vn -0.0313 -0.7982 0.6015
vn -0.0291 0.7781 0.6275
vn -0.6611 -0.1242 0.7400
vn -0.6354 -0.0601 0.7698
vn 0.0444 0.6764 0.7352
vn -0.6373 0.3976 0.6602
vn 0.6254 -0.2742 0.7305
vn 0.6458 0.1187 0.7542
vn -0.7050 -0.1781 0.6865
vn -0.6512 -0.2019 0.7315
vn 0.6860 0.2169 0.6945
vn 0.6922 -0.1723 0.7008
vn 0.0319 0.7895 0.6130
vn -0.1619 0.7305 0.6634
vn 0.1619 0.7305 0.6634
vn 0.0373 -0.8141 0.5796
vn -0.1211 -0.8086 0.5757
vn -0.6208 -0.1474 0.7700
vn 0.0891 0.7629 0.6404
vn -0.0167 -0.7696 0.6383
vn 0.0483 -0.7688 0.6376
vn 0.6217 0.1782 0.7627
vn 0.0417 0.7794 0.6252
vn -0.0309 -0.8195 0.5723
vn 0.0219 -0.8260 0.5632
vn -0.0485 0.7791 0.6250
vn 0.6040 -0.1682 0.7790
vn 0.5933 0.2502 0.7651
vn -0.1821 0.8524 0.4902
vn 0.1862 -0.7688 0.6118
vn -0.0462 0.7162 0.6964
vn 0.2704 0.7808 -0.5632
vn 0.0735 0.7312 0.6782
vn -0.6630 -0.1029 0.7415
vn -0.5965 -0.3002 0.7443
vn 0.6605 -0.0846 0.7461
vn -0.6187 0.1461 0.7720
vn 0.6593 0.1032 0.7448
vn 0.0805 0.7888 0.6093
vn -0.1480 -0.7392 0.6571
vn 0.1406 -0.7197 0.6799
vn -0.2230 0.7715 0.5959
vn 0.5939 0.2884 0.7511
vn 0.6234 -0.1916 0.7581
vn -0.6588 0.1488 0.7374
vn -0.0236 -0.5728 0.8193
vn 0.1821 0.8524 0.4902
vn 0.6480 -0.2615 0.7153
vn 0.6480 0.2615 0.7153
vn -0.6117 0.0370 0.7902
vn -0.6432 0.0587 0.7634
vn 0.6137 0.1732 0.7703
vn -0.6728 0.0244 0.7394
vn 0.6218 -0.0640 0.7805
vn -0.6683 -0.1174 0.7346
vn -0.6355 0.0568 0.7700
vn 0.0996 0.7590 0.6434
vn -0.6594 -0.0631 0.7492
vn -0.6596 0.0571 0.7494
vn -0.0882 0.7599 0.6441
vn 0.6611 -0.1242 0.7400
vn -0.5939 0.2884 0.7511
vn -0.6234 -0.1916 0.7581
vn 0.6588 0.1488 0.7374
usemtl Wall_Dark.006
s 1
f 1//1 2//1 3//1 4//1
f 5//2 6//2 7//2 8//2
f 2//3 1//3 9//3 10//3 11//3 12//3
f 13//4 14//4 15//4 16//4
f 17//5 18//5 19//5 20//5
f 21//6 22//6 23//6 24//6
f 25//4 26//4 27//4 28//4
f 29//7 30//7 31//4 32//4
f 33//8 34//8 35//8 36//8
f 37//9 38//9 39//10 40//10
f 41//11 42//11 43//11 44//11
f 45//12 46//12 47//12 48//12
f 49//13 50//13 51//13 52//13 53//13 54//13 55//13 56//13 57//13 58//13
f 59//8 60//8 61//8 62//8
f 63//14 64//14 65//14 66//14
f 67//3 68//3 69//3 70//3 71//3 72//3 73//3
f 74//15 75//15 76//15 77//15
f 78//16 79//16 80//16 81//16
f 82//8 83//8 84//8 85//8
f 86//10 87//10 88//10 89//10
f 90//17 91//17 92//17 93//17
f 94//18 95//18 96//19 97//19
f 98//20 99//20 100//20 101//20
f 102//21 103//21 104//4 105//4
f 106//22 107//22 108//22 109//22
f 110//1 111//1 112//1 113//1
f 114//10 115//10 116//10 117//10
f 118//23 36//23 35//23 119//23
f 120//3 121//3 122//3 123//3 124//3 125//3 126//3 127//3 128//3 129//3
f 130//4 131//4 132//4 133//4
f 134//4 135//4 136//4 137//4
f 138//8 139//8 140//8 141//8
f 10//24 142//24 143//24
f 144//25 145//25 9//25
f 146//26 147//27 148//28
f 149//29 150//30 151//31
f 8//32 152//33 153//34
f 154//35 155//36 16//37
f 4//38 156//38 1//38
f 20//38 157//38 158//38
f 159//39 160//39 24//39
f 161//25 162//25 163//25
f 164//38 165//38 166//38
f 119//24 35//24 167//24
f 34//40 168//40 169//40
f 170//40 171//40 172//40
f 40//25 173//25 174//25
f 175//24 176//24 44//24
f 57//38 177//38 178//38
f 179//40 180//40 56//40
f 59//24 73//24 181//24
f 70//25 48//25 47//25
f 62//40 182//40 67//40
f 183//38 69//38 66//38
f 184//25 185//25 51//25
f 186//24 187//24 52//24
f 188//25 189//25 190//25
f 77//24 191//24 192//24
f 193//40 194//40 85//40
f 195//40 196//40 197//40
f 32//24 198//24 199//24
f 200//38 88//38 201//38
f 87//25 202//25 203//25
f 204//24 105//24 205//24
f 206//41 94//41 207//41
f 110//42 113//42 208//42
f 128//38 209//38 210//38
f 211//40 212//40 127//40
f 117//25 132//25 122//25
f 131//24 213//24 123//24
f 214//25 215//25 216//25
f 217//38 218//38 219//38
f 137//24 140//24 220//24
f 139//40 221//40 222//40
f 223//5 4//5 3//5 224//5
f 145//4 225//4 226//4 142//4
f 4//43 223//43 227//43 156//43
f 142//23 226//23 228//23 143//23
f 10//44 9//44 145//44 142//44
f 229//5 230//5 151//5 231//5
f 232//45 149//45 151//45 230//45
f 7//46 233//47 152//33 8//32
f 234//48 153//48 152//48 235//48
f 5//49 8//49 153//49 236//49
f 237//8 238//8 239//8 240//8
f 241//50 242//50 239//50 238//50
f 19//43 243//43 157//43 20//43
f 244//51 158//51 157//51 21//51
f 17//1 20//1 158//1 245//1
f 165//10 246//10 247//10 162//10
f 28//44 119//44 167//44 248//44
f 34//52 33//52 249//52 168//52
f 250//1 164//1 166//1 251//1
f 161//53 166//53 165//53 162//53
f 169//54 167//54 35//54 34//54
f 101//55 100//55 172//55 252//55
f 39//12 253//12 173//12 40//12
f 254//44 174//44 173//44 255//44
f 37//53 40//53 174//53 256//53
f 257//54 171//54 170//54 258//54
f 259//56 184//56 51//56 50//56
f 187//23 186//23 260//23 261//23
f 262//54 179//54 56//54 55//54
f 57//1 56//1 180//1 177//1
f 263//57 264//57 265//58 266//58
f 71//59 70//59 47//59 265//59
f 267//60 181//60 264//60 263//60
f 68//61 67//61 182//61 63//61
f 59//54 62//54 67//54 73//54
f 183//53 48//53 70//53 69//53
f 52//44 51//44 185//44 186//44
f 268//62 269//62 270//62 271//62
f 76//23 272//23 191//23 77//23
f 273//54 192//54 191//54 274//54
f 74//63 77//63 192//63 275//63
f 276//1 277//1 278//1 279//1
f 196//52 280//52 281//52 197//52
f 282//1 200//1 201//1 283//1
f 31//23 284//23 198//23 32//23
f 29//44 32//44 199//44 285//44
f 195//54 199//54 198//54 196//54
f 203//53 201//53 88//53 87//53
f 93//8 92//8 286//8 211//8
f 287//64 206//64 207//64 288//64
f 287//10 289//10 290//10 206//10
f 105//23 104//23 291//23 205//23
f 292//65 293//65 108//65 107//65
f 294//66 207//66 94//66 97//66
f 212//5 295//5 296//5 209//5
f 114//53 117//53 122//53 121//53
f 131//23 130//23 297//23 213//23
f 93//54 211//54 127//54 126//54
f 128//1 127//1 212//1 209//1
f 123//44 122//44 132//44 131//44
f 218//10 298//10 299//10 215//10
f 134//44 137//44 220//44 300//44
f 139//52 138//52 301//52 221//52
f 302//1 217//1 219//1 303//1
f 214//53 219//53 218//53 215//53
f 222//54 220//54 140//54 139//54
f 257//8 304//8 305//8 171//8
f 306//52 224//52 3//52 307//52
f 146//67 308//67 309//67 147//67
f 310//3 311//3 149//3 232//3 312//3 313//3 147//3 309//3 236//3 153//3 234//3 314//3 315//3 155//3
f 16//37 15//68 316//69 154//35
f 317//70 318//70 319//71 320//71
f 146//10 321//10 322//10 308//10
f 154//72 317//72 310//72 155//72
f 308//73 5//73 236//73 309//73
f 154//8 316//8 318//70 317//70
f 155//48 315//48 13//48 16//48
f 147//45 313//45 79//45 148//45
f 81//74 80//74 230//74 229//74
f 152//4 233//4 323//4 235//4
f 324//75 325//75 14//75 13//75
f 160//76 244//76 21//76 24//76
f 326//77 241//77 238//77 327//77
f 328//8 327//8 238//8 237//8
f 159//78 329//78 330//78 160//78
f 244//79 160//79 330//79 331//79 242//79 241//79 326//79 332//79 245//79 158//79
f 157//80 243//80 22//80 21//80
f 329//81 333//81 334//81 335//81
f 159//82 336//82 333//82 329//82
f 337//83 338//83 18//83 17//83
f 339//84 340//84 306//85 307//85
f 143//54 341//54 11//54 10//54
f 156//53 144//53 9//53 1//53
f 341//71 342//71 340//84 339//84
f 113//86 343//86 344//86 208//86
f 345//87 109//87 108//87 346//87
f 290//88 95//88 94//88 206//88
f 204//44 347//44 102//44 105//44
f 111//89 292//89 107//89 112//89
f 348//43 349//43 350//43 351//43
f 352//90 112//90 107//90 106//90
f 353//91 354//91 103//21 102//21
f 305//52 252//52 172//52 171//52
f 355//92 287//92 288//92 356//92
f 205//54 357//54 358//54 204//54
f 343//5 113//5 112//5 352//5
f 355//10 359//10 289//10 287//10
f 205//8 291//8 360//8 357//8
f 208//93 355//93 356//93 110//93
f 207//3 294//3 361//3 347//3 204//3 358//3 362//3 293//3 292//3 111//3 110//3 356//3 288//3
f 208//10 344//10 359//10 355//10
f 363//54 257//54 258//54 364//54
f 44//23 43//23 365//23 175//23
f 363//8 366//8 304//8 257//8
f 351//94 350//94 367//95 368//95
f 175//54 363//54 364//54 176//54
f 175//8 365//8 366//8 363//8
f 369//3 256//3 174//3 254//3 370//3 176//3 364//3 258//3 170//3 371//3 372//3 373//3
f 370//96 254//96 255//96 41//96
f 373//1 372//1 99//1 348//1
f 349//5 348//5 99//5 98//5
f 176//97 370//97 41//97 44//97
f 221//1 374//1 375//1 222//1
f 376//44 134//44 300//44 377//44
f 136//23 141//23 140//23 137//23
f 221//5 301//5 378//5 374//5
f 376//4 379//4 135//4 134//4
f 380//44 376//44 377//44 381//44
f 380//4 382//4 379//4 376//4
f 383//44 380//44 381//44 384//44
f 374//98 378//98 385//98 386//98
f 383//4 387//4 382//4 380//4
f 178//99 388//99 58//99 57//99
f 262//100 389//100 390//100 391//100
f 187//54 392//54 53//54 52//54
f 392//8 187//8 261//8 393//8
f 394//101 395//101 269//101 268//101
f 274//8 396//8 83//8 82//8
f 189//102 397//102 395//102 190//102
f 398//103 194//103 399//103 279//103 278//103 400//103 397//103 189//103 401//103 275//103 192//103 273//103
f 193//104 402//104 399//104 194//104
f 402//105 276//105 279//105 399//105
f 188//44 403//44 401//44 189//44
f 403//106 74//106 275//106 401//106
f 404//10 190//10 395//10 394//10
f 193//107 405//107 406//107 402//107
f 402//108 406//108 407//108 276//108
f 188//4 408//4 409//4 403//4
f 69//109 68//109 63//109 66//109
f 410//110 29//110 285//110 411//110
f 197//111 412//111 413//111 195//111
f 197//112 281//112 414//112 412//112
f 202//113 415//113 416//114 410//114
f 413//3 283//3 201//3 203//3 411//3 285//3 199//3 195//3
f 412//115 414//115 417//115 282//115
f 202//116 410//116 411//116 203//116
f 412//117 282//117 283//117 413//117
f 418//118 419//118 420//119 302//119
f 87//12 86//12 415//12 202//12
f 282//5 417//5 421//5 200//5
f 116//12 133//12 132//12 117//12
f 422//120 423//120 91//120 90//120
f 424//10 425//10 426//10 427//10
f 213//54 422//54 124//54 123//54
f 213//8 297//8 423//8 422//8
f 427//121 426//121 115//121 114//121
f 210//122 424//122 129//122 128//122
f 210//123 428//123 425//123 424//123
f 266//58 265//58 47//124 46//124
f 255//125 429//125 42//125 41//125
f 430//126 431//126 432//126 259//126
f 388//127 433//127 431//127 430//127
f 386//128 385//128 434//128 435//128
f 216//4 436//4 437//4 438//4
f 438//4 437//4 439//4 440//4
f 441//3 442//3 384//3 381//3 377//3 300//3 220//3 222//3 375//3 443//3 444//3 445//3 446//3 303//3 219//3 214//3
f 216//44 438//44 441//44 214//44
f 438//44 440//44 442//44 441//44
f 440//44 383//44 384//44 442//44
f 435//1 447//1 445//1 444//1
f 440//4 439//4 387//4 383//4
f 435//5 434//5 448//129 447//129
f 447//129 448//129 419//130 418//130
f 357//131 360//131 449//131 450//131
f 235//132 323//132 325//132 324//132
f 451//5 148//5 79//5 78//5
f 308//133 322//133 6//133 5//133
f 452//134 231//135 151//31 150//30
f 148//28 451//136 321//137 146//26
f 320//71 319//71 452//138 150//138
f 453//52 454//52 180//52 179//52
f 177//43 455//43 456//43 178//43
f 179//8 262//8 391//8 453//8
f 209//43 296//43 428//43 210//43
f 286//52 295//52 212//52 211//52
f 61//52 457//52 182//52 62//52
f 421//43 89//43 88//43 200//43
f 458//43 298//43 218//43 217//43
f 215//12 299//12 436//12 216//12
f 302//119 420//119 458//5 217//5
f 459//43 246//43 165//43 164//43
f 162//12 247//12 460//12 163//12
f 168//5 249//5 461//5 462//5
f 463//12 225//12 145//12 144//12
f 156//10 227//10 463//10 144//10
f 464//139 465//139 338//139 337//139
f 24//12 23//12 336//12 159//12
f 466//23 240//23 239//23 467//23
f 327//52 328//52 465//52 464//52
f 335//4 334//4 466//4 467//4
f 97//19 96//19 354//91 353//91
f 368//95 367//95 38//9 37//9
f 450//140 449//140 345//140 346//140
f 173//4 253//4 429//4 255//4
f 191//8 272//8 396//8 274//8
f 250//5 468//5 459//5 164//5
f 85//52 84//52 405//52 193//52
f 181//23 267//23 60//23 59//23
f 469//43 271//43 270//43 277//43
f 190//12 404//12 408//12 188//12
f 66//43 65//43 470//43 183//43
f 276//5 407//5 469//5 277//5
f 182//141 457//141 64//141 63//141
f 183//10 470//10 45//10 48//10
f 471//3 248//3 167//3 169//3 472//3 251//3 166//3 161//3
f 28//4 27//4 118//4 119//4
f 143//8 228//8 342//71 341//71
f 163//4 460//4 26//4 25//4
f 462//5 461//5 468//5 250//5
f 473//4 474//4 475//142 476//142
f 198//8 284//8 280//8 196//8
f 477//3 478//3 479//3 480//3 481//3 482//3 483//3 484//3
f 482//25 485//25 473//25
f 486//38 487//38 481//38
f 488//40 489//40 480//40
f 490//8 488//8 491//8 492//8
f 487//10 493//10 494//10 485//10
f 488//52 490//52 495//52 489//52
f 485//12 494//12 474//12 473//12
f 482//53 481//53 487//53 485//53
f 496//23 497//23 498//23 499//23
f 500//143 501//143 496//144 499//144
f 473//44 476//44 483//44 482//44
f 489//1 486//1 481//1 480//1
f 476//142 475//142 501//143 500//143
f 502//43 493//43 487//43 486//43
f 489//5 495//5 502//5 486//5
f 492//8 491//8 503//8 504//8
f 505//145 506//145 507//146 508//146
f 480//54 479//54 491//54 488//54
f 504//8 503//8 498//8 497//8
f 509//147 510//147 506//145 505//145
f 511//148 512//148 513//148 514//148
f 515//8 516//8 517//8 518//8
f 519//38 520//38 521//38
f 522//25 523//25 524//25
f 511//149 525//149 517//149
f 518//150 526//150 508//150
f 522//4 527//4 528//4 529//4
f 521//10 530//10 531//10 524//10
f 508//151 507//151 515//151 518//151
f 529//44 532//44 523//44 522//44
f 519//53 521//53 524//53 523//53
f 526//152 518//152 517//152 525//152
f 520//1 519//1 533//1 534//1
f 512//153 511//153 517//153 516//153
f 529//154 528//154 510//154 509//154
f 533//3 519//3 523//3 532//3 535//3 536//3 526//3 525//3 537//3
f 534//5 538//5 539//5 520//5
f 520//43 539//43 530//43 521//43
f 527//12 522//12 524//12 531//12
f 508//155 526//155 536//155 505//155
f 514//156 513//156 538//156 534//156
f 540//157 223//157 224//157 541//157
f 541//158 542//158 543//158 544//158 545//158 540//158
f 259//10 432//10 546//10 184//10
f 547//159 548//159 549//159 550//159 551//159 552//159 553//159 554//159 555//159 556//159
f 557//158 558//158 559//158 560//158 561//158 562//158 563//158
f 260//4 186//4 185//4 564//4
f 565//157 343//157 352//157 566//157
f 567//158 568//158 569//158 570//158 571//158 572//158 573//158 574//158 575//158 576//158
f 544//160 228//160 226//160
f 463//161 545//161 225//161
f 321//137 451//136 577//162
f 578//163 231//135 452//134
f 7//46 579//164 233//47
f 316//69 15//68 580//165
f 223//166 540//166 227//166
f 19//166 581//166 243//166
f 336//167 23//167 582//167
f 583//161 460//161 247//161
f 459//166 584//166 246//166
f 118//160 585//160 36//160
f 33//168 586//168 249//168
f 587//168 252//168 305//168
f 39//161 588//161 253//161
f 365//160 43//160 589//160
f 549//166 456//166 455//166
f 453//168 550//168 454//168
f 60//160 267//160 558//160
f 561//161 46//161 45//161
f 61//168 557//168 457//168
f 470//166 65//166 562//166
f 546//161 555//161 564//161
f 260//160 554//160 261//160
f 408//161 404//161 590//161
f 76//160 591//160 272//160
f 405//168 84//168 592//168
f 593//168 281//168 280//168
f 31//160 594//160 284//160
f 421//166 595//166 89//166
f 86//161 596//161 415//161
f 597//160 291//160 104//160
f 290//169 598//169 95//169
f 565//170 344//170 343//170
f 569//166 428//166 296//166
f 286//168 570//168 295//168
f 116//161 575//161 133//161
f 130//160 574//160 297//160
f 599//161 436//161 299//161
f 458//166 600//166 298//166
f 136//160 601//160 141//160
f 138//168 602//168 301//168
f 544//171 226//171 225//171 545//171
f 603//172 229//172 231//172 578//172
f 604//173 323//173 233//173 579//173
f 6//174 605//174 579//174 7//174
f 606//175 237//175 240//175 607//175
f 608//176 22//176 243//176 581//176
f 18//157 609//157 581//157 19//157
f 27//171 610//171 585//171 118//171
f 468//157 611//157 584//157 459//157
f 583//177 247//177 246//177 584//177
f 586//178 33//178 36//178 585//178
f 612//171 429//171 253//171 588//171
f 38//177 613//177 588//177 39//177
f 304//178 614//178 587//178 305//178
f 177//5 180//5 454//5 455//5
f 432//179 556//179 555//179 546//179
f 391//178 551//178 550//178 453//178
f 549//157 455//157 454//157 550//157
f 560//180 266//180 46//180 561//180
f 563//181 64//181 457//181 557//181
f 60//178 558//178 557//178 61//178
f 470//177 562//177 561//177 45//177
f 554//171 260//171 564//171 555//171
f 410//114 416//114 30//7 29//7
f 615//178 396//178 272//178 591//178
f 75//182 616//182 591//182 76//182
f 407//157 617//157 618//157 469//157
f 417//157 619//157 595//157 421//157
f 30//171 620//171 594//171 31//171
f 593//178 280//178 284//178 594//178
f 596//177 86//177 89//177 595//177
f 289//183 621//183 598//183 290//183
f 622//184 106//184 109//184 623//184
f 624//185 96//185 95//185 598//185
f 115//177 576//177 575//177 116//177
f 92//178 571//178 570//178 286//178
f 569//157 296//157 295//157 570//157
f 574//171 130//171 133//171 575//171
f 135//171 625//171 601//171 136//171
f 420//157 626//157 600//157 458//157
f 599//177 299//177 298//177 600//177
f 602//178 138//178 141//178 601//178
f 321//186 577//186 627//186 322//186
f 628//158 580//158 629//158 630//158 604//158 579//158 605//158 627//158 577//158 631//158 632//158 603//158 578//158 633//158
f 316//187 580//187 628//187 318//187
f 322//188 627//188 605//188 6//188
f 580//173 15//173 14//173 629//173
f 577//172 451//172 78//172 631//172
f 582//189 23//189 22//189 608//189
f 634//190 328//190 237//190 606//190
f 336//191 582//191 635//191 333//191
f 608//192 581//192 609//192 636//192 634//192 606//192 607//192 637//192 635//192 582//192
f 228//178 544//178 543//178 342//178
f 227//177 540//177 545//177 463//177
f 597//171 104//171 103//171 638//171
f 566//193 352//193 106//193 622//193
f 359//194 639//194 621//194 289//194
f 291//178 597//178 640//178 360//178
f 344//195 565//195 639//195 359//195
f 598//158 621//158 639//158 565//158 566//158 622//158 623//158 641//158 640//158 597//158 638//158 642//158 624//158
f 366//178 643//178 614//178 304//178
f 365//178 589//178 643//178 366//178
f 644//158 645//158 646//158 647//158 587//158 614//158 643//158 589//158 648//158 612//158 588//158 613//158
f 648//196 42//196 429//196 612//196
f 645//157 349//157 98//157 646//157
f 589//197 43//197 42//197 648//197
f 301//157 602//157 649//157 378//157
f 379//171 650//171 625//171 135//171
f 382//171 651//171 650//171 379//171
f 387//171 652//171 651//171 382//171
f 456//198 549//198 548//198 433//198
f 546//12 564//12 185//12 184//12
f 178//199 456//199 433//199 388//199
f 261//178 554//178 553//178 393//178
f 392//200 393//200 390//200 389//200
f 590//201 404//201 394//201 653//201
f 654//202 615//202 591//202 616//202 655//202 590//202 653//202 656//202 618//202 617//202 657//202 592//202
f 405//203 592//203 657//203 406//203
f 406//204 657//204 617//204 407//204
f 408//171 590//171 655//171 409//171
f 409//205 655//205 616//205 75//205
f 562//206 65//206 64//206 563//206
f 416//207 658//207 620//207 30//207
f 281//208 593//208 659//208 414//208
f 659//158 593//158 594//158 620//158 658//158 596//158 595//158 619//158
f 415//209 596//209 658//209 416//209
f 414//210 659//210 619//210 417//210
f 297//178 574//178 573//178 423//178
f 428//211 569//211 568//211 425//211
f 660//158 599//158 600//158 626//158 661//158 662//158 663//158 664//158 649//158 602//158 601//158 625//158 650//158 651//158 652//158 665//158
f 436//171 599//171 660//171 437//171
f 437//171 660//171 665//171 439//171
f 439//171 665//171 652//171 387//171
f 434//157 663//157 662//157 448//157
f 403//212 409//212 75//212 74//212
f 666//158 583//158 584//158 611//158 667//158 586//158 585//158 610//158
f 668//158 669//158 670//158 671//158 672//158 673//158 674//158 675//158
f 671//161 474//161 494//161
f 502//166 672//166 493//166
f 490//168 673//168 495//168
f 671//177 494//177 493//177 672//177
f 474//171 671//171 670//171 475//171
f 495//157 673//157 672//157 502//157
f 673//178 490//178 492//178 674//178
f 676//166 530//166 539//166
f 527//161 531//161 677//161
f 512//213 516//213 678//213
f 515//214 507//214 679//214
f 528//171 527//171 677//171 680//171
f 676//177 677//177 531//177 530//177
f 679//215 678//215 516//215 515//215
f 539//157 538//157 681//157 676//157
f 681//158 682//158 678//158 679//158 683//158 684//158 680//158 677//158 676//158
f 507//216 506//216 683//216 679//216
usemtl Wall_Medium.006
f 685//8 686//8 687//8 688//8
f 689//4 690//4 691//4 692//4
f 693//4 694//4 695//4 696//4
f 697//8 698//8 699//8 700//8
f 701//8 702//8 703//8 704//8
f 705//217 706//217 707//218 708//218
f 709//4 710//4 711//4 712//4
f 713//5 714//5 715//5 716//5
f 717//10 718//10 719//10 720//10
f 721//4 722//4 723//4 724//4
f 725//219 726//219 727//219 728//219
f 729//4 730//4 690//4 689//4
f 731//8 732//8 733//8 734//8
f 735//4 736//4 730//4 729//4
f 737//8 738//8 739//8 740//8
f 741//25 742//25 693//25
f 743//38 744//38 745//38
f 696//24 703//24 746//24
f 686//40 747//40 748//40
f 749//40 700//40 750//40
f 712//24 697//24 751//24
f 716//38 719//38 752//38
f 718//25 753//25 754//25
f 755//25 756//25 721//25
f 757//38 758//38 759//38
f 728//220 733//220 760//220
f 732//221 761//221 762//221
f 763//25 764//25 735//25
f 765//38 766//38 767//38
f 692//24 739//24 768//24
f 769//40 770//40 771//40
f 772//10 773//10 774//10 742//10
f 693//44 696//44 746//44 741//44
f 686//52 685//52 775//52 747//52
f 747//1 743//1 745//1 748//1
f 776//53 745//53 744//53 777//53
f 778//222 746//222 703//222 702//222
f 700//52 699//52 779//52 750//52
f 713//1 716//1 752//1 780//1
f 711//23 698//23 697//23 712//23
f 709//44 712//44 751//44 781//44
f 749//54 751//54 697//54 700//54
f 754//53 752//53 719//53 718//53
f 782//5 783//5 784//5 757//5
f 758//10 785//10 786//10 756//10
f 732//153 731//153 787//153 761//153
f 782//1 757//1 759//1 788//1
f 755//53 759//53 758//53 756//53
f 762//152 760//152 733//152 732//152
f 789//223 790//223 791//223 764//223
f 769//52 792//52 793//52 770//52
f 770//224 765//224 767//224 771//224
f 691//23 740//23 739//23 692//23
f 794//54 768//54 739//54 738//54
f 771//54 795//54 796//54 769//54
f 766//10 797//10 798//10 799//10
f 767//3 800//3 801//3 763//3 802//3 803//3 768//3 794//3 804//3 795//3 771//3
f 805//225 806//225 710//225 709//225
f 807//226 778//226 702//226 808//226
f 688//8 687//8 808//8 809//8
f 776//3 810//3 741//3 746//3 778//3 807//3 811//3 748//3 745//3
f 809//8 808//8 702//8 701//8
f 761//227 787//227 706//217 705//217
f 750//228 779//228 812//228 813//228
f 813//229 812//229 814//229 815//229
f 753//5 816//5 817//5 818//5
f 753//230 818//230 819//230 754//230
f 815//5 814//5 714//5 713//5
f 820//3 821//3 780//3 752//3 754//3 819//3 822//3 781//3 751//3 749//3
f 815//1 713//1 780//1 821//1
f 721//44 724//44 823//44 755//44
f 727//151 734//151 733//151 728//151
f 708//231 707//231 783//231 782//231
f 823//3 824//3 760//3 762//3 825//3 826//3 788//3 759//3 755//3
f 715//43 720//43 719//43 716//43
f 827//232 828//232 738//232 737//232
f 756//12 786//12 722//12 721//12
f 784//43 785//43 758//43 757//43
f 818//233 817//233 806//233 805//233
f 744//10 829//10 830//10 777//10
f 777//10 830//10 773//10 772//10
f 695//23 704//23 703//23 696//23
f 831//43 829//43 744//43 743//43
f 742//12 774//12 694//12 693//12
f 747//5 775//5 831//5 743//5
f 832//234 796//234 828//234 827//234
f 792//8 769//8 796//8 832//8
f 799//235 798//235 790//235 789//235
f 833//43 797//43 766//43 765//43
f 764//12 791//12 736//12 735//12
f 770//5 793//5 833//5 765//5
f 761//236 705//236 825//236 762//236
f 724//237 723//237 726//237 725//237
f 800//53 767//53 766//53 799//53
f 735//44 729//44 802//44 763//44
f 834//161 694//161 774//161
f 831//166 835//166 829//166
f 695//160 836//160 704//160
f 685//168 837//168 775//168
f 838//168 779//168 699//168
f 711//160 839//160 698//160
f 715//166 840//166 720//166
f 717//161 841//161 816//161
f 842//161 722//161 786//161
f 784//166 843//166 785//166
f 727//238 844//238 734//238
f 731//239 845//239 787//239
f 846//161 736//161 791//161
f 833//166 847//166 797//166
f 691//160 848//160 740//160
f 792//168 849//168 793//168
f 694//171 834//171 836//171 695//171
f 775//157 837//157 835//157 831//157
f 850//177 830//177 829//177 835//177
f 851//240 701//240 704//240 836//240
f 714//157 852//157 840//157 715//157
f 710//171 853//171 839//171 711//171
f 838//178 699//178 698//178 839//178
f 841//177 717//177 720//177 840//177
f 783//157 854//157 843//157 784//157
f 842//177 786//177 785//177 843//177
f 845//215 731//215 734//215 844//215
f 793//241 849//241 847//241 833//241
f 855//178 737//178 740//178 848//178
f 849//178 792//178 832//178 856//178
f 847//158 849//158 856//158 857//158 855//158 848//158 858//158 859//158 846//158 860//158 861//158
f 862//242 809//242 701//242 851//242
f 850//158 835//158 837//158 863//158 862//158 851//158 836//158 834//158 864//158
f 816//243 841//243 865//243 817//243
f 866//158 838//158 839//158 853//158 867//158 865//158 841//158 840//158 852//158 868//158
f 814//157 868//157 852//157 714//157
f 722//171 842//171 869//171 723//171
f 869//158 842//158 843//158 854//158 870//158 871//158 845//158 844//158 872//158
f 787//244 845//244 871//244 706//244
f 861//177 798//177 797//177 847//177
f 736//171 846//171 859//171 730//171
f 718//12 717//12 816//12 753//12
usemtl Wall_Highlights.006
f 307//40 3//40 2//40
f 464//40 326//40 327//40
f 242//24 467//24 239//24
f 351//38 373//38 348//38
f 278//38 277//38 270//38
f 346//245 108//245 293//245
f 339//246 307//246 2//246 12//246
f 320//247 150//247 149//247 311//247
f 335//44 467//44 242//44 331//44
f 371//248 170//248 172//248 100//248
f 400//249 278//249 270//249 269//249
f 450//250 346//250 293//250 362//250
f 725//251 728//251 760//251 824//251
f 689//252 692//252 768//252 803//252
f 317//253 320//253 311//253 310//253
f 314//254 234//254 235//254 324//254
f 312//255 232//255 230//255 80//255
f 313//256 312//256 80//256 79//256
f 315//257 314//257 324//257 13//257
f 329//258 335//258 331//258 330//258
f 337//259 17//259 245//259 332//259
f 464//260 337//260 332//260 326//260
f 341//261 339//261 12//261 11//261
f 795//262 804//262 828//262 796//262
f 804//263 794//263 738//263 828//263
f 763//264 801//264 789//264 764//264
f 801//265 800//265 799//265 789//265
f 347//266 361//266 353//266 102//266
f 357//267 450//267 362//267 358//267
f 351//268 368//268 369//268 373//268
f 368//269 37//269 256//269 369//269
f 372//270 371//270 100//270 99//270
f 811//271 807//271 808//271 687//271
f 810//272 776//272 777//272 772//272
f 741//273 810//273 772//273 742//273
f 748//274 811//274 687//274 686//274
f 374//275 386//275 443//275 375//275
f 386//276 435//276 444//276 443//276
f 389//277 262//277 55//277 54//277
f 430//278 259//278 50//278 49//278
f 194//279 398//279 82//279 85//279
f 397//280 400//280 269//280 395//280
f 398//281 273//281 274//281 82//281
f 73//282 72//282 264//282 181//282
f 805//283 709//283 781//283 822//283
f 750//284 813//284 820//284 749//284
f 818//285 805//285 822//285 819//285
f 813//286 815//286 821//286 820//286
f 422//287 90//287 125//287 124//287
f 424//288 427//288 120//288 129//288
f 427//289 114//289 121//289 120//289
f 90//290 93//290 126//290 125//290
f 708//291 782//291 788//291 826//291
f 705//292 708//292 826//292 825//292
f 724//293 725//293 824//293 823//293
f 388//294 430//294 49//294 58//294
f 392//295 389//295 54//295 53//295
f 447//296 418//296 446//296 445//296
f 418//297 302//297 303//297 446//297
f 361//298 294//298 97//298 353//298
f 72//299 71//299 265//299 264//299
f 462//300 250//300 251//300 472//300
f 163//301 25//301 471//301 161//301
f 168//302 462//302 472//302 169//302
f 25//303 28//303 248//303 471//303
f 729//304 689//304 803//304 802//304
f 478//305 477//305 498//305 503//305
f 499//24 498//24 477//24
f 500//306 499//306 477//306 484//306
f 476//307 500//307 484//307 483//307
f 479//308 478//308 503//308 491//308
f 514//309 537//309 525//309 511//309
f 509//310 535//310 532//310 529//310
f 505//311 536//311 535//311 509//311
f 534//312 533//312 537//312 514//312
f 306//168 541//168 224//168
f 465//168 328//168 634//168
f 607//160 240//160 466//160
f 350//166 349//166 645//166
f 618//166 271//166 469//166
f 345//313 623//313 109//313
f 340//314 542//314 541//314 306//314
f 319//315 633//315 578//315 452//315
f 334//171 637//171 607//171 466//171
f 647//316 101//316 252//316 587//316
f 656//317 268//317 271//317 618//317
f 449//318 641//318 623//318 345//318
f 726//319 872//319 844//319 727//319
f 690//320 858//320 848//320 691//320
f 318//321 628//321 633//321 319//321
f 630//322 325//322 323//322 604//322
f 632//323 81//323 229//323 603//323
f 631//324 78//324 81//324 632//324
f 629//325 14//325 325//325 630//325
f 333//326 635//326 637//326 334//326
f 338//327 636//327 609//327 18//327
f 465//328 634//328 636//328 338//328
f 342//329 543//329 542//329 340//329
f 856//330 832//330 827//330 857//330
f 857//331 827//331 737//331 855//331
f 846//332 791//332 790//332 860//332
f 860//333 790//333 798//333 861//333
f 638//334 103//334 354//334 642//334
f 360//335 640//335 641//335 449//335
f 350//336 645//336 644//336 367//336
f 367//337 644//337 613//337 38//337
f 646//338 98//338 101//338 647//338
f 863//339 688//339 809//339 862//339
f 864//340 773//340 830//340 850//340
f 834//341 774//341 773//341 864//341
f 837//342 685//342 688//342 863//342
f 378//343 649//343 664//343 385//343
f 385//344 664//344 663//344 434//344
f 390//345 552//345 551//345 391//345
f 431//346 547//346 556//346 432//346
f 592//347 84//347 83//347 654//347
f 653//348 394//348 268//348 656//348
f 654//349 83//349 396//349 615//349
f 558//350 267//350 263//350 559//350
f 806//351 867//351 853//351 710//351
f 779//352 838//352 866//352 812//352
f 817//353 865//353 867//353 806//353
f 812//354 866//354 868//354 814//354
f 423//355 573//355 572//355 91//355
f 425//356 568//356 567//356 426//356
f 426//357 567//357 576//357 115//357
f 91//358 572//358 571//358 92//358
f 707//359 870//359 854//359 783//359
f 706//360 871//360 870//360 707//360
f 723//361 869//361 872//361 726//361
f 433//362 548//362 547//362 431//362
f 393//363 553//363 552//363 390//363
f 448//364 662//364 661//364 419//364
f 419//365 661//365 626//365 420//365
f 642//366 354//366 96//366 624//366
f 559//367 263//367 266//367 560//367
f 461//368 667//368 611//368 468//368
f 460//369 583//369 666//369 26//369
f 249//370 586//370 667//370 461//370
f 26//371 666//371 610//371 27//371
f 730//372 859//372 858//372 690//372
f 675//373 504//373 497//373 668//373
f 496//160 668//160 497//160
f 501//374 669//374 668//374 496//374
f 475//375 670//375 669//375 501//375
f 674//376 492//376 504//376 675//376
f 513//377 512//377 678//377 682//377
f 510//378 528//378 680//378 684//378
f 506//379 510//379 684//379 683//379
f 538//380 513//380 682//380 681//380
o Wall_Modular_Cube.005_Wall_Modular_Cube.006
v -0.190480 3.666415 0.609111
v -0.190480 3.943581 0.609111
v -0.162676 3.943581 0.642152
v -0.162676 3.666415 0.642152
v 1.153368 3.574320 0.679834
v 1.153368 3.574320 0.907346
v 0.381781 3.563545 0.907346
v 0.381781 3.563545 0.679834
v -0.703041 3.666415 0.609111
v -0.703041 3.943581 0.609111
v -0.492760 3.943581 0.609111
v -0.334013 3.930507 0.609111
v 0.353977 3.795294 0.679834
v 0.353977 3.795294 0.907346
v 0.353977 3.943581 0.907346
v 0.353977 3.943581 0.679834
v 0.366277 3.804894 0.724418
v 0.366277 3.804894 0.862762
v 0.366277 3.398570 0.862762
v 0.366277 3.398570 0.724418
v 0.018554 3.380866 0.724418
v 0.018554 3.380866 0.862762
v -0.142820 3.379570 0.862762
v -0.142820 3.379570 0.724418
v 0.901680 3.281070 0.619630
v 0.901680 3.281070 0.967550
v 0.901680 3.329508 0.967550
v 0.901680 3.329508 0.619630
v -1.462084 2.782324 0.619630
v -1.462084 2.782324 0.967550
v -1.462084 3.143561 0.967551
v -1.462084 3.143561 0.619629
v 1.429966 3.566755 0.967550
v 1.429966 3.566755 0.619630
v 0.929484 3.566755 0.619630
v 0.929484 3.566755 0.967550
v 0.351861 2.831857 0.679834
v 0.351861 2.831857 0.907346
v -0.144229 2.831857 0.907346
v -0.144229 2.831857 0.679834
v -0.160208 2.947327 0.679834
v -0.160208 2.947327 0.907346
v -0.172033 3.361708 0.907346
v -0.172033 3.361708 0.679834
v -1.434281 1.962995 0.907346
v -1.462084 1.981995 0.907346
v -1.462084 1.981995 0.679834
v -1.434281 1.962995 0.679834
v 0.513813 2.005810 0.591663
v 0.414411 1.978538 0.583403
v 0.205726 1.981996 0.586589
v 0.205726 2.309195 0.586589
v 0.326775 2.309195 0.586589
v 0.387299 2.296265 0.586589
v 0.447825 2.309195 0.586589
v 1.434279 2.309195 0.586589
v 1.434279 1.981996 0.586589
v 0.835275 1.993753 0.591577
v -1.434281 2.438464 0.679834
v -1.434281 2.438464 0.907346
v -0.391660 2.438464 0.907346
v -0.391660 2.438464 0.679834
v -0.360036 2.346362 0.679834
v -0.360036 2.346362 0.907346
v -0.363857 1.981995 0.907346
v -0.363857 1.981995 0.679834
v -0.391660 2.419464 0.646793
v -0.403705 2.346362 0.646793
v -0.391660 1.981995 0.646793
v -1.434281 1.981995 0.646793
v -1.428243 2.263378 0.646793
v -1.413783 2.346362 0.646793
v -1.434281 2.419464 0.646793
v -0.355723 2.257739 0.718919
v -0.355723 2.257739 0.868261
v -0.376156 2.527006 0.868261
v -0.376156 2.527006 0.718919
v 1.462082 3.709479 0.907346
v 1.462082 3.709479 0.679834
v 1.465682 3.772574 0.679834
v 1.465682 3.772574 0.907346
v -0.042006 2.546006 0.718919
v -0.042006 2.546006 0.868261
v 0.161519 2.546006 0.868261
v 0.161519 2.546006 0.718919
v -1.434281 2.435255 0.967550
v -1.434281 2.435255 0.619630
v -0.919801 2.435255 0.619630
v -0.919801 2.435255 0.967550
v -0.236479 2.830193 0.619630
v -0.236478 2.830193 0.967550
v -0.207273 2.832115 0.967550
v -0.207273 2.832115 0.619630
v -0.895805 2.850857 0.643234
v -0.895805 2.850857 0.943946
v -0.895299 3.206602 0.943946
v -0.895299 3.206602 0.643234
v 0.916510 2.918824 0.907346
v 0.916510 2.918824 0.679834
v 0.914374 2.970671 0.679834
v 0.914374 2.970671 0.907346
v -0.895805 3.464349 0.643234
v -0.895805 3.464349 0.943946
v -0.895805 3.631708 0.943946
v -0.895805 3.631708 0.643234
v -0.181821 3.464349 0.943946
v -0.181821 3.464349 0.643234
v -0.166427 3.631708 0.643234
v -0.166427 3.631708 0.943946
v -0.194230 2.850857 0.610193
v -0.194230 3.404573 0.610193
v -0.166427 3.404573 0.643234
v -0.166427 2.850857 0.643234
v -0.088625 2.542433 0.619630
v -0.088625 2.542433 0.967550
v -0.346790 2.542433 0.967550
v -0.346790 2.542433 0.619630
v 0.901680 3.547755 0.967550
v 0.901680 3.547755 0.619630
v -0.026667 2.585750 0.586589
v -0.088625 2.561433 0.586589
v -0.346790 2.561433 0.586589
v -0.346790 2.813115 0.586589
v -0.319182 2.813115 0.586589
v -0.236479 2.798150 0.586589
v -0.207273 2.813115 0.586589
v 0.326266 2.813115 0.586589
v 0.326266 2.561433 0.586589
v 0.023284 2.569905 0.586589
v -0.374593 2.813115 0.967550
v -0.374593 2.813115 0.619630
v -0.374593 2.561433 0.619630
v -0.374593 2.561433 0.967550
v 0.901680 2.890056 0.717625
v 0.901680 2.890056 0.869555
v 0.901680 3.010316 0.869555
v 0.901680 3.010316 0.717625
v 1.429966 3.029316 0.869555
v 1.429966 3.029316 0.717625
v 0.929484 3.029316 0.717625
v 0.929484 3.029316 0.869555
v -0.730844 3.943581 0.642152
v -0.703041 3.962581 0.642152
v -0.703041 3.647415 0.642152
v -0.730844 3.666415 0.642152
v 1.434279 3.563545 0.679834
v 1.452679 3.576453 0.658415
v 1.462082 3.582545 0.679834
v 1.452679 3.949673 0.658415
v 1.434279 3.962581 0.679834
v 1.462082 3.943581 0.679834
v 0.353977 3.582545 0.679834
v 0.363381 3.576453 0.658415
v 0.381781 3.962581 0.679834
v 0.363381 3.949673 0.658415
v -0.190480 3.647415 0.642152
v 0.338473 3.379570 0.724418
v 0.338473 3.398570 0.691377
v -0.170624 3.398570 0.724418
v -0.131836 3.408577 0.691447
v 0.929484 3.046613 0.586589
v 0.929484 3.027613 0.619630
v 0.901680 3.046613 0.619630
v 1.457770 3.046613 0.619630
v 1.429966 3.027613 0.619630
v 1.429966 3.046613 0.586589
v 0.929484 3.547755 0.586589
v 1.457770 3.547755 0.619630
v 1.429966 3.547755 0.586589
v 0.888706 3.361708 0.646793
v 0.888706 3.380708 0.679834
v 0.916510 3.361708 0.679834
v -0.172033 2.850857 0.679834
v -0.144229 2.850857 0.646793
v -0.144229 3.380708 0.679834
v -0.144229 3.361708 0.646793
v 1.462082 1.981996 0.619630
v 1.434279 1.962996 0.619630
v 1.434279 2.328195 0.619630
v 1.462082 2.309195 0.619630
v -1.462084 2.419464 0.679834
v -0.363857 2.419464 0.679834
v -0.391660 1.962995 0.679834
v 0.205726 1.962996 0.619630
v 0.177923 1.981996 0.619630
v 0.177923 2.309195 0.619630
v 0.205726 2.328195 0.619630
v -0.376156 1.980431 0.718919
v -0.348353 1.980431 0.685878
v -0.348353 1.961431 0.718919
v -0.348353 2.546006 0.718919
v -0.348353 2.527006 0.685878
v 0.189322 2.527006 0.718919
v 0.161519 2.527006 0.685878
v -0.919801 3.143561 0.586589
v -0.919801 3.162561 0.619630
v -0.891998 3.143561 0.619630
v -1.434281 3.162561 0.619629
v -1.434281 3.143561 0.586589
v -0.891998 2.454255 0.619630
v -0.919801 2.454255 0.586589
v -1.462084 2.454255 0.619630
v -1.434281 2.454255 0.586589
v -0.868002 3.631708 0.610193
v -0.868002 3.650708 0.643234
v -0.868002 2.828315 0.643234
v -0.868002 2.850857 0.610193
v -0.194230 2.828315 0.643234
v 0.354070 2.561433 0.619630
v 0.326266 2.542433 0.619630
v 0.326266 2.832115 0.619630
v 0.354070 2.813115 0.619630
v -0.346790 2.832115 0.619630
v 0.929484 2.342063 0.684584
v 0.929484 2.323063 0.717625
v 0.901680 2.342063 0.717625
v 1.457770 2.342063 0.717625
v 1.429966 2.323063 0.717625
v 1.429966 2.342063 0.684584
v 0.929484 3.010316 0.684584
v 1.457770 3.010316 0.717625
v 1.429966 3.010316 0.684584
v -0.162676 3.666415 0.945028
v -0.162676 3.943581 0.945028
v -0.730844 3.666415 0.945028
v -0.730844 3.943581 0.945028
v -0.190480 3.647415 0.945028
v -0.703041 3.962581 0.945028
v 1.462082 3.799035 0.907346
v 1.462082 3.799035 0.679834
v 1.462082 3.943581 0.907346
v 1.452679 3.799978 0.658415
v 0.353977 3.582545 0.907346
v 0.363381 3.701001 0.658415
v 0.353977 3.703463 0.679834
v 1.161760 3.587611 0.658415
v -0.059985 3.964145 0.862762
v -0.059985 3.964145 0.724418
v -0.142820 3.964145 0.724418
v -0.142820 3.964145 0.862762
v -0.044497 3.922327 0.691377
v -0.142820 3.945145 0.691377
v 0.338473 3.379570 0.862762
v 0.023948 3.414948 0.691356
v 0.338473 3.804894 0.691377
v 1.429966 3.027613 0.967550
v 0.929484 3.027613 0.967550
v 0.929484 3.329508 0.586589
v 1.457770 3.547755 0.967550
v 1.457770 3.366486 0.619630
v 1.429966 3.366486 0.586589
v 0.916510 3.361708 0.907346
v -0.172033 2.850857 0.907346
v -0.144229 2.918824 0.646793
v -0.172033 2.918824 0.679834
v 0.351861 2.850857 0.646793
v 0.572560 3.380708 0.679834
v 0.572560 3.361708 0.646793
v 0.428943 1.962996 0.619630
v 0.177923 2.309195 0.967550
v 0.205726 2.328195 0.967550
v 0.447825 2.328195 0.619630
v -1.459892 2.346362 0.907346
v -1.459892 2.346362 0.679834
v -1.460568 2.263378 0.679834
v -1.460568 2.263378 0.907346
v -1.462084 2.419464 0.907346
v -0.180753 1.968974 0.868261
v -0.180753 1.968974 0.718919
v 0.161519 1.961431 0.718919
v 0.161519 1.961431 0.868261
v -0.348353 2.546006 0.868261
v -0.157834 2.527006 0.685878
v -0.157834 2.546006 0.718919
v -0.327920 2.257739 0.685878
v 0.189322 2.076316 0.718919
v 0.189322 1.980431 0.718919
v 0.161519 1.980431 0.685878
v 0.161519 2.076316 0.685878
v -0.919801 3.162561 0.967550
v -0.891998 3.143561 0.967550
v -0.891998 2.760428 0.619630
v -0.919801 2.760428 0.586589
v -1.434281 3.162561 0.967551
v -1.434281 2.782324 0.586589
v 0.326266 2.832115 0.967550
v -0.738064 2.828315 0.643234
v -0.738064 2.850857 0.610193
v -0.738064 2.828315 0.943946
v -0.868002 2.828315 0.943946
v -0.868002 3.650708 0.943946
v -0.225902 3.464349 0.610193
v -0.194230 3.631708 0.610193
v -0.864092 3.206603 0.610193
v 0.354070 2.813115 0.967550
v 0.354070 2.561433 0.967550
v -0.346790 2.832115 0.967550
v 1.429966 2.323063 0.869555
v 0.929484 2.323063 0.869555
v 0.929484 2.890056 0.684584
v 1.457770 3.010316 0.869555
v 1.457770 2.407473 0.717625
v 1.429966 2.407473 0.684584
v 0.572560 3.380708 0.907346
v 0.888706 3.380708 0.907346
v -0.190480 3.962581 0.945028
v -0.190480 3.962581 0.642152
v 1.325466 3.563545 0.679834
v 1.339990 3.576453 0.658415
v 1.161760 3.949673 0.658415
v 1.339990 3.927038 0.658415
v 1.425465 3.772574 0.658415
v 1.452679 3.707231 0.658415
v 0.391729 3.728405 0.658415
v 0.363381 3.796103 0.658415
v 0.381781 3.962581 0.907346
v 1.153368 3.962581 0.679834
v 1.153368 3.962581 0.907346
v 1.325466 3.962195 0.907346
v 1.325466 3.962195 0.679834
v 1.434279 3.563545 0.907346
v 1.325466 3.563545 0.907346
v 0.353977 3.703463 0.907346
v 0.359238 3.729925 0.679834
v 0.359238 3.729925 0.907346
v 0.338473 3.945145 0.691377
v 0.338473 3.964145 0.724418
v 0.338473 3.964145 0.862762
v -0.160780 3.804894 0.724418
v -0.114352 3.804894 0.691377
v -0.142820 3.866672 0.691377
v 0.313291 3.866672 0.691377
v -0.160780 3.804894 0.862762
v -0.170624 3.866672 0.862762
v -0.170624 3.866672 0.724418
v -0.170624 3.398570 0.862762
v 0.352393 3.866672 0.724418
v 0.352393 3.866672 0.862762
v -0.334013 3.962817 0.642152
v -0.334013 3.962817 0.945028
v -0.492760 3.962581 0.642152
v -0.492760 3.962581 0.945028
v -0.166427 2.850857 0.943946
v -0.194230 2.828315 0.943946
v -0.193434 3.648429 0.943946
v -0.193434 3.648429 0.643234
v -0.868002 3.464349 0.610193
v 0.916510 2.850857 0.679834
v 0.916510 2.850857 0.907346
v 0.888706 2.831857 0.907346
v 0.888706 2.831857 0.679834
v -0.166427 3.404573 0.943946
v -0.894791 3.404573 0.643234
v -0.894791 3.404573 0.943946
v -0.493310 2.828315 0.643234
v -0.493310 2.868096 0.610193
v -0.566206 3.650708 0.643234
v -0.566206 3.631708 0.610193
v -0.493310 2.828315 0.943946
v -0.566206 3.650708 0.943946
v -0.840628 3.404573 0.610193
v -0.468083 3.611506 0.610193
v 0.506971 3.380708 0.679834
v 0.506971 3.361708 0.646793
v -0.144229 3.380708 0.907346
v 0.506971 3.380708 0.907346
v 0.489714 2.832115 0.907346
v 0.489714 2.832115 0.679834
v 0.489714 2.867917 0.646793
v -0.132404 2.947327 0.646793
v 0.861115 2.970671 0.646793
v 0.888706 2.918824 0.646793
v 0.888706 2.850857 0.646793
v 1.457770 2.890056 0.717625
v 1.429966 2.890056 0.684584
v 0.901680 2.820940 0.717625
v 0.929484 2.820940 0.684584
v 1.457770 2.890056 0.869555
v 0.901680 2.820940 0.869555
v 0.901680 2.775295 0.717625
v 0.929484 2.775295 0.684584
v 0.901680 2.775295 0.869555
v 0.901680 2.449148 0.717625
v 0.929484 2.449148 0.684584
v 1.453327 2.820940 0.869555
v 1.453327 2.820940 0.717625
v 0.901680 2.449148 0.869555
v 0.825565 1.971987 0.606318
v 0.387299 2.315265 0.619630
v 0.387299 2.315265 0.967550
v 0.447825 2.328195 0.967550
v 0.326775 2.328195 0.619630
v 0.326775 2.328195 0.967550
v -0.121909 1.961431 0.868261
v -0.121909 1.961431 0.718919
v -0.157834 2.546006 0.868261
v -0.130085 1.976397 0.684304
v -0.025704 2.507641 0.691878
v 0.156264 2.162284 0.685878
v -0.161209 1.996042 0.689806
v -0.348353 2.171771 0.685878
v 0.184067 2.162284 0.718919
v -0.376156 2.171771 0.718919
v -0.348353 1.961431 0.868261
v 0.189322 2.527006 0.868261
v 0.184067 2.162284 0.868261
v 0.189322 2.076316 0.868261
v -0.376156 1.980431 0.868261
v -0.376156 2.171771 0.868261
v -1.461823 2.722717 0.619630
v -1.410630 2.722717 0.586589
v -0.896136 2.820035 0.619630
v -0.932415 2.820035 0.586589
v -0.896136 2.820035 0.967550
v -1.462084 2.454255 0.967550
v -1.461823 2.722717 0.967550
v -0.891998 2.760428 0.967550
v 1.458030 2.428310 0.717625
v 1.458030 2.428310 0.869555
v 1.457770 2.407473 0.869555
v -0.891998 2.454255 0.967550
v -0.319182 2.832115 0.619630
v -0.319182 2.832115 0.967550
v 0.023284 2.546381 0.619630
v 0.023284 2.546381 0.967550
v -0.005921 2.546381 0.967550
v -0.005922 2.546381 0.619630
v 0.326266 2.542433 0.967550
v -0.172033 2.918824 0.907346
v 0.489468 1.967894 0.619630
v 0.489468 1.967894 0.967550
v 0.428943 1.962996 0.967550
v 0.825565 1.971987 0.980862
v 1.457770 2.775295 0.869555
v 1.457770 2.775295 0.717625
v 0.901680 2.342063 0.869555
v 0.901680 2.407473 0.869555
v 0.901680 2.407473 0.717625
v 0.901680 2.428310 0.869555
v 0.901680 2.428310 0.717625
v 0.929484 2.407473 0.684584
v 0.929484 2.428310 0.684584
v 1.395910 2.820940 0.684584
v 1.429966 2.775295 0.684584
v 1.429966 2.449148 0.684584
v 1.412886 2.428310 0.684584
v 1.457770 2.449148 0.717625
v 1.457770 2.449148 0.869555
v -0.468878 3.648073 0.943946
v -0.468878 3.648073 0.643234
v 1.462082 3.582545 0.907346
v 1.434279 3.962581 0.907346
v 1.434279 2.328195 0.967550
v 1.462082 2.309195 0.967550
v 1.462082 1.981996 0.967550
v 1.434279 1.962996 0.967550
v -0.363857 2.419464 0.907346
v 1.457770 2.342063 0.869555
v 1.457770 3.046613 0.967550
v 0.901680 3.046613 0.967550
v 1.457770 3.414924 0.967550
v 1.457770 3.414924 0.619630
v -0.703041 3.647415 0.945028
v 0.366277 3.945145 0.724418
v 0.366277 3.945145 0.862762
v -0.170624 3.945145 0.862762
v -0.170624 3.945145 0.724418
v 1.457770 3.366486 0.967550
v 0.189322 1.980431 0.868261
v -0.391660 1.962995 0.907346
v 0.946508 3.281070 0.586589
v 1.402624 3.414924 0.586589
v -1.458478 3.662406 0.607595
v -1.458478 3.662406 0.979585
v -1.458478 3.741258 0.979585
v -1.458478 3.741258 0.607595
v -1.430675 3.947825 0.574554
v -1.362069 3.929812 0.574554
v -1.284475 3.947825 0.574554
v -0.755165 3.947825 0.574554
v -0.755165 3.662406 0.574554
v -1.430675 3.662406 0.574554
v -1.430675 3.741258 0.574554
v -1.411544 3.849739 0.574554
v -1.430675 3.643406 0.607595
v -0.727361 3.662406 0.607595
v -0.755165 3.643406 0.607595
v -0.755165 3.966825 0.607595
v -0.727361 3.947825 0.607595
v -0.755165 3.966825 0.979585
v -1.284475 3.966825 0.607595
v -1.284475 3.966825 0.979585
v -0.755165 3.643406 0.979585
v -1.430675 3.643406 0.979585
v -0.727361 3.947825 0.979585
v -1.458478 3.947825 0.979585
v -1.430675 3.966825 0.979585
v -1.430675 3.966825 0.607595
v -1.458478 3.947825 0.607595
v -1.458825 3.849739 0.607595
v -1.458825 3.849739 0.979585
v -0.727361 3.662406 0.979585
v -1.362069 3.966825 0.607595
v -1.362069 3.966825 0.979585
v 0.354945 2.751632 0.687430
v 0.354945 2.751632 0.899750
v 0.352444 2.819264 0.899750
v 0.352444 2.819264 0.687430
v 0.356011 2.697446 0.687430
v 0.356012 2.697446 0.899750
v 0.904155 2.819264 0.687430
v 0.904155 2.819264 0.899750
v 0.905173 2.775807 0.899750
v 0.905173 2.775807 0.687430
v 0.380247 2.833745 0.899750
v 0.876351 2.833745 0.899750
v 0.876351 2.833745 0.687430
v 0.380247 2.833745 0.687430
v 0.876351 2.562098 0.654389
v 0.904155 2.562098 0.687430
v 0.876351 2.543098 0.687430
v 0.352444 2.562098 0.687430
v 0.380247 2.562098 0.654389
v 0.380247 2.543098 0.687430
v 0.876351 2.819264 0.654389
v 0.380247 2.819264 0.654389
v 0.352444 2.562098 0.899750
v 0.352444 2.661310 0.899750
v 0.352444 2.661310 0.687430
v 0.876351 2.543098 0.899750
v 0.380247 2.543098 0.899750
v 0.380247 2.661310 0.654389
v 0.876351 2.739670 0.654389
v 0.904155 2.739670 0.687430
v 0.411781 2.697446 0.654389
v 0.379536 2.751632 0.654389
v 0.859008 2.775807 0.654389
v 0.904155 2.739670 0.899750
v 0.904155 2.562098 0.899750
v -0.190480 3.666415 0.978069
v -0.190480 3.943581 0.978069
v -0.334013 3.930507 0.978069
v -0.492760 3.943581 0.978069
v -0.703041 3.943581 0.978069
v -0.703041 3.666415 0.978069
v 0.205726 1.962996 0.967550
v 0.513813 2.005810 0.995517
v 0.835275 1.993753 0.995603
v 1.434279 1.981996 1.000591
v 1.434279 2.309195 1.000591
v 0.447825 2.309195 1.000591
v 0.387299 2.296265 1.000591
v 0.326775 2.309195 1.000591
v 0.205726 2.309195 1.000591
v 0.205726 1.981996 1.000591
v 0.414411 1.978538 1.003777
v -0.391660 2.419464 0.940387
v -1.434281 2.419464 0.940387
v -1.413783 2.346362 0.940387
v -1.428243 2.263378 0.940387
v -1.434281 1.981995 0.940387
v -0.391660 1.981995 0.940387
v -0.403705 2.346362 0.940387
v 0.177923 1.981996 0.967550
v -0.194230 2.850857 0.976987
v -0.194230 3.404573 0.976987
v -0.026667 2.585750 1.000591
v 0.023284 2.569905 1.000591
v 0.326266 2.561433 1.000591
v 0.326266 2.813115 1.000591
v -0.207273 2.813115 1.000591
v -0.236478 2.798150 1.000591
v -0.319182 2.813115 1.000591
v -0.346790 2.813115 1.000591
v -0.346790 2.561433 1.000591
v -0.088625 2.561433 1.000591
v 1.452679 3.576453 0.928765
v 1.452679 3.949673 0.928765
v 0.363381 3.576453 0.928765
v 0.363381 3.949673 0.928765
v 0.338473 3.398570 0.895803
v -0.131836 3.408577 0.895733
v 0.929484 3.046613 1.000591
v 1.429966 3.046613 1.000591
v 0.929484 3.547755 1.000591
v 1.429966 3.547755 1.000591
v 0.888706 3.361708 0.940387
v -0.144229 2.850857 0.940387
v -0.144229 3.361708 0.940387
v -0.348353 1.980431 0.901302
v -0.348353 2.527006 0.901302
v 0.161519 2.527006 0.901302
v -0.919801 3.143561 1.000591
v -1.434281 3.143561 1.000591
v -0.919801 2.454255 1.000591
v -1.434281 2.454255 1.000591
v -0.868002 3.631708 0.976987
v -0.868002 2.850857 0.976987
v 0.929484 2.342063 0.902596
v 1.429966 2.342063 0.902596
v 0.929484 3.010316 0.902596
v 1.429966 3.010316 0.902596
v 1.452679 3.799978 0.928765
v 0.363381 3.701001 0.928765
v 1.161760 3.587611 0.928765
v -0.044497 3.922327 0.895803
v -0.142820 3.945145 0.895803
v 0.023948 3.414948 0.895824
v 0.338473 3.804894 0.895803
v 0.929484 3.329508 1.000591
v 1.429966 3.366486 1.000591
v -0.144229 2.918824 0.940387
v 0.351861 2.850857 0.940387
v 0.572560 3.361708 0.940387
v -0.157834 2.527006 0.901302
v -0.327920 2.257739 0.901302
v 0.161519 2.076316 0.901302
v 0.161519 1.980431 0.901302
v -0.919801 2.760428 1.000591
v -1.434281 2.782324 1.000591
v -0.738064 2.850857 0.976987
v -0.225901 3.464349 0.976987
v -0.194230 3.631708 0.976987
v -0.864092 3.206603 0.976987
v 0.929484 2.890056 0.902596
v 1.429966 2.407473 0.902596
v 1.339990 3.576453 0.928765
v 1.161760 3.949673 0.928765
v 0.363381 3.796103 0.928765
v 0.391729 3.728405 0.928765
v 1.452679 3.707231 0.928765
v 1.425465 3.772574 0.928765
v 1.339990 3.927038 0.928765
v 0.338473 3.945145 0.895803
v -0.114352 3.804894 0.895803
v 0.313291 3.866672 0.895803
v -0.142820 3.866672 0.895803
v -0.868002 3.464349 0.976987
v -0.493310 2.868096 0.976987
v -0.566206 3.631708 0.976987
v -0.468083 3.611506 0.976987
v -0.840628 3.404573 0.976987
v 0.506971 3.361708 0.940387
v 0.489714 2.867917 0.940387
v 0.888706 2.850857 0.940387
v 0.888706 2.918824 0.940387
v 0.861115 2.970671 0.940387
v -0.132404 2.947327 0.940387
v 1.429966 2.890056 0.902596
v 0.929484 2.820940 0.902596
v 0.929484 2.775295 0.902596
v 0.929484 2.449148 0.902596
v -0.130085 1.976397 0.902876
v -0.025704 2.507641 0.895302
v -0.348353 2.171771 0.901302
v -0.161209 1.996042 0.897374
v 0.156264 2.162284 0.901302
v -1.410630 2.722717 1.000591
v -0.932415 2.820035 1.000591
v 0.929484 2.407473 0.902596
v 1.412886 2.428310 0.902596
v 1.429966 2.449148 0.902596
v 1.429966 2.775295 0.902596
v 1.395910 2.820940 0.902596
v 0.929484 2.428310 0.902596
v 0.946509 3.281070 1.000591
v 1.402624 3.414924 1.000591
v -1.430675 3.947825 1.012626
v -1.411544 3.849739 1.012626
v -1.430675 3.741258 1.012626
v -1.430675 3.662406 1.012626
v -0.755165 3.662406 1.012626
v -0.755165 3.947825 1.012626
v -1.284475 3.947825 1.012626
v -1.362069 3.929812 1.012626
v 0.876351 2.562098 0.932791
v 0.380247 2.562098 0.932791
v 0.876351 2.819264 0.932791
v 0.380247 2.819264 0.932791
v 0.380247 2.661310 0.932791
v 0.876351 2.739670 0.932791
v 0.859008 2.775807 0.932791
v 0.379536 2.751632 0.932791
v 0.411781 2.697446 0.932791
v 0.888998 3.566755 0.873489
v 0.888998 3.566755 0.713691
v 0.768408 3.566755 0.713691
v 0.768408 3.566755 0.873489
v -1.456383 3.500815 0.642820
v -1.456383 3.500815 0.944360
v -1.456383 3.630156 0.944360
v -1.456383 3.630156 0.642820
v 0.359273 3.396833 0.713691
v 0.359273 3.396833 0.873489
v 0.359273 3.547755 0.873489
v 0.359273 3.547755 0.713691
v -0.879315 2.834864 0.718895
v -0.879315 2.834864 0.868285
v -0.396956 2.834864 0.868285
v -0.396956 2.834864 0.718895
v 0.520358 3.566755 0.873489
v 0.520358 3.566755 0.713691
v 0.387077 3.566755 0.713691
v 0.387077 3.566755 0.873489
v 0.902671 2.463406 0.642820
v 0.902671 2.463406 0.944360
v 0.901606 2.409221 0.944360
v 0.901606 2.409221 0.642820
v -0.907118 2.637421 0.718895
v -0.907118 2.637421 0.868285
v -0.907118 2.815864 0.868285
v -0.907118 2.815864 0.718895
v -0.369153 2.505937 0.718895
v -0.369153 2.505937 0.868285
v -0.369153 2.454255 0.868285
v -0.369153 2.454255 0.718895
v -0.879315 2.435255 0.868286
v -0.879315 2.435255 0.718894
v -0.396956 2.435255 0.718895
v -0.396956 2.435255 0.868285
v 0.188868 2.342063 0.642821
v 0.188869 2.342063 0.944359
v 0.188869 2.451445 0.944359
v 0.188868 2.451445 0.642821
v 0.187850 2.487582 0.642821
v 0.187850 2.487582 0.944359
v 0.188869 2.531039 0.944360
v 0.188868 2.531039 0.642820
v -1.456383 3.364026 0.642820
v -1.456383 3.364026 0.944360
v 0.877370 2.545519 0.944360
v 0.877370 2.545519 0.642820
v 0.216672 2.545519 0.642820
v 0.216672 2.545519 0.944360
v -1.456383 3.180246 0.642820
v -1.456383 3.180246 0.944360
v -1.151911 3.649156 0.944360
v -1.151911 3.649156 0.642820
v -1.428579 3.649156 0.642820
v -1.428579 3.649156 0.944360
v 0.387077 3.396833 0.680650
v 0.387077 3.377833 0.713691
v 0.916801 3.396833 0.713691
v 0.888998 3.377833 0.713691
v 0.888998 3.396833 0.680650
v 0.387077 3.547755 0.680650
v 0.916801 3.547755 0.713691
v 0.888998 3.547755 0.680650
v -0.396956 2.815864 0.685854
v -0.369153 2.815864 0.718895
v -0.879315 2.815864 0.685854
v -0.396956 2.454255 0.685854
v -0.907118 2.454255 0.718894
v -0.879315 2.454255 0.685854
v 0.216672 2.342063 0.609780
v 0.216672 2.323063 0.642821
v 0.905173 2.342063 0.642821
v 0.877370 2.323063 0.642821
v 0.877370 2.342063 0.609780
v 0.216672 2.531039 0.609780
v 0.905173 2.531039 0.642820
v 0.877370 2.531039 0.609779
v -1.428579 3.180246 0.609780
v -1.428579 3.161246 0.642820
v -0.890972 3.180246 0.642820
v -0.918774 3.161246 0.642820
v -0.918774 3.180246 0.609779
v -1.428579 3.630156 0.609779
v -0.918774 3.649156 0.642820
v -0.890972 3.630156 0.642820
v -0.918774 3.630156 0.609779
v 0.520358 3.377833 0.713691
v 0.520358 3.377833 0.873489
v 0.387077 3.377833 0.873489
v 0.916801 3.547755 0.873489
v 0.628256 3.396833 0.680650
v 0.628256 3.377833 0.713691
v 0.477646 3.535246 0.680650
v -0.369153 2.815864 0.868285
v -0.396956 2.505937 0.685854
v -0.879315 2.637421 0.685854
v 0.905173 2.373084 0.642820
v 0.905173 2.373084 0.944360
v 0.905173 2.342063 0.944359
v 0.877370 2.323063 0.944359
v 0.216672 2.323063 0.944359
v 0.905173 2.531039 0.944360
v 0.877370 2.373084 0.609780
v -1.233372 3.165665 0.642820
v -1.233372 3.165665 0.944360
v -1.428579 3.161246 0.944360
v -0.918774 3.649156 0.944360
v -0.890972 3.630156 0.944360
v -1.151911 3.630156 0.609779
v -1.032520 3.630156 0.609779
v -1.032520 3.649156 0.642820
v -0.918774 3.161246 0.944360
v -1.173677 3.161246 0.944360
v -1.173677 3.161246 0.642820
v -1.173677 3.180246 0.609779
v -1.233372 3.193714 0.609779
v -1.428579 3.364026 0.609779
v -1.404124 3.500815 0.609779
v -1.092215 3.605914 0.609779
v -0.890607 2.577940 0.718895
v -0.890607 2.577940 0.868285
v 0.628256 3.547755 0.680650
v 0.628256 3.566755 0.713691
v 0.628256 3.566755 0.873489
v 0.537443 3.404338 0.680650
v 0.768408 3.532744 0.680650
v -0.376393 2.685009 0.868285
v -0.376393 2.685009 0.718895
v -0.369153 2.577940 0.868285
v -0.369153 2.577940 0.718895
v -0.907118 2.454255 0.868286
v -0.907118 2.451166 0.868285
v -0.907118 2.451166 0.718895
v -0.879315 2.451166 0.685854
v -0.423235 2.685009 0.685854
v -0.396956 2.577940 0.685854
v -0.835956 2.577940 0.685854
v 0.216672 2.451445 0.609780
v 0.234015 2.487582 0.609780
v 0.878081 2.463406 0.609780
v 0.845836 2.409221 0.609780
v -1.092215 3.646930 0.944360
v -1.092215 3.646930 0.642820
v 0.888998 3.377833 0.873489
v 0.628256 3.377833 0.873489
v 0.916801 3.396833 0.873489
v -1.032520 3.649156 0.944360
v -0.890972 3.180246 0.944360
v 0.387077 3.396833 0.906530
v 0.888998 3.396833 0.906530
v 0.387077 3.547755 0.906530
v 0.888998 3.547755 0.906530
v -0.396956 2.815864 0.901326
v -0.879315 2.815864 0.901326
v -0.396956 2.454255 0.901326
v -0.879315 2.454255 0.901326
v 0.216672 2.342063 0.977400
v 0.877370 2.342063 0.977400
v 0.216672 2.531039 0.977400
v 0.877370 2.531039 0.977401
v -1.428579 3.180246 0.977400
v -0.918774 3.180246 0.977401
v -1.428579 3.630156 0.977401
v -0.918774 3.630156 0.977401
v 0.628256 3.396833 0.906530
v 0.477646 3.535246 0.906530
v -0.396956 2.505937 0.901326
v -0.879315 2.637421 0.901326
v 0.877370 2.373084 0.977400
v -1.151911 3.630156 0.977401
v -1.032520 3.630156 0.977401
v -1.092215 3.605914 0.977401
v -1.404124 3.500815 0.977401
v -1.428579 3.364026 0.977401
v -1.233372 3.193714 0.977401
v -1.173677 3.180246 0.977401
v 0.628256 3.547755 0.906530
v 0.768408 3.532744 0.906530
v 0.537443 3.404338 0.906530
v -0.879315 2.451166 0.901326
v -0.423235 2.685009 0.901326
v -0.835956 2.577940 0.901326
v -0.396956 2.577940 0.901326
v 0.216672 2.451445 0.977400
v 0.845836 2.409221 0.977400
v 0.878081 2.463406 0.977400
v 0.234016 2.487582 0.977400
vn 0.7651 0.0000 -0.6439
vn 0.0140 -0.9999 0.0000
vn -0.0000 -0.0000 -1.0000
vn -1.0000 0.0000 0.0000
vn 1.0000 0.0000 0.0000
vn 0.0080 -1.0000 -0.0000
vn -1.0000 -0.0022 0.0000
vn 0.0000 1.0000 0.0000
vn 0.0009 -1.0000 -0.0000
vn 0.0000 -1.0000 -0.0000
vn -0.9996 -0.0285 0.0000
vn -0.5642 -0.8256 0.0000
vn -0.0002 -0.0073 -1.0000
vn 0.9999 -0.0105 -0.0000
vn -0.9971 -0.0757 0.0000
vn 0.9984 -0.0570 0.0000
vn -0.0657 0.9978 -0.0000
vn -1.0000 0.0014 0.0000
vn -1.0000 0.0020 0.0000
vn 0.9992 0.0412 0.0000
vn -1.0000 -0.0085 0.0000
vn 0.9958 -0.0916 -0.0000
vn -0.5642 0.8256 0.0000
vn -0.5097 0.7458 -0.4289
vn -0.5097 -0.7458 -0.4289
vn 0.5646 -0.8253 -0.0099
vn 0.5642 -0.8256 -0.0129
vn 0.5638 -0.8258 -0.0108
vn 0.5642 0.8256 -0.0129
vn 0.5646 0.8253 -0.0099
vn 0.5638 0.8258 -0.0108
vn -0.5646 -0.8253 -0.0099
vn -0.5638 -0.8258 -0.0108
vn -0.5642 -0.8256 -0.0129
vn -0.5646 0.8253 -0.0099
vn -0.5642 0.8256 -0.0129
vn -0.5638 0.8258 -0.0108
vn 0.5097 -0.7458 -0.4289
vn -0.4164 -0.6093 -0.6748
vn 0.5097 0.7458 -0.4289
vn -0.5565 -0.6864 -0.4683
vn 0.5565 -0.6863 -0.4683
vn 0.5642 -0.8256 0.0000
vn -0.7651 0.0000 -0.6439
vn 0.9156 0.0000 -0.4020
vn -0.5646 -0.8253 0.0099
vn -0.5638 -0.8258 0.0108
vn -0.9156 0.0000 -0.4020
vn 0.0119 -0.8518 -0.5237
vn 0.0936 0.7434 -0.6622
vn -0.0217 -0.7787 -0.6271
vn 0.5642 0.8256 0.0000
vn -0.0000 -0.8669 -0.4985
vn -0.0000 0.8669 -0.4985
vn 1.0000 -0.0055 0.0000
vn -0.0105 -0.8957 -0.4445
vn -1.0000 0.0081 0.0000
vn -1.0000 0.0068 0.0000
vn -0.7396 0.0099 -0.6730
vn -0.9996 -0.0300 0.0000
vn 0.6784 -0.0382 -0.7337
vn -0.0220 -0.9998 0.0000
vn -0.7639 -0.0580 -0.6428
vn 0.0000 -0.8261 -0.5636
vn 0.6737 -0.0947 -0.7329
vn -0.7459 0.0046 -0.6661
vn 0.0000 -0.8565 -0.5162
vn -0.5638 0.8258 0.0108
vn -0.5646 0.8253 0.0099
vn 0.0011 1.0000 -0.0000
vn -0.0007 1.0000 0.0000
vn -0.0000 0.8565 -0.5162
vn -0.0525 -0.8392 -0.5413
vn 0.9909 0.1348 0.0000
vn -0.9968 -0.0802 0.0000
vn 0.0173 -0.7251 -0.6885
vn -0.0214 0.7331 -0.6797
vn -0.6138 0.0208 -0.7892
vn -0.0001 0.0000 -1.0000
vn -0.0041 -1.0000 -0.0000
vn -0.9875 -0.1574 0.0000
vn -0.9997 0.0242 0.0000
vn 0.9757 0.2193 0.0000
vn 0.0001 1.0000 -0.0000
vn 0.0016 1.0000 -0.0000
vn 0.6298 -0.7768 -0.0000
vn 0.5264 0.8502 0.0000
vn -0.6298 -0.7768 0.0000
vn 0.6540 0.2575 -0.7114
vn 0.9684 0.2494 -0.0000
vn -1.0000 -0.0072 0.0000
vn 0.0256 -0.7273 -0.6859
vn -0.0210 -0.7273 -0.6860
vn -0.0006 -1.0000 -0.0000
vn 0.0006 -1.0000 -0.0000
vn -0.7293 0.3026 -0.6137
vn -0.7650 -0.0218 -0.6437
vn 0.9979 -0.0641 0.0000
vn -0.0086 -0.7599 -0.6500
vn -0.2089 0.9779 0.0000
vn 0.1271 0.9919 0.0000
vn -0.0097 -0.8941 -0.4477
vn -0.0000 0.0020 -1.0000
vn 0.7651 -0.0110 -0.6438
vn 0.7643 0.0467 -0.6432
vn -0.7528 0.1789 -0.6335
vn 0.9999 -0.0144 -0.0000
vn 0.9981 0.0610 -0.0000
vn 0.6789 0.0077 -0.7342
vn -0.6364 -0.1276 -0.7607
vn 0.7178 -0.0186 -0.6960
vn 0.9999 -0.0128 0.0000
vn -1.0000 0.0010 0.0000
vn -1.0000 -0.0017 0.0000
vn 0.9976 0.0693 0.0000
vn -0.6414 0.0286 -0.7667
vn 0.7143 0.1004 -0.6926
vn 0.9999 -0.0125 0.0000
vn 1.0000 -0.0063 0.0000
vn 0.0232 0.9997 0.0000
vn 0.0477 -0.9989 -0.0000
vn -0.0172 -0.8408 -0.5411
vn -0.0130 -0.9999 -0.0000
vn -1.0000 0.0054 0.0000
vn -0.9237 0.3832 0.0000
vn 0.0807 -0.9967 -0.0000
vn 0.0122 -0.9999 -0.0000
vn 0.9953 0.0969 0.0000
vn 1.0000 0.0063 0.0000
vn 0.9999 0.0125 0.0000
vn 0.0271 0.9996 -0.0000
vn -0.9808 0.1950 0.0000
vn -0.0625 -0.9980 0.0000
vn 0.5646 0.8253 0.0099
vn 0.5638 0.8258 0.0108
vn 0.5638 -0.8258 0.0108
vn 0.5646 -0.8253 0.0099
vn -0.0035 1.0000 0.0000
vn 0.9847 -0.1742 0.0000
vn -0.0013 1.0000 -0.0000
vn 0.9986 0.0522 -0.0000
vn -1.0000 -0.0016 0.0000
vn -1.0000 0.0002 0.0000
vn -1.0000 0.0035 0.0000
vn -0.9996 -0.0283 0.0000
vn -0.9993 -0.0370 0.0000
vn -0.9998 -0.0197 0.0000
vn 0.9997 0.0234 0.0000
vn 0.4306 0.8267 -0.3623
vn -0.4306 0.8267 -0.3623
vn -0.4619 0.8869 -0.0000
vn -0.0000 0.9159 -0.4014
vn 0.4619 0.8869 0.0000
vn -0.9952 0.0982 0.0000
vn -0.7835 -0.0104 -0.6213
vn 0.9996 -0.0282 0.0000
vn 0.7651 0.0000 0.6439
vn 0.0000 0.0000 1.0000
vn -0.0002 -0.0073 1.0000
vn -0.5097 0.7458 0.4289
vn -0.5097 -0.7458 0.4289
vn 0.5642 -0.8256 0.0129
vn 0.5642 0.8256 0.0129
vn -0.5642 -0.8256 0.0129
vn -0.5642 0.8256 0.0129
vn 0.5097 -0.7458 0.4289
vn -0.4164 -0.6093 0.6748
vn 0.5097 0.7458 0.4289
vn -0.5565 -0.6864 0.4683
vn 0.5565 -0.6863 0.4683
vn -0.7651 0.0000 0.6439
vn 0.9156 0.0000 0.4020
vn -0.9156 0.0000 0.4020
vn 0.0119 -0.8518 0.5237
vn 0.0936 0.7434 0.6622
vn -0.0217 -0.7787 0.6271
vn 0.0000 -0.8669 0.4985
vn 0.0000 0.8669 0.4985
vn -0.0105 -0.8957 0.4445
vn -0.7396 0.0099 0.6730
vn 0.6784 -0.0382 0.7337
vn -0.7639 -0.0580 0.6428
vn 0.0000 -0.8261 0.5636
vn 0.6737 -0.0947 0.7329
vn -0.7459 0.0046 0.6661
vn 0.0000 -0.8565 0.5162
vn 0.0000 0.8565 0.5162
vn -0.0525 -0.8392 0.5413
vn 0.0173 -0.7251 0.6885
vn -0.0214 0.7331 0.6797
vn -0.6138 0.0208 0.7892
vn -0.0001 0.0000 1.0000
vn 0.6540 0.2575 0.7114
vn 0.0256 -0.7273 0.6859
vn -0.0210 -0.7273 0.6860
vn -0.7293 0.3026 0.6137
vn -0.7650 -0.0218 0.6437
vn -0.0086 -0.7599 0.6500
vn -0.0148 -0.9999 0.0000
vn 0.2089 0.9779 0.0000
vn -0.0097 -0.8941 0.4477
vn -0.0000 0.0020 1.0000
vn 0.7651 -0.0110 0.6438
vn 0.7643 0.0467 0.6432
vn -0.7528 0.1789 0.6335
vn 0.6789 0.0077 0.7342
vn -0.6364 -0.1276 0.7607
vn 0.7178 -0.0186 0.6960
vn -0.6414 0.0286 0.7667
vn 0.7143 0.1004 0.6926
vn -0.0172 -0.8408 0.5411
vn -0.9729 0.2312 0.0000
vn 0.4306 0.8267 0.3623
vn -0.4306 0.8267 0.3623
vn 0.0000 0.9159 0.4014
vn -0.7835 -0.0104 0.6213
vn 0.9996 -0.0283 0.0000
vn 0.9998 -0.0197 0.0000
vn -0.9997 0.0234 0.0000
vn -0.4305 0.8267 -0.3623
vn 0.4305 0.8267 -0.3623
vn 0.0436 0.7800 -0.6243
vn 0.0226 -0.9997 0.0000
vn 0.7652 -0.0000 -0.6438
vn -0.9636 -0.2675 0.0000
vn -0.0390 0.8059 -0.5908
vn 0.9993 -0.0370 0.0000
vn 0.9985 -0.0552 0.0000
vn 0.9977 0.0675 0.0000
vn 0.7651 0.0001 0.6439
vn 0.9952 0.0982 0.0000
vn 0.0373 0.9993 0.0000
vn -0.9916 0.1291 0.0000
vn -0.0373 0.9993 0.0000
vn -0.0738 -0.9973 0.0000
vn 0.7835 -0.0104 -0.6212
vn -0.9996 -0.0282 0.0000
vn -0.4305 0.8267 0.3623
vn 0.4305 0.8267 0.3623
vn 0.0436 0.7799 0.6243
vn 0.7652 0.0000 0.6438
vn -0.0390 0.8059 0.5908
vn 0.7651 0.0001 -0.6439
vn 0.7835 -0.0104 0.6212
vn 0.4813 0.7774 -0.4050
vn -0.0353 0.7894 -0.6129
vn -0.0663 0.6382 -0.7670
vn 0.6317 -0.0240 -0.7749
vn -0.0313 -0.7982 -0.6015
vn -0.0291 0.7781 -0.6275
vn -0.6611 -0.1242 -0.7400
vn -0.6354 -0.0601 -0.7698
vn 0.0444 0.6764 -0.7352
vn -0.6373 0.3976 -0.6602
vn 0.6254 -0.2742 -0.7305
vn 0.6458 0.1187 -0.7542
vn -0.7050 -0.1781 -0.6865
vn -0.6512 -0.2019 -0.7315
vn 0.6860 0.2169 -0.6945
vn 0.6922 -0.1723 -0.7008
vn 0.0319 0.7895 -0.6130
vn -0.1619 0.7305 -0.6634
vn 0.1619 0.7305 -0.6634
vn 0.0373 -0.8141 -0.5796
vn -0.1211 -0.8086 -0.5757
vn -0.6208 -0.1474 -0.7700
vn 0.0891 0.7629 -0.6404
vn -0.0167 -0.7696 -0.6383
vn 0.0483 -0.7688 -0.6376
vn 0.6217 0.1782 -0.7627
vn 0.0417 0.7794 -0.6252
vn -0.0310 -0.8195 -0.5723
vn 0.0219 -0.8261 -0.5632
vn -0.0485 0.7791 -0.6250
vn 0.6040 -0.1682 -0.7790
vn 0.5933 0.2502 -0.7651
vn -0.1821 0.8524 -0.4902
vn 0.1862 -0.7688 -0.6118
vn -0.0462 0.7162 -0.6964
vn 0.2704 0.7808 0.5632
vn 0.0735 0.7312 -0.6782
vn -0.6630 -0.1029 -0.7415
vn -0.5965 -0.3002 -0.7443
vn 0.6605 -0.0846 -0.7461
vn -0.6187 0.1461 -0.7720
vn 0.6593 0.1032 -0.7448
vn 0.0805 0.7888 -0.6093
vn -0.1480 -0.7392 -0.6571
vn 0.1406 -0.7197 -0.6799
vn -0.2230 0.7715 -0.5959
vn 0.5939 0.2884 -0.7511
vn 0.6234 -0.1916 -0.7581
vn -0.6588 0.1488 -0.7374
vn -0.0236 -0.5728 -0.8193
vn 0.1821 0.8524 -0.4902
vn 0.6480 -0.2615 -0.7153
vn 0.6480 0.2615 -0.7153
vn -0.6117 0.0370 -0.7902
vn -0.6432 0.0587 -0.7634
vn 0.6137 0.1732 -0.7703
vn -0.6728 0.0244 -0.7394
vn 0.6218 -0.0640 -0.7805
vn -0.6683 -0.1174 -0.7346
vn -0.6355 0.0568 -0.7700
vn 0.0996 0.7590 -0.6434
vn -0.6594 -0.0631 -0.7492
vn -0.6596 0.0571 -0.7494
vn -0.0882 0.7599 -0.6441
vn 0.6611 -0.1242 -0.7400
vn -0.5939 0.2884 -0.7511
vn -0.6234 -0.1916 -0.7581
vn 0.6588 0.1488 -0.7374
vn 0.4813 0.7774 0.4050
vn -0.0353 0.7894 0.6129
vn -0.0663 0.6382 0.7670
vn 0.6317 -0.0240 0.7749
vn -0.0313 -0.7982 0.6015
vn -0.0291 0.7781 0.6275
vn -0.6611 -0.1242 0.7400
vn -0.6354 -0.0601 0.7698
vn 0.0444 0.6764 0.7352
vn -0.6373 0.3976 0.6602
vn 0.6254 -0.2742 0.7305
vn 0.6458 0.1187 0.7542
vn -0.7050 -0.1781 0.6865
vn -0.6512 -0.2019 0.7315
vn 0.6860 0.2169 0.6945
vn 0.6922 -0.1723 0.7008
vn 0.0319 0.7895 0.6130
vn -0.1619 0.7305 0.6634
vn 0.1619 0.7305 0.6634
vn 0.0373 -0.8141 0.5796
vn -0.1211 -0.8086 0.5757
vn -0.6208 -0.1474 0.7700
vn 0.0891 0.7629 0.6404
vn -0.0167 -0.7696 0.6383
vn 0.0483 -0.7688 0.6376
vn 0.6217 0.1782 0.7627
vn 0.0417 0.7794 0.6252
vn -0.0310 -0.8195 0.5723
vn 0.0219 -0.8260 0.5632
vn -0.0485 0.7791 0.6250
vn 0.6040 -0.1682 0.7790
vn 0.5933 0.2502 0.7651
vn -0.1821 0.8524 0.4902
vn 0.1862 -0.7688 0.6118
vn -0.0462 0.7162 0.6964
vn 0.2704 0.7808 -0.5632
vn 0.0735 0.7312 0.6782
vn -0.6630 -0.1029 0.7415
vn -0.5965 -0.3002 0.7443
vn 0.6605 -0.0846 0.7461
vn -0.6187 0.1461 0.7720
vn 0.6593 0.1032 0.7447
vn 0.0805 0.7888 0.6093
vn -0.1480 -0.7392 0.6571
vn 0.1406 -0.7197 0.6799
vn -0.2230 0.7715 0.5959
vn 0.5939 0.2884 0.7511
vn 0.6234 -0.1916 0.7581
vn -0.6588 0.1488 0.7374
vn -0.0236 -0.5728 0.8193
vn 0.1821 0.8524 0.4902
vn 0.6480 -0.2615 0.7153
vn 0.6480 0.2615 0.7153
vn -0.6117 0.0370 0.7902
vn -0.6432 0.0587 0.7634
vn 0.6137 0.1732 0.7703
vn -0.6728 0.0244 0.7394
vn 0.6218 -0.0640 0.7805
vn -0.6683 -0.1174 0.7346
vn -0.6355 0.0568 0.7700
vn 0.0996 0.7590 0.6434
vn -0.6594 -0.0631 0.7492
vn -0.6596 0.0571 0.7494
vn -0.0882 0.7599 0.6441
vn 0.6611 -0.1242 0.7400
vn -0.5939 0.2884 0.7511
vn -0.6234 -0.1916 0.7581
vn 0.6588 0.1488 0.7374
usemtl Wall_Dark.005
s 1
f 873//381 874//381 875//381 876//381
f 877//382 878//382 879//382 880//382
f 874//383 873//383 881//383 882//383 883//383 884//383
f 885//384 886//384 887//384 888//384
f 889//385 890//385 891//385 892//385
f 893//386 894//386 895//386 896//386
f 897//384 898//384 899//384 900//384
f 901//387 902//387 903//384 904//384
f 905//388 906//388 907//388 908//388
f 909//389 910//389 911//390 912//390
f 913//391 914//391 915//391 916//391
f 917//392 918//392 919//392 920//392
f 921//393 922//393 923//393 924//393 925//393 926//393 927//393 928//393 929//393 930//393
f 931//388 932//388 933//388 934//388
f 935//394 936//394 937//394 938//394
f 939//383 940//383 941//383 942//383 943//383 944//383 945//383
f 946//395 947//395 948//395 949//395
f 950//396 951//396 952//396 953//396
f 954//388 955//388 956//388 957//388
f 958//390 959//390 960//390 961//390
f 962//397 963//397 964//397 965//397
f 966//398 967//398 968//399 969//399
f 970//400 971//400 972//400 973//400
f 974//401 975//401 976//384 977//384
f 978//402 979//402 980//402 981//402
f 982//381 983//381 984//381 985//381
f 986//390 987//390 988//390 989//390
f 990//403 908//403 907//403 991//403
f 992//383 993//383 994//383 995//383 996//383 997//383 998//383 999//383 1000//383 1001//383
f 1002//384 1003//384 1004//384 1005//384
f 1006//384 1007//384 1008//384 1009//384
f 1010//388 1011//388 1012//388 1013//388
f 882//404 1014//404 1015//404
f 1016//405 1017//405 881//405
f 1018//406 1019//407 1020//408
f 1021//409 1022//410 1023//411
f 880//412 1024//413 1025//414
f 1026//415 1027//416 888//417
f 876//418 1028//418 873//418
f 892//418 1029//418 1030//418
f 1031//419 1032//419 896//419
f 1033//405 1034//405 1035//405
f 1036//418 1037//418 1038//418
f 991//404 907//404 1039//404
f 906//420 1040//420 1041//420
f 1042//420 1043//420 1044//420
f 912//405 1045//405 1046//405
f 1047//404 1048//404 916//404
f 929//418 1049//418 1050//418
f 1051//420 1052//420 928//420
f 931//404 945//404 1053//404
f 942//405 920//405 919//405
f 934//420 1054//420 939//420
f 1055//418 941//418 938//418
f 1056//405 1057//405 923//405
f 1058//404 1059//404 924//404
f 1060//405 1061//405 1062//405
f 949//404 1063//404 1064//404
f 1065//420 1066//420 957//420
f 1067//420 1068//420 1069//420
f 904//404 1070//404 1071//404
f 1072//418 960//418 1073//418
f 959//405 1074//405 1075//405
f 1076//404 977//404 1077//404
f 1078//421 966//421 1079//421
f 982//422 985//422 1080//422
f 1000//418 1081//418 1082//418
f 1083//420 1084//420 999//420
f 989//405 1004//405 994//405
f 1003//404 1085//404 995//404
f 1086//405 1087//405 1088//405
f 1089//418 1090//418 1091//418
f 1009//404 1012//404 1092//404
f 1011//420 1093//420 1094//420
f 1095//385 876//385 875//385 1096//385
f 1017//384 1097//384 1098//384 1014//384
f 876//423 1095//423 1099//423 1028//423
f 1014//403 1098//403 1100//403 1015//403
f 882//424 881//424 1017//424 1014//424
f 1101//385 1102//385 1023//385 1103//385
f 1104//425 1021//425 1023//425 1102//425
f 879//426 1105//427 1024//413 880//412
f 1106//428 1025//428 1024//428 1107//428
f 877//429 880//429 1025//429 1108//429
f 1109//388 1110//388 1111//388 1112//388
f 1113//430 1114//430 1111//430 1110//430
f 891//423 1115//423 1029//423 892//423
f 1116//431 1030//431 1029//431 893//431
f 889//381 892//381 1030//381 1117//381
f 1037//390 1118//390 1119//390 1034//390
f 900//424 991//424 1039//424 1120//424
f 906//432 905//432 1121//432 1040//432
f 1122//381 1036//381 1038//381 1123//381
f 1033//433 1038//433 1037//433 1034//433
f 1041//434 1039//434 907//434 906//434
f 973//435 972//435 1044//435 1124//435
f 911//392 1125//392 1045//392 912//392
f 1126//424 1046//424 1045//424 1127//424
f 909//433 912//433 1046//433 1128//433
f 1129//434 1043//434 1042//434 1130//434
f 1131//436 1056//436 923//436 922//436
f 1059//403 1058//403 1132//403 1133//403
f 1134//434 1051//434 928//434 927//434
f 929//381 928//381 1052//381 1049//381
f 1135//437 1136//437 1137//438 1138//438
f 943//439 942//439 919//439 1137//439
f 1139//440 1053//440 1136//440 1135//440
f 940//441 939//441 1054//441 935//441
f 931//434 934//434 939//434 945//434
f 1055//433 920//433 942//433 941//433
f 924//424 923//424 1057//424 1058//424
f 1140//442 1141//442 1142//442 1143//442
f 948//403 1144//403 1063//403 949//403
f 1145//434 1064//434 1063//434 1146//434
f 946//443 949//443 1064//443 1147//443
f 1148//381 1149//381 1150//381 1151//381
f 1068//432 1152//432 1153//432 1069//432
f 1154//381 1072//381 1073//381 1155//381
f 903//403 1156//403 1070//403 904//403
f 901//424 904//424 1071//424 1157//424
f 1067//434 1071//434 1070//434 1068//434
f 1075//433 1073//433 960//433 959//433
f 965//388 964//388 1158//388 1083//388
f 1159//444 1078//444 1079//444 1160//444
f 1159//390 1161//390 1162//390 1078//390
f 977//403 976//403 1163//403 1077//403
f 1164//445 1165//445 980//445 979//445
f 1166//446 1079//446 966//446 969//446
f 1084//385 1167//385 1168//385 1081//385
f 986//433 989//433 994//433 993//433
f 1003//403 1002//403 1169//403 1085//403
f 965//434 1083//434 999//434 998//434
f 1000//381 999//381 1084//381 1081//381
f 995//424 994//424 1004//424 1003//424
f 1090//390 1170//390 1171//390 1087//390
f 1006//424 1009//424 1092//424 1172//424
f 1011//432 1010//432 1173//432 1093//432
f 1174//381 1089//381 1091//381 1175//381
f 1086//433 1091//433 1090//433 1087//433
f 1094//434 1092//434 1012//434 1011//434
f 1129//388 1176//388 1177//388 1043//388
f 1178//432 1096//432 875//432 1179//432
f 1018//447 1180//447 1181//447 1019//447
f 1182//383 1183//383 1021//383 1104//383 1184//383 1185//383 1019//383 1181//383 1108//383 1025//383 1106//383 1186//383 1187//383 1027//383
f 888//417 887//448 1188//449 1026//415
f 1189//450 1190//450 1191//451 1192//451
f 1018//390 1193//390 1194//390 1180//390
f 1026//452 1189//452 1182//452 1027//452
f 1180//453 877//453 1108//453 1181//453
f 1026//388 1188//388 1190//450 1189//450
f 1027//428 1187//428 885//428 888//428
f 1019//425 1185//425 951//425 1020//425
f 953//454 952//454 1102//454 1101//454
f 1024//384 1105//384 1195//384 1107//384
f 1196//455 1197//455 886//455 885//455
f 1032//456 1116//456 893//456 896//456
f 1198//457 1113//457 1110//457 1199//457
f 1200//388 1199//388 1110//388 1109//388
f 1031//458 1201//458 1202//458 1032//458
f 1116//459 1032//459 1202//459 1203//459 1114//459 1113//459 1198//459 1204//459 1117//459 1030//459
f 1029//460 1115//460 894//460 893//460
f 1201//461 1205//461 1206//461 1207//461
f 1031//462 1208//462 1205//462 1201//462
f 1209//463 1210//463 890//463 889//463
f 1211//464 1212//464 1178//465 1179//465
f 1015//434 1213//434 883//434 882//434
f 1028//433 1016//433 881//433 873//433
f 1213//451 1214//451 1212//464 1211//464
f 985//466 1215//466 1216//466 1080//466
f 1217//467 981//467 980//467 1218//467
f 1162//468 967//468 966//468 1078//468
f 1076//424 1219//424 974//424 977//424
f 983//469 1164//469 979//469 984//469
f 1220//423 1221//423 1222//423 1223//423
f 1224//470 984//470 979//470 978//470
f 1225//471 1226//471 975//401 974//401
f 1177//432 1124//432 1044//432 1043//432
f 1227//472 1159//472 1160//472 1228//472
f 1077//434 1229//434 1230//434 1076//434
f 1215//385 985//385 984//385 1224//385
f 1227//390 1231//390 1161//390 1159//390
f 1077//388 1163//388 1232//388 1229//388
f 1080//473 1227//473 1228//473 982//473
f 1079//383 1166//383 1233//383 1219//383 1076//383 1230//383 1234//383 1165//383 1164//383 983//383 982//383 1228//383 1160//383
f 1080//390 1216//390 1231//390 1227//390
f 1235//434 1129//434 1130//434 1236//434
f 916//403 915//403 1237//403 1047//403
f 1235//388 1238//388 1176//388 1129//388
f 1223//474 1222//474 1239//475 1240//475
f 1047//434 1235//434 1236//434 1048//434
f 1047//388 1237//388 1238//388 1235//388
f 1241//383 1128//383 1046//383 1126//383 1242//383 1048//383 1236//383 1130//383 1042//383 1243//383 1244//383 1245//383
f 1242//476 1126//476 1127//476 913//476
f 1245//381 1244//381 971//381 1220//381
f 1221//385 1220//385 971//385 970//385
f 1048//477 1242//477 913//477 916//477
f 1093//381 1246//381 1247//381 1094//381
f 1248//424 1006//424 1172//424 1249//424
f 1008//403 1013//403 1012//403 1009//403
f 1093//385 1173//385 1250//385 1246//385
f 1248//384 1251//384 1007//384 1006//384
f 1252//424 1248//424 1249//424 1253//424
f 1252//384 1254//384 1251//384 1248//384
f 1255//424 1252//424 1253//424 1256//424
f 1246//478 1250//478 1257//478 1258//478
f 1255//384 1259//384 1254//384 1252//384
f 1050//479 1260//479 930//479 929//479
f 1134//480 1261//480 1262//480 1263//480
f 1059//434 1264//434 925//434 924//434
f 1264//388 1059//388 1133//388 1265//388
f 1266//481 1267//481 1141//481 1140//481
f 1146//388 1268//388 955//388 954//388
f 1061//482 1269//482 1267//482 1062//482
f 1270//483 1066//483 1271//483 1151//483 1150//483 1272//483 1269//483 1061//483 1273//483 1147//483 1064//483 1145//483
f 1065//484 1274//484 1271//484 1066//484
f 1274//485 1148//485 1151//485 1271//485
f 1060//424 1275//424 1273//424 1061//424
f 1275//486 946//486 1147//486 1273//486
f 1276//390 1062//390 1267//390 1266//390
f 1065//487 1277//487 1278//487 1274//487
f 1274//488 1278//488 1279//488 1148//488
f 1060//384 1280//384 1281//384 1275//384
f 941//489 940//489 935//489 938//489
f 1282//490 901//490 1157//490 1283//490
f 1069//491 1284//491 1285//491 1067//491
f 1069//492 1153//492 1286//492 1284//492
f 1074//493 1287//493 1288//494 1282//494
f 1285//383 1155//383 1073//383 1075//383 1283//383 1157//383 1071//383 1067//383
f 1284//495 1286//495 1289//495 1154//495
f 1074//496 1282//496 1283//496 1075//496
f 1284//497 1154//497 1155//497 1285//497
f 1290//498 1291//498 1292//499 1174//499
f 959//392 958//392 1287//392 1074//392
f 1154//385 1289//385 1293//385 1072//385
f 988//392 1005//392 1004//392 989//392
f 1294//500 1295//500 963//500 962//500
f 1296//390 1297//390 1298//390 1299//390
f 1085//434 1294//434 996//434 995//434
f 1085//388 1169//388 1295//388 1294//388
f 1299//501 1298//501 987//501 986//501
f 1082//502 1296//502 1001//502 1000//502
f 1082//503 1300//503 1297//503 1296//503
f 1138//438 1137//438 919//504 918//504
f 1127//505 1301//505 914//505 913//505
f 1302//506 1303//506 1304//506 1131//506
f 1260//507 1305//507 1303//507 1302//507
f 1258//508 1257//508 1306//508 1307//508
f 1088//384 1308//384 1309//384 1310//384
f 1310//384 1309//384 1311//384 1312//384
f 1313//383 1314//383 1256//383 1253//383 1249//383 1172//383 1092//383 1094//383 1247//383 1315//383 1316//383 1317//383 1318//383 1175//383 1091//383 1086//383
f 1088//424 1310//424 1313//424 1086//424
f 1310//424 1312//424 1314//424 1313//424
f 1312//424 1255//424 1256//424 1314//424
f 1307//381 1319//381 1317//381 1316//381
f 1312//384 1311//384 1259//384 1255//384
f 1307//385 1306//385 1320//509 1319//509
f 1319//509 1320//509 1291//510 1290//510
f 1229//511 1232//511 1321//511 1322//511
f 1107//512 1195//512 1197//512 1196//512
f 1323//385 1020//385 951//385 950//385
f 1180//513 1194//513 878//513 877//513
f 1324//514 1103//515 1023//411 1022//410
f 1020//408 1323//516 1193//517 1018//406
f 1192//451 1191//451 1324//518 1022//518
f 1325//432 1326//432 1052//432 1051//432
f 1049//423 1327//423 1328//423 1050//423
f 1051//388 1134//388 1263//388 1325//388
f 1081//423 1168//423 1300//423 1082//423
f 1158//432 1167//432 1084//432 1083//432
f 933//432 1329//432 1054//432 934//432
f 1293//423 961//423 960//423 1072//423
f 1330//423 1170//423 1090//423 1089//423
f 1087//392 1171//392 1308//392 1088//392
f 1174//499 1292//499 1330//385 1089//385
f 1331//423 1118//423 1037//423 1036//423
f 1034//392 1119//392 1332//392 1035//392
f 1040//385 1121//385 1333//385 1334//385
f 1335//392 1097//392 1017//392 1016//392
f 1028//390 1099//390 1335//390 1016//390
f 1336//519 1337//519 1210//519 1209//519
f 896//392 895//392 1208//392 1031//392
f 1338//403 1112//403 1111//403 1339//403
f 1199//432 1200//432 1337//432 1336//432
f 1207//384 1206//384 1338//384 1339//384
f 969//399 968//399 1226//471 1225//471
f 1240//475 1239//475 910//389 909//389
f 1322//520 1321//520 1217//520 1218//520
f 1045//384 1125//384 1301//384 1127//384
f 1063//388 1144//388 1268//388 1146//388
f 1122//385 1340//385 1331//385 1036//385
f 957//432 956//432 1277//432 1065//432
f 1053//403 1139//403 932//403 931//403
f 1341//423 1143//423 1142//423 1149//423
f 1062//392 1276//392 1280//392 1060//392
f 938//423 937//423 1342//423 1055//423
f 1148//385 1279//385 1341//385 1149//385
f 1054//521 1329//521 936//521 935//521
f 1055//390 1342//390 917//390 920//390
f 1343//383 1120//383 1039//383 1041//383 1344//383 1123//383 1038//383 1033//383
f 900//384 899//384 990//384 991//384
f 1015//388 1100//388 1214//451 1213//451
f 1035//384 1332//384 898//384 897//384
f 1334//385 1333//385 1340//385 1122//385
f 1345//384 1346//384 1347//522 1348//522
f 1070//388 1156//388 1152//388 1068//388
f 1349//383 1350//383 1351//383 1352//383 1353//383 1354//383 1355//383 1356//383
f 1354//405 1357//405 1345//405
f 1358//418 1359//418 1353//418
f 1360//420 1361//420 1352//420
f 1362//388 1360//388 1363//388 1364//388
f 1359//390 1365//390 1366//390 1357//390
f 1360//432 1362//432 1367//432 1361//432
f 1357//392 1366//392 1346//392 1345//392
f 1354//433 1353//433 1359//433 1357//433
f 1368//403 1369//403 1370//403 1371//403
f 1372//523 1373//523 1368//524 1371//524
f 1345//424 1348//424 1355//424 1354//424
f 1361//381 1358//381 1353//381 1352//381
f 1348//522 1347//522 1373//523 1372//523
f 1374//423 1365//423 1359//423 1358//423
f 1361//385 1367//385 1374//385 1358//385
f 1364//388 1363//388 1375//388 1376//388
f 1377//525 1378//525 1379//526 1380//526
f 1352//434 1351//434 1363//434 1360//434
f 1376//388 1375//388 1370//388 1369//388
f 1381//527 1382//527 1378//525 1377//525
f 1383//528 1384//528 1385//528 1386//528
f 1387//388 1388//388 1389//388 1390//388
f 1391//418 1392//418 1393//418
f 1394//405 1395//405 1396//405
f 1383//529 1397//529 1389//529
f 1390//530 1398//530 1380//530
f 1394//384 1399//384 1400//384 1401//384
f 1393//390 1402//390 1403//390 1396//390
f 1380//531 1379//531 1387//531 1390//531
f 1401//424 1404//424 1395//424 1394//424
f 1391//433 1393//433 1396//433 1395//433
f 1398//532 1390//532 1389//532 1397//532
f 1392//381 1391//381 1405//381 1406//381
f 1384//533 1383//533 1389//533 1388//533
f 1401//534 1400//534 1382//534 1381//534
f 1405//383 1391//383 1395//383 1404//383 1407//383 1408//383 1398//383 1397//383 1409//383
f 1406//385 1410//385 1411//385 1392//385
f 1392//423 1411//423 1402//423 1393//423
f 1399//392 1394//392 1396//392 1403//392
f 1380//535 1398//535 1408//535 1377//535
f 1386//536 1385//536 1410//536 1406//536
f 1412//537 1095//537 1096//537 1413//537
f 1413//538 1414//538 1415//538 1416//538 1417//538 1412//538
f 1131//390 1304//390 1418//390 1056//390
f 1419//539 1420//539 1421//539 1422//539 1423//539 1424//539 1425//539 1426//539 1427//539 1428//539
f 1429//538 1430//538 1431//538 1432//538 1433//538 1434//538 1435//538
f 1132//384 1058//384 1057//384 1436//384
f 1437//537 1215//537 1224//537 1438//537
f 1439//538 1440//538 1441//538 1442//538 1443//538 1444//538 1445//538 1446//538 1447//538 1448//538
f 1416//540 1100//540 1098//540
f 1335//541 1417//541 1097//541
f 1193//517 1323//516 1449//542
f 1450//543 1103//515 1324//514
f 879//426 1451//544 1105//427
f 1188//449 887//448 1452//545
f 1095//546 1412//546 1099//546
f 891//546 1453//546 1115//546
f 1208//547 895//547 1454//547
f 1455//541 1332//541 1119//541
f 1331//546 1456//546 1118//546
f 990//540 1457//540 908//540
f 905//548 1458//548 1121//548
f 1459//548 1124//548 1177//548
f 911//541 1460//541 1125//541
f 1237//540 915//540 1461//540
f 1421//546 1328//546 1327//546
f 1325//548 1422//548 1326//548
f 932//540 1139//540 1430//540
f 1433//541 918//541 917//541
f 933//548 1429//548 1329//548
f 1342//546 937//546 1434//546
f 1418//541 1427//541 1436//541
f 1132//540 1426//540 1133//540
f 1280//541 1276//541 1462//541
f 948//540 1463//540 1144//540
f 1277//548 956//548 1464//548
f 1465//548 1153//548 1152//548
f 903//540 1466//540 1156//540
f 1293//546 1467//546 961//546
f 958//541 1468//541 1287//541
f 1469//540 1163//540 976//540
f 1162//549 1470//549 967//549
f 1437//550 1216//550 1215//550
f 1441//546 1300//546 1168//546
f 1158//548 1442//548 1167//548
f 988//541 1447//541 1005//541
f 1002//540 1446//540 1169//540
f 1471//541 1308//541 1171//541
f 1330//546 1472//546 1170//546
f 1008//540 1473//540 1013//540
f 1010//548 1474//548 1173//548
f 1416//551 1098//551 1097//551 1417//551
f 1475//552 1101//552 1103//552 1450//552
f 1476//553 1195//553 1105//553 1451//553
f 878//554 1477//554 1451//554 879//554
f 1478//555 1109//555 1112//555 1479//555
f 1480//556 894//556 1115//556 1453//556
f 890//537 1481//537 1453//537 891//537
f 899//551 1482//551 1457//551 990//551
f 1340//537 1483//537 1456//537 1331//537
f 1455//557 1119//557 1118//557 1456//557
f 1458//558 905//558 908//558 1457//558
f 1484//551 1301//551 1125//551 1460//551
f 910//557 1485//557 1460//557 911//557
f 1176//558 1486//558 1459//558 1177//558
f 1049//385 1052//385 1326//385 1327//385
f 1304//559 1428//559 1427//559 1418//559
f 1263//558 1423//558 1422//558 1325//558
f 1421//537 1327//537 1326//537 1422//537
f 1432//560 1138//560 918//560 1433//560
f 1435//561 936//561 1329//561 1429//561
f 932//558 1430//558 1429//558 933//558
f 1342//557 1434//557 1433//557 917//557
f 1426//551 1132//551 1436//551 1427//551
f 1282//494 1288//494 902//387 901//387
f 1487//558 1268//558 1144//558 1463//558
f 947//562 1488//562 1463//562 948//562
f 1279//537 1489//537 1490//537 1341//537
f 1289//537 1491//537 1467//537 1293//537
f 902//551 1492//551 1466//551 903//551
f 1465//558 1152//558 1156//558 1466//558
f 1468//557 958//557 961//557 1467//557
f 1161//563 1493//563 1470//563 1162//563
f 1494//564 978//564 981//564 1495//564
f 1496//565 968//565 967//565 1470//565
f 987//557 1448//557 1447//557 988//557
f 964//558 1443//558 1442//558 1158//558
f 1441//537 1168//537 1167//537 1442//537
f 1446//551 1002//551 1005//551 1447//551
f 1007//551 1497//551 1473//551 1008//551
f 1292//537 1498//537 1472//537 1330//537
f 1471//557 1171//557 1170//557 1472//557
f 1474//558 1010//558 1013//558 1473//558
f 1193//566 1449//566 1499//566 1194//566
f 1500//538 1452//538 1501//538 1502//538 1476//538 1451//538 1477//538 1499//538 1449//538 1503//538 1504//538 1475//538 1450//538 1505//538
f 1188//567 1452//567 1500//567 1190//567
f 1194//568 1499//568 1477//568 878//568
f 1452//553 887//553 886//553 1501//553
f 1449//552 1323//552 950//552 1503//552
f 1454//569 895//569 894//569 1480//569
f 1506//570 1200//570 1109//570 1478//570
f 1208//571 1454//571 1507//571 1205//571
f 1480//572 1453//572 1481//572 1508//572 1506//572 1478//572 1479//572 1509//572 1507//572 1454//572
f 1100//558 1416//558 1415//558 1214//558
f 1099//557 1412//557 1417//557 1335//557
f 1469//551 976//551 975//551 1510//551
f 1438//573 1224//573 978//573 1494//573
f 1231//574 1511//574 1493//574 1161//574
f 1163//558 1469//558 1512//558 1232//558
f 1216//575 1437//575 1511//575 1231//575
f 1470//538 1493//538 1511//538 1437//538 1438//538 1494//538 1495//538 1513//538 1512//538 1469//538 1510//538 1514//538 1496//538
f 1238//558 1515//558 1486//558 1176//558
f 1237//558 1461//558 1515//558 1238//558
f 1516//538 1517//538 1518//538 1519//538 1459//538 1486//538 1515//538 1461//538 1520//538 1484//538 1460//538 1485//538
f 1520//576 914//576 1301//576 1484//576
f 1517//537 1221//537 970//537 1518//537
f 1461//577 915//577 914//577 1520//577
f 1173//537 1474//537 1521//537 1250//537
f 1251//551 1522//551 1497//551 1007//551
f 1254//551 1523//551 1522//551 1251//551
f 1259//551 1524//551 1523//551 1254//551
f 1328//578 1421//578 1420//578 1305//578
f 1418//392 1436//392 1057//392 1056//392
f 1050//579 1328//579 1305//579 1260//579
f 1133//558 1426//558 1425//558 1265//558
f 1264//580 1265//580 1262//580 1261//580
f 1462//581 1276//581 1266//581 1525//581
f 1526//582 1487//582 1463//582 1488//582 1527//582 1462//582 1525//582 1528//582 1490//582 1489//582 1529//582 1464//582
f 1277//583 1464//583 1529//583 1278//583
f 1278//584 1529//584 1489//584 1279//584
f 1280//551 1462//551 1527//551 1281//551
f 1281//585 1527//585 1488//585 947//585
f 1434//586 937//586 936//586 1435//586
f 1288//587 1530//587 1492//587 902//587
f 1153//588 1465//588 1531//588 1286//588
f 1531//538 1465//538 1466//538 1492//538 1530//538 1468//538 1467//538 1491//538
f 1287//589 1468//589 1530//589 1288//589
f 1286//590 1531//590 1491//590 1289//590
f 1169//558 1446//558 1445//558 1295//558
f 1300//591 1441//591 1440//591 1297//591
f 1532//538 1471//538 1472//538 1498//538 1533//538 1534//538 1535//538 1536//538 1521//538 1474//538 1473//538 1497//538 1522//538 1523//538 1524//538 1537//538
f 1308//551 1471//551 1532//551 1309//551
f 1309//551 1532//551 1537//551 1311//551
f 1311//551 1537//551 1524//551 1259//551
f 1306//537 1535//537 1534//537 1320//537
f 1275//592 1281//592 947//592 946//592
f 1538//538 1455//538 1456//538 1483//538 1539//538 1458//538 1457//538 1482//538
f 1540//538 1541//538 1542//538 1543//538 1544//538 1545//538 1546//538 1547//538
f 1543//541 1346//541 1366//541
f 1374//546 1544//546 1365//546
f 1362//548 1545//548 1367//548
f 1543//557 1366//557 1365//557 1544//557
f 1346//551 1543//551 1542//551 1347//551
f 1367//537 1545//537 1544//537 1374//537
f 1545//558 1362//558 1364//558 1546//558
f 1548//546 1402//546 1411//546
f 1399//541 1403//541 1549//541
f 1384//593 1388//593 1550//593
f 1387//594 1379//594 1551//594
f 1400//551 1399//551 1549//551 1552//551
f 1548//557 1549//557 1403//557 1402//557
f 1551//595 1550//595 1388//595 1387//595
f 1411//537 1410//537 1553//537 1548//537
f 1553//538 1554//538 1550//538 1551//538 1555//538 1556//538 1552//538 1549//538 1548//538
f 1379//596 1378//596 1555//596 1551//596
usemtl Wall_Medium.005
f 1557//388 1558//388 1559//388 1560//388
f 1561//384 1562//384 1563//384 1564//384
f 1565//384 1566//384 1567//384 1568//384
f 1569//388 1570//388 1571//388 1572//388
f 1573//388 1574//388 1575//388 1576//388
f 1577//597 1578//597 1579//598 1580//598
f 1581//384 1582//384 1583//384 1584//384
f 1585//385 1586//385 1587//385 1588//385
f 1589//390 1590//390 1591//390 1592//390
f 1593//384 1594//384 1595//384 1596//384
f 1597//599 1598//599 1599//599 1600//599
f 1601//384 1602//384 1562//384 1561//384
f 1603//388 1604//388 1605//388 1606//388
f 1607//384 1608//384 1602//384 1601//384
f 1609//388 1610//388 1611//388 1612//388
f 1613//405 1614//405 1565//405
f 1615//418 1616//418 1617//418
f 1568//404 1575//404 1618//404
f 1558//420 1619//420 1620//420
f 1621//420 1572//420 1622//420
f 1584//404 1569//404 1623//404
f 1588//418 1591//418 1624//418
f 1590//405 1625//405 1626//405
f 1627//405 1628//405 1593//405
f 1629//418 1630//418 1631//418
f 1600//600 1605//600 1632//600
f 1604//601 1633//601 1634//601
f 1635//405 1636//405 1607//405
f 1637//418 1638//418 1639//418
f 1564//404 1611//404 1640//404
f 1641//420 1642//420 1643//420
f 1644//390 1645//390 1646//390 1614//390
f 1565//424 1568//424 1618//424 1613//424
f 1558//432 1557//432 1647//432 1619//432
f 1619//381 1615//381 1617//381 1620//381
f 1648//433 1617//433 1616//433 1649//433
f 1650//602 1618//602 1575//602 1574//602
f 1572//432 1571//432 1651//432 1622//432
f 1585//381 1588//381 1624//381 1652//381
f 1583//403 1570//403 1569//403 1584//403
f 1581//424 1584//424 1623//424 1653//424
f 1621//434 1623//434 1569//434 1572//434
f 1626//433 1624//433 1591//433 1590//433
f 1654//385 1655//385 1656//385 1629//385
f 1630//390 1657//390 1658//390 1628//390
f 1604//533 1603//533 1659//533 1633//533
f 1654//381 1629//381 1631//381 1660//381
f 1627//433 1631//433 1630//433 1628//433
f 1634//532 1632//532 1605//532 1604//532
f 1661//603 1662//603 1663//603 1636//603
f 1641//432 1664//432 1665//432 1642//432
f 1642//604 1637//604 1639//604 1643//604
f 1563//403 1612//403 1611//403 1564//403
f 1666//434 1640//434 1611//434 1610//434
f 1643//434 1667//434 1668//434 1641//434
f 1638//390 1669//390 1670//390 1671//390
f 1639//383 1672//383 1673//383 1635//383 1674//383 1675//383 1640//383 1666//383 1676//383 1667//383 1643//383
f 1677//605 1678//605 1582//605 1581//605
f 1679//606 1650//606 1574//606 1680//606
f 1560//388 1559//388 1680//388 1681//388
f 1648//383 1682//383 1613//383 1618//383 1650//383 1679//383 1683//383 1620//383 1617//383
f 1681//388 1680//388 1574//388 1573//388
f 1633//607 1659//607 1578//597 1577//597
f 1622//608 1651//608 1684//608 1685//608
f 1685//609 1684//609 1686//609 1687//609
f 1625//385 1688//385 1689//385 1690//385
f 1625//610 1690//610 1691//610 1626//610
f 1687//385 1686//385 1586//385 1585//385
f 1692//383 1693//383 1652//383 1624//383 1626//383 1691//383 1694//383 1653//383 1623//383 1621//383
f 1687//381 1585//381 1652//381 1693//381
f 1593//424 1596//424 1695//424 1627//424
f 1599//531 1606//531 1605//531 1600//531
f 1580//611 1579//611 1655//611 1654//611
f 1695//383 1696//383 1632//383 1634//383 1697//383 1698//383 1660//383 1631//383 1627//383
f 1587//423 1592//423 1591//423 1588//423
f 1699//612 1700//612 1610//612 1609//612
f 1628//392 1658//392 1594//392 1593//392
f 1656//423 1657//423 1630//423 1629//423
f 1690//613 1689//613 1678//613 1677//613
f 1616//390 1701//390 1702//390 1649//390
f 1649//390 1702//390 1645//390 1644//390
f 1567//403 1576//403 1575//403 1568//403
f 1703//423 1701//423 1616//423 1615//423
f 1614//392 1646//392 1566//392 1565//392
f 1619//385 1647//385 1703//385 1615//385
f 1704//614 1668//614 1700//614 1699//614
f 1664//388 1641//388 1668//388 1704//388
f 1671//615 1670//615 1662//615 1661//615
f 1705//423 1669//423 1638//423 1637//423
f 1636//392 1663//392 1608//392 1607//392
f 1642//385 1665//385 1705//385 1637//385
f 1633//616 1577//616 1697//616 1634//616
f 1596//617 1595//617 1598//617 1597//617
f 1672//433 1639//433 1638//433 1671//433
f 1607//424 1601//424 1674//424 1635//424
f 1706//541 1566//541 1646//541
f 1703//546 1707//546 1701//546
f 1567//540 1708//540 1576//540
f 1557//548 1709//548 1647//548
f 1710//548 1651//548 1571//548
f 1583//540 1711//540 1570//540
f 1587//546 1712//546 1592//546
f 1589//541 1713//541 1688//541
f 1714//541 1594//541 1658//541
f 1656//546 1715//546 1657//546
f 1599//618 1716//618 1606//618
f 1603//619 1717//619 1659//619
f 1718//541 1608//541 1663//541
f 1705//546 1719//546 1669//546
f 1563//540 1720//540 1612//540
f 1664//548 1721//548 1665//548
f 1566//551 1706//551 1708//551 1567//551
f 1647//537 1709//537 1707//537 1703//537
f 1722//557 1702//557 1701//557 1707//557
f 1723//620 1573//620 1576//620 1708//620
f 1586//537 1724//537 1712//537 1587//537
f 1582//551 1725//551 1711//551 1583//551
f 1710//558 1571//558 1570//558 1711//558
f 1713//557 1589//557 1592//557 1712//557
f 1655//537 1726//537 1715//537 1656//537
f 1714//557 1658//557 1657//557 1715//557
f 1717//595 1603//595 1606//595 1716//595
f 1665//621 1721//621 1719//621 1705//621
f 1727//558 1609//558 1612//558 1720//558
f 1721//558 1664//558 1704//558 1728//558
f 1719//538 1721//538 1728//538 1729//538 1727//538 1720//538 1730//538 1731//538 1718//538 1732//538 1733//538
f 1734//622 1681//622 1573//622 1723//622
f 1722//538 1707//538 1709//538 1735//538 1734//538 1723//538 1708//538 1706//538 1736//538
f 1688//623 1713//623 1737//623 1689//623
f 1738//538 1710//538 1711//538 1725//538 1739//538 1737//538 1713//538 1712//538 1724//538 1740//538
f 1686//537 1740//537 1724//537 1586//537
f 1594//551 1714//551 1741//551 1595//551
f 1741//538 1714//538 1715//538 1726//538 1742//538 1743//538 1717//538 1716//538 1744//538
f 1659//624 1717//624 1743//624 1578//624
f 1733//557 1670//557 1669//557 1719//557
f 1608//551 1718//551 1731//551 1602//551
f 1590//392 1589//392 1688//392 1625//392
usemtl Wall_Highlights.005
f 1179//420 875//420 874//420
f 1336//420 1198//420 1199//420
f 1114//404 1339//404 1111//404
f 1223//418 1245//418 1220//418
f 1150//418 1149//418 1142//418
f 1218//625 980//625 1165//625
f 1211//626 1179//626 874//626 884//626
f 1192//627 1022//627 1021//627 1183//627
f 1207//424 1339//424 1114//424 1203//424
f 1243//628 1042//628 1044//628 972//628
f 1272//629 1150//629 1142//629 1141//629
f 1322//630 1218//630 1165//630 1234//630
f 1597//631 1600//631 1632//631 1696//631
f 1561//632 1564//632 1640//632 1675//632
f 1189//633 1192//633 1183//633 1182//633
f 1186//634 1106//634 1107//634 1196//634
f 1184//635 1104//635 1102//635 952//635
f 1185//636 1184//636 952//636 951//636
f 1187//637 1186//637 1196//637 885//637
f 1201//638 1207//638 1203//638 1202//638
f 1209//639 889//639 1117//639 1204//639
f 1336//640 1209//640 1204//640 1198//640
f 1213//641 1211//641 884//641 883//641
f 1667//642 1676//642 1700//642 1668//642
f 1676//643 1666//643 1610//643 1700//643
f 1635//644 1673//644 1661//644 1636//644
f 1673//645 1672//645 1671//645 1661//645
f 1219//646 1233//646 1225//646 974//646
f 1229//647 1322//647 1234//647 1230//647
f 1223//648 1240//648 1241//648 1245//648
f 1240//649 909//649 1128//649 1241//649
f 1244//650 1243//650 972//650 971//650
f 1683//651 1679//651 1680//651 1559//651
f 1682//652 1648//652 1649//652 1644//652
f 1613//653 1682//653 1644//653 1614//653
f 1620//654 1683//654 1559//654 1558//654
f 1246//655 1258//655 1315//655 1247//655
f 1258//656 1307//656 1316//656 1315//656
f 1261//657 1134//657 927//657 926//657
f 1302//658 1131//658 922//658 921//658
f 1066//659 1270//659 954//659 957//659
f 1269//660 1272//660 1141//660 1267//660
f 1270//661 1145//661 1146//661 954//661
f 945//662 944//662 1136//662 1053//662
f 1677//663 1581//663 1653//663 1694//663
f 1622//664 1685//664 1692//664 1621//664
f 1690//665 1677//665 1694//665 1691//665
f 1685//666 1687//666 1693//666 1692//666
f 1294//667 962//667 997//667 996//667
f 1296//668 1299//668 992//668 1001//668
f 1299//669 986//669 993//669 992//669
f 962//670 965//670 998//670 997//670
f 1580//671 1654//671 1660//671 1698//671
f 1577//672 1580//672 1698//672 1697//672
f 1596//673 1597//673 1696//673 1695//673
f 1260//674 1302//674 921//674 930//674
f 1264//675 1261//675 926//675 925//675
f 1319//676 1290//676 1318//676 1317//676
f 1290//677 1174//677 1175//677 1318//677
f 1233//678 1166//678 969//678 1225//678
f 944//679 943//679 1137//679 1136//679
f 1334//680 1122//680 1123//680 1344//680
f 1035//681 897//681 1343//681 1033//681
f 1040//682 1334//682 1344//682 1041//682
f 897//683 900//683 1120//683 1343//683
f 1601//684 1561//684 1675//684 1674//684
f 1350//685 1349//685 1370//685 1375//685
f 1371//404 1370//404 1349//404
f 1372//686 1371//686 1349//686 1356//686
f 1348//687 1372//687 1356//687 1355//687
f 1351//688 1350//688 1375//688 1363//688
f 1386//689 1409//689 1397//689 1383//689
f 1381//690 1407//690 1404//690 1401//690
f 1377//691 1408//691 1407//691 1381//691
f 1406//692 1405//692 1409//692 1386//692
f 1178//548 1413//548 1096//548
f 1337//548 1200//548 1506//548
f 1479//540 1112//540 1338//540
f 1222//546 1221//546 1517//546
f 1490//546 1143//546 1341//546
f 1217//693 1495//693 981//693
f 1212//694 1414//694 1413//694 1178//694
f 1191//695 1505//695 1450//695 1324//695
f 1206//551 1509//551 1479//551 1338//551
f 1519//696 973//696 1124//696 1459//696
f 1528//697 1140//697 1143//697 1490//697
f 1321//698 1513//698 1495//698 1217//698
f 1598//699 1744//699 1716//699 1599//699
f 1562//700 1730//700 1720//700 1563//700
f 1190//701 1500//701 1505//701 1191//701
f 1502//702 1197//702 1195//702 1476//702
f 1504//703 953//703 1101//703 1475//703
f 1503//704 950//704 953//704 1504//704
f 1501//705 886//705 1197//705 1502//705
f 1205//706 1507//706 1509//706 1206//706
f 1210//707 1508//707 1481//707 890//707
f 1337//708 1506//708 1508//708 1210//708
f 1214//709 1415//709 1414//709 1212//709
f 1728//710 1704//710 1699//710 1729//710
f 1729//711 1699//711 1609//711 1727//711
f 1718//712 1663//712 1662//712 1732//712
f 1732//713 1662//713 1670//713 1733//713
f 1510//714 975//714 1226//714 1514//714
f 1232//715 1512//715 1513//715 1321//715
f 1222//716 1517//716 1516//716 1239//716
f 1239//717 1516//717 1485//717 910//717
f 1518//718 970//718 973//718 1519//718
f 1735//719 1560//719 1681//719 1734//719
f 1736//720 1645//720 1702//720 1722//720
f 1706//721 1646//721 1645//721 1736//721
f 1709//722 1557//722 1560//722 1735//722
f 1250//723 1521//723 1536//723 1257//723
f 1257//724 1536//724 1535//724 1306//724
f 1262//725 1424//725 1423//725 1263//725
f 1303//726 1419//726 1428//726 1304//726
f 1464//727 956//727 955//727 1526//727
f 1525//728 1266//728 1140//728 1528//728
f 1526//729 955//729 1268//729 1487//729
f 1430//730 1139//730 1135//730 1431//730
f 1678//731 1739//731 1725//731 1582//731
f 1651//732 1710//732 1738//732 1684//732
f 1689//733 1737//733 1739//733 1678//733
f 1684//734 1738//734 1740//734 1686//734
f 1295//735 1445//735 1444//735 963//735
f 1297//736 1440//736 1439//736 1298//736
f 1298//737 1439//737 1448//737 987//737
f 963//738 1444//738 1443//738 964//738
f 1579//739 1742//739 1726//739 1655//739
f 1578//740 1743//740 1742//740 1579//740
f 1595//741 1741//741 1744//741 1598//741
f 1305//742 1420//742 1419//742 1303//742
f 1265//743 1425//743 1424//743 1262//743
f 1320//744 1534//744 1533//744 1291//744
f 1291//745 1533//745 1498//745 1292//745
f 1514//746 1226//746 968//746 1496//746
f 1431//747 1135//747 1138//747 1432//747
f 1333//748 1539//748 1483//748 1340//748
f 1332//749 1455//749 1538//749 898//749
f 1121//750 1458//750 1539//750 1333//750
f 898//751 1538//751 1482//751 899//751
f 1602//752 1731//752 1730//752 1562//752
f 1547//753 1376//753 1369//753 1540//753
f 1368//540 1540//540 1369//540
f 1373//754 1541//754 1540//754 1368//754
f 1347//755 1542//755 1541//755 1373//755
f 1546//756 1364//756 1376//756 1547//756
f 1385//757 1384//757 1550//757 1554//757
f 1382//758 1400//758 1552//758 1556//758
f 1378//759 1382//759 1556//759 1555//759
f 1410//760 1385//760 1554//760 1553//760
o Wall_Modular_Cube.004
v 1.031204 4.801557 0.978068
v 1.436793 4.801557 0.978068
v 1.436793 4.820557 0.945027
v 1.031204 4.820557 0.945027
v 0.896437 5.719898 0.907346
v 0.896437 5.719898 0.679834
v 0.880670 5.192621 0.679834
v 0.880670 5.192621 0.907346
v 1.031204 4.451290 0.978068
v 1.436793 4.451290 0.978068
v 1.436793 4.594989 0.978068
v 1.417661 4.703471 0.978068
v 1.219798 5.173621 0.907345
v 1.219798 5.173621 0.679833
v 1.436793 5.173621 0.679833
v 1.436793 5.173621 0.907345
v 1.233846 5.182026 0.862761
v 1.233846 5.182026 0.724417
v 0.639255 5.182025 0.724418
v 0.639255 5.182025 0.862762
v 0.613348 4.944404 0.862762
v 0.613348 4.944404 0.724418
v 0.611451 4.834126 0.724418
v 0.611451 4.834126 0.862762
v 0.467312 5.547903 0.967550
v 0.467312 5.547903 0.619630
v 0.538193 5.547903 0.619630
v 0.538193 5.547903 0.967550
v -0.262524 3.932585 0.967550
v -0.262525 3.932585 0.619630
v 0.266089 3.932585 0.619629
v 0.266089 3.932585 0.967551
v 0.885367 5.908916 0.619630
v 0.885367 5.908916 0.967550
v 0.885367 5.566903 0.967550
v 0.885367 5.566903 0.619630
v -0.190041 5.172174 0.907346
v -0.190041 5.172174 0.679834
v -0.190041 4.833163 0.679834
v -0.190041 4.833163 0.907346
v -0.021069 4.822244 0.907346
v -0.021069 4.822244 0.679834
v 0.585313 4.814163 0.679834
v 0.585313 4.814163 0.907346
v -1.461484 3.951584 0.679834
v -1.433680 3.932585 0.679834
v -1.433680 3.932585 0.907346
v -1.461484 3.951584 0.907346
v -1.398831 5.282846 0.995517
v -1.438739 5.214919 1.003777
v -1.433679 5.072310 1.000591
v -0.954875 5.072310 1.000591
v -0.954875 5.155032 1.000591
v -0.973795 5.196392 1.000591
v -0.954875 5.237752 1.000591
v -0.954875 5.911862 1.000591
v -1.433679 5.911862 1.000591
v -1.416474 5.502523 0.995603
v -0.765710 3.951585 0.907346
v -0.765710 3.951585 0.679834
v -0.765710 4.664076 0.679834
v -0.765710 4.664076 0.907346
v -0.900486 4.685688 0.907346
v -0.900487 4.685688 0.679834
v -1.433680 4.683076 0.679834
v -1.433680 4.683076 0.907346
v -0.793513 4.664076 0.940387
v -0.900486 4.655846 0.940387
v -1.433680 4.664076 0.940387
v -1.433680 3.951584 0.940387
v -1.021921 3.955710 0.940387
v -0.900486 3.965591 0.940387
v -0.793513 3.951585 0.940387
v -1.030172 4.688634 0.868261
v -1.030172 4.688634 0.718919
v -0.636142 4.674672 0.718919
v -0.636142 4.674672 0.868261
v 1.094221 5.930862 0.679833
v 1.094221 5.930862 0.907345
v 1.186551 5.933323 0.907345
v 1.186551 5.933323 0.679833
v -0.608339 4.903018 0.868261
v -0.608339 4.903018 0.718919
v -0.608339 5.042100 0.718919
v -0.608339 5.042100 0.868261
v -0.770406 3.951585 0.619630
v -0.770405 3.951585 0.967550
v -0.770405 4.303163 0.967550
v -0.770406 4.303163 0.619630
v -0.192476 4.770123 0.967550
v -0.192476 4.770123 0.619630
v -0.189663 4.790081 0.619630
v -0.189663 4.790081 0.967550
v -0.162237 4.319561 0.943946
v -0.162237 4.319561 0.643234
v 0.358340 4.319907 0.643234
v 0.358340 4.319907 0.943946
v -0.062778 5.558037 0.679834
v -0.062778 5.558037 0.907346
v 0.013092 5.556577 0.907346
v 0.013092 5.556577 0.679834
v 0.735512 4.319561 0.943946
v 0.735512 4.319561 0.643234
v 0.980416 4.319561 0.643234
v 0.980416 4.319561 0.943946
v 0.735512 4.807474 0.643234
v 0.735512 4.807474 0.943946
v 0.980416 4.817994 0.943946
v 0.980416 4.817994 0.643234
v -0.162237 4.798994 0.976987
v 0.648039 4.798994 0.976987
v 0.648039 4.817994 0.943946
v -0.162237 4.817994 0.943946
v -0.613567 4.871161 0.967550
v -0.613567 4.871161 0.619630
v -0.613567 4.694739 0.619630
v -0.613567 4.694739 0.967550
v 0.857563 5.547903 0.619630
v 0.857564 5.547903 0.967550
v -0.550180 4.913501 1.000591
v -0.585764 4.871161 1.000591
v -0.585764 4.694739 1.000591
v -0.217467 4.694739 1.000591
v -0.217467 4.713605 1.000591
v -0.239366 4.770123 1.000591
v -0.217467 4.790081 1.000591
v -0.217467 5.154684 1.000591
v -0.585764 5.154684 1.000591
v -0.573366 4.947636 1.000591
v -0.217467 4.675740 0.619630
v -0.217467 4.675740 0.967550
v -0.585764 4.675740 0.967550
v -0.585764 4.675740 0.619630
v -0.104876 5.547903 0.869555
v -0.104876 5.547903 0.717625
v 0.071106 5.547903 0.717625
v 0.071106 5.547903 0.869555
v 0.098909 5.908916 0.717625
v 0.098909 5.908916 0.869555
v 0.098909 5.566903 0.869555
v 0.098909 5.566903 0.717625
v 1.436793 4.432290 0.945027
v 1.464596 4.451290 0.945027
v 1.003400 4.451290 0.945028
v 1.031204 4.432290 0.945027
v 0.880670 5.911863 0.907346
v 0.899559 5.924437 0.928765
v 0.908473 5.930862 0.907346
v 1.445707 5.924437 0.928764
v 1.464596 5.911863 0.907345
v 1.436793 5.930863 0.907345
v 0.908473 5.173621 0.907346
v 0.899559 5.180047 0.928765
v 1.464596 5.192621 0.907345
v 1.445707 5.180047 0.928764
v 1.003400 4.801557 0.945028
v 0.611451 5.163026 0.862762
v 0.639255 5.163026 0.895803
v 0.639255 4.815125 0.862762
v 0.653898 4.841631 0.895733
v 0.124221 5.566903 1.000591
v 0.096417 5.566903 0.967550
v 0.124221 5.547903 0.967550
v 0.124221 5.927916 0.967550
v 0.096417 5.908916 0.967550
v 0.124221 5.908916 1.000591
v 0.857564 5.566903 1.000591
v 0.857564 5.927916 0.967550
v 0.857564 5.908916 1.000591
v 0.585313 5.539037 0.940387
v 0.613117 5.539037 0.907346
v 0.585313 5.558037 0.907346
v -0.162237 4.814163 0.907346
v -0.162237 4.833163 0.940387
v 0.613117 4.833163 0.907346
v 0.585313 4.833163 0.940387
v -1.433679 5.930862 0.967550
v -1.461483 5.911862 0.967550
v -0.927071 5.911862 0.967550
v -0.954875 5.930862 0.967550
v -0.793513 3.932585 0.907346
v -0.793513 4.683076 0.907346
v -1.461484 4.664076 0.907346
v -1.461483 5.072310 0.967550
v -1.433679 5.053310 0.967550
v -0.954875 5.053310 0.967550
v -0.927071 5.072310 0.967550
v -1.435969 4.674672 0.868261
v -1.435969 4.693672 0.901302
v -1.463773 4.693672 0.868261
v -0.608339 4.693672 0.868261
v -0.636142 4.693672 0.901302
v -0.636142 5.061100 0.868261
v -0.636142 5.042100 0.901302
v 0.266089 4.303163 1.000591
v 0.293893 4.303163 0.967550
v 0.266089 4.322163 0.967550
v 0.293893 3.951585 0.967551
v 0.266089 3.951585 1.000591
v -0.742602 4.322163 0.967550
v -0.742602 4.303163 1.000591
v -0.742602 3.932585 0.967550
v -0.742602 3.951585 1.000591
v 0.980416 4.338561 0.976987
v 1.008219 4.338561 0.943946
v -0.195224 4.338561 0.943946
v -0.162237 4.338561 0.976987
v -0.195224 4.798994 0.943946
v -0.585764 5.173684 0.967550
v -0.613567 5.154684 0.967550
v -0.189663 5.154684 0.967550
v -0.217467 5.173684 0.967550
v -0.189663 4.694739 0.967550
v -0.906777 5.566903 0.902596
v -0.934581 5.566903 0.869555
v -0.906777 5.547903 0.869555
v -0.906777 5.927916 0.869555
v -0.934581 5.908916 0.869555
v -0.906777 5.908916 0.902596
v 0.071106 5.566903 0.902596
v 0.071106 5.927916 0.869555
v 0.071106 5.908916 0.902596
v 1.031204 4.820557 0.642151
v 1.436793 4.820557 0.642151
v 1.031204 4.432290 0.642151
v 1.436793 4.432290 0.642151
v 1.003400 4.801557 0.642152
v 1.464596 4.451290 0.642151
v 1.225272 5.930863 0.679833
v 1.225272 5.930863 0.907345
v 1.436793 5.930863 0.679833
v 1.226652 5.924437 0.928764
v 0.908473 5.173621 0.679834
v 1.081815 5.180047 0.928764
v 1.085418 5.173621 0.907345
v 0.915887 5.725633 0.928765
v 1.466885 4.890733 0.724417
v 1.466885 4.890733 0.862761
v 1.466885 4.834126 0.862761
v 1.466885 4.834126 0.724417
v 1.405691 4.901317 0.895802
v 1.439081 4.834126 0.895802
v 0.611451 5.163026 0.724418
v 0.663221 4.948090 0.895824
v 1.233846 5.163026 0.895802
v 0.096417 5.908916 0.619630
v 0.096417 5.566903 0.619630
v 0.538193 5.566903 1.000591
v 0.857563 5.927916 0.619630
v 0.592305 5.927916 0.967550
v 0.592305 5.908916 1.000591
v 0.585313 5.558037 0.679834
v -0.162237 4.814163 0.679834
v -0.062778 4.833163 0.940387
v -0.062778 4.814163 0.907346
v -0.162237 5.172174 0.940387
v 0.613117 5.322993 0.907346
v 0.585313 5.322993 0.940387
v -1.461483 5.224850 0.967550
v -0.954875 5.053310 0.619630
v -0.927071 5.072310 0.619630
v -0.927071 5.237752 0.967550
v -0.900486 3.934083 0.679834
v -0.900486 3.934083 0.907346
v -1.021921 3.933620 0.907346
v -1.021921 3.933620 0.679834
v -0.793513 3.932585 0.679834
v -1.452735 4.808204 0.718919
v -1.452735 4.808204 0.868261
v -1.463773 5.042100 0.868261
v -1.463773 5.042100 0.718919
v -0.608339 4.693672 0.718919
v -0.636142 4.823865 0.901302
v -0.608339 4.823865 0.868261
v -1.030172 4.707634 0.901302
v -1.295656 5.061100 0.868261
v -1.435969 5.061100 0.868261
v -1.435969 5.042100 0.901302
v -1.295656 5.042100 0.901302
v 0.293893 4.303163 0.619630
v 0.266089 4.322163 0.619630
v -0.294566 4.322163 0.967550
v -0.294566 4.303163 1.000591
v 0.293893 3.951585 0.619629
v -0.262524 3.951585 1.000591
v -0.189663 5.154684 0.619630
v -0.195224 4.427356 0.943946
v -0.162237 4.427356 0.976987
v -0.195224 4.427356 0.643234
v -0.195224 4.338561 0.643234
v 1.008219 4.338561 0.643234
v 0.735512 4.777350 0.976987
v 0.980416 4.798994 0.976987
v 0.358341 4.341233 0.976987
v -0.217467 5.173684 0.619630
v -0.585764 5.173684 0.619630
v -0.189663 4.694739 0.619630
v -0.934581 5.908916 0.717625
v -0.934581 5.566903 0.717625
v -0.104876 5.566903 0.902596
v 0.071106 5.927916 0.717625
v -0.811060 5.927916 0.869555
v -0.811060 5.908916 0.902596
v 0.613116 5.322993 0.679834
v 0.613116 5.539037 0.679834
v 1.464596 4.801557 0.642151
v 1.464596 4.801557 0.945027
v 0.880670 5.837503 0.907346
v 0.899559 5.847429 0.928765
v 1.445707 5.725633 0.928764
v 1.412584 5.847429 0.928764
v 1.186551 5.905840 0.928764
v 1.090932 5.924437 0.928764
v 1.121916 5.199419 0.928764
v 1.220982 5.180047 0.928764
v 1.464596 5.192621 0.679833
v 1.464596 5.719898 0.907345
v 1.464596 5.719898 0.679833
v 1.464031 5.837504 0.679833
v 1.464031 5.837504 0.907345
v 0.880670 5.911863 0.679834
v 0.880670 5.837503 0.679834
v 1.085418 5.173621 0.679833
v 1.124141 5.177216 0.907345
v 1.124141 5.177216 0.679833
v 1.439081 5.163026 0.895802
v 1.466885 5.163026 0.862761
v 1.466885 5.163026 0.724417
v 1.233846 4.821853 0.862761
v 1.233846 4.853580 0.895802
v 1.324248 4.834126 0.895802
v 1.324248 5.145817 0.895802
v 1.233846 4.821853 0.724417
v 1.324248 4.815125 0.724417
v 1.324248 4.815125 0.862761
v 0.639255 4.815125 0.724418
v 1.324248 5.172538 0.862761
v 1.324248 5.172538 0.724417
v 1.464942 4.703471 0.945027
v 1.464942 4.703471 0.642151
v 1.464596 4.594989 0.945027
v 1.464596 4.594989 0.642151
v -0.162237 4.817994 0.643234
v -0.195224 4.798994 0.643234
v 1.004884 4.799538 0.643234
v 1.004884 4.799538 0.943946
v 0.735512 4.338561 0.976987
v -0.162237 5.558037 0.907346
v -0.162237 5.558037 0.679834
v -0.190041 5.539037 0.679834
v -0.190041 5.539037 0.907346
v 0.648039 4.817994 0.643234
v 0.648039 4.320254 0.943946
v 0.648039 4.320254 0.643234
v -0.195224 4.594613 0.943946
v -0.137011 4.594613 0.976987
v 1.008219 4.544798 0.943946
v 0.980416 4.544798 0.976987
v -0.195224 4.594613 0.643234
v 1.008219 4.544798 0.643234
v 0.648039 4.357266 0.976987
v 0.950853 4.611852 0.976987
v 0.613117 5.278172 0.907346
v 0.585313 5.278172 0.940387
v 0.613116 4.833163 0.679834
v 0.613116 5.278172 0.679834
v -0.189663 5.266378 0.679834
v -0.189663 5.266378 0.907346
v -0.137273 5.266378 0.940387
v -0.021069 4.841244 0.940387
v 0.013092 5.520182 0.940387
v -0.062778 5.539037 0.940387
v -0.162237 5.539037 0.940387
v -0.104876 5.927916 0.869555
v -0.104876 5.908916 0.902596
v -0.206016 5.547903 0.869555
v -0.206016 5.566903 0.902596
v -0.104876 5.927916 0.717625
v -0.206016 5.547903 0.717625
v -0.272810 5.547903 0.869555
v -0.272810 5.566903 0.902596
v -0.272810 5.547903 0.717625
v -0.750075 5.547903 0.869555
v -0.750075 5.566903 0.902596
v -0.206016 5.924880 0.717625
v -0.206016 5.924880 0.869555
v -0.750075 5.547903 0.717625
v -1.448326 5.495887 0.980862
v -0.945992 5.196392 0.967550
v -0.945992 5.196392 0.619630
v -0.927071 5.237752 0.619630
v -0.927071 5.155032 0.967550
v -0.927071 5.155032 0.619630
v -1.463773 4.848415 0.718919
v -1.463773 4.848415 0.868261
v -0.608339 4.823865 0.718919
v -1.441872 4.842828 0.902876
v -0.664480 4.914158 0.895302
v -1.169856 5.038509 0.901302
v -1.413125 4.821559 0.897374
v -1.155973 4.693672 0.901302
v -1.169856 5.057509 0.868261
v -1.155973 4.674672 0.868261
v -1.463773 4.693672 0.718919
v -0.636142 5.061100 0.718919
v -1.169856 5.057509 0.718919
v -1.295656 5.061100 0.718919
v -1.435969 4.674672 0.718919
v -1.155973 4.674672 0.718919
v -0.349750 3.932763 0.967550
v -0.349750 3.967747 1.000591
v -0.207340 4.319335 0.967550
v -0.207340 4.294543 1.000591
v -0.207340 4.319335 0.619630
v -0.742602 3.932585 0.619630
v -0.349750 3.932763 0.619630
v -0.294566 4.322163 0.619630
v -0.780569 5.928093 0.869555
v -0.780569 5.928093 0.717625
v -0.811060 5.927916 0.717625
v -0.742602 4.322163 0.619630
v -0.189663 4.713605 0.967550
v -0.189663 4.713605 0.619630
v -0.607790 4.947636 0.967550
v -0.607790 4.947636 0.619630
v -0.607790 4.927678 0.619630
v -0.607790 4.927678 0.967550
v -0.613567 5.154684 0.619630
v -0.062778 4.814163 0.679834
v -1.454315 5.266211 0.967550
v -1.454315 5.266211 0.619630
v -1.461483 5.224850 0.619630
v -1.448326 5.495887 0.606318
v -0.272811 5.927916 0.717625
v -0.272810 5.927916 0.869555
v -0.906777 5.547903 0.717625
v -0.811060 5.547903 0.717625
v -0.811060 5.547903 0.869555
v -0.780569 5.547903 0.717625
v -0.780569 5.547903 0.869555
v -0.811060 5.566903 0.902596
v -0.780568 5.566903 0.902596
v -0.206016 5.885643 0.902596
v -0.272810 5.908916 0.902596
v -0.750075 5.908916 0.902596
v -0.780568 5.897243 0.902596
v -0.750075 5.927916 0.869555
v -0.750075 5.927916 0.717625
v 1.004363 4.611309 0.643234
v 1.004363 4.611309 0.943946
v 0.908473 5.930862 0.679834
v 1.464596 5.911863 0.679833
v -0.927071 5.911862 0.619630
v -0.954875 5.930862 0.619630
v -1.433679 5.930862 0.619630
v -1.461483 5.911862 0.619630
v -0.793513 4.683076 0.679834
v -0.906777 5.927916 0.717625
v 0.124221 5.927916 0.619630
v 0.124221 5.547903 0.619630
v 0.663186 5.927916 0.619630
v 0.663186 5.927916 0.967550
v 1.003400 4.451290 0.642152
v 1.439081 5.182026 0.862761
v 1.439081 5.182026 0.724417
v 1.439081 4.815125 0.724417
v 1.439081 4.815125 0.862761
v 0.592305 5.927916 0.619630
v -1.435969 5.061100 0.718919
v -1.461484 4.664076 0.679834
v 0.467312 5.578537 1.000591
v 0.663186 5.890231 1.000591
v 1.025337 3.935049 0.979585
v 1.025337 3.935049 0.607594
v 1.140725 3.935049 0.607594
v 1.140725 3.935049 0.979584
v 1.443003 3.954049 1.012625
v 1.416644 4.000932 1.012625
v 1.443003 4.053957 1.012625
v 1.443003 4.415670 1.012625
v 1.025337 4.415669 1.012625
v 1.025337 3.954049 1.012625
v 1.140725 3.954049 1.012625
v 1.299470 3.967122 1.012625
v 0.997534 3.954049 0.979585
v 1.025337 4.434669 0.979585
v 0.997534 4.415669 0.979585
v 1.470807 4.415670 0.979584
v 1.443003 4.434669 0.979584
v 1.470807 4.415670 0.607594
v 1.470807 4.053957 0.979584
v 1.470807 4.053957 0.607594
v 0.997534 4.415669 0.607594
v 0.997534 3.954049 0.607594
v 1.443003 4.434669 0.607594
v 1.443003 3.935049 0.607594
v 1.470807 3.954049 0.607594
v 1.470807 3.954049 0.979584
v 1.443003 3.935049 0.979584
v 1.299470 3.934812 0.979584
v 1.299470 3.934812 0.607594
v 1.025337 4.434669 0.607594
v 1.470807 4.000932 0.979584
v 1.470807 4.000932 0.607594
v -0.307437 5.174282 0.899750
v -0.307438 5.174282 0.687430
v -0.208469 5.172573 0.687430
v -0.208469 5.172573 0.899750
v -0.386730 5.175011 0.899750
v -0.386730 5.175011 0.687430
v -0.208469 5.549593 0.899750
v -0.208469 5.549593 0.687430
v -0.272061 5.550290 0.687430
v -0.272061 5.550290 0.899750
v -0.187278 5.191573 0.687430
v -0.187278 5.530593 0.687430
v -0.187278 5.530593 0.899750
v -0.187278 5.191573 0.899750
v -0.584791 5.530593 0.932791
v -0.584791 5.549593 0.899750
v -0.612594 5.530593 0.899750
v -0.584791 5.172573 0.899750
v -0.584791 5.191573 0.932791
v -0.612594 5.191573 0.899750
v -0.208469 5.530593 0.932791
v -0.208469 5.191573 0.932791
v -0.584791 5.172573 0.687430
v -0.439610 5.172573 0.687430
v -0.439610 5.172573 0.899750
v -0.612594 5.530593 0.687430
v -0.612594 5.191573 0.687430
v -0.439610 5.191573 0.932791
v -0.324942 5.530593 0.932791
v -0.324942 5.549593 0.899750
v -0.386730 5.213121 0.932791
v -0.307437 5.191087 0.932791
v -0.272061 5.518742 0.932791
v -0.324942 5.549593 0.687430
v -0.584791 5.549593 0.687430
v 1.031204 4.801557 0.609110
v 1.436793 4.801557 0.609110
v 1.417661 4.703471 0.609110
v 1.436793 4.594989 0.609110
v 1.436793 4.451290 0.609110
v 1.031204 4.451290 0.609110
v -1.461483 5.072310 0.619630
v -1.398831 5.282846 0.591663
v -1.416475 5.502523 0.591577
v -1.433679 5.911862 0.586589
v -0.954875 5.911862 0.586589
v -0.954875 5.237752 0.586589
v -0.973796 5.196392 0.586589
v -0.954875 5.155032 0.586589
v -0.954875 5.072310 0.586589
v -1.433679 5.072310 0.586589
v -1.438739 5.214919 0.583403
v -0.793513 4.664076 0.646793
v -0.793513 3.951585 0.646793
v -0.900486 3.965591 0.646793
v -1.021921 3.955710 0.646793
v -1.433680 3.951584 0.646793
v -1.433680 4.664076 0.646793
v -0.900487 4.655846 0.646793
v -1.433679 5.053310 0.619630
v -0.162237 4.798994 0.610193
v 0.648039 4.798994 0.610193
v -0.550180 4.913501 0.586589
v -0.573366 4.947636 0.586589
v -0.585764 5.154684 0.586589
v -0.217467 5.154684 0.586589
v -0.217467 4.790081 0.586589
v -0.239366 4.770123 0.586589
v -0.217467 4.713605 0.586589
v -0.217467 4.694739 0.586589
v -0.585764 4.694739 0.586589
v -0.585764 4.871161 0.586589
v 0.899558 5.924437 0.658415
v 1.445707 5.924437 0.658414
v 0.899558 5.180047 0.658415
v 1.445707 5.180047 0.658414
v 0.639255 5.163026 0.691377
v 0.653898 4.841631 0.691447
v 0.124221 5.566903 0.586589
v 0.124221 5.908916 0.586589
v 0.857563 5.566903 0.586589
v 0.857563 5.908916 0.586589
v 0.585313 5.539037 0.646793
v -0.162237 4.833163 0.646793
v 0.585313 4.833163 0.646793
v -1.435969 4.693672 0.685878
v -0.636142 4.693672 0.685878
v -0.636142 5.042100 0.685878
v 0.266089 4.303163 0.586589
v 0.266089 3.951585 0.586589
v -0.742602 4.303163 0.586589
v -0.742602 3.951585 0.586589
v 0.980416 4.338561 0.610193
v -0.162237 4.338561 0.610193
v -0.906778 5.566903 0.684584
v -0.906778 5.908916 0.684584
v 0.071106 5.566903 0.684584
v 0.071106 5.908916 0.684584
v 1.226652 5.924437 0.658414
v 1.081815 5.180047 0.658414
v 0.915886 5.725633 0.658415
v 1.405691 4.901317 0.691376
v 1.439081 4.834126 0.691376
v 0.663221 4.948090 0.691356
v 1.233846 5.163026 0.691376
v 0.538193 5.566903 0.586589
v 0.592305 5.908916 0.586589
v -0.062778 4.833163 0.646793
v -0.162237 5.172174 0.646793
v 0.585313 5.322993 0.646793
v -0.636142 4.823865 0.685878
v -1.030172 4.707634 0.685878
v -1.295656 5.042100 0.685878
v -1.435969 5.042100 0.685878
v -0.294566 4.303163 0.586589
v -0.262525 3.951585 0.586589
v -0.162237 4.427356 0.610193
v 0.735512 4.777350 0.610193
v 0.980416 4.798994 0.610193
v 0.358341 4.341233 0.610193
v -0.104876 5.566903 0.684584
v -0.811060 5.908916 0.684584
v 0.899558 5.847429 0.658415
v 1.445707 5.725633 0.658414
v 1.220982 5.180047 0.658414
v 1.121916 5.199419 0.658414
v 1.090932 5.924437 0.658414
v 1.186551 5.905840 0.658414
v 1.412584 5.847429 0.658414
v 1.439081 5.163026 0.691376
v 1.233846 4.853580 0.691376
v 1.324248 5.145817 0.691376
v 1.324248 4.834126 0.691376
v 0.735512 4.338561 0.610193
v -0.137011 4.594613 0.610193
v 0.980416 4.544798 0.610193
v 0.950853 4.611852 0.610193
v 0.648039 4.357266 0.610193
v 0.585313 5.278172 0.646793
v -0.137273 5.266378 0.646793
v -0.162237 5.539037 0.646793
v -0.062778 5.539037 0.646793
v 0.013092 5.520182 0.646793
v -0.021069 4.841244 0.646793
v -0.104876 5.908916 0.684584
v -0.206016 5.566903 0.684584
v -0.272810 5.566903 0.684584
v -0.750075 5.566903 0.684584
v -1.441872 4.842828 0.684304
v -0.664480 4.914158 0.691878
v -1.155973 4.693672 0.685878
v -1.413125 4.821559 0.689806
v -1.169856 5.038509 0.685878
v -0.349750 3.967747 0.586589
v -0.207340 4.294543 0.586589
v -0.811060 5.566903 0.684584
v -0.780569 5.897243 0.684584
v -0.750075 5.908916 0.684584
v -0.272810 5.908916 0.684584
v -0.206016 5.885643 0.684584
v -0.780569 5.566903 0.684584
v 0.467312 5.578537 0.586589
v 0.663186 5.890231 0.586589
v 1.443003 3.954049 0.574553
v 1.299470 3.967122 0.574553
v 1.140725 3.954049 0.574553
v 1.025337 3.954049 0.574553
v 1.025337 4.415669 0.574553
v 1.443003 4.415670 0.574553
v 1.443003 4.053957 0.574553
v 1.416644 4.000932 0.574553
v -0.584791 5.530593 0.654389
v -0.584791 5.191573 0.654389
v -0.208469 5.530593 0.654389
v -0.208469 5.191573 0.654389
v -0.439610 5.191573 0.654389
v -0.324942 5.530593 0.654389
v -0.272061 5.518742 0.654389
v -0.307438 5.191087 0.654389
v -0.386730 5.213121 0.654389
v 0.885367 5.539236 0.713691
v 0.885367 5.539236 0.873489
v 0.885367 5.456829 0.873489
v 0.885367 5.456829 0.713691
v 0.788874 3.936481 0.944360
v 0.788874 3.936481 0.642820
v 0.978144 3.936481 0.642820
v 0.978145 3.936481 0.944360
v 0.636713 5.177239 0.873489
v 0.636713 5.177239 0.713691
v 0.857564 5.177239 0.713691
v 0.857564 5.177239 0.873489
v -0.185640 4.330830 0.868285
v -0.185640 4.330830 0.718895
v -0.185641 4.660458 0.718895
v -0.185640 4.660458 0.868285
v 0.885367 5.287320 0.713691
v 0.885367 5.287320 0.873489
v 0.885367 5.196239 0.873489
v 0.885367 5.196239 0.713691
v -0.729211 5.548580 0.944360
v -0.729211 5.548580 0.642820
v -0.808502 5.547852 0.642820
v -0.808502 5.547852 0.944360
v -0.474567 4.311830 0.868285
v -0.474567 4.311830 0.718895
v -0.213444 4.311830 0.718895
v -0.213444 4.311830 0.868285
v -0.666974 4.679458 0.868285
v -0.666974 4.679458 0.718895
v -0.742602 4.679458 0.718895
v -0.742602 4.679458 0.868285
v -0.770405 4.330830 0.718894
v -0.770405 4.330830 0.868286
v -0.770406 4.660458 0.868285
v -0.770406 4.660458 0.718895
v -0.906777 5.060791 0.944359
v -0.906777 5.060791 0.642821
v -0.746714 5.060791 0.642821
v -0.746714 5.060791 0.944359
v -0.693833 5.060094 0.944359
v -0.693833 5.060094 0.642821
v -0.630241 5.060791 0.642820
v -0.630241 5.060791 0.944360
v 0.588705 3.936481 0.944360
v 0.588705 3.936481 0.642820
v -0.609052 5.531290 0.642820
v -0.609051 5.531290 0.944360
v -0.609051 5.079791 0.944360
v -0.609052 5.079791 0.642820
v 0.319772 3.936481 0.944360
v 0.319772 3.936481 0.642820
v 1.005948 4.144547 0.642820
v 1.005948 4.144547 0.944360
v 1.005948 3.955481 0.944360
v 1.005948 3.955481 0.642820
v 0.636713 5.196239 0.906530
v 0.608909 5.196239 0.873489
v 0.636713 5.558236 0.873489
v 0.608909 5.539236 0.873489
v 0.636713 5.539236 0.906530
v 0.857564 5.196239 0.906530
v 0.857564 5.558236 0.873489
v 0.857564 5.539236 0.906530
v -0.213444 4.660458 0.901326
v -0.213444 4.679458 0.868285
v -0.213444 4.330830 0.901326
v -0.742602 4.660458 0.901326
v -0.742602 4.311830 0.868286
v -0.742602 4.330830 0.901326
v -0.906777 5.079791 0.977400
v -0.934581 5.079791 0.944359
v -0.906777 5.550290 0.944359
v -0.934581 5.531290 0.944359
v -0.906777 5.531290 0.977400
v -0.630241 5.079791 0.977400
v -0.630241 5.550290 0.944360
v -0.630241 5.531290 0.977401
v 0.319772 3.955481 0.977400
v 0.291968 3.955481 0.944360
v 0.319772 4.322864 0.944360
v 0.291968 4.303864 0.944360
v 0.319772 4.303864 0.977401
v 0.978145 3.955481 0.977401
v 1.005948 4.303864 0.944360
v 0.978145 4.322864 0.944360
v 0.978145 4.303864 0.977401
v 0.608909 5.287320 0.873489
v 0.608909 5.287320 0.713691
v 0.608909 5.196239 0.713691
v 0.857564 5.558236 0.713691
v 0.636713 5.361053 0.906530
v 0.608909 5.361053 0.873489
v 0.839259 5.258132 0.906530
v -0.213444 4.679458 0.718895
v -0.666973 4.660458 0.901326
v -0.474567 4.330830 0.901326
v -0.861383 5.550290 0.944360
v -0.861383 5.550290 0.642820
v -0.906778 5.550290 0.642821
v -0.934581 5.531290 0.642821
v -0.934581 5.079791 0.642821
v -0.630241 5.550290 0.642820
v -0.861383 5.531290 0.977400
v 0.298435 4.088879 0.944360
v 0.298435 4.088879 0.642820
v 0.291968 3.955481 0.642820
v 1.005948 4.303864 0.642820
v 0.978144 4.322864 0.642820
v 0.978145 4.144547 0.977401
v 0.978145 4.226135 0.977401
v 1.005948 4.226135 0.944360
v 0.291968 4.303864 0.642820
v 0.291968 4.129673 0.642820
v 0.291968 4.129673 0.944360
v 0.319772 4.129673 0.977401
v 0.339480 4.088879 0.977401
v 0.588705 3.955481 0.977401
v 0.788874 3.972193 0.977401
v 0.942670 4.185341 0.977401
v -0.561608 4.323112 0.868285
v -0.561608 4.323112 0.718895
v 0.857564 5.361053 0.906530
v 0.885367 5.361053 0.873489
v 0.885367 5.361053 0.713691
v 0.647695 5.298995 0.906530
v 0.835597 5.456829 0.906530
v -0.404930 4.674510 0.718895
v -0.404930 4.674510 0.868285
v -0.561608 4.679458 0.718895
v -0.561608 4.679458 0.868285
v -0.742602 4.311830 0.718894
v -0.747122 4.311830 0.718895
v -0.747122 4.311830 0.868285
v -0.747122 4.330830 0.901326
v -0.404930 4.642499 0.901326
v -0.561608 4.660458 0.901326
v -0.561608 4.360459 0.901326
v -0.746714 5.079791 0.977400
v -0.693833 5.091642 0.977400
v -0.729211 5.531775 0.977400
v -0.808502 5.509740 0.977400
v 1.002691 4.185341 0.642820
v 1.002691 4.185341 0.944360
v 0.608909 5.539236 0.713691
v 0.608909 5.361053 0.713691
v 0.636713 5.558236 0.713691
v 1.005948 4.226135 0.642820
v 0.319772 4.322864 0.642820
v 0.636713 5.196239 0.680650
v 0.636713 5.539236 0.680650
v 0.857564 5.196239 0.680650
v 0.857563 5.539236 0.680650
v -0.213444 4.660458 0.685854
v -0.213444 4.330830 0.685854
v -0.742602 4.660458 0.685854
v -0.742602 4.330830 0.685854
v -0.906777 5.079791 0.609780
v -0.906778 5.531290 0.609780
v -0.630241 5.079791 0.609780
v -0.630241 5.531290 0.609779
v 0.319772 3.955481 0.609780
v 0.319772 4.303864 0.609779
v 0.978144 3.955481 0.609779
v 0.978144 4.303864 0.609779
v 0.636713 5.361053 0.680650
v 0.839258 5.258132 0.680650
v -0.666974 4.660458 0.685854
v -0.474567 4.330830 0.685854
v -0.861383 5.531290 0.609780
v 0.978144 4.144547 0.609779
v 0.978144 4.226135 0.609779
v 0.942670 4.185341 0.609779
v 0.788874 3.972193 0.609779
v 0.588705 3.955481 0.609779
v 0.339480 4.088879 0.609779
v 0.319772 4.129673 0.609779
v 0.857563 5.361053 0.680650
v 0.835597 5.456829 0.680650
v 0.647695 5.298995 0.680650
v -0.747122 4.330830 0.685854
v -0.404930 4.642499 0.685854
v -0.561608 4.360459 0.685854
v -0.561608 4.660458 0.685854
v -0.746714 5.079791 0.609780
v -0.808502 5.509740 0.609780
v -0.729211 5.531775 0.609780
v -0.693833 5.091642 0.609780
vn 0.0000 0.8669 0.4985
vn -0.9996 0.0299 0.0000
vn 0.0000 0.0000 1.0000
vn 0.0000 -1.0000 0.0000
vn -0.0000 1.0000 0.0000
vn -0.9999 0.0172 0.0000
vn -0.0010 -1.0000 0.0000
vn 1.0000 0.0000 -0.0000
vn -1.0000 0.0020 0.0000
vn -1.0000 -0.0000 0.0000
vn -0.0133 -0.9999 0.0000
vn -0.5642 -0.8256 0.0000
vn -0.0050 -0.0002 1.0000
vn -0.0049 1.0000 -0.0000
vn -0.0354 -0.9994 0.0000
vn -0.0266 0.9996 0.0000
vn 0.9902 -0.1395 -0.0000
vn 0.0007 -1.0000 -0.0000
vn 0.0009 -1.0000 -0.0000
vn 0.0192 0.9998 -0.0000
vn -0.0040 -1.0000 -0.0000
vn -0.0429 0.9991 -0.0000
vn 0.5642 -0.8256 -0.0000
vn 0.5097 -0.7458 0.4289
vn -0.5097 -0.7458 0.4289
vn -0.5637 0.8259 0.0099
vn -0.5642 0.8256 0.0129
vn -0.5645 0.8254 0.0109
vn 0.5642 0.8256 0.0129
vn 0.5637 0.8259 0.0099
vn 0.5645 0.8254 0.0109
vn -0.5637 -0.8259 0.0099
vn -0.5645 -0.8254 0.0108
vn -0.5642 -0.8256 0.0129
vn 0.5637 -0.8259 0.0099
vn 0.5642 -0.8256 0.0129
vn 0.5645 -0.8254 0.0109
vn -0.5097 0.7458 0.4289
vn -0.5097 0.7459 0.4289
vn -0.4164 -0.6093 0.6748
vn 0.5097 0.7458 0.4289
vn -0.4467 -0.7756 0.4460
vn -0.4467 0.7756 0.4460
vn -0.5097 -0.7459 0.4289
vn -0.5642 0.8256 0.0000
vn 0.0000 -0.8669 0.4985
vn 0.0000 0.9578 0.2874
vn -0.5637 -0.8259 -0.0099
vn -0.5645 -0.8254 -0.0108
vn 0.0000 -0.9578 0.2874
vn -0.7432 0.0222 0.6687
vn 0.6006 0.1620 0.7830
vn -0.6465 -0.0385 0.7619
vn 0.5642 0.8256 -0.0000
vn -0.7651 -0.0000 0.6439
vn 0.7651 0.0000 0.6439
vn -0.0026 1.0000 -0.0000
vn -0.8090 -0.0202 0.5875
vn 0.0038 -1.0000 0.0000
vn 0.0032 -1.0000 0.0000
vn 0.0053 -0.8492 0.5280
vn -0.0140 -0.9999 -0.0000
vn -0.0211 0.8040 0.5943
vn -0.9989 -0.0471 0.0000
vn -0.0307 -0.8665 0.4983
vn -0.7077 0.0000 0.7065
vn -0.0526 0.8014 0.5958
vn 0.0025 -0.8536 0.5209
vn -0.7500 0.0000 0.6614
vn 0.5645 -0.8254 -0.0109
vn 0.5637 -0.8259 -0.0099
vn 1.0000 0.0024 0.0000
vn 1.0000 -0.0014 0.0000
vn 0.7500 0.0000 0.6614
vn -0.7238 -0.0970 0.6832
vn 0.0000 -0.9578 0.2873
vn 0.0634 0.9980 0.0000
vn -0.0376 -0.9993 0.0000
vn -0.5839 0.0299 0.8113
vn 0.5929 -0.0371 0.8044
vn 0.0119 -0.7512 0.6600
vn 0.0000 -0.0001 1.0000
vn -1.0000 -0.0087 0.0000
vn -0.0742 -0.9972 0.0000
vn 0.0113 -0.9999 0.0000
vn 0.1044 0.9945 0.0000
vn 1.0000 0.0002 0.0000
vn 1.0000 0.0035 0.0000
vn 1.0000 -0.0016 0.0000
vn -0.4991 0.8665 0.0000
vn 0.6022 0.7984 0.0000
vn -0.4991 -0.8665 0.0000
vn 0.1460 0.7939 0.5902
vn 0.1194 0.9928 0.0000
vn -0.0034 -1.0000 -0.0000
vn -0.5862 0.0442 0.8090
vn -0.5864 -0.0362 0.8092
vn -1.0000 -0.0014 0.0000
vn -1.0000 0.0013 0.0000
vn 0.1656 -0.8549 0.4916
vn -0.0116 -0.8668 0.4985
vn -0.0300 0.9995 0.0000
vn -0.6241 -0.0151 0.7812
vn 0.9094 -0.4160 -0.0000
vn 0.9643 0.2647 0.0000
vn -0.8065 -0.0187 0.5910
vn 0.0014 -0.0000 1.0000
vn -0.0058 0.8669 0.4985
vn 0.0247 0.8666 0.4984
vn 0.0958 -0.8629 0.4962
vn -0.0067 1.0000 0.0000
vn 0.0285 0.9996 0.0000
vn 0.0042 0.8042 0.5944
vn -0.0723 -0.7724 0.6310
vn -0.0101 0.8335 0.5524
vn -0.0060 1.0000 -0.0000
vn 0.0005 -1.0000 0.0000
vn -0.0008 -1.0000 0.0000
vn 0.0324 0.9995 -0.0000
vn 0.0161 -0.7743 0.6326
vn 0.0546 0.8323 0.5516
vn -0.0058 1.0000 0.0000
vn -0.0029 1.0000 0.0000
vn 0.9988 0.0497 -0.0000
vn -0.9948 0.1017 0.0000
vn -0.7277 -0.0319 0.6852
vn -0.9996 -0.0279 0.0000
vn 0.0025 -1.0000 0.0000
vn 0.1902 -0.9817 -0.0000
vn -0.9853 0.1707 0.0000
vn -0.9997 0.0261 0.0000
vn 0.0454 0.9990 0.0000
vn 0.0029 1.0000 -0.0000
vn 0.0058 1.0000 0.0000
vn 0.9983 0.0579 0.0000
vn 0.0924 -0.9957 0.0000
vn -0.9911 -0.1329 0.0000
vn 0.5637 0.8259 -0.0099
vn 0.5645 0.8254 -0.0109
vn -0.5645 0.8254 -0.0109
vn -0.5637 0.8259 -0.0099
vn 1.0000 -0.0076 0.0000
vn -0.0823 0.9966 0.0000
vn 1.0000 -0.0028 0.0000
vn 0.0244 0.9997 -0.0000
vn -0.0007 -1.0000 0.0000
vn 0.0001 -1.0000 0.0000
vn 0.0017 -1.0000 0.0000
vn -0.0132 -0.9999 -0.0000
vn -0.0173 -0.9999 -0.0000
vn -0.0092 -1.0000 -0.0000
vn 0.0109 0.9999 -0.0000
vn 0.6137 0.6845 0.3936
vn 0.6137 -0.6844 0.3936
vn 0.6676 -0.7445 -0.0000
vn 0.8418 0.0000 0.5399
vn 0.6676 0.7445 0.0000
vn 0.0461 -0.9989 -0.0000
vn -0.0054 -0.8792 0.4764
vn -0.0132 0.9999 -0.0000
vn -0.0000 0.8669 -0.4985
vn -0.0000 0.0000 -1.0000
vn -0.0050 -0.0002 -1.0000
vn 0.5097 -0.7458 -0.4289
vn -0.5097 -0.7458 -0.4289
vn -0.5642 0.8256 -0.0129
vn 0.5642 0.8256 -0.0129
vn -0.5642 -0.8256 -0.0129
vn 0.5642 -0.8256 -0.0129
vn -0.5097 0.7458 -0.4289
vn -0.4164 -0.6093 -0.6748
vn 0.5097 0.7458 -0.4289
vn -0.4467 -0.7756 -0.4460
vn -0.4467 0.7756 -0.4460
vn -0.5097 -0.7459 -0.4289
vn 0.5097 -0.7459 -0.4289
vn -0.0000 -0.8669 -0.4985
vn 0.0000 0.9578 -0.2874
vn 0.0000 -0.9578 -0.2874
vn -0.7432 0.0222 -0.6687
vn 0.6006 0.1620 -0.7830
vn -0.6465 -0.0385 -0.7619
vn -0.7651 -0.0000 -0.6439
vn 0.7651 0.0000 -0.6439
vn -0.8090 -0.0202 -0.5875
vn 0.0053 -0.8492 -0.5280
vn -0.0211 0.8040 -0.5943
vn -0.0307 -0.8665 -0.4983
vn -0.7077 0.0000 -0.7065
vn -0.0526 0.8014 -0.5958
vn 0.0025 -0.8536 -0.5209
vn -0.7500 0.0000 -0.6614
vn 0.7500 0.0000 -0.6614
vn -0.7238 -0.0970 -0.6832
vn -0.5839 0.0299 -0.8113
vn 0.5929 -0.0371 -0.8044
vn 0.0119 -0.7512 -0.6600
vn -0.0000 -0.0001 -1.0000
vn 0.1460 0.7939 -0.5902
vn -0.5862 0.0442 -0.8090
vn -0.5864 -0.0362 -0.8092
vn 0.1656 -0.8549 -0.4916
vn -0.0116 -0.8668 -0.4985
vn -0.6241 -0.0151 -0.7812
vn -0.9995 -0.0316 0.0000
vn 0.9094 0.4160 -0.0000
vn -0.8065 -0.0187 -0.5909
vn 0.0014 -0.0000 -1.0000
vn -0.0058 0.8669 -0.4985
vn 0.0247 0.8666 -0.4984
vn 0.0958 -0.8629 -0.4962
vn 0.0042 0.8042 -0.5944
vn -0.0723 -0.7724 -0.6310
vn -0.0101 0.8335 -0.5524
vn 0.0161 -0.7743 -0.6326
vn 0.0546 0.8323 -0.5516
vn -0.7277 -0.0319 -0.6852
vn 0.1103 -0.9939 0.0000
vn 0.6137 0.6845 -0.3936
vn 0.6137 -0.6844 -0.3936
vn 0.8418 0.0000 -0.5399
vn -0.0054 -0.8792 -0.4764
vn -0.0092 1.0000 -0.0000
vn 0.0109 -0.9999 -0.0000
vn 0.6137 0.6844 0.3936
vn 0.5097 0.7459 0.4289
vn 0.6473 0.0775 0.7583
vn 0.8418 -0.0000 0.5398
vn -0.9988 0.0484 0.0000
vn -0.1286 -0.9917 -0.0000
vn 0.6802 -0.0705 0.7296
vn -0.0173 0.9999 -0.0000
vn -0.0258 0.9997 0.0000
vn 0.0316 0.9995 0.0000
vn 0.0001 0.8669 -0.4985
vn 0.0461 0.9989 -0.0000
vn 0.9968 0.0796 0.0000
vn 0.0607 -0.9982 0.0000
vn 0.9968 -0.0796 0.0000
vn -0.9877 -0.1566 0.0000
vn -0.0054 0.8792 0.4764
vn 0.6137 0.6844 -0.3936
vn -0.5097 0.7459 -0.4289
vn 0.5097 0.7459 -0.4289
vn 0.6473 0.0775 -0.7583
vn 0.8418 -0.0000 -0.5398
vn 0.6802 -0.0705 -0.7296
vn 0.0001 0.8669 0.4985
vn -0.0054 0.8792 -0.4764
vn 0.5473 0.7256 0.4172
vn 0.6594 -0.0631 0.7492
vn 0.4913 -0.1093 0.8641
vn -0.0136 0.7663 0.6424
vn -0.6707 -0.0564 0.7396
vn 0.6456 -0.0517 0.7619
vn -0.0695 -0.7924 0.6061
vn -0.0340 -0.7698 0.6374
vn 0.5308 0.0747 0.8442
vn 0.2314 -0.7940 0.5621
vn -0.1580 0.7718 0.6160
vn 0.0670 0.7798 0.6224
vn -0.0977 -0.8285 0.5513
vn -0.1141 -0.7881 0.6049
vn 0.1205 0.8164 0.5648
vn -0.0952 0.8186 0.5664
vn 0.6596 0.0571 0.7494
vn 0.5782 -0.2745 0.7684
vn 0.5782 0.2745 0.7684
vn -0.6909 0.0678 0.7198
vn -0.6760 -0.2169 0.7043
vn -0.0843 -0.7601 0.6443
vn 0.6236 0.1560 0.7660
vn -0.6357 -0.0295 0.7714
vn -0.6336 0.0852 0.7689
vn 0.1021 0.7623 0.6391
vn 0.6467 0.0742 0.7591
vn -0.6983 -0.0565 0.7136
vn -0.7074 0.0401 0.7057
vn 0.6461 -0.0861 0.7584
vn -0.0971 0.7467 0.6580
vn 0.1462 0.7422 0.6541
vn 0.7222 -0.3304 0.6077
vn -0.6172 0.3202 0.7187
vn 0.5732 -0.0792 0.8156
vn 0.6126 0.4543 -0.6467
vn 0.5884 0.1267 0.7986
vn -0.0575 -0.7932 0.6063
vn -0.1760 -0.7490 0.6387
vn -0.0473 0.7907 0.6104
vn 0.0836 -0.7583 0.6466
vn 0.0578 0.7903 0.6100
vn 0.6558 0.1434 0.7412
vn -0.5897 -0.2528 0.7670
vn -0.5693 0.2382 0.7869
vn 0.6130 -0.3795 0.6929
vn 0.1691 0.7457 0.6445
vn -0.1097 0.7644 0.6353
vn 0.0835 -0.7915 0.6054
vn -0.4308 -0.0381 0.9017
vn 0.7222 0.3304 0.6077
vn -0.1488 0.7894 0.5955
vn 0.1488 0.7894 0.5955
vn 0.0212 -0.7495 0.6617
vn 0.0331 -0.7762 0.6296
vn 0.0995 0.7552 0.6478
vn 0.0136 -0.7995 0.6005
vn -0.0365 0.7585 0.6506
vn -0.0655 -0.7979 0.5993
vn 0.0321 -0.7699 0.6374
vn 0.6181 0.1738 0.7667
vn -0.0353 -0.7894 0.6129
vn 0.0319 -0.7895 0.6130
vn 0.6201 -0.1541 0.7692
vn -0.0695 0.7924 0.6061
vn 0.1691 -0.7457 0.6445
vn -0.1097 -0.7644 0.6353
vn 0.0835 0.7915 0.6054
vn 0.5473 0.7256 -0.4172
vn 0.6594 -0.0631 -0.7492
vn 0.4913 -0.1093 -0.8641
vn -0.0136 0.7663 -0.6424
vn -0.6707 -0.0564 -0.7396
vn 0.6456 -0.0517 -0.7619
vn -0.0695 -0.7924 -0.6061
vn -0.0340 -0.7698 -0.6374
vn 0.5308 0.0747 -0.8442
vn 0.2314 -0.7940 -0.5621
vn -0.1580 0.7718 -0.6160
vn 0.0670 0.7798 -0.6224
vn -0.0977 -0.8285 -0.5513
vn -0.1141 -0.7881 -0.6049
vn 0.1205 0.8164 -0.5648
vn -0.0952 0.8186 -0.5664
vn 0.6596 0.0571 -0.7494
vn 0.5782 -0.2745 -0.7684
vn 0.5782 0.2745 -0.7684
vn -0.6909 0.0678 -0.7198
vn -0.6760 -0.2169 -0.7043
vn -0.0843 -0.7601 -0.6443
vn 0.6236 0.1560 -0.7660
vn -0.6357 -0.0295 -0.7714
vn -0.6336 0.0852 -0.7689
vn 0.1021 0.7624 -0.6391
vn 0.6467 0.0742 -0.7591
vn -0.6983 -0.0565 -0.7136
vn -0.7074 0.0401 -0.7057
vn 0.6461 -0.0861 -0.7584
vn -0.0971 0.7467 -0.6580
vn 0.1462 0.7422 -0.6541
vn 0.7222 -0.3304 -0.6077
vn -0.6172 0.3202 -0.7187
vn 0.5732 -0.0792 -0.8156
vn 0.6126 0.4543 0.6467
vn 0.5884 0.1267 -0.7986
vn -0.0575 -0.7932 -0.6063
vn -0.1760 -0.7491 -0.6387
vn -0.0473 0.7907 -0.6104
vn 0.0836 -0.7583 -0.6466
vn 0.0578 0.7903 -0.6100
vn 0.6558 0.1434 -0.7412
vn -0.5897 -0.2528 -0.7670
vn -0.5693 0.2382 -0.7869
vn 0.6130 -0.3795 -0.6929
vn 0.1691 0.7457 -0.6445
vn -0.1097 0.7644 -0.6353
vn 0.0835 -0.7915 -0.6054
vn -0.4308 -0.0381 -0.9017
vn 0.7222 0.3304 -0.6077
vn -0.1488 0.7894 -0.5955
vn 0.1488 0.7894 -0.5955
vn 0.0212 -0.7495 -0.6617
vn 0.0331 -0.7762 -0.6296
vn 0.0995 0.7552 -0.6478
vn 0.0136 -0.7995 -0.6005
vn -0.0365 0.7585 -0.6506
vn -0.0655 -0.7979 -0.5993
vn 0.0321 -0.7699 -0.6374
vn 0.6181 0.1738 -0.7667
vn -0.0353 -0.7894 -0.6129
vn 0.0319 -0.7895 -0.6130
vn 0.6201 -0.1541 -0.7692
vn -0.0695 0.7924 -0.6061
vn 0.1691 -0.7457 -0.6445
vn -0.1097 -0.7644 -0.6353
vn 0.0835 0.7915 -0.6054
usemtl Wall_Dark.004
s 1
f 1745//761 1746//761 1747//761 1748//761
f 1749//762 1750//762 1751//762 1752//762
f 1746//763 1745//763 1753//763 1754//763 1755//763 1756//763
f 1757//764 1758//764 1759//764 1760//764
f 1761//765 1762//765 1763//765 1764//765
f 1765//766 1766//766 1767//766 1768//766
f 1769//764 1770//764 1771//764 1772//764
f 1773//767 1774//767 1775//764 1776//764
f 1777//768 1778//768 1779//768 1780//768
f 1781//769 1782//769 1783//770 1784//770
f 1785//771 1786//771 1787//771 1788//771
f 1789//772 1790//772 1791//772 1792//772
f 1793//773 1794//773 1795//773 1796//773 1797//773 1798//773 1799//773 1800//773 1801//773 1802//773
f 1803//768 1804//768 1805//768 1806//768
f 1807//774 1808//774 1809//774 1810//774
f 1811//763 1812//763 1813//763 1814//763 1815//763 1816//763 1817//763
f 1818//775 1819//775 1820//775 1821//775
f 1822//776 1823//776 1824//776 1825//776
f 1826//768 1827//768 1828//768 1829//768
f 1830//770 1831//770 1832//770 1833//770
f 1834//777 1835//777 1836//777 1837//777
f 1838//778 1839//778 1840//779 1841//779
f 1842//780 1843//780 1844//780 1845//780
f 1846//781 1847//781 1848//764 1849//764
f 1850//782 1851//782 1852//782 1853//782
f 1854//761 1855//761 1856//761 1857//761
f 1858//770 1859//770 1860//770 1861//770
f 1862//783 1780//783 1779//783 1863//783
f 1864//763 1865//763 1866//763 1867//763 1868//763 1869//763 1870//763 1871//763 1872//763 1873//763
f 1874//764 1875//764 1876//764 1877//764
f 1878//764 1879//764 1880//764 1881//764
f 1882//768 1883//768 1884//768 1885//768
f 1754//784 1886//784 1887//784
f 1888//785 1889//785 1753//785
f 1890//786 1891//787 1892//788
f 1893//789 1894//790 1895//791
f 1752//792 1896//793 1897//794
f 1898//795 1899//796 1760//797
f 1748//798 1900//798 1745//798
f 1764//799 1901//799 1902//799
f 1903//800 1904//800 1768//800
f 1905//785 1906//785 1907//785
f 1908//798 1909//798 1910//798
f 1863//784 1779//784 1911//784
f 1778//801 1912//801 1913//801
f 1914//801 1915//801 1916//801
f 1784//785 1917//785 1918//785
f 1919//784 1920//784 1788//784
f 1801//798 1921//798 1922//798
f 1923//801 1924//801 1800//801
f 1803//784 1817//784 1925//784
f 1814//785 1792//785 1791//785
f 1806//801 1926//801 1811//801
f 1927//798 1813//798 1810//798
f 1928//785 1929//785 1795//785
f 1930//784 1931//784 1796//784
f 1932//785 1933//785 1934//785
f 1821//784 1935//784 1936//784
f 1937//801 1938//801 1829//801
f 1939//801 1940//801 1941//801
f 1776//784 1942//784 1943//784
f 1944//798 1832//798 1945//798
f 1831//785 1946//785 1947//785
f 1948//784 1849//784 1949//784
f 1950//802 1838//802 1951//802
f 1854//803 1857//803 1952//803
f 1872//798 1953//798 1954//798
f 1955//801 1956//801 1871//801
f 1861//804 1876//804 1866//804
f 1875//784 1957//784 1867//784
f 1958//785 1959//785 1960//785
f 1961//798 1962//798 1963//798
f 1881//784 1884//784 1964//784
f 1883//801 1965//801 1966//801
f 1967//765 1748//765 1747//765 1968//765
f 1889//764 1969//764 1970//764 1886//764
f 1748//805 1967//805 1971//805 1900//805
f 1886//783 1970//783 1972//783 1887//783
f 1754//806 1753//806 1889//806 1886//806
f 1973//765 1974//765 1895//765 1975//765
f 1976//807 1893//807 1895//807 1974//807
f 1751//808 1977//809 1896//793 1752//792
f 1978//810 1897//810 1896//810 1979//810
f 1749//811 1752//811 1897//811 1980//811
f 1981//768 1982//768 1983//768 1984//768
f 1985//812 1986//812 1983//812 1982//812
f 1763//805 1987//805 1901//805 1764//805
f 1988//813 1902//813 1901//813 1765//813
f 1761//761 1764//761 1902//761 1989//761
f 1909//770 1990//770 1991//770 1906//770
f 1772//806 1863//806 1911//806 1992//806
f 1778//814 1777//814 1993//814 1912//814
f 1994//761 1908//761 1910//761 1995//761
f 1905//815 1910//815 1909//815 1906//815
f 1913//816 1911//816 1779//816 1778//816
f 1845//817 1844//817 1916//817 1996//817
f 1783//772 1997//772 1917//772 1784//772
f 1998//806 1918//806 1917//806 1999//806
f 1781//815 1784//815 1918//815 2000//815
f 2001//816 1915//816 1914//816 2002//816
f 2003//818 1928//818 1795//818 1794//818
f 1931//783 1930//783 2004//783 2005//783
f 2006//816 1923//816 1800//816 1799//816
f 1801//761 1800//761 1924//761 1921//761
f 2007//819 2008//819 2009//820 2010//820
f 1815//821 1814//821 1791//821 2009//821
f 2011//822 1925//822 2008//822 2007//822
f 1812//823 1811//823 1926//823 1807//823
f 1803//816 1806//816 1811//816 1817//816
f 1927//815 1792//815 1814//815 1813//815
f 1796//806 1795//806 1929//806 1930//806
f 2012//824 2013//824 2014//824 2015//824
f 1820//783 2016//783 1935//783 1821//783
f 2017//816 1936//816 1935//816 2018//816
f 1818//825 1821//825 1936//825 2019//825
f 2020//761 2021//761 2022//761 2023//761
f 1940//814 2024//814 2025//814 1941//814
f 2026//761 1944//761 1945//761 2027//761
f 1775//783 2028//783 1942//783 1776//783
f 1773//806 1776//806 1943//806 2029//806
f 1939//816 1943//816 1942//816 1940//816
f 1947//815 1945//815 1832//815 1831//815
f 1837//768 1836//768 2030//768 1955//768
f 2031//826 1950//826 1951//826 2032//826
f 2031//770 2033//770 2034//770 1950//770
f 1849//783 1848//783 2035//783 1949//783
f 2036//827 2037//827 1852//827 1851//827
f 2038//828 1951//828 1838//828 1841//828
f 1956//765 2039//765 2040//765 1953//765
f 1858//815 1861//815 1866//815 1865//815
f 1875//783 1874//783 2041//783 1957//783
f 1837//816 1955//816 1871//816 1870//816
f 1872//761 1871//761 1956//761 1953//761
f 1867//806 1866//806 1876//806 1875//806
f 1962//770 2042//770 2043//770 1959//770
f 1878//806 1881//806 1964//806 2044//806
f 1883//814 1882//814 2045//814 1965//814
f 2046//761 1961//761 1963//761 2047//761
f 1958//815 1963//815 1962//815 1959//815
f 1966//816 1964//816 1884//816 1883//816
f 2001//768 2048//768 2049//768 1915//768
f 2050//814 1968//814 1747//814 2051//814
f 1890//829 2052//829 2053//829 1891//829
f 2054//763 2055//763 1893//763 1976//763 2056//763 2057//763 1891//763 2053//763 1980//763 1897//763 1978//763 2058//763 2059//763 1899//763
f 1760//797 1759//830 2060//831 1898//795
f 2061//832 2062//832 2063//833 2064//833
f 1890//770 2065//770 2066//770 2052//770
f 1898//834 2061//834 2054//834 1899//834
f 2052//835 1749//835 1980//835 2053//835
f 1898//768 2060//768 2062//832 2061//832
f 1899//836 2059//836 1757//836 1760//836
f 1891//807 2057//807 1823//807 1892//807
f 1825//837 1824//837 1974//837 1973//837
f 1896//764 1977//764 2067//764 1979//764
f 2068//838 2069//838 1758//838 1757//838
f 1904//839 1988//839 1765//839 1768//839
f 2070//840 1985//840 1982//840 2071//840
f 2072//768 2071//768 1982//768 1981//768
f 1903//841 2073//841 2074//841 1904//841
f 1988//842 1904//842 2074//842 2075//842 1986//842 1985//842 2070//842 2076//842 1989//842 1902//842
f 1901//843 1987//843 1766//843 1765//843
f 2073//844 2077//844 2078//844 2079//844
f 1903//845 2080//845 2077//845 2073//845
f 2081//846 2082//846 1762//846 1761//846
f 2083//847 2084//847 2050//848 2051//848
f 1887//816 2085//816 1755//816 1754//816
f 1900//815 1888//815 1753//815 1745//815
f 2085//849 2086//849 2084//847 2083//847
f 1857//850 2087//850 2088//850 1952//850
f 2089//851 1853//851 1852//851 2090//851
f 2034//852 1839//852 1838//852 1950//852
f 1948//806 2091//806 1846//806 1849//806
f 1855//853 2036//853 1851//853 1856//853
f 2092//805 2093//805 2094//805 2095//805
f 2096//854 1856//854 1851//854 1850//854
f 2097//855 2098//855 1847//781 1846//781
f 2049//814 1996//814 1916//814 1915//814
f 2099//856 2031//856 2032//856 2100//856
f 1949//816 2101//816 2102//816 1948//816
f 2087//765 1857//765 1856//765 2096//765
f 2099//770 2103//770 2033//770 2031//770
f 1949//768 2035//768 2104//768 2101//768
f 1952//857 2099//857 2100//857 1854//857
f 1951//763 2038//763 2105//763 2091//763 1948//763 2102//763 2106//763 2037//763 2036//763 1855//763 1854//763 2100//763 2032//763
f 1952//770 2088//770 2103//770 2099//770
f 2107//816 2001//816 2002//816 2108//816
f 1788//783 1787//783 2109//783 1919//783
f 2107//768 2110//768 2048//768 2001//768
f 2095//858 2094//858 2111//859 2112//859
f 1919//816 2107//816 2108//816 1920//816
f 1919//768 2109//768 2110//768 2107//768
f 2113//763 2000//763 1918//763 1998//763 2114//763 1920//763 2108//763 2002//763 1914//763 2115//763 2116//763 2117//763
f 2114//860 1998//860 1999//860 1785//860
f 2117//761 2116//761 1843//761 2092//761
f 2093//765 2092//765 1843//765 1842//765
f 1920//861 2114//861 1785//861 1788//861
f 1965//761 2118//761 2119//761 1966//761
f 2120//806 1878//806 2044//806 2121//806
f 1880//783 1885//783 1884//783 1881//783
f 1965//765 2045//765 2122//765 2118//765
f 2120//764 2123//764 1879//764 1878//764
f 2124//806 2120//806 2121//806 2125//806
f 2124//764 2126//764 2123//764 2120//764
f 2127//806 2124//806 2125//806 2128//806
f 2118//862 2122//862 2129//862 2130//862
f 2127//764 2131//764 2126//764 2124//764
f 1922//863 2132//863 1802//863 1801//863
f 2006//864 2133//864 2134//864 2135//864
f 1931//816 2136//816 1797//816 1796//816
f 2136//768 1931//768 2005//768 2137//768
f 2138//865 2139//865 2013//865 2012//865
f 2018//768 2140//768 1827//768 1826//768
f 1933//866 2141//866 2139//866 1934//866
f 2142//867 1938//867 2143//867 2023//867 2022//867 2144//867 2141//867 1933//867 2145//867 2019//867 1936//867 2017//867
f 1937//868 2146//868 2143//868 1938//868
f 2146//869 2020//869 2023//869 2143//869
f 1932//806 2147//806 2145//806 1933//806
f 2147//870 1818//870 2019//870 2145//870
f 2148//770 1934//770 2139//770 2138//770
f 1937//871 2149//871 2150//871 2146//871
f 2146//872 2150//872 2151//872 2020//872
f 1932//764 2152//764 2153//764 2147//764
f 1813//873 1812//873 1807//873 1810//873
f 2154//874 1773//874 2029//874 2155//874
f 1941//875 2156//875 2157//875 1939//875
f 1941//876 2025//876 2158//876 2156//876
f 1946//877 2159//877 2160//878 2154//878
f 2157//763 2027//763 1945//763 1947//763 2155//763 2029//763 1943//763 1939//763
f 2156//879 2158//879 2161//879 2026//879
f 1946//880 2154//880 2155//880 1947//880
f 2156//881 2026//881 2027//881 2157//881
f 2162//882 2163//882 2164//883 2046//883
f 1831//772 1830//772 2159//772 1946//772
f 2026//765 2161//765 2165//765 1944//765
f 1860//772 1877//772 1876//772 1861//772
f 2166//884 2167//884 1835//884 1834//884
f 2168//770 2169//770 2170//770 2171//770
f 1957//816 2166//816 1868//816 1867//816
f 1957//768 2041//768 2167//768 2166//768
f 2171//885 2170//885 1859//885 1858//885
f 1954//886 2168//886 1873//886 1872//886
f 1954//887 2172//887 2169//887 2168//887
f 2010//820 2009//820 1791//888 1790//888
f 1999//889 2173//889 1786//889 1785//889
f 2174//890 2175//890 2176//890 2003//890
f 2132//891 2177//891 2175//891 2174//891
f 2130//892 2129//892 2178//892 2179//892
f 1960//764 2180//764 2181//764 2182//764
f 2182//764 2181//764 2183//764 2184//764
f 2185//763 2186//763 2128//763 2125//763 2121//763 2044//763 1964//763 1966//763 2119//763 2187//763 2188//763 2189//763 2190//763 2047//763 1963//763 1958//763
f 1960//806 2182//806 2185//806 1958//806
f 2182//806 2184//806 2186//806 2185//806
f 2184//806 2127//806 2128//806 2186//806
f 2179//761 2191//761 2189//761 2188//761
f 2184//764 2183//764 2131//764 2127//764
f 2179//765 2178//765 2192//893 2191//893
f 2191//893 2192//893 2163//894 2162//894
f 2101//895 2104//895 2193//895 2194//895
f 1979//896 2067//896 2069//896 2068//896
f 2195//765 1892//765 1823//765 1822//765
f 2052//897 2066//897 1750//897 1749//897
f 2196//898 1975//899 1895//791 1894//790
f 1892//788 2195//900 2065//901 1890//786
f 2064//833 2063//833 2196//902 1894//902
f 2197//814 2198//814 1924//814 1923//814
f 1921//805 2199//805 2200//805 1922//805
f 1923//768 2006//768 2135//768 2197//768
f 1953//805 2040//805 2172//805 1954//805
f 2030//814 2039//814 1956//814 1955//814
f 1805//814 2201//814 1926//814 1806//814
f 2165//805 1833//805 1832//805 1944//805
f 2202//805 2042//805 1962//805 1961//805
f 1959//772 2043//772 2180//772 1960//772
f 2046//883 2164//883 2202//765 1961//765
f 2203//805 1990//805 1909//805 1908//805
f 1906//772 1991//772 2204//772 1907//772
f 1912//765 1993//765 2205//765 2206//765
f 2207//772 1969//772 1889//772 1888//772
f 1900//770 1971//770 2207//770 1888//770
f 2208//903 2209//903 2082//903 2081//903
f 1768//772 1767//772 2080//772 1903//772
f 2210//783 1984//783 1983//783 2211//783
f 2071//814 2072//814 2209//814 2208//814
f 2079//764 2078//764 2210//764 2211//764
f 1841//779 1840//779 2098//855 2097//855
f 2112//859 2111//859 1782//769 1781//769
f 2194//904 2193//904 2089//904 2090//904
f 1917//764 1997//764 2173//764 1999//764
f 1935//768 2016//768 2140//768 2018//768
f 1994//765 2212//765 2203//765 1908//765
f 1829//814 1828//814 2149//814 1937//814
f 1925//783 2011//783 1804//783 1803//783
f 2213//805 2015//805 2014//805 2021//805
f 1934//772 2148//772 2152//772 1932//772
f 1810//805 1809//805 2214//805 1927//805
f 2020//765 2151//765 2213//765 2021//765
f 1926//905 2201//905 1808//905 1807//905
f 1927//770 2214//770 1789//770 1792//770
f 2215//763 1992//763 1911//763 1913//763 2216//763 1995//763 1910//763 1905//763
f 1772//764 1771//764 1862//764 1863//764
f 1887//768 1972//768 2086//849 2085//849
f 1907//764 2204//764 1770//764 1769//764
f 2206//765 2205//765 2212//765 1994//765
f 2217//764 2218//764 2219//906 2220//906
f 1942//768 2028//768 2024//768 1940//768
f 2221//763 2222//763 2223//763 2224//763 2225//763 2226//763 2227//763 2228//763
f 2226//785 2229//785 2217//785
f 2230//798 2231//798 2225//798
f 2232//801 2233//801 2224//801
f 2234//768 2232//768 2235//768 2236//768
f 2231//770 2237//770 2238//770 2229//770
f 2232//814 2234//814 2239//814 2233//814
f 2229//772 2238//772 2218//772 2217//772
f 2226//815 2225//815 2231//815 2229//815
f 2240//783 2241//783 2242//783 2243//783
f 2244//907 2245//907 2240//908 2243//908
f 2217//806 2220//806 2227//806 2226//806
f 2233//761 2230//761 2225//761 2224//761
f 2220//906 2219//906 2245//907 2244//907
f 2246//805 2237//805 2231//805 2230//805
f 2233//765 2239//765 2246//765 2230//765
f 2236//768 2235//768 2247//768 2248//768
f 2249//909 2250//909 2251//910 2252//910
f 2224//816 2223//816 2235//816 2232//816
f 2248//768 2247//768 2242//768 2241//768
f 2253//911 2254//911 2250//909 2249//909
f 2255//912 2256//912 2257//912 2258//912
f 2259//768 2260//768 2261//768 2262//768
f 2263//798 2264//798 2265//798
f 2266//785 2267//785 2268//785
f 2255//913 2269//913 2261//913
f 2262//914 2270//914 2252//914
f 2266//764 2271//764 2272//764 2273//764
f 2265//770 2274//770 2275//770 2268//770
f 2252//915 2251//915 2259//915 2262//915
f 2273//806 2276//806 2267//806 2266//806
f 2263//815 2265//815 2268//815 2267//815
f 2270//916 2262//916 2261//916 2269//916
f 2264//761 2263//761 2277//761 2278//761
f 2256//917 2255//917 2261//917 2260//917
f 2273//918 2272//918 2254//918 2253//918
f 2277//763 2263//763 2267//763 2276//763 2279//763 2280//763 2270//763 2269//763 2281//763
f 2278//765 2282//765 2283//765 2264//765
f 2264//805 2283//805 2274//805 2265//805
f 2271//772 2266//772 2268//772 2275//772
f 2252//919 2270//919 2280//919 2249//919
f 2258//920 2257//920 2282//920 2278//920
f 2284//921 1967//921 1968//921 2285//921
f 2285//922 2286//922 2287//922 2288//922 2289//922 2284//922
f 2003//770 2176//770 2290//770 1928//770
f 2291//923 2292//923 2293//923 2294//923 2295//923 2296//923 2297//923 2298//923 2299//923 2300//923
f 2301//922 2302//922 2303//922 2304//922 2305//922 2306//922 2307//922
f 2004//764 1930//764 1929//764 2308//764
f 2309//921 2087//921 2096//921 2310//921
f 2311//922 2312//922 2313//922 2314//922 2315//922 2316//922 2317//922 2318//922 2319//922 2320//922
f 2288//924 1972//924 1970//924
f 2207//925 2289//925 1969//925
f 2065//901 2195//900 2321//926
f 2322//927 1975//899 2196//898
f 1751//808 2323//928 1977//809
f 2060//831 1759//830 2324//929
f 1967//930 2284//930 1971//930
f 1763//930 2325//930 1987//930
f 2080//931 1767//931 2326//931
f 2327//925 2204//925 1991//925
f 2203//930 2328//930 1990//930
f 1862//924 2329//924 1780//924
f 1777//932 2330//932 1993//932
f 2331//932 1996//932 2049//932
f 1783//925 2332//925 1997//925
f 2109//924 1787//924 2333//924
f 2293//930 2200//930 2199//930
f 2197//932 2294//932 2198//932
f 1804//924 2011//924 2302//924
f 2305//925 1790//925 1789//925
f 1805//932 2301//932 2201//932
f 2214//930 1809//930 2306//930
f 2290//925 2299//925 2308//925
f 2004//924 2298//924 2005//924
f 2152//925 2148//925 2334//925
f 1820//924 2335//924 2016//924
f 2149//932 1828//932 2336//932
f 2337//932 2025//932 2024//932
f 1775//924 2338//924 2028//924
f 2165//930 2339//930 1833//930
f 1830//925 2340//925 2159//925
f 2341//924 2035//924 1848//924
f 2034//933 2342//933 1839//933
f 2309//934 2088//934 2087//934
f 2313//930 2172//930 2040//930
f 2030//932 2314//932 2039//932
f 1860//935 2319//935 1877//935
f 1874//936 2318//936 2041//936
f 2343//925 2180//925 2043//925
f 2202//930 2344//930 2042//930
f 1880//924 2345//924 1885//924
f 1882//932 2346//932 2045//932
f 2288//937 1970//937 1969//937 2289//937
f 2347//938 1973//938 1975//938 2322//938
f 2348//939 2067//939 1977//939 2323//939
f 1750//940 2349//940 2323//940 1751//940
f 2350//941 1981//941 1984//941 2351//941
f 2352//942 1766//942 1987//942 2325//942
f 1762//921 2353//921 2325//921 1763//921
f 1771//937 2354//937 2329//937 1862//937
f 2212//921 2355//921 2328//921 2203//921
f 2327//943 1991//943 1990//943 2328//943
f 2330//944 1777//944 1780//944 2329//944
f 2356//937 2173//937 1997//937 2332//937
f 1782//943 2357//943 2332//943 1783//943
f 2048//944 2358//944 2331//944 2049//944
f 1921//765 1924//765 2198//765 2199//765
f 2176//945 2300//945 2299//945 2290//945
f 2135//944 2295//944 2294//944 2197//944
f 2293//921 2199//921 2198//921 2294//921
f 2304//946 2010//946 1790//946 2305//946
f 2307//947 1808//947 2201//947 2301//947
f 1804//944 2302//944 2301//944 1805//944
f 2214//943 2306//943 2305//943 1789//943
f 2298//937 2004//937 2308//937 2299//937
f 2154//878 2160//878 1774//767 1773//767
f 2359//944 2140//944 2016//944 2335//944
f 1819//948 2360//948 2335//948 1820//948
f 2151//921 2361//921 2362//921 2213//921
f 2161//921 2363//921 2339//921 2165//921
f 1774//937 2364//937 2338//937 1775//937
f 2337//944 2024//944 2028//944 2338//944
f 2340//943 1830//943 1833//943 2339//943
f 2033//949 2365//949 2342//949 2034//949
f 2366//950 1850//950 1853//950 2367//950
f 2368//951 1840//951 1839//951 2342//951
f 1859//943 2320//943 2319//943 1860//943
f 1836//944 2315//944 2314//944 2030//944
f 2313//921 2040//921 2039//921 2314//921
f 2318//937 1874//937 1877//937 2319//937
f 1879//937 2369//937 2345//937 1880//937
f 2164//921 2370//921 2344//921 2202//921
f 2343//943 2043//943 2042//943 2344//943
f 2346//944 1882//944 1885//944 2345//944
f 2065//952 2321//952 2371//952 2066//952
f 2372//922 2324//922 2373//922 2374//922 2348//922 2323//922 2349//922 2371//922 2321//922 2375//922 2376//922 2347//922 2322//922 2377//922
f 2060//953 2324//953 2372//953 2062//953
f 2066//954 2371//954 2349//954 1750//954
f 2324//939 1759//939 1758//939 2373//939
f 2321//938 2195//938 1822//938 2375//938
f 2326//955 1767//955 1766//955 2352//955
f 2378//956 2072//956 1981//956 2350//956
f 2080//957 2326//957 2379//957 2077//957
f 2352//958 2325//958 2353//958 2380//958 2378//958 2350//958 2351//958 2381//958 2379//958 2326//958
f 1972//944 2288//944 2287//944 2086//944
f 1971//943 2284//943 2289//943 2207//943
f 2341//937 1848//937 1847//937 2382//937
f 2310//959 2096//959 1850//959 2366//959
f 2103//960 2383//960 2365//960 2033//960
f 2035//944 2341//944 2384//944 2104//944
f 2088//961 2309//961 2383//961 2103//961
f 2342//922 2365//922 2383//922 2309//922 2310//922 2366//922 2367//922 2385//922 2384//922 2341//922 2382//922 2386//922 2368//922
f 2110//944 2387//944 2358//944 2048//944
f 2109//944 2333//944 2387//944 2110//944
f 2388//922 2389//922 2390//922 2391//922 2331//922 2358//922 2387//922 2333//922 2392//922 2356//922 2332//922 2357//922
f 2392//962 1786//962 2173//962 2356//962
f 2389//921 2093//921 1842//921 2390//921
f 2333//963 1787//963 1786//963 2392//963
f 2045//921 2346//921 2393//921 2122//921
f 2123//937 2394//937 2369//937 1879//937
f 2126//937 2395//937 2394//937 2123//937
f 2131//937 2396//937 2395//937 2126//937
f 2200//964 2293//964 2292//964 2177//964
f 2290//772 2308//772 1929//772 1928//772
f 1922//965 2200//965 2177//965 2132//965
f 2005//944 2298//944 2297//944 2137//944
f 2136//966 2137//966 2134//966 2133//966
f 2334//967 2148//967 2138//967 2397//967
f 2398//968 2359//968 2335//968 2360//968 2399//968 2334//968 2397//968 2400//968 2362//968 2361//968 2401//968 2336//968
f 2149//969 2336//969 2401//969 2150//969
f 2150//970 2401//970 2361//970 2151//970
f 2152//937 2334//937 2399//937 2153//937
f 2153//971 2399//971 2360//971 1819//971
f 2306//972 1809//972 1808//972 2307//972
f 2160//973 2402//973 2364//973 1774//973
f 2025//974 2337//974 2403//974 2158//974
f 2403//922 2337//922 2338//922 2364//922 2402//922 2340//922 2339//922 2363//922
f 2159//975 2340//975 2402//975 2160//975
f 2158//976 2403//976 2363//976 2161//976
f 2041//944 2318//944 2317//944 2167//944
f 2172//977 2313//977 2312//977 2169//977
f 2404//922 2343//922 2344//922 2370//922 2405//922 2406//922 2407//922 2408//922 2393//922 2346//922 2345//922 2369//922 2394//922 2395//922 2396//922 2409//922
f 2180//937 2343//937 2404//937 2181//937
f 2181//937 2404//937 2409//937 2183//937
f 2183//937 2409//937 2396//937 2131//937
f 2178//921 2407//921 2406//921 2192//921
f 2147//978 2153//978 1819//978 1818//978
f 2410//922 2327//922 2328//922 2355//922 2411//922 2330//922 2329//922 2354//922
f 2412//922 2413//922 2414//922 2415//922 2416//922 2417//922 2418//922 2419//922
f 2415//925 2218//925 2238//925
f 2246//930 2416//930 2237//930
f 2234//932 2417//932 2239//932
f 2415//943 2238//943 2237//943 2416//943
f 2218//937 2415//937 2414//937 2219//937
f 2239//921 2417//921 2416//921 2246//921
f 2417//944 2234//944 2236//944 2418//944
f 2420//930 2274//930 2283//930
f 2271//925 2275//925 2421//925
f 2256//979 2260//979 2422//979
f 2259//980 2251//980 2423//980
f 2272//937 2271//937 2421//937 2424//937
f 2420//943 2421//943 2275//943 2274//943
f 2423//981 2422//981 2260//981 2259//981
f 2283//921 2282//921 2425//921 2420//921
f 2425//922 2426//922 2422//922 2423//922 2427//922 2428//922 2424//922 2421//922 2420//922
f 2251//982 2250//982 2427//982 2423//982
usemtl Wall_Medium.004
f 2429//768 2430//768 2431//768 2432//768
f 2433//764 2434//764 2435//764 2436//764
f 2437//764 2438//764 2439//764 2440//764
f 2441//768 2442//768 2443//768 2444//768
f 2445//768 2446//768 2447//768 2448//768
f 2449//920 2450//920 2451//983 2452//983
f 2453//764 2454//764 2455//764 2456//764
f 2457//765 2458//765 2459//765 2460//765
f 2461//770 2462//770 2463//770 2464//770
f 2465//764 2466//764 2467//764 2468//764
f 2469//984 2470//984 2471//984 2472//984
f 2473//764 2474//764 2434//764 2433//764
f 2475//768 2476//768 2477//768 2478//768
f 2479//764 2480//764 2474//764 2473//764
f 2481//768 2482//768 2483//768 2484//768
f 2485//785 2486//785 2437//785
f 2487//798 2488//798 2489//798
f 2440//784 2447//784 2490//784
f 2430//801 2491//801 2492//801
f 2493//801 2444//801 2494//801
f 2456//784 2441//784 2495//784
f 2460//798 2463//798 2496//798
f 2462//785 2497//785 2498//785
f 2499//785 2500//785 2465//785
f 2501//798 2502//798 2503//798
f 2472//914 2477//914 2504//914
f 2476//985 2505//985 2506//985
f 2507//785 2508//785 2479//785
f 2509//799 2510//799 2511//799
f 2436//784 2483//784 2512//784
f 2513//986 2514//986 2515//986
f 2516//770 2517//770 2518//770 2486//770
f 2437//806 2440//806 2490//806 2485//806
f 2430//814 2429//814 2519//814 2491//814
f 2491//761 2487//761 2489//761 2492//761
f 2520//815 2489//815 2488//815 2521//815
f 2522//987 2490//987 2447//987 2446//987
f 2444//814 2443//814 2523//814 2494//814
f 2457//761 2460//761 2496//761 2524//761
f 2455//783 2442//783 2441//783 2456//783
f 2453//806 2456//806 2495//806 2525//806
f 2493//816 2495//816 2441//816 2444//816
f 2498//815 2496//815 2463//815 2462//815
f 2526//765 2527//765 2528//765 2501//765
f 2502//770 2529//770 2530//770 2500//770
f 2476//917 2475//917 2531//917 2505//917
f 2526//761 2501//761 2503//761 2532//761
f 2499//815 2503//815 2502//815 2500//815
f 2506//988 2504//988 2477//988 2476//988
f 2533//989 2534//989 2535//989 2508//989
f 2513//814 2536//814 2537//814 2514//814
f 2514//761 2509//761 2511//761 2515//761
f 2435//783 2484//783 2483//783 2436//783
f 2538//816 2512//816 2483//816 2482//816
f 2515//816 2539//816 2540//816 2513//816
f 2510//770 2541//770 2542//770 2543//770
f 2511//763 2544//763 2545//763 2507//763 2546//763 2547//763 2512//763 2538//763 2548//763 2539//763 2515//763
f 2549//990 2550//990 2454//990 2453//990
f 2551//991 2522//991 2446//991 2552//991
f 2432//768 2431//768 2552//768 2553//768
f 2520//763 2554//763 2485//763 2490//763 2522//763 2551//763 2555//763 2492//763 2489//763
f 2553//768 2552//768 2446//768 2445//768
f 2505//992 2531//992 2450//920 2449//920
f 2494//993 2523//993 2556//993 2557//993
f 2557//994 2556//994 2558//994 2559//994
f 2497//765 2560//765 2561//765 2562//765
f 2497//995 2562//995 2563//995 2498//995
f 2559//765 2558//765 2458//765 2457//765
f 2564//763 2565//763 2524//763 2496//763 2498//763 2563//763 2566//763 2525//763 2495//763 2493//763
f 2559//761 2457//761 2524//761 2565//761
f 2465//806 2468//806 2567//806 2499//806
f 2471//915 2478//915 2477//915 2472//915
f 2452//996 2451//996 2527//996 2526//996
f 2567//763 2568//763 2504//763 2506//763 2569//763 2570//763 2532//763 2503//763 2499//763
f 2459//805 2464//805 2463//805 2460//805
f 2571//997 2572//997 2482//997 2481//997
f 2500//772 2530//772 2466//772 2465//772
f 2528//805 2529//805 2502//805 2501//805
f 2562//998 2561//998 2550//998 2549//998
f 2488//770 2573//770 2574//770 2521//770
f 2521//770 2574//770 2517//770 2516//770
f 2439//783 2448//783 2447//783 2440//783
f 2575//805 2573//805 2488//805 2487//805
f 2486//772 2518//772 2438//772 2437//772
f 2491//765 2519//765 2575//765 2487//765
f 2576//999 2540//999 2572//999 2571//999
f 2536//768 2513//768 2540//768 2576//768
f 2543//1000 2542//1000 2534//1000 2533//1000
f 2577//805 2541//805 2510//805 2509//805
f 2508//772 2535//772 2480//772 2479//772
f 2514//765 2537//765 2577//765 2509//765
f 2505//1001 2449//1001 2569//1001 2506//1001
f 2468//909 2467//909 2470//909 2469//909
f 2544//815 2511//815 2510//815 2543//815
f 2479//806 2473//806 2546//806 2507//806
f 2578//925 2438//925 2518//925
f 2575//930 2579//930 2573//930
f 2439//924 2580//924 2448//924
f 2429//932 2581//932 2519//932
f 2582//932 2523//932 2443//932
f 2455//924 2583//924 2442//924
f 2459//930 2584//930 2464//930
f 2461//925 2585//925 2560//925
f 2586//925 2466//925 2530//925
f 2528//930 2587//930 2529//930
f 2471//980 2588//980 2478//980
f 2475//1002 2589//1002 2531//1002
f 2590//925 2480//925 2535//925
f 2577//1003 2591//1003 2541//1003
f 2435//924 2592//924 2484//924
f 2536//1004 2593//1004 2537//1004
f 2438//937 2578//937 2580//937 2439//937
f 2519//921 2581//921 2579//921 2575//921
f 2594//943 2574//943 2573//943 2579//943
f 2595//1005 2445//1005 2448//1005 2580//1005
f 2458//921 2596//921 2584//921 2459//921
f 2454//937 2597//937 2583//937 2455//937
f 2582//944 2443//944 2442//944 2583//944
f 2585//943 2461//943 2464//943 2584//943
f 2527//921 2598//921 2587//921 2528//921
f 2586//943 2530//943 2529//943 2587//943
f 2589//1006 2475//1006 2478//1006 2588//1006
f 2537//921 2593//921 2591//921 2577//921
f 2599//944 2481//944 2484//944 2592//944
f 2593//944 2536//944 2576//944 2600//944
f 2591//922 2593//922 2600//922 2601//922 2599//922 2592//922 2602//922 2603//922 2590//922 2604//922 2605//922
f 2606//1007 2553//1007 2445//1007 2595//1007
f 2594//922 2579//922 2581//922 2607//922 2606//922 2595//922 2580//922 2578//922 2608//922
f 2560//1008 2585//1008 2609//1008 2561//1008
f 2610//922 2582//922 2583//922 2597//922 2611//922 2609//922 2585//922 2584//922 2596//922 2612//922
f 2558//921 2612//921 2596//921 2458//921
f 2466//937 2586//937 2613//937 2467//937
f 2613//922 2586//922 2587//922 2598//922 2614//922 2615//922 2589//922 2588//922 2616//922
f 2531//1009 2589//1009 2615//1009 2450//1009
f 2605//943 2542//943 2541//943 2591//943
f 2480//937 2590//937 2603//937 2474//937
f 2462//772 2461//772 2560//772 2497//772
usemtl Wall_Highlights.004
f 2051//801 1747//801 1746//801
f 2208//801 2070//801 2071//801
f 1986//784 2211//784 1983//784
f 2095//798 2117//798 2092//798
f 2022//798 2021//798 2014//798
f 2090//1010 1852//1010 2037//1010
f 2083//1011 2051//1011 1746//1011 1756//1011
f 2064//1012 1894//1012 1893//1012 2055//1012
f 2079//806 2211//806 1986//806 2075//806
f 2115//1013 1914//1013 1916//1013 1844//1013
f 2144//1014 2022//1014 2014//1014 2013//1014
f 2194//1015 2090//1015 2037//1015 2106//1015
f 2469//1016 2472//1016 2504//1016 2568//1016
f 2433//1017 2436//1017 2512//1017 2547//1017
f 2061//1018 2064//1018 2055//1018 2054//1018
f 2058//1019 1978//1019 1979//1019 2068//1019
f 2056//1020 1976//1020 1974//1020 1824//1020
f 2057//1021 2056//1021 1824//1021 1823//1021
f 2059//1022 2058//1022 2068//1022 1757//1022
f 2073//1023 2079//1023 2075//1023 2074//1023
f 2081//1024 1761//1024 1989//1024 2076//1024
f 2208//1025 2081//1025 2076//1025 2070//1025
f 2085//1026 2083//1026 1756//1026 1755//1026
f 2539//1027 2548//1027 2572//1027 2540//1027
f 2548//1028 2538//1028 2482//1028 2572//1028
f 2507//1029 2545//1029 2533//1029 2508//1029
f 2545//1030 2544//1030 2543//1030 2533//1030
f 2091//1031 2105//1031 2097//1031 1846//1031
f 2101//1032 2194//1032 2106//1032 2102//1032
f 2095//1033 2112//1033 2113//1033 2117//1033
f 2112//1034 1781//1034 2000//1034 2113//1034
f 2116//1035 2115//1035 1844//1035 1843//1035
f 2555//1036 2551//1036 2552//1036 2431//1036
f 2554//1037 2520//1037 2521//1037 2516//1037
f 2485//1038 2554//1038 2516//1038 2486//1038
f 2492//1039 2555//1039 2431//1039 2430//1039
f 2118//1040 2130//1040 2187//1040 2119//1040
f 2130//1041 2179//1041 2188//1041 2187//1041
f 2133//1042 2006//1042 1799//1042 1798//1042
f 2174//1043 2003//1043 1794//1043 1793//1043
f 1938//1044 2142//1044 1826//1044 1829//1044
f 2141//1045 2144//1045 2013//1045 2139//1045
f 2142//1046 2017//1046 2018//1046 1826//1046
f 1817//1047 1816//1047 2008//1047 1925//1047
f 2549//1048 2453//1048 2525//1048 2566//1048
f 2494//1049 2557//1049 2564//1049 2493//1049
f 2562//1050 2549//1050 2566//1050 2563//1050
f 2557//1051 2559//1051 2565//1051 2564//1051
f 2166//1052 1834//1052 1869//1052 1868//1052
f 2168//1053 2171//1053 1864//1053 1873//1053
f 2171//1054 1858//1054 1865//1054 1864//1054
f 1834//1055 1837//1055 1870//1055 1869//1055
f 2452//1056 2526//1056 2532//1056 2570//1056
f 2449//1057 2452//1057 2570//1057 2569//1057
f 2468//1058 2469//1058 2568//1058 2567//1058
f 2132//1059 2174//1059 1793//1059 1802//1059
f 2136//1060 2133//1060 1798//1060 1797//1060
f 2191//1061 2162//1061 2190//1061 2189//1061
f 2162//1062 2046//1062 2047//1062 2190//1062
f 2105//1063 2038//1063 1841//1063 2097//1063
f 1816//1064 1815//1064 2009//1064 2008//1064
f 2206//1065 1994//1065 1995//1065 2216//1065
f 1907//1066 1769//1066 2215//1066 1905//1066
f 1912//1067 2206//1067 2216//1067 1913//1067
f 1769//1068 1772//1068 1992//1068 2215//1068
f 2473//1069 2433//1069 2547//1069 2546//1069
f 2222//1070 2221//1070 2242//1070 2247//1070
f 2243//784 2242//784 2221//784
f 2244//1071 2243//1071 2221//1071 2228//1071
f 2220//1072 2244//1072 2228//1072 2227//1072
f 2223//1073 2222//1073 2247//1073 2235//1073
f 2258//1074 2281//1074 2269//1074 2255//1074
f 2253//1075 2279//1075 2276//1075 2273//1075
f 2249//1076 2280//1076 2279//1076 2253//1076
f 2278//1077 2277//1077 2281//1077 2258//1077
f 2050//932 2285//932 1968//932
f 2209//932 2072//932 2378//932
f 2351//924 1984//924 2210//924
f 2094//930 2093//930 2389//930
f 2362//930 2015//930 2213//930
f 2089//1078 2367//1078 1853//1078
f 2084//1079 2286//1079 2285//1079 2050//1079
f 2063//1080 2377//1080 2322//1080 2196//1080
f 2078//937 2381//937 2351//937 2210//937
f 2391//1081 1845//1081 1996//1081 2331//1081
f 2400//1082 2012//1082 2015//1082 2362//1082
f 2193//1083 2385//1083 2367//1083 2089//1083
f 2470//1084 2616//1084 2588//1084 2471//1084
f 2434//1085 2602//1085 2592//1085 2435//1085
f 2062//1086 2372//1086 2377//1086 2063//1086
f 2374//1087 2069//1087 2067//1087 2348//1087
f 2376//1088 1825//1088 1973//1088 2347//1088
f 2375//1089 1822//1089 1825//1089 2376//1089
f 2373//1090 1758//1090 2069//1090 2374//1090
f 2077//1091 2379//1091 2381//1091 2078//1091
f 2082//1092 2380//1092 2353//1092 1762//1092
f 2209//1093 2378//1093 2380//1093 2082//1093
f 2086//1094 2287//1094 2286//1094 2084//1094
f 2600//1095 2576//1095 2571//1095 2601//1095
f 2601//1096 2571//1096 2481//1096 2599//1096
f 2590//1097 2535//1097 2534//1097 2604//1097
f 2604//1098 2534//1098 2542//1098 2605//1098
f 2382//1099 1847//1099 2098//1099 2386//1099
f 2104//1100 2384//1100 2385//1100 2193//1100
f 2094//1101 2389//1101 2388//1101 2111//1101
f 2111//1102 2388//1102 2357//1102 1782//1102
f 2390//1103 1842//1103 1845//1103 2391//1103
f 2607//1104 2432//1104 2553//1104 2606//1104
f 2608//1105 2517//1105 2574//1105 2594//1105
f 2578//1106 2518//1106 2517//1106 2608//1106
f 2581//1107 2429//1107 2432//1107 2607//1107
f 2122//1108 2393//1108 2408//1108 2129//1108
f 2129//1109 2408//1109 2407//1109 2178//1109
f 2134//1110 2296//1110 2295//1110 2135//1110
f 2175//1111 2291//1111 2300//1111 2176//1111
f 2336//1112 1828//1112 1827//1112 2398//1112
f 2397//1113 2138//1113 2012//1113 2400//1113
f 2398//1114 1827//1114 2140//1114 2359//1114
f 2302//1115 2011//1115 2007//1115 2303//1115
f 2550//1116 2611//1116 2597//1116 2454//1116
f 2523//1117 2582//1117 2610//1117 2556//1117
f 2561//1118 2609//1118 2611//1118 2550//1118
f 2556//1119 2610//1119 2612//1119 2558//1119
f 2167//1120 2317//1120 2316//1120 1835//1120
f 2169//1121 2312//1121 2311//1121 2170//1121
f 2170//1122 2311//1122 2320//1122 1859//1122
f 1835//1123 2316//1123 2315//1123 1836//1123
f 2451//1124 2614//1124 2598//1124 2527//1124
f 2450//1125 2615//1125 2614//1125 2451//1125
f 2467//1126 2613//1126 2616//1126 2470//1126
f 2177//1127 2292//1127 2291//1127 2175//1127
f 2137//1128 2297//1128 2296//1128 2134//1128
f 2192//1129 2406//1129 2405//1129 2163//1129
f 2163//1130 2405//1130 2370//1130 2164//1130
f 2386//1131 2098//1131 1840//1131 2368//1131
f 2303//1132 2007//1132 2010//1132 2304//1132
f 2205//1133 2411//1133 2355//1133 2212//1133
f 2204//1134 2327//1134 2410//1134 1770//1134
f 1993//1135 2330//1135 2411//1135 2205//1135
f 1770//1136 2410//1136 2354//1136 1771//1136
f 2474//1137 2603//1137 2602//1137 2434//1137
f 2419//1138 2248//1138 2241//1138 2412//1138
f 2240//924 2412//924 2241//924
f 2245//1139 2413//1139 2412//1139 2240//1139
f 2219//1140 2414//1140 2413//1140 2245//1140
f 2418//1141 2236//1141 2248//1141 2419//1141
f 2257//1142 2256//1142 2422//1142 2426//1142
f 2254//1143 2272//1143 2424//1143 2428//1143
f 2250//1144 2254//1144 2428//1144 2427//1144
f 2282//1145 2257//1145 2426//1145 2425//1145
o Wall_Modular_Cube.009_Wall_Modular_Cube.010
v -0.590367 4.801557 -0.971801
v -0.590367 4.801557 -1.356532
v -0.623408 4.820557 -1.356532
v -0.623408 4.820557 -0.971801
v -0.661090 5.719898 -0.843965
v -0.888602 5.719898 -0.843965
v -0.888602 5.192621 -0.829008
v -0.661090 5.192621 -0.829008
v -0.590367 4.451290 -0.971801
v -0.590367 4.451290 -1.356532
v -0.590367 4.594989 -1.356532
v -0.590367 4.703471 -1.338384
v -0.661090 5.173621 -1.150696
v -0.888602 5.173621 -1.150696
v -0.888602 5.173621 -1.356532
v -0.661090 5.173621 -1.356532
v -0.705674 5.182025 -1.164022
v -0.844018 5.182025 -1.164022
v -0.844018 5.182025 -0.600009
v -0.705674 5.182025 -0.600009
v -0.705674 4.944404 -0.575434
v -0.844018 4.944404 -0.575434
v -0.844018 4.834126 -0.573635
v -0.705674 4.834126 -0.573635
v -0.600886 5.547903 -0.436908
v -0.948806 5.547903 -0.436908
v -0.948806 5.547903 -0.504144
v -0.600886 5.547903 -0.504144
v -0.600886 3.932585 0.255395
v -0.948806 3.932585 0.255395
v -0.948807 3.932585 -0.246034
v -0.600885 3.932585 -0.246034
v -0.948806 5.908916 -0.833464
v -0.600886 5.908916 -0.833464
v -0.600886 5.566903 -0.833464
v -0.948806 5.566903 -0.833464
v -0.661090 5.172174 0.186639
v -0.888602 5.172174 0.186639
v -0.888602 4.833163 0.186639
v -0.661090 4.833163 0.186639
v -0.661090 4.822244 0.026356
v -0.888602 4.822244 0.026356
v -0.888602 4.814163 -0.548841
v -0.661090 4.814163 -0.548841
v -0.888601 3.951585 1.392695
v -0.888601 3.932585 1.366322
v -0.661089 3.932585 1.366322
v -0.661089 3.951585 1.392695
v -0.572918 5.282846 1.333264
v -0.564658 5.214919 1.371120
v -0.567844 5.072310 1.366320
v -0.567845 5.072310 0.912139
v -0.567845 5.155032 0.912139
v -0.567845 5.196392 0.930087
v -0.567845 5.237752 0.912139
v -0.567845 5.911862 0.912139
v -0.567844 5.911862 1.366320
v -0.572832 5.502523 1.350001
v -0.661089 3.951585 0.732703
v -0.888601 3.951585 0.732703
v -0.888602 4.664077 0.732703
v -0.661090 4.664077 0.732703
v -0.661090 4.685688 0.860548
v -0.888602 4.685688 0.860548
v -0.888601 4.683076 1.366322
v -0.661089 4.683076 1.366322
v -0.628049 4.664077 0.759076
v -0.628049 4.655846 0.860548
v -0.628048 4.664077 1.366322
v -0.628048 3.951585 1.366322
v -0.628048 3.955711 0.975737
v -0.628048 3.965592 0.860548
v -0.628048 3.951585 0.759076
v -0.700174 4.688634 0.983565
v -0.849516 4.688634 0.983565
v -0.849517 4.674672 0.609799
v -0.700175 4.674672 0.609799
v -0.888602 5.930862 -1.031577
v -0.661090 5.930862 -1.031577
v -0.661090 5.933322 -1.119159
v -0.888602 5.933322 -1.119159
v -0.700175 4.903018 0.583425
v -0.849517 4.903018 0.583425
v -0.849517 5.042100 0.583425
v -0.700175 5.042100 0.583425
v -0.948806 3.951585 0.737157
v -0.600886 3.951585 0.737157
v -0.600886 4.303163 0.737157
v -0.948806 4.303163 0.737157
v -0.600886 4.770123 0.188948
v -0.948806 4.770123 0.188949
v -0.948806 4.790081 0.186281
v -0.600886 4.790081 0.186281
v -0.624490 4.319561 0.160265
v -0.925202 4.319561 0.160265
v -0.925202 4.319907 -0.333540
v -0.624490 4.319907 -0.333540
v -0.888602 5.558037 0.065921
v -0.661090 5.558037 0.065921
v -0.661090 5.556577 -0.006047
v -0.888602 5.556577 -0.006047
v -0.624490 4.319561 -0.691316
v -0.925202 4.319561 -0.691315
v -0.925202 4.319561 -0.923624
v -0.624490 4.319561 -0.923625
v -0.925202 4.807474 -0.691315
v -0.624490 4.807474 -0.691316
v -0.624490 4.817994 -0.923625
v -0.925202 4.817994 -0.923624
v -0.591449 4.798994 0.160265
v -0.591449 4.798994 -0.608341
v -0.624490 4.817994 -0.608341
v -0.624490 4.817994 0.160265
v -0.600886 4.871161 0.588385
v -0.948806 4.871161 0.588385
v -0.948806 4.694739 0.588385
v -0.600886 4.694740 0.588385
v -0.948806 5.547903 -0.807090
v -0.600886 5.547903 -0.807090
v -0.567845 4.913501 0.528257
v -0.567845 4.871161 0.562011
v -0.567845 4.694740 0.562011
v -0.567845 4.694740 0.212654
v -0.567845 4.713605 0.212654
v -0.567845 4.770123 0.233427
v -0.567845 4.790081 0.212654
v -0.567845 5.154684 0.212654
v -0.567845 5.154684 0.562011
v -0.567845 4.947636 0.550251
v -0.948806 4.675740 0.212654
v -0.600886 4.675740 0.212654
v -0.600886 4.675740 0.562011
v -0.948806 4.675740 0.562011
v -0.698881 5.547903 0.105853
v -0.850811 5.547903 0.105853
v -0.850811 5.547903 -0.061078
v -0.698881 5.547903 -0.061078
v -0.850811 5.908916 -0.087452
v -0.698881 5.908916 -0.087452
v -0.698881 5.566903 -0.087452
v -0.850811 5.566903 -0.087452
v -0.623408 4.432290 -1.356532
v -0.623408 4.451290 -1.382905
v -0.623408 4.451290 -0.945427
v -0.623408 4.432290 -0.971801
v -0.661090 5.911862 -0.829008
v -0.639671 5.924437 -0.846926
v -0.661090 5.930862 -0.855382
v -0.639671 5.924437 -1.364988
v -0.661090 5.911862 -1.382905
v -0.661090 5.930862 -1.356532
v -0.661090 5.173621 -0.855382
v -0.639671 5.180047 -0.846926
v -0.661090 5.192621 -1.382905
v -0.639671 5.180047 -1.364988
v -0.623408 4.801557 -0.945427
v -0.705674 5.163025 -0.573635
v -0.672633 5.163025 -0.600009
v -0.705674 4.815125 -0.600009
v -0.672703 4.841631 -0.613899
v -0.567845 5.566903 -0.111461
v -0.600886 5.566903 -0.085088
v -0.600886 5.547903 -0.111461
v -0.600886 5.927916 -0.111461
v -0.600886 5.908916 -0.085088
v -0.567845 5.908916 -0.111461
v -0.567845 5.566903 -0.807090
v -0.600886 5.927916 -0.807090
v -0.567845 5.908916 -0.807090
v -0.628049 5.539037 -0.548841
v -0.661090 5.539037 -0.575215
v -0.661090 5.558037 -0.548841
v -0.661090 4.814163 0.160265
v -0.628049 4.833163 0.160265
v -0.661090 4.833163 -0.575215
v -0.628049 4.833163 -0.548841
v -0.600885 5.930862 1.366320
v -0.600885 5.911862 1.392694
v -0.600886 5.911862 0.885766
v -0.600886 5.930862 0.912139
v -0.661089 3.932585 0.759076
v -0.661090 4.683076 0.759076
v -0.661089 4.664077 1.392695
v -0.600885 5.072310 1.392694
v -0.600885 5.053310 1.366320
v -0.600886 5.053310 0.912139
v -0.600886 5.072310 0.885766
v -0.700174 4.674672 1.368493
v -0.667133 4.693672 1.368493
v -0.700174 4.693672 1.394866
v -0.700175 4.693672 0.583425
v -0.667134 4.693672 0.609799
v -0.700175 5.061100 0.609799
v -0.667134 5.042100 0.609799
v -0.567845 4.303163 -0.246034
v -0.600886 4.303163 -0.272407
v -0.600886 4.322163 -0.246034
v -0.600885 3.951585 -0.272407
v -0.567845 3.951585 -0.246034
v -0.600886 4.322163 0.710783
v -0.567845 4.303163 0.710783
v -0.600886 3.932585 0.710783
v -0.567845 3.951585 0.710783
v -0.591449 4.338561 -0.923625
v -0.624490 4.338561 -0.949998
v -0.624490 4.338561 0.191555
v -0.591449 4.338561 0.160265
v -0.624490 4.798994 0.191555
v -0.600886 5.173684 0.562011
v -0.600886 5.154684 0.588385
v -0.600886 5.154684 0.186281
v -0.600886 5.173684 0.212654
v -0.600886 4.694740 0.186281
v -0.665840 5.566903 0.866516
v -0.698881 5.566903 0.892889
v -0.698881 5.547903 0.866516
v -0.698881 5.927916 0.866516
v -0.698881 5.908916 0.892889
v -0.665840 5.908916 0.866516
v -0.665840 5.566903 -0.061078
v -0.698881 5.927916 -0.061078
v -0.665840 5.908916 -0.061078
v -0.926284 4.820557 -0.971801
v -0.926284 4.820557 -1.356532
v -0.926284 4.432290 -0.971801
v -0.926284 4.432290 -1.356532
v -0.926284 4.801557 -0.945427
v -0.926284 4.451290 -1.382905
v -0.888602 5.930862 -1.155889
v -0.661090 5.930862 -1.155889
v -0.888602 5.930862 -1.356532
v -0.639671 5.924437 -1.157198
v -0.888602 5.173621 -0.855382
v -0.639671 5.180047 -1.019809
v -0.661090 5.173621 -1.023227
v -0.639671 5.725633 -0.862414
v -0.844018 4.890733 -1.385076
v -0.705674 4.890733 -1.385076
v -0.705674 4.834126 -1.385076
v -0.844018 4.834126 -1.385076
v -0.672633 4.901317 -1.327029
v -0.672633 4.834126 -1.358703
v -0.844018 5.163025 -0.573635
v -0.672612 4.948090 -0.622743
v -0.672633 5.163025 -1.164022
v -0.948806 5.908916 -0.085088
v -0.948806 5.566903 -0.085088
v -0.567845 5.566903 -0.504144
v -0.948806 5.927916 -0.807090
v -0.600886 5.927916 -0.555473
v -0.567845 5.908916 -0.555473
v -0.888602 5.558037 -0.548841
v -0.888602 4.814163 0.160265
v -0.628049 4.833163 0.065921
v -0.661090 4.814163 0.065921
v -0.628049 5.172174 0.160265
v -0.661090 5.322993 -0.575215
v -0.628049 5.322993 -0.548841
v -0.600885 5.224850 1.392694
v -0.948806 5.053310 0.912139
v -0.948806 5.072310 0.885766
v -0.600886 5.237752 0.885766
v -0.888601 3.934083 0.860548
v -0.661089 3.934083 0.860548
v -0.661089 3.933620 0.975737
v -0.888601 3.933620 0.975738
v -0.888601 3.932585 0.759076
v -0.849516 4.808204 1.384396
v -0.700174 4.808204 1.384396
v -0.700174 5.042100 1.394866
v -0.849516 5.042100 1.394866
v -0.849517 4.693672 0.583425
v -0.667134 4.823865 0.609799
v -0.700175 4.823865 0.583425
v -0.667133 4.707634 0.983565
v -0.700174 5.061100 1.235396
v -0.700174 5.061100 1.368493
v -0.667133 5.042100 1.368493
v -0.667133 5.042100 1.235396
v -0.948806 4.303163 -0.272407
v -0.948806 4.322163 -0.246034
v -0.600886 4.322163 0.285788
v -0.567845 4.303163 0.285788
v -0.948807 3.951585 -0.272407
v -0.567845 3.951585 0.255395
v -0.948806 5.154684 0.186281
v -0.624490 4.427356 0.191555
v -0.591449 4.427356 0.160265
v -0.925202 4.427356 0.191555
v -0.925202 4.338561 0.191555
v -0.925202 4.338561 -0.949998
v -0.591449 4.777350 -0.691316
v -0.591449 4.798994 -0.923625
v -0.591449 4.341233 -0.333542
v -0.948806 5.173684 0.212654
v -0.948806 5.173684 0.562011
v -0.948806 4.694739 0.186281
v -0.850811 5.908916 0.892889
v -0.850811 5.566903 0.892889
v -0.665840 5.566903 0.105853
v -0.850811 5.927916 -0.061078
v -0.698881 5.927916 0.775721
v -0.665840 5.908916 0.775721
v -0.888602 5.322993 -0.575214
v -0.888602 5.539037 -0.575214
v -0.926284 4.801557 -1.382905
v -0.623408 4.801557 -1.382905
v -0.661090 5.837503 -0.829008
v -0.639671 5.847429 -0.846926
v -0.639671 5.725633 -1.364988
v -0.639671 5.847429 -1.333568
v -0.639671 5.905839 -1.119159
v -0.639671 5.924437 -1.028457
v -0.639671 5.199419 -1.057848
v -0.639671 5.180047 -1.151819
v -0.888602 5.192621 -1.382905
v -0.661090 5.719898 -1.382905
v -0.888602 5.719898 -1.382905
v -0.888602 5.837503 -1.382369
v -0.661090 5.837503 -1.382369
v -0.888602 5.911862 -0.829008
v -0.888602 5.837503 -0.829008
v -0.888602 5.173621 -1.023227
v -0.661090 5.177216 -1.059958
v -0.888602 5.177216 -1.059958
v -0.672633 5.163025 -1.358703
v -0.705674 5.163025 -1.385076
v -0.844018 5.163025 -1.385076
v -0.705674 4.821853 -1.164022
v -0.672633 4.853580 -1.164022
v -0.672633 4.834126 -1.249775
v -0.672633 5.145817 -1.249775
v -0.844018 4.821853 -1.164022
v -0.844018 4.815125 -1.249775
v -0.705674 4.815125 -1.249775
v -0.844018 4.815125 -0.600009
v -0.705674 5.172538 -1.249775
v -0.844018 5.172538 -1.249775
v -0.623408 4.703471 -1.383233
v -0.926284 4.703471 -1.383233
v -0.623408 4.594989 -1.382905
v -0.926284 4.594989 -1.382905
v -0.925202 4.817994 0.160265
v -0.925202 4.798994 0.191555
v -0.925202 4.799538 -0.946835
v -0.624490 4.799538 -0.946835
v -0.591449 4.338561 -0.691316
v -0.661090 5.558037 0.160265
v -0.888602 5.558037 0.160265
v -0.888602 5.539037 0.186639
v -0.661090 5.539037 0.186639
v -0.925202 4.817994 -0.608341
v -0.624490 4.320253 -0.608341
v -0.925202 4.320253 -0.608341
v -0.624490 4.594613 0.191555
v -0.591449 4.594613 0.136336
v -0.624490 4.544797 -0.949998
v -0.591449 4.544797 -0.923625
v -0.925202 4.594613 0.191555
v -0.925202 4.544797 -0.949998
v -0.591449 4.357266 -0.608341
v -0.591449 4.611852 -0.895582
v -0.661090 5.278172 -0.575215
v -0.628049 5.278172 -0.548841
v -0.888602 4.833163 -0.575214
v -0.888602 5.278172 -0.575214
v -0.888602 5.266378 0.186281
v -0.661090 5.266378 0.186281
v -0.628049 5.266378 0.136584
v -0.628049 4.841244 0.026356
v -0.628049 5.520182 -0.006047
v -0.628049 5.539037 0.065921
v -0.628049 5.539037 0.160265
v -0.698881 5.927916 0.105853
v -0.665840 5.908916 0.105853
v -0.698881 5.547903 0.201792
v -0.665840 5.566903 0.201792
v -0.850811 5.927916 0.105853
v -0.850811 5.547903 0.201793
v -0.698881 5.547903 0.265152
v -0.665840 5.566903 0.265152
v -0.850811 5.547903 0.265152
v -0.698881 5.547903 0.717872
v -0.665840 5.566903 0.717872
v -0.850811 5.924880 0.201793
v -0.698881 5.924880 0.201792
v -0.850811 5.547903 0.717872
v -0.587573 5.495888 1.380214
v -0.600886 5.196392 0.903714
v -0.948806 5.196392 0.903714
v -0.948806 5.237752 0.885766
v -0.600886 5.155032 0.885766
v -0.948806 5.155032 0.885766
v -0.849516 4.848415 1.394866
v -0.700174 4.848415 1.394866
v -0.849517 4.823865 0.583425
v -0.665559 4.842829 1.374092
v -0.673134 4.914159 0.636679
v -0.667133 5.038509 1.116065
v -0.671061 4.821559 1.346823
v -0.667133 4.693672 1.102896
v -0.700174 5.057509 1.116065
v -0.700174 4.674672 1.102896
v -0.849516 4.693672 1.394866
v -0.849517 5.061100 0.609799
v -0.849516 5.057509 1.116065
v -0.849516 5.061100 1.235396
v -0.849516 4.674672 1.368493
v -0.849516 4.674672 1.102896
v -0.600886 3.932763 0.338135
v -0.567845 3.967747 0.338135
v -0.600886 4.319335 0.203049
v -0.567845 4.294543 0.203049
v -0.948806 4.319335 0.203049
v -0.948806 3.932585 0.710783
v -0.948806 3.932763 0.338135
v -0.948806 4.322163 0.285789
v -0.698881 5.928093 0.746797
v -0.850811 5.928093 0.746797
v -0.850811 5.927916 0.775721
v -0.948806 4.322163 0.710783
v -0.600886 4.713605 0.186281
v -0.948806 4.713605 0.186281
v -0.600886 4.947636 0.582904
v -0.948806 4.947636 0.582905
v -0.948806 4.927678 0.582905
v -0.600886 4.927678 0.582904
v -0.948806 5.154684 0.588385
v -0.888602 4.814163 0.065921
v -0.600885 5.266211 1.385895
v -0.948805 5.266211 1.385895
v -0.948805 5.224850 1.392694
v -0.962117 5.495888 1.380214
v -0.850811 5.927916 0.265152
v -0.698881 5.927916 0.265152
v -0.850811 5.547903 0.866516
v -0.850811 5.547903 0.775721
v -0.698881 5.547903 0.775721
v -0.850811 5.547903 0.746797
v -0.698881 5.547903 0.746797
v -0.665840 5.566903 0.775721
v -0.665840 5.566903 0.746797
v -0.665840 5.885643 0.201792
v -0.665840 5.908916 0.265152
v -0.665840 5.908916 0.717872
v -0.665840 5.897243 0.746797
v -0.698881 5.927916 0.717872
v -0.850811 5.927916 0.717872
v -0.925202 4.611309 -0.946341
v -0.624490 4.611309 -0.946341
v -0.888602 5.930862 -0.855382
v -0.888602 5.911862 -1.382905
v -0.948806 5.911862 0.885766
v -0.948806 5.930862 0.912139
v -0.948805 5.930862 1.366320
v -0.948805 5.911862 1.392694
v -0.888602 4.683076 0.759076
v -0.850811 5.927916 0.866516
v -0.948806 5.927916 -0.111461
v -0.948806 5.547903 -0.111461
v -0.948806 5.927916 -0.622709
v -0.600886 5.927916 -0.622709
v -0.926284 4.451290 -0.945427
v -0.705674 5.182025 -1.358703
v -0.844018 5.182025 -1.358703
v -0.844018 4.815125 -1.358703
v -0.705674 4.815125 -1.358703
v -0.948806 5.927916 -0.555473
v -0.849516 5.061100 1.368493
v -0.888601 4.664077 1.392695
v -0.567845 5.578537 -0.436908
v -0.567845 5.890231 -0.622709
v -0.588851 3.935049 -0.966236
v -0.960841 3.935049 -0.966236
v -0.960841 3.935049 -1.075689
v -0.588851 3.935049 -1.075690
v -0.555810 3.954049 -1.362423
v -0.555810 4.000932 -1.337419
v -0.555810 4.053957 -1.362423
v -0.555810 4.415669 -1.362423
v -0.555810 4.415669 -0.966236
v -0.555810 3.954049 -0.966236
v -0.555810 3.954049 -1.075690
v -0.555810 3.967122 -1.226271
v -0.588851 3.954049 -0.939862
v -0.588851 4.434669 -0.966236
v -0.588851 4.415669 -0.939862
v -0.588851 4.415669 -1.388796
v -0.588851 4.434669 -1.362423
v -0.960841 4.415669 -1.388796
v -0.588851 4.053957 -1.388796
v -0.960841 4.053957 -1.388796
v -0.960841 4.415669 -0.939862
v -0.960841 3.954049 -0.939862
v -0.960841 4.434669 -1.362422
v -0.960841 3.935049 -1.362422
v -0.960841 3.954049 -1.388796
v -0.588851 3.954049 -1.388796
v -0.588851 3.935049 -1.362423
v -0.588851 3.934812 -1.226271
v -0.960841 3.934812 -1.226270
v -0.960841 4.434669 -0.966236
v -0.588851 4.000932 -1.388796
v -0.960841 4.000932 -1.388796
v -0.668686 5.174282 0.297998
v -0.881006 5.174282 0.297998
v -0.881006 5.172573 0.204119
v -0.668686 5.172573 0.204119
v -0.668686 5.175011 0.373213
v -0.881006 5.175011 0.373213
v -0.668686 5.549593 0.204119
v -0.881006 5.549593 0.204119
v -0.881006 5.550290 0.264441
v -0.668686 5.550290 0.264441
v -0.881006 5.191573 0.184018
v -0.881006 5.530593 0.184018
v -0.668686 5.530593 0.184018
v -0.668686 5.191573 0.184018
v -0.635645 5.530593 0.561088
v -0.668686 5.549593 0.561088
v -0.668686 5.530593 0.587462
v -0.668686 5.172573 0.561088
v -0.635645 5.191573 0.561088
v -0.668686 5.191573 0.587462
v -0.635645 5.530593 0.204119
v -0.635645 5.191573 0.204119
v -0.881006 5.172573 0.561088
v -0.881006 5.172573 0.423373
v -0.668686 5.172573 0.423373
v -0.881006 5.530593 0.587462
v -0.881006 5.191573 0.587462
v -0.635645 5.191573 0.423373
v -0.635645 5.530593 0.314602
v -0.668686 5.549593 0.314602
v -0.635645 5.213121 0.373213
v -0.635645 5.191087 0.297998
v -0.635645 5.518742 0.264441
v -0.881006 5.549593 0.314602
v -0.881006 5.549593 0.561088
v -0.959325 4.801557 -0.971801
v -0.959325 4.801557 -1.356531
v -0.959325 4.703471 -1.338384
v -0.959325 4.594989 -1.356531
v -0.959325 4.451290 -1.356531
v -0.959325 4.451290 -0.971801
v -0.948805 5.072310 1.392694
v -0.976772 5.282846 1.333265
v -0.976858 5.502523 1.350001
v -0.981846 5.911862 1.366320
v -0.981847 5.911862 0.912139
v -0.981847 5.237752 0.912139
v -0.981847 5.196392 0.930087
v -0.981847 5.155032 0.912139
v -0.981847 5.072310 0.912139
v -0.981846 5.072310 1.366320
v -0.985032 5.214919 1.371120
v -0.921643 4.664077 0.759076
v -0.921642 3.951585 0.759076
v -0.921642 3.965592 0.860548
v -0.921642 3.955711 0.975738
v -0.921642 3.951585 1.366322
v -0.921642 4.664077 1.366322
v -0.921643 4.655846 0.860548
v -0.948805 5.053310 1.366320
v -0.958243 4.798994 0.160265
v -0.958243 4.798994 -0.608341
v -0.981847 4.913501 0.528257
v -0.981847 4.947636 0.550251
v -0.981847 5.154684 0.562011
v -0.981847 5.154684 0.212654
v -0.981847 4.790081 0.212654
v -0.981847 4.770123 0.233427
v -0.981847 4.713605 0.212654
v -0.981847 4.694739 0.212654
v -0.981847 4.694739 0.562011
v -0.981847 4.871161 0.562011
v -0.910021 5.924437 -0.846926
v -0.910021 5.924437 -1.364988
v -0.910021 5.180047 -0.846926
v -0.910021 5.180047 -1.364988
v -0.877059 5.163025 -0.600008
v -0.876989 4.841631 -0.613899
v -0.981847 5.566903 -0.111461
v -0.981847 5.908916 -0.111461
v -0.981847 5.566903 -0.807090
v -0.981847 5.908916 -0.807090
v -0.921643 5.539037 -0.548841
v -0.921643 4.833163 0.160265
v -0.921643 4.833163 -0.548841
v -0.882557 4.693672 1.368493
v -0.882558 4.693672 0.609799
v -0.882558 5.042100 0.609799
v -0.981847 4.303163 -0.246034
v -0.981847 3.951585 -0.246034
v -0.981847 4.303163 0.710783
v -0.981847 3.951585 0.710783
v -0.958243 4.338561 -0.923624
v -0.958243 4.338561 0.160265
v -0.883852 5.566903 0.866516
v -0.883852 5.908916 0.866516
v -0.883852 5.566903 -0.061078
v -0.883852 5.908916 -0.061078
v -0.910021 5.924437 -1.157198
v -0.910021 5.180047 -1.019809
v -0.910021 5.725633 -0.862414
v -0.877059 4.901317 -1.327029
v -0.877059 4.834126 -1.358703
v -0.877080 4.948090 -0.622743
v -0.877059 5.163025 -1.164022
v -0.981847 5.566903 -0.504144
v -0.981847 5.908916 -0.555473
v -0.921643 4.833163 0.065921
v -0.921643 5.172174 0.160265
v -0.921643 5.322993 -0.548841
v -0.882558 4.823865 0.609799
v -0.882557 4.707634 0.983565
v -0.882557 5.042100 1.235396
v -0.882557 5.042100 1.368493
v -0.981847 4.303163 0.285789
v -0.981847 3.951585 0.255395
v -0.958243 4.427356 0.160265
v -0.958243 4.777350 -0.691315
v -0.958243 4.798994 -0.923624
v -0.958243 4.341233 -0.333541
v -0.883852 5.566903 0.105854
v -0.883852 5.908916 0.775721
v -0.910021 5.847429 -0.846926
v -0.910021 5.725633 -1.364988
v -0.910021 5.180047 -1.151819
v -0.910021 5.199419 -1.057848
v -0.910021 5.924437 -1.028457
v -0.910021 5.905839 -1.119159
v -0.910021 5.847429 -1.333568
v -0.877059 5.163025 -1.358703
v -0.877059 4.853580 -1.164022
v -0.877059 5.145817 -1.249775
v -0.877059 4.834126 -1.249775
v -0.958243 4.338561 -0.691315
v -0.958243 4.594613 0.136336
v -0.958243 4.544797 -0.923624
v -0.958243 4.611852 -0.895582
v -0.958243 4.357266 -0.608341
v -0.921643 5.278172 -0.548841
v -0.921643 5.266378 0.136584
v -0.921643 5.539037 0.160265
v -0.921643 5.539037 0.065921
v -0.921643 5.520182 -0.006047
v -0.921643 4.841244 0.026356
v -0.883852 5.908916 0.105854
v -0.883852 5.566903 0.201793
v -0.883852 5.566903 0.265152
v -0.883852 5.566903 0.717872
v -0.884131 4.842829 1.374092
v -0.876558 4.914159 0.636679
v -0.882557 4.693672 1.102896
v -0.878629 4.821559 1.346823
v -0.882557 5.038509 1.116065
v -0.981847 3.967747 0.338135
v -0.981847 4.294543 0.203049
v -0.883852 5.566903 0.775721
v -0.883852 5.897243 0.746797
v -0.883852 5.908916 0.717872
v -0.883852 5.908916 0.265152
v -0.883852 5.885643 0.201793
v -0.883852 5.566903 0.746797
v -0.981847 5.578537 -0.436908
v -0.981847 5.890231 -0.622709
v -0.993882 3.954049 -1.362422
v -0.993882 3.967122 -1.226270
v -0.993882 3.954049 -1.075689
v -0.993882 3.954049 -0.966236
v -0.993882 4.415669 -0.966236
v -0.993882 4.415669 -1.362422
v -0.993882 4.053957 -1.362422
v -0.993882 4.000932 -1.337419
v -0.914047 5.530593 0.561088
v -0.914047 5.191573 0.561088
v -0.914047 5.530593 0.204119
v -0.914047 5.191573 0.204119
v -0.914047 5.191573 0.423373
v -0.914047 5.530593 0.314602
v -0.914047 5.518742 0.264441
v -0.914047 5.191087 0.297998
v -0.914047 5.213121 0.373213
v -0.854745 5.539236 -0.833464
v -0.694947 5.539236 -0.833464
v -0.694947 5.456829 -0.833464
v -0.854745 5.456829 -0.833464
v -0.624076 3.936481 -0.741934
v -0.925616 3.936481 -0.741933
v -0.925616 3.936481 -0.921470
v -0.624076 3.936481 -0.921470
v -0.694947 5.177239 -0.597597
v -0.854745 5.177239 -0.597597
v -0.854745 5.177239 -0.807090
v -0.694947 5.177239 -0.807090
v -0.700151 4.330830 0.182465
v -0.849541 4.330830 0.182465
v -0.849541 4.660458 0.182465
v -0.700151 4.660458 0.182465
v -0.854745 5.287320 -0.833464
v -0.694947 5.287320 -0.833464
v -0.694947 5.196239 -0.833464
v -0.854745 5.196239 -0.833464
v -0.624076 5.548580 0.698081
v -0.925616 5.548580 0.698081
v -0.925616 5.547852 0.773295
v -0.624076 5.547852 0.773295
v -0.700151 4.311830 0.456533
v -0.849541 4.311830 0.456533
v -0.849541 4.311830 0.208838
v -0.700151 4.311830 0.208838
v -0.700151 4.679458 0.639044
v -0.849541 4.679458 0.639044
v -0.849541 4.679458 0.710783
v -0.700151 4.679458 0.710783
v -0.849542 4.330830 0.737157
v -0.700150 4.330830 0.737157
v -0.700151 4.660458 0.737157
v -0.849541 4.660458 0.737157
v -0.624077 5.060791 0.866516
v -0.925615 5.060791 0.866516
v -0.925615 5.060791 0.714684
v -0.624077 5.060791 0.714684
v -0.624077 5.060095 0.664523
v -0.925615 5.060094 0.664523
v -0.925616 5.060791 0.604201
v -0.624076 5.060791 0.604200
v -0.624076 3.936481 -0.552059
v -0.925616 3.936481 -0.552058
v -0.925616 5.531290 0.584101
v -0.624076 5.531290 0.584101
v -0.624076 5.079791 0.584101
v -0.925616 5.079791 0.584101
v -0.624076 3.936481 -0.296956
v -0.925616 3.936481 -0.296956
v -0.925616 4.144547 -0.947844
v -0.624076 4.144547 -0.947844
v -0.624076 3.955481 -0.947844
v -0.925616 3.955481 -0.947844
v -0.661906 5.196239 -0.597597
v -0.694947 5.196239 -0.571224
v -0.694947 5.558236 -0.597597
v -0.694947 5.539236 -0.571224
v -0.661906 5.539236 -0.597597
v -0.661906 5.196239 -0.807090
v -0.694947 5.558236 -0.807090
v -0.661906 5.539236 -0.807090
v -0.667110 4.660458 0.208838
v -0.700151 4.679458 0.208838
v -0.667110 4.330830 0.208838
v -0.667110 4.660458 0.710783
v -0.700150 4.311830 0.710783
v -0.667110 4.330830 0.710783
v -0.591036 5.079791 0.866516
v -0.624077 5.079791 0.892889
v -0.624077 5.550290 0.866516
v -0.624077 5.531290 0.892889
v -0.591036 5.531290 0.866516
v -0.591036 5.079791 0.604200
v -0.624076 5.550290 0.604200
v -0.591035 5.531290 0.604200
v -0.591036 3.955481 -0.296956
v -0.624076 3.955481 -0.270582
v -0.624076 4.322864 -0.296956
v -0.624076 4.303864 -0.270582
v -0.591035 4.303864 -0.296956
v -0.591035 3.955481 -0.921470
v -0.624076 4.303864 -0.947844
v -0.624076 4.322864 -0.921470
v -0.591035 4.303864 -0.921470
v -0.694947 5.287320 -0.571224
v -0.854745 5.287320 -0.571224
v -0.854745 5.196239 -0.571224
v -0.854745 5.558236 -0.807090
v -0.661906 5.361053 -0.597597
v -0.694947 5.361053 -0.571224
v -0.661906 5.258132 -0.789727
v -0.849541 4.679458 0.208838
v -0.667110 4.660458 0.639044
v -0.667110 4.330830 0.456533
v -0.624076 5.550290 0.823456
v -0.925616 5.550290 0.823456
v -0.925615 5.550290 0.866516
v -0.925615 5.531290 0.892889
v -0.925615 5.079791 0.892889
v -0.925616 5.550290 0.604201
v -0.591036 5.531290 0.823456
v -0.624076 4.088879 -0.276716
v -0.925616 4.088879 -0.276716
v -0.925616 3.955481 -0.270582
v -0.925616 4.303864 -0.947844
v -0.925616 4.322864 -0.921470
v -0.591035 4.144547 -0.921470
v -0.591035 4.226135 -0.921470
v -0.624076 4.226135 -0.947844
v -0.925616 4.303864 -0.270582
v -0.925616 4.129673 -0.270582
v -0.624076 4.129673 -0.270582
v -0.591035 4.129673 -0.296956
v -0.591035 4.088879 -0.315650
v -0.591035 3.955481 -0.552059
v -0.591035 3.972193 -0.741934
v -0.591035 4.185340 -0.887820
v -0.700151 4.323112 0.539098
v -0.849541 4.323112 0.539098
v -0.661906 5.361053 -0.807090
v -0.694947 5.361053 -0.833464
v -0.854745 5.361053 -0.833464
v -0.661906 5.298995 -0.608015
v -0.661906 5.456829 -0.786254
v -0.849541 4.674510 0.390477
v -0.700151 4.674510 0.390477
v -0.849541 4.679458 0.539098
v -0.700151 4.679458 0.539098
v -0.849542 4.311830 0.710783
v -0.849541 4.311830 0.715071
v -0.700151 4.311830 0.715071
v -0.667110 4.330830 0.715071
v -0.667110 4.642499 0.390477
v -0.667110 4.660458 0.539098
v -0.667110 4.360459 0.539098
v -0.591036 5.079791 0.714684
v -0.591036 5.091642 0.664523
v -0.591036 5.531775 0.698081
v -0.591036 5.509741 0.773295
v -0.925616 4.185340 -0.944754
v -0.624076 4.185340 -0.944754
v -0.854745 5.539236 -0.571224
v -0.854745 5.361053 -0.571224
v -0.854745 5.558236 -0.597597
v -0.925616 4.226135 -0.947844
v -0.925616 4.322864 -0.296956
v -0.887786 5.196239 -0.597597
v -0.887786 5.539236 -0.597597
v -0.887786 5.196239 -0.807090
v -0.887786 5.539236 -0.807090
v -0.882582 4.660458 0.208839
v -0.882582 4.330830 0.208839
v -0.882582 4.660458 0.710783
v -0.882582 4.330830 0.710783
v -0.958656 5.079791 0.866516
v -0.958656 5.531290 0.866516
v -0.958656 5.079791 0.604201
v -0.958657 5.531290 0.604201
v -0.958656 3.955481 -0.296956
v -0.958657 4.303864 -0.296956
v -0.958657 3.955481 -0.921470
v -0.958657 4.303864 -0.921470
v -0.887786 5.361053 -0.597597
v -0.887786 5.258132 -0.789727
v -0.882582 4.660458 0.639044
v -0.882582 4.330830 0.456533
v -0.958656 5.531290 0.823456
v -0.958657 4.144547 -0.921470
v -0.958657 4.226135 -0.921470
v -0.958657 4.185340 -0.887820
v -0.958657 3.972193 -0.741933
v -0.958657 3.955481 -0.552058
v -0.958657 4.088879 -0.315650
v -0.958657 4.129673 -0.296956
v -0.887786 5.361053 -0.807090
v -0.887786 5.456829 -0.786254
v -0.887786 5.298995 -0.608015
v -0.882582 4.330830 0.715071
v -0.882582 4.642499 0.390477
v -0.882582 4.360459 0.539098
v -0.882582 4.660458 0.539098
v -0.958656 5.079791 0.714684
v -0.958656 5.509741 0.773295
v -0.958656 5.531775 0.698081
v -0.958656 5.091642 0.664523
vn 0.4985 0.8669 -0.0000
vn 0.0000 0.0284 0.9996
vn 1.0000 0.0000 -0.0000
vn 0.0000 -1.0000 0.0000
vn 0.0000 1.0000 0.0000
vn 0.0000 0.0163 0.9999
vn 0.0000 -1.0000 0.0011
vn -0.0000 0.0000 -1.0000
vn 0.0000 0.0019 1.0000
vn 0.0000 0.0000 1.0000
vn 0.0000 -0.9999 0.0140
vn 0.0000 -0.8114 0.5845
vn 1.0000 -0.0002 0.0053
vn 0.0000 1.0000 0.0052
vn 0.0000 -0.9993 0.0373
vn 0.0000 0.9996 0.0281
vn -0.0000 -0.1325 -0.9912
vn -0.0000 -1.0000 -0.0007
vn -0.0000 -1.0000 -0.0010
vn -0.0000 0.9998 -0.0203
vn 0.0000 -1.0000 0.0042
vn 0.0000 0.9990 0.0452
vn -0.0000 -0.8114 -0.5845
vn 0.4228 -0.7353 -0.5297
vn 0.4228 -0.7353 0.5297
vn 0.0099 0.8116 0.5841
vn 0.0126 0.8113 0.5845
vn 0.0108 0.8111 0.5848
vn 0.0126 0.8113 -0.5845
vn 0.0099 0.8116 -0.5841
vn 0.0108 0.8111 -0.5848
vn 0.0099 -0.8116 0.5841
vn 0.0108 -0.8111 0.5848
vn 0.0126 -0.8113 0.5845
vn 0.0099 -0.8116 -0.5841
vn 0.0126 -0.8113 -0.5845
vn 0.0108 -0.8111 -0.5848
vn 0.4228 0.7353 0.5297
vn 0.6684 -0.6035 0.4348
vn 0.4228 0.7353 -0.5297
vn 0.4411 -0.7671 0.4658
vn 0.4411 0.7671 0.4658
vn 0.0000 0.8114 0.5845
vn 0.4985 -0.8669 0.0000
vn 0.2874 0.9578 0.0000
vn -0.0099 -0.8116 0.5841
vn -0.0108 -0.8111 0.5848
vn 0.2874 -0.9578 0.0000
vn 0.6490 0.0216 0.7605
vn 0.7677 0.1588 -0.6208
vn 0.7448 -0.0377 0.6663
vn -0.0000 0.8114 -0.5845
vn 0.6238 0.0000 0.7816
vn 0.6238 0.0000 -0.7816
vn 0.0000 1.0000 0.0027
vn 0.5672 -0.0195 0.8234
vn -0.0000 -1.0000 -0.0040
vn -0.0000 -1.0000 -0.0033
vn 0.5280 -0.8492 -0.0056
vn 0.0000 -0.9999 0.0148
vn 0.5942 0.8040 0.0223
vn 0.0000 -0.0447 0.9990
vn 0.4982 -0.8664 0.0324
vn 0.6238 0.0000 -0.7815
vn 0.6876 0.0000 0.7261
vn 0.5957 0.8013 0.0555
vn 0.5209 -0.8536 -0.0026
vn 0.6238 0.0000 0.7815
vn 0.6416 0.0000 0.7670
vn -0.0108 -0.8111 -0.5848
vn -0.0099 -0.8116 -0.5841
vn 0.0000 0.0023 -1.0000
vn 0.0000 -0.0013 -1.0000
vn 0.6416 0.0000 -0.7670
vn 0.6641 -0.0943 0.7417
vn 0.0000 0.9978 -0.0668
vn 0.0000 -0.9992 0.0396
vn 0.7963 0.0293 0.6042
vn 0.7891 -0.0364 -0.6131
vn 0.6600 -0.7512 -0.0125
vn 1.0000 -0.0001 -0.0000
vn 0.0000 -0.0082 1.0000
vn 0.0000 -0.9969 0.0782
vn 0.0000 -0.9999 -0.0119
vn 0.0000 0.9939 -0.1100
vn 0.0000 0.0002 -1.0000
vn 0.0000 0.0033 -1.0000
vn 0.0000 -0.0015 -1.0000
vn 0.0000 0.8548 0.5190
vn -0.0000 0.7827 -0.6224
vn 0.0000 -0.8548 0.5190
vn 0.5895 0.7930 -0.1537
vn -0.0000 0.9921 -0.1258
vn 0.0000 -1.0000 0.0035
vn 0.7939 0.0434 0.6065
vn 0.7942 -0.0355 0.6066
vn 0.0000 -0.0013 1.0000
vn 0.0000 0.0012 1.0000
vn 0.4909 -0.8536 -0.1743
vn 0.4985 -0.8668 0.0122
vn 0.0000 0.9995 0.0316
vn 0.7648 -0.0148 0.6441
vn -0.0000 -0.3981 -0.9174
vn 0.0000 0.2520 -0.9677
vn 0.5706 -0.0181 0.8210
vn 1.0000 -0.0000 -0.0014
vn 0.4985 0.8669 0.0061
vn 0.4983 0.8666 -0.0261
vn 0.4960 -0.8625 -0.1009
vn 0.0000 1.0000 0.0071
vn 0.0000 0.9995 -0.0301
vn 0.5944 0.8042 -0.0045
vn 0.6308 -0.7722 0.0762
vn 0.5524 0.8335 0.0106
vn 0.0000 1.0000 0.0063
vn -0.0000 -1.0000 -0.0005
vn 0.0000 -1.0000 0.0008
vn -0.0000 0.9994 -0.0342
vn 0.6326 -0.7743 -0.0170
vn 0.5515 0.8322 -0.0576
vn 0.0000 1.0000 0.0062
vn 0.0000 1.0000 0.0031
vn -0.0000 0.0472 -0.9989
vn 0.0000 0.0965 0.9953
vn 0.6659 -0.0310 0.7454
vn 0.0000 -0.0265 0.9996
vn -0.0000 -1.0000 -0.0027
vn -0.0000 -0.9798 -0.2001
vn 0.0000 0.1622 0.9868
vn 0.0000 0.0247 0.9997
vn -0.0000 0.9989 -0.0479
vn 0.0000 1.0000 -0.0031
vn 0.0000 1.0000 -0.0061
vn -0.0000 0.0549 -0.9985
vn 0.0000 -0.9952 -0.0974
vn 0.0000 -0.1262 0.9920
vn -0.0099 0.8116 -0.5841
vn -0.0108 0.8111 -0.5848
vn -0.0108 0.8111 0.5848
vn -0.0099 0.8116 0.5841
vn 0.0000 -0.0072 -1.0000
vn 0.0000 0.9962 0.0868
vn -0.0000 -0.0026 -1.0000
vn -0.0000 0.9997 -0.0257
vn -0.0000 -1.0000 -0.0001
vn -0.0000 -1.0000 -0.0017
vn 0.0000 -0.9999 0.0139
vn 0.0000 -0.9998 0.0182
vn 0.0000 -1.0000 0.0097
vn -0.0000 0.9999 -0.0115
vn 0.3856 0.6705 -0.6338
vn 0.3856 -0.6705 -0.6338
vn -0.0000 -0.7267 -0.6869
vn 0.5197 0.0000 -0.8543
vn -0.0000 0.7267 -0.6869
vn -0.0000 -0.9988 -0.0486
vn 0.4764 -0.8792 0.0057
vn 0.0000 0.9999 0.0139
vn -0.4985 0.8669 0.0000
vn -1.0000 -0.0000 0.0000
vn -1.0000 -0.0002 0.0053
vn -0.4228 -0.7353 -0.5297
vn -0.4228 -0.7353 0.5297
vn -0.0126 0.8113 0.5845
vn -0.0126 0.8113 -0.5845
vn -0.0126 -0.8113 0.5845
vn -0.0126 -0.8113 -0.5845
vn -0.4228 0.7353 0.5297
vn -0.6684 -0.6035 0.4348
vn -0.4228 0.7353 -0.5297
vn -0.4411 -0.7671 0.4658
vn -0.4411 0.7671 0.4658
vn -0.4985 -0.8669 0.0000
vn -0.2874 0.9578 0.0000
vn -0.2874 -0.9578 -0.0000
vn -0.6490 0.0216 0.7605
vn -0.7677 0.1588 -0.6208
vn -0.7448 -0.0377 0.6663
vn -0.6238 0.0000 0.7816
vn -0.6238 0.0000 -0.7816
vn -0.5671 -0.0195 0.8234
vn -0.5280 -0.8492 -0.0056
vn -0.5942 0.8040 0.0223
vn -0.4982 -0.8664 0.0324
vn -0.6238 0.0000 -0.7815
vn -0.6876 -0.0000 0.7261
vn -0.5957 0.8013 0.0555
vn -0.5209 -0.8536 -0.0026
vn -0.6416 0.0000 0.7670
vn -0.6416 0.0000 -0.7670
vn -0.6641 -0.0943 0.7417
vn -0.7963 0.0293 0.6042
vn -0.7891 -0.0364 -0.6131
vn -0.6600 -0.7512 -0.0125
vn -1.0000 -0.0001 0.0000
vn -0.5895 0.7930 -0.1537
vn -0.7939 0.0434 0.6065
vn -0.7942 -0.0355 0.6066
vn -0.4909 -0.8536 -0.1743
vn -0.4985 -0.8668 0.0122
vn -0.7648 -0.0148 0.6441
vn 0.0000 -0.0300 0.9996
vn -0.0000 0.3981 -0.9174
vn -0.5706 -0.0181 0.8210
vn -1.0000 -0.0000 -0.0014
vn -0.4985 0.8669 0.0061
vn -0.4983 0.8666 -0.0261
vn -0.4960 -0.8625 -0.1009
vn -0.5944 0.8042 -0.0045
vn -0.6308 -0.7722 0.0762
vn -0.5524 0.8335 0.0106
vn -0.6326 -0.7743 -0.0170
vn -0.5515 0.8322 -0.0576
vn -0.6659 -0.0310 0.7454
vn 0.0000 -0.9932 -0.1162
vn -0.3856 0.6705 -0.6338
vn -0.3856 -0.6705 -0.6338
vn -0.5197 -0.0000 -0.8543
vn -0.4764 -0.8792 0.0057
vn 0.0000 1.0000 0.0097
vn 0.0000 -0.9999 -0.0115
vn 0.7412 0.0757 -0.6670
vn 0.0000 0.0459 0.9989
vn 0.0000 -0.9908 0.1354
vn 0.7115 -0.0687 -0.6993
vn 0.0000 0.9998 0.0182
vn 0.0000 0.9996 0.0272
vn 0.0000 0.9994 -0.0333
vn 0.0000 1.0000 0.0001
vn -0.4985 0.8669 -0.0001
vn -0.0000 0.9988 -0.0485
vn -0.0000 0.0755 -0.9971
vn 0.0000 -0.9980 -0.0640
vn -0.0000 -0.0755 -0.9971
vn 0.0000 -0.1487 0.9889
vn 0.4764 0.8792 0.0057
vn -0.7412 0.0757 -0.6670
vn -0.6238 0.0000 0.7815
vn -0.7115 -0.0687 -0.6993
vn 0.4985 0.8669 -0.0001
vn -0.4764 0.8792 0.0057
vn 0.4104 0.7138 -0.5675
vn 0.7317 -0.0617 -0.6789
vn 0.8527 -0.1079 -0.5111
vn 0.6424 0.7663 0.0143
vn 0.7217 -0.0550 0.6900
vn 0.7448 -0.0506 -0.6654
vn 0.6059 -0.7921 0.0733
vn 0.6373 -0.7698 0.0358
vn 0.8313 0.0735 -0.5510
vn 0.5605 -0.7917 -0.2432
vn 0.6151 0.7707 0.1663
vn 0.6223 0.7796 -0.0706
vn 0.5510 -0.8281 0.1030
vn 0.6045 -0.7875 0.1202
vn 0.5644 0.8157 -0.1270
vn 0.5661 0.8182 0.1003
vn 0.7319 0.0558 -0.6791
vn 0.7545 -0.2695 -0.5985
vn 0.7545 0.2695 -0.5985
vn 0.7014 0.0660 0.7097
vn 0.6870 -0.2116 0.6952
vn 0.6440 -0.7598 0.0888
vn 0.7500 0.1527 -0.6436
vn 0.7546 -0.0289 0.6555
vn 0.7523 0.0834 0.6535
vn 0.6387 0.7619 -0.1075
vn 0.7421 0.0725 -0.6664
vn 0.6950 -0.0550 0.7169
vn 0.6868 0.0390 0.7258
vn 0.7414 -0.0842 -0.6658
vn 0.6577 0.7463 0.1023
vn 0.6533 0.7413 -0.1539
vn 0.5908 -0.3212 -0.7401
vn 0.7039 0.3136 0.6373
vn 0.8010 -0.0777 -0.5935
vn -0.6336 0.4451 -0.6328
vn 0.7836 0.1243 -0.6087
vn 0.6061 -0.7930 0.0606
vn 0.6376 -0.7478 0.1853
vn 0.6103 0.7906 0.0499
vn 0.6463 -0.7580 -0.0881
vn 0.6099 0.7901 -0.0609
vn 0.7241 0.1400 -0.6753
vn 0.7526 -0.2480 0.6100
vn 0.7731 0.2340 0.5896
vn 0.6789 -0.3718 -0.6332
vn 0.6434 0.7445 -0.1780
vn 0.6349 0.7639 0.1156
vn 0.6052 -0.7912 -0.0880
vn 0.8925 -0.0377 0.4495
vn 0.5908 0.3212 -0.7401
vn 0.5948 0.7885 0.1567
vn 0.5948 0.7885 -0.1567
vn 0.6617 -0.7495 -0.0223
vn 0.6296 -0.7762 -0.0349
vn 0.6475 0.7548 -0.1049
vn 0.6005 -0.7995 -0.0143
vn 0.6506 0.7585 0.0384
vn 0.5991 -0.7977 0.0690
vn 0.6374 -0.7698 -0.0339
vn 0.7509 0.1702 -0.6382
vn 0.6129 -0.7893 0.0372
vn 0.6129 -0.7894 -0.0336
vn 0.7532 -0.1509 -0.6402
vn 0.6059 0.7921 0.0733
vn 0.6434 -0.7445 -0.1780
vn 0.6349 -0.7639 0.1156
vn 0.6052 0.7912 -0.0880
vn -0.4104 0.7138 -0.5675
vn -0.7317 -0.0617 -0.6789
vn -0.8527 -0.1079 -0.5111
vn -0.6424 0.7663 0.0143
vn -0.7217 -0.0550 0.6900
vn -0.7448 -0.0506 -0.6654
vn -0.6059 -0.7921 0.0733
vn -0.6373 -0.7698 0.0358
vn -0.8313 0.0735 -0.5510
vn -0.5605 -0.7917 -0.2432
vn -0.6151 0.7707 0.1663
vn -0.6223 0.7796 -0.0706
vn -0.5510 -0.8281 0.1030
vn -0.6045 -0.7875 0.1202
vn -0.5644 0.8157 -0.1270
vn -0.5661 0.8182 0.1003
vn -0.7319 0.0558 -0.6791
vn -0.7545 -0.2695 -0.5985
vn -0.7545 0.2695 -0.5985
vn -0.7014 0.0660 0.7097
vn -0.6870 -0.2116 0.6952
vn -0.6440 -0.7598 0.0888
vn -0.7500 0.1527 -0.6436
vn -0.7546 -0.0289 0.6555
vn -0.7523 0.0834 0.6535
vn -0.6387 0.7619 -0.1075
vn -0.7421 0.0725 -0.6664
vn -0.6950 -0.0550 0.7169
vn -0.6868 0.0390 0.7258
vn -0.7414 -0.0842 -0.6658
vn -0.6577 0.7463 0.1023
vn -0.6533 0.7413 -0.1539
vn -0.5908 -0.3212 -0.7401
vn -0.7039 0.3136 0.6373
vn -0.8010 -0.0777 -0.5935
vn 0.6336 0.4451 -0.6328
vn -0.7836 0.1243 -0.6087
vn -0.6061 -0.7930 0.0606
vn -0.6376 -0.7478 0.1853
vn -0.6103 0.7906 0.0499
vn -0.6463 -0.7580 -0.0881
vn -0.6099 0.7901 -0.0609
vn -0.7241 0.1400 -0.6753
vn -0.7526 -0.2480 0.6100
vn -0.7731 0.2340 0.5896
vn -0.6789 -0.3718 -0.6332
vn -0.6434 0.7445 -0.1780
vn -0.6349 0.7639 0.1156
vn -0.6052 -0.7912 -0.0880
vn -0.8925 -0.0377 0.4495
vn -0.5908 0.3212 -0.7401
vn -0.5948 0.7885 0.1567
vn -0.5948 0.7885 -0.1567
vn -0.6617 -0.7495 -0.0223
vn -0.6296 -0.7762 -0.0348
vn -0.6475 0.7548 -0.1049
vn -0.6005 -0.7995 -0.0143
vn -0.6506 0.7585 0.0384
vn -0.5991 -0.7977 0.0690
vn -0.6374 -0.7698 -0.0339
vn -0.7509 0.1702 -0.6382
vn -0.6129 -0.7893 0.0372
vn -0.6129 -0.7894 -0.0336
vn -0.7532 -0.1509 -0.6402
vn -0.6059 0.7921 0.0733
vn -0.6434 -0.7445 -0.1780
vn -0.6349 -0.7639 0.1156
vn -0.6052 0.7912 -0.0880
usemtl Wall_Dark.009
s 1
f 2617//1146 2618//1146 2619//1146 2620//1146
f 2621//1147 2622//1147 2623//1147 2624//1147
f 2618//1148 2617//1148 2625//1148 2626//1148 2627//1148 2628//1148
f 2629//1149 2630//1149 2631//1149 2632//1149
f 2633//1150 2634//1150 2635//1150 2636//1150
f 2637//1151 2638//1151 2639//1151 2640//1151
f 2641//1149 2642//1149 2643//1149 2644//1149
f 2645//1152 2646//1152 2647//1149 2648//1149
f 2649//1153 2650//1153 2651//1153 2652//1153
f 2653//1154 2654//1154 2655//1155 2656//1155
f 2657//1156 2658//1156 2659//1156 2660//1156
f 2661//1157 2662//1157 2663//1157 2664//1157
f 2665//1158 2666//1158 2667//1158 2668//1158 2669//1158 2670//1158 2671//1158 2672//1158 2673//1158 2674//1158
f 2675//1153 2676//1153 2677//1153 2678//1153
f 2679//1159 2680//1159 2681//1159 2682//1159
f 2683//1148 2684//1148 2685//1148 2686//1148 2687//1148 2688//1148 2689//1148
f 2690//1160 2691//1160 2692//1160 2693//1160
f 2694//1161 2695//1161 2696//1161 2697//1161
f 2698//1153 2699//1153 2700//1153 2701//1153
f 2702//1155 2703//1155 2704//1155 2705//1155
f 2706//1162 2707//1162 2708//1162 2709//1162
f 2710//1163 2711//1163 2712//1164 2713//1164
f 2714//1165 2715//1165 2716//1165 2717//1165
f 2718//1166 2719//1166 2720//1149 2721//1149
f 2722//1167 2723//1167 2724//1167 2725//1167
f 2726//1146 2727//1146 2728//1146 2729//1146
f 2730//1155 2731//1155 2732//1155 2733//1155
f 2734//1168 2652//1168 2651//1168 2735//1168
f 2736//1148 2737//1148 2738//1148 2739//1148 2740//1148 2741//1148 2742//1148 2743//1148 2744//1148 2745//1148
f 2746//1149 2747//1149 2748//1149 2749//1149
f 2750//1149 2751//1149 2752//1149 2753//1149
f 2754//1153 2755//1153 2756//1153 2757//1153
f 2626//1169 2758//1169 2759//1169
f 2760//1170 2761//1170 2625//1170
f 2762//1171 2763//1172 2764//1173
f 2765//1174 2766//1175 2767//1176
f 2624//1177 2768//1178 2769//1179
f 2770//1180 2771//1181 2632//1182
f 2620//1183 2772//1183 2617//1183
f 2636//1183 2773//1183 2774//1183
f 2775//1184 2776//1184 2640//1184
f 2777//1170 2778//1170 2779//1170
f 2780//1183 2781//1183 2782//1183
f 2735//1169 2651//1169 2783//1169
f 2650//1185 2784//1185 2785//1185
f 2786//1185 2787//1185 2788//1185
f 2656//1170 2789//1170 2790//1170
f 2791//1169 2792//1169 2660//1169
f 2673//1183 2793//1183 2794//1183
f 2795//1185 2796//1185 2672//1185
f 2675//1169 2689//1169 2797//1169
f 2686//1170 2664//1170 2663//1170
f 2678//1185 2798//1185 2683//1185
f 2799//1183 2685//1183 2682//1183
f 2800//1170 2801//1170 2667//1170
f 2802//1169 2803//1169 2668//1169
f 2804//1170 2805//1170 2806//1170
f 2693//1169 2807//1169 2808//1169
f 2809//1185 2810//1185 2701//1185
f 2811//1185 2812//1185 2813//1185
f 2648//1169 2814//1169 2815//1169
f 2816//1183 2704//1183 2817//1183
f 2703//1170 2818//1170 2819//1170
f 2820//1169 2721//1169 2821//1169
f 2822//1186 2710//1186 2823//1186
f 2726//1187 2729//1187 2824//1187
f 2744//1183 2825//1183 2826//1183
f 2827//1185 2828//1185 2743//1185
f 2733//1170 2748//1170 2738//1170
f 2747//1169 2829//1169 2739//1169
f 2830//1170 2831//1170 2832//1170
f 2833//1183 2834//1183 2835//1183
f 2753//1169 2756//1169 2836//1169
f 2755//1185 2837//1185 2838//1185
f 2839//1150 2620//1150 2619//1150 2840//1150
f 2761//1149 2841//1149 2842//1149 2758//1149
f 2620//1188 2839//1188 2843//1188 2772//1188
f 2758//1168 2842//1168 2844//1168 2759//1168
f 2626//1189 2625//1189 2761//1189 2758//1189
f 2845//1150 2846//1150 2767//1150 2847//1150
f 2848//1190 2765//1190 2767//1190 2846//1190
f 2623//1191 2849//1192 2768//1178 2624//1177
f 2850//1193 2769//1193 2768//1193 2851//1193
f 2621//1194 2624//1194 2769//1194 2852//1194
f 2853//1153 2854//1153 2855//1153 2856//1153
f 2857//1195 2858//1195 2855//1195 2854//1195
f 2635//1188 2859//1188 2773//1188 2636//1188
f 2860//1196 2774//1196 2773//1196 2637//1196
f 2633//1146 2636//1146 2774//1146 2861//1146
f 2781//1155 2862//1155 2863//1155 2778//1155
f 2644//1189 2735//1189 2783//1189 2864//1189
f 2650//1197 2649//1197 2865//1197 2784//1197
f 2866//1146 2780//1146 2782//1146 2867//1146
f 2777//1198 2782//1198 2781//1198 2778//1198
f 2785//1199 2783//1199 2651//1199 2650//1199
f 2717//1200 2716//1200 2788//1200 2868//1200
f 2655//1157 2869//1157 2789//1157 2656//1157
f 2870//1189 2790//1189 2789//1189 2871//1189
f 2653//1198 2656//1198 2790//1198 2872//1198
f 2873//1199 2787//1199 2786//1199 2874//1199
f 2875//1201 2800//1201 2667//1201 2666//1201
f 2803//1168 2802//1168 2876//1168 2877//1168
f 2878//1199 2795//1199 2672//1199 2671//1199
f 2673//1146 2672//1146 2796//1146 2793//1146
f 2879//1202 2880//1202 2881//1203 2882//1203
f 2687//1204 2686//1204 2663//1204 2881//1204
f 2883//1205 2797//1205 2880//1205 2879//1205
f 2684//1206 2683//1206 2798//1206 2679//1206
f 2675//1199 2678//1199 2683//1199 2689//1199
f 2799//1198 2664//1198 2686//1198 2685//1198
f 2668//1189 2667//1189 2801//1189 2802//1189
f 2884//1207 2885//1207 2886//1207 2887//1207
f 2692//1168 2888//1168 2807//1168 2693//1168
f 2889//1199 2808//1199 2807//1199 2890//1199
f 2690//1208 2693//1208 2808//1208 2891//1208
f 2892//1146 2893//1146 2894//1146 2895//1146
f 2812//1197 2896//1197 2897//1197 2813//1197
f 2898//1146 2816//1146 2817//1146 2899//1146
f 2647//1168 2900//1168 2814//1168 2648//1168
f 2645//1189 2648//1189 2815//1189 2901//1189
f 2811//1209 2815//1209 2814//1209 2812//1209
f 2819//1198 2817//1198 2704//1198 2703//1198
f 2709//1153 2708//1153 2902//1153 2827//1153
f 2903//1210 2822//1210 2823//1210 2904//1210
f 2903//1155 2905//1155 2906//1155 2822//1155
f 2721//1168 2720//1168 2907//1168 2821//1168
f 2908//1211 2909//1211 2724//1211 2723//1211
f 2910//1212 2823//1212 2710//1212 2713//1212
f 2828//1150 2911//1150 2912//1150 2825//1150
f 2730//1198 2733//1198 2738//1198 2737//1198
f 2747//1168 2746//1168 2913//1168 2829//1168
f 2709//1199 2827//1199 2743//1199 2742//1199
f 2744//1146 2743//1146 2828//1146 2825//1146
f 2739//1189 2738//1189 2748//1189 2747//1189
f 2834//1155 2914//1155 2915//1155 2831//1155
f 2750//1189 2753//1189 2836//1189 2916//1189
f 2755//1197 2754//1197 2917//1197 2837//1197
f 2918//1146 2833//1146 2835//1146 2919//1146
f 2830//1213 2835//1213 2834//1213 2831//1213
f 2838//1199 2836//1199 2756//1199 2755//1199
f 2873//1153 2920//1153 2921//1153 2787//1153
f 2922//1197 2840//1197 2619//1197 2923//1197
f 2762//1214 2924//1214 2925//1214 2763//1214
f 2926//1148 2927//1148 2765//1148 2848//1148 2928//1148 2929//1148 2763//1148 2925//1148 2852//1148 2769//1148 2850//1148 2930//1148 2931//1148 2771//1148
f 2632//1182 2631//1215 2932//1216 2770//1180
f 2933//1217 2934//1217 2935//1218 2936//1218
f 2762//1155 2937//1155 2938//1155 2924//1155
f 2770//1219 2933//1219 2926//1219 2771//1219
f 2924//1220 2621//1220 2852//1220 2925//1220
f 2770//1153 2932//1153 2934//1217 2933//1217
f 2771//1193 2931//1193 2629//1193 2632//1193
f 2763//1190 2929//1190 2695//1190 2764//1190
f 2697//1221 2696//1221 2846//1221 2845//1221
f 2768//1149 2849//1149 2939//1149 2851//1149
f 2940//1222 2941//1222 2630//1222 2629//1222
f 2776//1223 2860//1223 2637//1223 2640//1223
f 2942//1224 2857//1224 2854//1224 2943//1224
f 2944//1153 2943//1153 2854//1153 2853//1153
f 2775//1225 2945//1225 2946//1225 2776//1225
f 2860//1226 2776//1226 2946//1226 2947//1226 2858//1226 2857//1226 2942//1226 2948//1226 2861//1226 2774//1226
f 2773//1227 2859//1227 2638//1227 2637//1227
f 2945//1228 2949//1228 2950//1228 2951//1228
f 2775//1229 2952//1229 2949//1229 2945//1229
f 2953//1230 2954//1230 2634//1230 2633//1230
f 2955//1231 2956//1231 2922//1232 2923//1232
f 2759//1199 2957//1199 2627//1199 2626//1199
f 2772//1198 2760//1198 2625//1198 2617//1198
f 2957//1233 2958//1233 2956//1231 2955//1231
f 2729//1234 2959//1234 2960//1234 2824//1234
f 2961//1235 2725//1235 2724//1235 2962//1235
f 2906//1236 2711//1236 2710//1236 2822//1236
f 2820//1189 2963//1189 2718//1189 2721//1189
f 2727//1237 2908//1237 2723//1237 2728//1237
f 2964//1188 2965//1188 2966//1188 2967//1188
f 2968//1238 2728//1238 2723//1238 2722//1238
f 2969//1239 2970//1239 2719//1166 2718//1166
f 2921//1197 2868//1197 2788//1197 2787//1197
f 2971//1240 2903//1240 2904//1240 2972//1240
f 2821//1199 2973//1199 2974//1199 2820//1199
f 2959//1150 2729//1150 2728//1150 2968//1150
f 2971//1155 2975//1155 2905//1155 2903//1155
f 2821//1153 2907//1153 2976//1153 2973//1153
f 2824//1241 2971//1241 2972//1241 2726//1241
f 2823//1148 2910//1148 2977//1148 2963//1148 2820//1148 2974//1148 2978//1148 2909//1148 2908//1148 2727//1148 2726//1148 2972//1148 2904//1148
f 2824//1155 2960//1155 2975//1155 2971//1155
f 2979//1199 2873//1199 2874//1199 2980//1199
f 2660//1168 2659//1168 2981//1168 2791//1168
f 2979//1153 2982//1153 2920//1153 2873//1153
f 2967//1242 2966//1242 2983//1243 2984//1243
f 2791//1199 2979//1199 2980//1199 2792//1199
f 2791//1153 2981//1153 2982//1153 2979//1153
f 2985//1148 2872//1148 2790//1148 2870//1148 2986//1148 2792//1148 2980//1148 2874//1148 2786//1148 2987//1148 2988//1148 2989//1148
f 2986//1244 2870//1244 2871//1244 2657//1244
f 2989//1146 2988//1146 2715//1146 2964//1146
f 2965//1150 2964//1150 2715//1150 2714//1150
f 2792//1245 2986//1245 2657//1245 2660//1245
f 2837//1146 2990//1146 2991//1146 2838//1146
f 2992//1189 2750//1189 2916//1189 2993//1189
f 2752//1168 2757//1168 2756//1168 2753//1168
f 2837//1150 2917//1150 2994//1150 2990//1150
f 2992//1149 2995//1149 2751//1149 2750//1149
f 2996//1189 2992//1189 2993//1189 2997//1189
f 2996//1149 2998//1149 2995//1149 2992//1149
f 2999//1189 2996//1189 2997//1189 3000//1189
f 2990//1246 2994//1246 3001//1246 3002//1246
f 2999//1149 3003//1149 2998//1149 2996//1149
f 2794//1247 3004//1247 2674//1247 2673//1247
f 2878//1248 3005//1248 3006//1248 3007//1248
f 2803//1199 3008//1199 2669//1199 2668//1199
f 3008//1153 2803//1153 2877//1153 3009//1153
f 3010//1249 3011//1249 2885//1249 2884//1249
f 2890//1153 3012//1153 2699//1153 2698//1153
f 2805//1250 3013//1250 3011//1250 2806//1250
f 3014//1251 2810//1251 3015//1251 2895//1251 2894//1251 3016//1251 3013//1251 2805//1251 3017//1251 2891//1251 2808//1251 2889//1251
f 2809//1252 3018//1252 3015//1252 2810//1252
f 3018//1253 2892//1253 2895//1253 3015//1253
f 2804//1189 3019//1189 3017//1189 2805//1189
f 3019//1254 2690//1254 2891//1254 3017//1254
f 3020//1155 2806//1155 3011//1155 3010//1155
f 2809//1255 3021//1255 3022//1255 3018//1255
f 3018//1256 3022//1256 3023//1256 2892//1256
f 2804//1149 3024//1149 3025//1149 3019//1149
f 2685//1257 2684//1257 2679//1257 2682//1257
f 3026//1258 2645//1258 2901//1258 3027//1258
f 2813//1259 3028//1259 3029//1259 2811//1259
f 2813//1260 2897//1260 3030//1260 3028//1260
f 2818//1261 3031//1261 3032//1262 3026//1262
f 3029//1148 2899//1148 2817//1148 2819//1148 3027//1148 2901//1148 2815//1148 2811//1148
f 3028//1263 3030//1263 3033//1263 2898//1263
f 2818//1264 3026//1264 3027//1264 2819//1264
f 3028//1265 2898//1265 2899//1265 3029//1265
f 3034//1266 3035//1266 3036//1267 2918//1267
f 2703//1157 2702//1157 3031//1157 2818//1157
f 2898//1150 3033//1150 3037//1150 2816//1150
f 2732//1157 2749//1157 2748//1157 2733//1157
f 3038//1268 3039//1268 2707//1268 2706//1268
f 3040//1155 3041//1155 3042//1155 3043//1155
f 2829//1199 3038//1199 2740//1199 2739//1199
f 2829//1153 2913//1153 3039//1153 3038//1153
f 3043//1269 3042//1269 2731//1269 2730//1269
f 2826//1270 3040//1270 2745//1270 2744//1270
f 2826//1271 3044//1271 3041//1271 3040//1271
f 2882//1203 2881//1203 2663//1272 2662//1272
f 2871//1273 3045//1273 2658//1273 2657//1273
f 3046//1274 3047//1274 3048//1274 2875//1274
f 3004//1275 3049//1275 3047//1275 3046//1275
f 3002//1276 3001//1276 3050//1276 3051//1276
f 2832//1149 3052//1149 3053//1149 3054//1149
f 3054//1149 3053//1149 3055//1149 3056//1149
f 3057//1148 3058//1148 3000//1148 2997//1148 2993//1148 2916//1148 2836//1148 2838//1148 2991//1148 3059//1148 3060//1148 3061//1148 3062//1148 2919//1148 2835//1148 2830//1148
f 2832//1189 3054//1189 3057//1189 2830//1189
f 3054//1189 3056//1189 3058//1189 3057//1189
f 3056//1189 2999//1189 3000//1189 3058//1189
f 3051//1146 3063//1146 3061//1146 3060//1146
f 3056//1149 3055//1149 3003//1149 2999//1149
f 3051//1150 3050//1150 3064//1277 3063//1277
f 3063//1277 3064//1277 3035//1278 3034//1278
f 2973//1279 2976//1279 3065//1279 3066//1279
f 2851//1280 2939//1280 2941//1280 2940//1280
f 3067//1150 2764//1150 2695//1150 2694//1150
f 2924//1281 2938//1281 2622//1281 2621//1281
f 3068//1282 2847//1283 2767//1176 2766//1175
f 2764//1173 3067//1284 2937//1285 2762//1171
f 2936//1218 2935//1218 3068//1286 2766//1286
f 3069//1197 3070//1197 2796//1197 2795//1197
f 2793//1188 3071//1188 3072//1188 2794//1188
f 2795//1153 2878//1153 3007//1153 3069//1153
f 2825//1188 2912//1188 3044//1188 2826//1188
f 2902//1197 2911//1197 2828//1197 2827//1197
f 2677//1197 3073//1197 2798//1197 2678//1197
f 3037//1188 2705//1188 2704//1188 2816//1188
f 3074//1188 2914//1188 2834//1188 2833//1188
f 2831//1157 2915//1157 3052//1157 2832//1157
f 2918//1267 3036//1267 3074//1150 2833//1150
f 3075//1188 2862//1188 2781//1188 2780//1188
f 2778//1157 2863//1157 3076//1157 2779//1157
f 2784//1150 2865//1150 3077//1150 3078//1150
f 3079//1157 2841//1157 2761//1157 2760//1157
f 2772//1155 2843//1155 3079//1155 2760//1155
f 3080//1287 3081//1287 2954//1287 2953//1287
f 2640//1157 2639//1157 2952//1157 2775//1157
f 3082//1168 2856//1168 2855//1168 3083//1168
f 2943//1197 2944//1197 3081//1197 3080//1197
f 2951//1149 2950//1149 3082//1149 3083//1149
f 2713//1164 2712//1164 2970//1239 2969//1239
f 2984//1243 2983//1243 2654//1154 2653//1154
f 3066//1288 3065//1288 2961//1288 2962//1288
f 2789//1149 2869//1149 3045//1149 2871//1149
f 2807//1153 2888//1153 3012//1153 2890//1153
f 2866//1150 3084//1150 3075//1150 2780//1150
f 2701//1197 2700//1197 3021//1197 2809//1197
f 2797//1168 2883//1168 2676//1168 2675//1168
f 3085//1188 2887//1188 2886//1188 2893//1188
f 2806//1157 3020//1157 3024//1157 2804//1157
f 2682//1188 2681//1188 3086//1188 2799//1188
f 2892//1150 3023//1150 3085//1150 2893//1150
f 2798//1289 3073//1289 2680//1289 2679//1289
f 2799//1155 3086//1155 2661//1155 2664//1155
f 3087//1148 2864//1148 2783//1148 2785//1148 3088//1148 2867//1148 2782//1148 2777//1148
f 2644//1149 2643//1149 2734//1149 2735//1149
f 2759//1153 2844//1153 2958//1233 2957//1233
f 2779//1149 3076//1149 2642//1149 2641//1149
f 3078//1150 3077//1150 3084//1150 2866//1150
f 3089//1149 3090//1149 3091//1262 3092//1262
f 2814//1153 2900//1153 2896//1153 2812//1153
f 3093//1148 3094//1148 3095//1148 3096//1148 3097//1148 3098//1148 3099//1148 3100//1148
f 3098//1170 3101//1170 3089//1170
f 3102//1183 3103//1183 3097//1183
f 3104//1185 3105//1185 3096//1185
f 3106//1153 3104//1153 3107//1153 3108//1153
f 3103//1155 3109//1155 3110//1155 3101//1155
f 3104//1197 3106//1197 3111//1197 3105//1197
f 3101//1157 3110//1157 3090//1157 3089//1157
f 3098//1198 3097//1198 3103//1198 3101//1198
f 3112//1168 3113//1168 3114//1168 3115//1168
f 3116//1290 3117//1290 3112//1291 3115//1291
f 3089//1189 3092//1189 3099//1189 3098//1189
f 3105//1146 3102//1146 3097//1146 3096//1146
f 3092//1262 3091//1262 3117//1290 3116//1290
f 3118//1188 3109//1188 3103//1188 3102//1188
f 3105//1150 3111//1150 3118//1150 3102//1150
f 3108//1153 3107//1153 3119//1153 3120//1153
f 3121//1292 3122//1292 3123//1293 3124//1293
f 3096//1209 3095//1209 3107//1209 3104//1209
f 3120//1153 3119//1153 3114//1153 3113//1153
f 3125//1294 3126//1294 3122//1292 3121//1292
f 3127//1295 3128//1295 3129//1295 3130//1295
f 3131//1153 3132//1153 3133//1153 3134//1153
f 3135//1183 3136//1183 3137//1183
f 3138//1170 3139//1170 3140//1170
f 3127//1296 3141//1296 3133//1296
f 3134//1297 3142//1297 3124//1297
f 3138//1149 3143//1149 3144//1149 3145//1149
f 3137//1155 3146//1155 3147//1155 3140//1155
f 3124//1298 3123//1298 3131//1298 3134//1298
f 3145//1189 3148//1189 3139//1189 3138//1189
f 3135//1198 3137//1198 3140//1198 3139//1198
f 3142//1299 3134//1299 3133//1299 3141//1299
f 3136//1146 3135//1146 3149//1146 3150//1146
f 3128//1300 3127//1300 3133//1300 3132//1300
f 3145//1301 3144//1301 3126//1301 3125//1301
f 3149//1148 3135//1148 3139//1148 3148//1148 3151//1148 3152//1148 3142//1148 3141//1148 3153//1148
f 3150//1150 3154//1150 3155//1150 3136//1150
f 3136//1188 3155//1188 3146//1188 3137//1188
f 3143//1157 3138//1157 3140//1157 3147//1157
f 3124//1302 3142//1302 3152//1302 3121//1302
f 3130//1303 3129//1303 3154//1303 3150//1303
f 3156//1304 2839//1304 2840//1304 3157//1304
f 3157//1305 3158//1305 3159//1305 3160//1305 3161//1305 3156//1305
f 2875//1155 3048//1155 3162//1155 2800//1155
f 3163//1306 3164//1306 3165//1306 3166//1306 3167//1306 3168//1306 3169//1306 3170//1306 3171//1306 3172//1306
f 3173//1305 3174//1305 3175//1305 3176//1305 3177//1305 3178//1305 3179//1305
f 2876//1149 2802//1149 2801//1149 3180//1149
f 3181//1304 2959//1304 2968//1304 3182//1304
f 3183//1305 3184//1305 3185//1305 3186//1305 3187//1305 3188//1305 3189//1305 3190//1305 3191//1305 3192//1305
f 3160//1307 2844//1307 2842//1307
f 3079//1308 3161//1308 2841//1308
f 2937//1285 3067//1284 3193//1309
f 3194//1310 2847//1283 3068//1282
f 2623//1191 3195//1311 2849//1192
f 2932//1216 2631//1215 3196//1312
f 2839//1313 3156//1313 2843//1313
f 2635//1313 3197//1313 2859//1313
f 2952//1314 2639//1314 3198//1314
f 3199//1308 3076//1308 2863//1308
f 3075//1313 3200//1313 2862//1313
f 2734//1307 3201//1307 2652//1307
f 2649//1315 3202//1315 2865//1315
f 3203//1315 2868//1315 2921//1315
f 2655//1308 3204//1308 2869//1308
f 2981//1307 2659//1307 3205//1307
f 3165//1313 3072//1313 3071//1313
f 3069//1315 3166//1315 3070//1315
f 2676//1307 2883//1307 3174//1307
f 3177//1308 2662//1308 2661//1308
f 2677//1315 3173//1315 3073//1315
f 3086//1313 2681//1313 3178//1313
f 3162//1308 3171//1308 3180//1308
f 2876//1307 3170//1307 2877//1307
f 3024//1308 3020//1308 3206//1308
f 2692//1307 3207//1307 2888//1307
f 3021//1315 2700//1315 3208//1315
f 3209//1315 2897//1315 2896//1315
f 2647//1307 3210//1307 2900//1307
f 3037//1313 3211//1313 2705//1313
f 2702//1308 3212//1308 3031//1308
f 3213//1307 2907//1307 2720//1307
f 2906//1316 3214//1316 2711//1316
f 3181//1317 2960//1317 2959//1317
f 3185//1313 3044//1313 2912//1313
f 2902//1315 3186//1315 2911//1315
f 2732//1308 3191//1308 2749//1308
f 2746//1307 3190//1307 2913//1307
f 3215//1308 3052//1308 2915//1308
f 3074//1313 3216//1313 2914//1313
f 2752//1307 3217//1307 2757//1307
f 2754//1315 3218//1315 2917//1315
f 3160//1318 2842//1318 2841//1318 3161//1318
f 3219//1319 2845//1319 2847//1319 3194//1319
f 3220//1320 2939//1320 2849//1320 3195//1320
f 2622//1321 3221//1321 3195//1321 2623//1321
f 3222//1322 2853//1322 2856//1322 3223//1322
f 3224//1323 2638//1323 2859//1323 3197//1323
f 2634//1304 3225//1304 3197//1304 2635//1304
f 2643//1318 3226//1318 3201//1318 2734//1318
f 3084//1304 3227//1304 3200//1304 3075//1304
f 3199//1324 2863//1324 2862//1324 3200//1324
f 3202//1325 2649//1325 2652//1325 3201//1325
f 3228//1318 3045//1318 2869//1318 3204//1318
f 2654//1324 3229//1324 3204//1324 2655//1324
f 2920//1325 3230//1325 3203//1325 2921//1325
f 2793//1150 2796//1150 3070//1150 3071//1150
f 3048//1326 3172//1326 3171//1326 3162//1326
f 3007//1325 3167//1325 3166//1325 3069//1325
f 3165//1304 3071//1304 3070//1304 3166//1304
f 3176//1327 2882//1327 2662//1327 3177//1327
f 3179//1328 2680//1328 3073//1328 3173//1328
f 2676//1325 3174//1325 3173//1325 2677//1325
f 3086//1324 3178//1324 3177//1324 2661//1324
f 3170//1318 2876//1318 3180//1318 3171//1318
f 3026//1262 3032//1262 2646//1152 2645//1152
f 3231//1325 3012//1325 2888//1325 3207//1325
f 2691//1329 3232//1329 3207//1329 2692//1329
f 3023//1304 3233//1304 3234//1304 3085//1304
f 3033//1304 3235//1304 3211//1304 3037//1304
f 2646//1318 3236//1318 3210//1318 2647//1318
f 3209//1330 2896//1330 2900//1330 3210//1330
f 3212//1324 2702//1324 2705//1324 3211//1324
f 2905//1331 3237//1331 3214//1331 2906//1331
f 3238//1332 2722//1332 2725//1332 3239//1332
f 3240//1333 2712//1333 2711//1333 3214//1333
f 2731//1324 3192//1324 3191//1324 2732//1324
f 2708//1325 3187//1325 3186//1325 2902//1325
f 3185//1304 2912//1304 2911//1304 3186//1304
f 3190//1318 2746//1318 2749//1318 3191//1318
f 2751//1318 3241//1318 3217//1318 2752//1318
f 3036//1304 3242//1304 3216//1304 3074//1304
f 3215//1324 2915//1324 2914//1324 3216//1324
f 3218//1325 2754//1325 2757//1325 3217//1325
f 2937//1334 3193//1334 3243//1334 2938//1334
f 3244//1305 3196//1305 3245//1305 3246//1305 3220//1305 3195//1305 3221//1305 3243//1305 3193//1305 3247//1305 3248//1305 3219//1305 3194//1305 3249//1305
f 2932//1335 3196//1335 3244//1335 2934//1335
f 2938//1336 3243//1336 3221//1336 2622//1336
f 3196//1320 2631//1320 2630//1320 3245//1320
f 3193//1319 3067//1319 2694//1319 3247//1319
f 3198//1337 2639//1337 2638//1337 3224//1337
f 3250//1338 2944//1338 2853//1338 3222//1338
f 2952//1339 3198//1339 3251//1339 2949//1339
f 3224//1340 3197//1340 3225//1340 3252//1340 3250//1340 3222//1340 3223//1340 3253//1340 3251//1340 3198//1340
f 2844//1325 3160//1325 3159//1325 2958//1325
f 2843//1324 3156//1324 3161//1324 3079//1324
f 3213//1318 2720//1318 2719//1318 3254//1318
f 3182//1341 2968//1341 2722//1341 3238//1341
f 2975//1342 3255//1342 3237//1342 2905//1342
f 2907//1325 3213//1325 3256//1325 2976//1325
f 2960//1343 3181//1343 3255//1343 2975//1343
f 3214//1305 3237//1305 3255//1305 3181//1305 3182//1305 3238//1305 3239//1305 3257//1305 3256//1305 3213//1305 3254//1305 3258//1305 3240//1305
f 2982//1325 3259//1325 3230//1325 2920//1325
f 2981//1325 3205//1325 3259//1325 2982//1325
f 3260//1305 3261//1305 3262//1305 3263//1305 3203//1305 3230//1305 3259//1305 3205//1305 3264//1305 3228//1305 3204//1305 3229//1305
f 3264//1344 2658//1344 3045//1344 3228//1344
f 3261//1304 2965//1304 2714//1304 3262//1304
f 3205//1345 2659//1345 2658//1345 3264//1345
f 2917//1304 3218//1304 3265//1304 2994//1304
f 2995//1318 3266//1318 3241//1318 2751//1318
f 2998//1318 3267//1318 3266//1318 2995//1318
f 3003//1318 3268//1318 3267//1318 2998//1318
f 3072//1346 3165//1346 3164//1346 3049//1346
f 3162//1157 3180//1157 2801//1157 2800//1157
f 2794//1347 3072//1347 3049//1347 3004//1347
f 2877//1325 3170//1325 3169//1325 3009//1325
f 3008//1348 3009//1348 3006//1348 3005//1348
f 3206//1349 3020//1349 3010//1349 3269//1349
f 3270//1350 3231//1350 3207//1350 3232//1350 3271//1350 3206//1350 3269//1350 3272//1350 3234//1350 3233//1350 3273//1350 3208//1350
f 3021//1351 3208//1351 3273//1351 3022//1351
f 3022//1352 3273//1352 3233//1352 3023//1352
f 3024//1318 3206//1318 3271//1318 3025//1318
f 3025//1353 3271//1353 3232//1353 2691//1353
f 3178//1354 2681//1354 2680//1354 3179//1354
f 3032//1355 3274//1355 3236//1355 2646//1355
f 2897//1356 3209//1356 3275//1356 3030//1356
f 3275//1305 3209//1305 3210//1305 3236//1305 3274//1305 3212//1305 3211//1305 3235//1305
f 3031//1357 3212//1357 3274//1357 3032//1357
f 3030//1358 3275//1358 3235//1358 3033//1358
f 2913//1325 3190//1325 3189//1325 3039//1325
f 3044//1359 3185//1359 3184//1359 3041//1359
f 3276//1305 3215//1305 3216//1305 3242//1305 3277//1305 3278//1305 3279//1305 3280//1305 3265//1305 3218//1305 3217//1305 3241//1305 3266//1305 3267//1305 3268//1305 3281//1305
f 3052//1318 3215//1318 3276//1318 3053//1318
f 3053//1318 3276//1318 3281//1318 3055//1318
f 3055//1318 3281//1318 3268//1318 3003//1318
f 3050//1304 3279//1304 3278//1304 3064//1304
f 3019//1360 3025//1360 2691//1360 2690//1360
f 3282//1305 3199//1305 3200//1305 3227//1305 3283//1305 3202//1305 3201//1305 3226//1305
f 3284//1305 3285//1305 3286//1305 3287//1305 3288//1305 3289//1305 3290//1305 3291//1305
f 3287//1308 3090//1308 3110//1308
f 3118//1313 3288//1313 3109//1313
f 3106//1315 3289//1315 3111//1315
f 3287//1324 3110//1324 3109//1324 3288//1324
f 3090//1318 3287//1318 3286//1318 3091//1318
f 3111//1304 3289//1304 3288//1304 3118//1304
f 3289//1330 3106//1330 3108//1330 3290//1330
f 3292//1313 3146//1313 3155//1313
f 3143//1308 3147//1308 3293//1308
f 3128//1361 3132//1361 3294//1361
f 3131//1362 3123//1362 3295//1362
f 3144//1318 3143//1318 3293//1318 3296//1318
f 3292//1324 3293//1324 3147//1324 3146//1324
f 3295//1363 3294//1363 3132//1363 3131//1363
f 3155//1304 3154//1304 3297//1304 3292//1304
f 3297//1305 3298//1305 3294//1305 3295//1305 3299//1305 3300//1305 3296//1305 3293//1305 3292//1305
f 3123//1364 3122//1364 3299//1364 3295//1364
usemtl Wall_Medium.009
f 3301//1153 3302//1153 3303//1153 3304//1153
f 3305//1149 3306//1149 3307//1149 3308//1149
f 3309//1149 3310//1149 3311//1149 3312//1149
f 3313//1153 3314//1153 3315//1153 3316//1153
f 3317//1153 3318//1153 3319//1153 3320//1153
f 3321//1303 3322//1303 3323//1365 3324//1365
f 3325//1149 3326//1149 3327//1149 3328//1149
f 3329//1150 3330//1150 3331//1150 3332//1150
f 3333//1155 3334//1155 3335//1155 3336//1155
f 3337//1149 3338//1149 3339//1149 3340//1149
f 3341//1366 3342//1366 3343//1366 3344//1366
f 3345//1149 3346//1149 3306//1149 3305//1149
f 3347//1153 3348//1153 3349//1153 3350//1153
f 3351//1149 3352//1149 3346//1149 3345//1149
f 3353//1153 3354//1153 3355//1153 3356//1153
f 3357//1170 3358//1170 3309//1170
f 3359//1183 3360//1183 3361//1183
f 3312//1169 3319//1169 3362//1169
f 3302//1185 3363//1185 3364//1185
f 3365//1185 3316//1185 3366//1185
f 3328//1169 3313//1169 3367//1169
f 3332//1183 3335//1183 3368//1183
f 3334//1170 3369//1170 3370//1170
f 3371//1170 3372//1170 3337//1170
f 3373//1183 3374//1183 3375//1183
f 3344//1297 3349//1297 3376//1297
f 3348//1296 3377//1296 3378//1296
f 3379//1170 3380//1170 3351//1170
f 3381//1183 3382//1183 3383//1183
f 3308//1169 3355//1169 3384//1169
f 3385//1185 3386//1185 3387//1185
f 3388//1155 3389//1155 3390//1155 3358//1155
f 3309//1189 3312//1189 3362//1189 3357//1189
f 3302//1197 3301//1197 3391//1197 3363//1197
f 3363//1146 3359//1146 3361//1146 3364//1146
f 3392//1213 3361//1213 3360//1213 3393//1213
f 3394//1367 3362//1367 3319//1367 3318//1367
f 3316//1197 3315//1197 3395//1197 3366//1197
f 3329//1146 3332//1146 3368//1146 3396//1146
f 3327//1168 3314//1168 3313//1168 3328//1168
f 3325//1189 3328//1189 3367//1189 3397//1189
f 3365//1199 3367//1199 3313//1199 3316//1199
f 3370//1213 3368//1213 3335//1213 3334//1213
f 3398//1150 3399//1150 3400//1150 3373//1150
f 3374//1155 3401//1155 3402//1155 3372//1155
f 3348//1300 3347//1300 3403//1300 3377//1300
f 3398//1146 3373//1146 3375//1146 3404//1146
f 3371//1198 3375//1198 3374//1198 3372//1198
f 3378//1299 3376//1299 3349//1299 3348//1299
f 3405//1368 3406//1368 3407//1368 3380//1368
f 3385//1197 3408//1197 3409//1197 3386//1197
f 3386//1146 3381//1146 3383//1146 3387//1146
f 3307//1168 3356//1168 3355//1168 3308//1168
f 3410//1199 3384//1199 3355//1199 3354//1199
f 3387//1199 3411//1199 3412//1199 3385//1199
f 3382//1155 3413//1155 3414//1155 3415//1155
f 3383//1148 3416//1148 3417//1148 3379//1148 3418//1148 3419//1148 3384//1148 3410//1148 3420//1148 3411//1148 3387//1148
f 3421//1369 3422//1369 3326//1369 3325//1369
f 3423//1370 3394//1370 3318//1370 3424//1370
f 3304//1153 3303//1153 3424//1153 3425//1153
f 3392//1148 3426//1148 3357//1148 3362//1148 3394//1148 3423//1148 3427//1148 3364//1148 3361//1148
f 3425//1153 3424//1153 3318//1153 3317//1153
f 3377//1371 3403//1371 3322//1303 3321//1303
f 3366//1372 3395//1372 3428//1372 3429//1372
f 3429//1373 3428//1373 3430//1373 3431//1373
f 3369//1374 3432//1374 3433//1374 3434//1374
f 3369//1375 3434//1375 3435//1375 3370//1375
f 3431//1150 3430//1150 3330//1150 3329//1150
f 3436//1148 3437//1148 3396//1148 3368//1148 3370//1148 3435//1148 3438//1148 3397//1148 3367//1148 3365//1148
f 3431//1146 3329//1146 3396//1146 3437//1146
f 3337//1189 3340//1189 3439//1189 3371//1189
f 3343//1298 3350//1298 3349//1298 3344//1298
f 3324//1376 3323//1376 3399//1376 3398//1376
f 3439//1148 3440//1148 3376//1148 3378//1148 3441//1148 3442//1148 3404//1148 3375//1148 3371//1148
f 3331//1188 3336//1188 3335//1188 3332//1188
f 3443//1377 3444//1377 3354//1377 3353//1377
f 3372//1157 3402//1157 3338//1157 3337//1157
f 3400//1188 3401//1188 3374//1188 3373//1188
f 3434//1378 3433//1378 3422//1378 3421//1378
f 3360//1155 3445//1155 3446//1155 3393//1155
f 3393//1155 3446//1155 3389//1155 3388//1155
f 3311//1168 3320//1168 3319//1168 3312//1168
f 3447//1188 3445//1188 3360//1188 3359//1188
f 3358//1157 3390//1157 3310//1157 3309//1157
f 3363//1150 3391//1150 3447//1150 3359//1150
f 3448//1379 3412//1379 3444//1379 3443//1379
f 3408//1153 3385//1153 3412//1153 3448//1153
f 3415//1380 3414//1380 3406//1380 3405//1380
f 3449//1188 3413//1188 3382//1188 3381//1188
f 3380//1157 3407//1157 3352//1157 3351//1157
f 3386//1150 3409//1150 3449//1150 3381//1150
f 3377//1381 3321//1381 3441//1381 3378//1381
f 3340//1292 3339//1292 3342//1292 3341//1292
f 3416//1198 3383//1198 3382//1198 3415//1198
f 3351//1189 3345//1189 3418//1189 3379//1189
f 3450//1308 3310//1308 3390//1308
f 3447//1313 3451//1313 3445//1313
f 3311//1307 3452//1307 3320//1307
f 3301//1315 3453//1315 3391//1315
f 3454//1315 3395//1315 3315//1315
f 3327//1307 3455//1307 3314//1307
f 3331//1313 3456//1313 3336//1313
f 3333//1308 3457//1308 3432//1308
f 3458//1308 3338//1308 3402//1308
f 3400//1313 3459//1313 3401//1313
f 3343//1362 3460//1362 3350//1362
f 3347//1361 3461//1361 3403//1361
f 3462//1308 3352//1308 3407//1308
f 3449//1313 3463//1313 3413//1313
f 3307//1307 3464//1307 3356//1307
f 3408//1315 3465//1315 3409//1315
f 3310//1318 3450//1318 3452//1318 3311//1318
f 3391//1304 3453//1304 3451//1304 3447//1304
f 3466//1324 3446//1324 3445//1324 3451//1324
f 3467//1382 3317//1382 3320//1382 3452//1382
f 3330//1304 3468//1304 3456//1304 3331//1304
f 3326//1318 3469//1318 3455//1318 3327//1318
f 3454//1325 3315//1325 3314//1325 3455//1325
f 3457//1383 3333//1383 3336//1383 3456//1383
f 3399//1304 3470//1304 3459//1304 3400//1304
f 3458//1383 3402//1383 3401//1383 3459//1383
f 3461//1363 3347//1363 3350//1363 3460//1363
f 3409//1304 3465//1304 3463//1304 3449//1304
f 3471//1325 3353//1325 3356//1325 3464//1325
f 3465//1330 3408//1330 3448//1330 3472//1330
f 3463//1305 3465//1305 3472//1305 3473//1305 3471//1305 3464//1305 3474//1305 3475//1305 3462//1305 3476//1305 3477//1305
f 3478//1384 3425//1384 3317//1384 3467//1384
f 3466//1305 3451//1305 3453//1305 3479//1305 3478//1305 3467//1305 3452//1305 3450//1305 3480//1305
f 3432//1385 3457//1385 3481//1385 3433//1385
f 3482//1305 3454//1305 3455//1305 3469//1305 3483//1305 3481//1305 3457//1305 3456//1305 3468//1305 3484//1305
f 3430//1304 3484//1304 3468//1304 3330//1304
f 3338//1318 3458//1318 3485//1318 3339//1318
f 3485//1305 3458//1305 3459//1305 3470//1305 3486//1305 3487//1305 3461//1305 3460//1305 3488//1305
f 3403//1386 3461//1386 3487//1386 3322//1386
f 3477//1324 3414//1324 3413//1324 3463//1324
f 3352//1318 3462//1318 3475//1318 3346//1318
f 3334//1157 3333//1157 3432//1157 3369//1157
usemtl Wall_Highlights.009
f 2923//1185 2619//1185 2618//1185
f 3080//1185 2942//1185 2943//1185
f 2858//1169 3083//1169 2855//1169
f 2967//1183 2989//1183 2964//1183
f 2894//1183 2893//1183 2886//1183
f 2962//1387 2724//1387 2909//1387
f 2955//1388 2923//1388 2618//1388 2628//1388
f 2936//1389 2766//1389 2765//1389 2927//1389
f 2951//1189 3083//1189 2858//1189 2947//1189
f 2987//1390 2786//1390 2788//1390 2716//1390
f 3016//1391 2894//1391 2886//1391 2885//1391
f 3066//1392 2962//1392 2909//1392 2978//1392
f 3341//1393 3344//1393 3376//1393 3440//1393
f 3305//1394 3308//1394 3384//1394 3419//1394
f 2933//1395 2936//1395 2927//1395 2926//1395
f 2930//1396 2850//1396 2851//1396 2940//1396
f 2928//1397 2848//1397 2846//1397 2696//1397
f 2929//1398 2928//1398 2696//1398 2695//1398
f 2931//1399 2930//1399 2940//1399 2629//1399
f 2945//1400 2951//1400 2947//1400 2946//1400
f 2953//1401 2633//1401 2861//1401 2948//1401
f 3080//1402 2953//1402 2948//1402 2942//1402
f 2957//1403 2955//1403 2628//1403 2627//1403
f 3411//1404 3420//1404 3444//1404 3412//1404
f 3420//1405 3410//1405 3354//1405 3444//1405
f 3379//1406 3417//1406 3405//1406 3380//1406
f 3417//1407 3416//1407 3415//1407 3405//1407
f 2963//1408 2977//1408 2969//1408 2718//1408
f 2973//1409 3066//1409 2978//1409 2974//1409
f 2967//1410 2984//1410 2985//1410 2989//1410
f 2984//1411 2653//1411 2872//1411 2985//1411
f 2988//1412 2987//1412 2716//1412 2715//1412
f 3427//1413 3423//1413 3424//1413 3303//1413
f 3426//1414 3392//1414 3393//1414 3388//1414
f 3357//1415 3426//1415 3388//1415 3358//1415
f 3364//1416 3427//1416 3303//1416 3302//1416
f 2990//1417 3002//1417 3059//1417 2991//1417
f 3002//1418 3051//1418 3060//1418 3059//1418
f 3005//1419 2878//1419 2671//1419 2670//1419
f 3046//1420 2875//1420 2666//1420 2665//1420
f 2810//1421 3014//1421 2698//1421 2701//1421
f 3013//1422 3016//1422 2885//1422 3011//1422
f 3014//1423 2889//1423 2890//1423 2698//1423
f 2689//1424 2688//1424 2880//1424 2797//1424
f 3421//1425 3325//1425 3397//1425 3438//1425
f 3366//1426 3429//1426 3436//1426 3365//1426
f 3434//1427 3421//1427 3438//1427 3435//1427
f 3429//1428 3431//1428 3437//1428 3436//1428
f 3038//1429 2706//1429 2741//1429 2740//1429
f 3040//1430 3043//1430 2736//1430 2745//1430
f 3043//1431 2730//1431 2737//1431 2736//1431
f 2706//1432 2709//1432 2742//1432 2741//1432
f 3324//1433 3398//1433 3404//1433 3442//1433
f 3321//1434 3324//1434 3442//1434 3441//1434
f 3340//1435 3341//1435 3440//1435 3439//1435
f 3004//1436 3046//1436 2665//1436 2674//1436
f 3008//1437 3005//1437 2670//1437 2669//1437
f 3063//1438 3034//1438 3062//1438 3061//1438
f 3034//1439 2918//1439 2919//1439 3062//1439
f 2977//1440 2910//1440 2713//1440 2969//1440
f 2688//1441 2687//1441 2881//1441 2880//1441
f 3078//1442 2866//1442 2867//1442 3088//1442
f 2779//1443 2641//1443 3087//1443 2777//1443
f 2784//1444 3078//1444 3088//1444 2785//1444
f 2641//1445 2644//1445 2864//1445 3087//1445
f 3345//1446 3305//1446 3419//1446 3418//1446
f 3094//1447 3093//1447 3114//1447 3119//1447
f 3115//1169 3114//1169 3093//1169
f 3116//1448 3115//1448 3093//1448 3100//1448
f 3092//1449 3116//1449 3100//1449 3099//1449
f 3095//1450 3094//1450 3119//1450 3107//1450
f 3130//1451 3153//1451 3141//1451 3127//1451
f 3125//1452 3151//1452 3148//1452 3145//1452
f 3121//1453 3152//1453 3151//1453 3125//1453
f 3150//1454 3149//1454 3153//1454 3130//1454
f 2922//1315 3157//1315 2840//1315
f 3081//1315 2944//1315 3250//1315
f 3223//1307 2856//1307 3082//1307
f 2966//1313 2965//1313 3261//1313
f 3234//1313 2887//1313 3085//1313
f 2961//1455 3239//1455 2725//1455
f 2956//1456 3158//1456 3157//1456 2922//1456
f 2935//1457 3249//1457 3194//1457 3068//1457
f 2950//1318 3253//1318 3223//1318 3082//1318
f 3263//1458 2717//1458 2868//1458 3203//1458
f 3272//1459 2884//1459 2887//1459 3234//1459
f 3065//1460 3257//1460 3239//1460 2961//1460
f 3342//1461 3488//1461 3460//1461 3343//1461
f 3306//1462 3474//1462 3464//1462 3307//1462
f 2934//1463 3244//1463 3249//1463 2935//1463
f 3246//1464 2941//1464 2939//1464 3220//1464
f 3248//1465 2697//1465 2845//1465 3219//1465
f 3247//1466 2694//1466 2697//1466 3248//1466
f 3245//1467 2630//1467 2941//1467 3246//1467
f 2949//1468 3251//1468 3253//1468 2950//1468
f 2954//1469 3252//1469 3225//1469 2634//1469
f 3081//1470 3250//1470 3252//1470 2954//1470
f 2958//1471 3159//1471 3158//1471 2956//1471
f 3472//1472 3448//1472 3443//1472 3473//1472
f 3473//1473 3443//1473 3353//1473 3471//1473
f 3462//1474 3407//1474 3406//1474 3476//1474
f 3476//1475 3406//1475 3414//1475 3477//1475
f 3254//1476 2719//1476 2970//1476 3258//1476
f 2976//1477 3256//1477 3257//1477 3065//1477
f 2966//1478 3261//1478 3260//1478 2983//1478
f 2983//1479 3260//1479 3229//1479 2654//1479
f 3262//1480 2714//1480 2717//1480 3263//1480
f 3479//1481 3304//1481 3425//1481 3478//1481
f 3480//1482 3389//1482 3446//1482 3466//1482
f 3450//1483 3390//1483 3389//1483 3480//1483
f 3453//1484 3301//1484 3304//1484 3479//1484
f 2994//1485 3265//1485 3280//1485 3001//1485
f 3001//1486 3280//1486 3279//1486 3050//1486
f 3006//1487 3168//1487 3167//1487 3007//1487
f 3047//1488 3163//1488 3172//1488 3048//1488
f 3208//1489 2700//1489 2699//1489 3270//1489
f 3269//1490 3010//1490 2884//1490 3272//1490
f 3270//1491 2699//1491 3012//1491 3231//1491
f 3174//1492 2883//1492 2879//1492 3175//1492
f 3422//1493 3483//1493 3469//1493 3326//1493
f 3395//1494 3454//1494 3482//1494 3428//1494
f 3433//1495 3481//1495 3483//1495 3422//1495
f 3428//1496 3482//1496 3484//1496 3430//1496
f 3039//1497 3189//1497 3188//1497 2707//1497
f 3041//1498 3184//1498 3183//1498 3042//1498
f 3042//1499 3183//1499 3192//1499 2731//1499
f 2707//1500 3188//1500 3187//1500 2708//1500
f 3323//1501 3486//1501 3470//1501 3399//1501
f 3322//1502 3487//1502 3486//1502 3323//1502
f 3339//1503 3485//1503 3488//1503 3342//1503
f 3049//1504 3164//1504 3163//1504 3047//1504
f 3009//1505 3169//1505 3168//1505 3006//1505
f 3064//1506 3278//1506 3277//1506 3035//1506
f 3035//1507 3277//1507 3242//1507 3036//1507
f 3258//1508 2970//1508 2712//1508 3240//1508
f 3175//1509 2879//1509 2882//1509 3176//1509
f 3077//1510 3283//1510 3227//1510 3084//1510
f 3076//1511 3199//1511 3282//1511 2642//1511
f 2865//1512 3202//1512 3283//1512 3077//1512
f 2642//1513 3282//1513 3226//1513 2643//1513
f 3346//1514 3475//1514 3474//1514 3306//1514
f 3291//1515 3120//1515 3113//1515 3284//1515
f 3112//1307 3284//1307 3113//1307
f 3117//1516 3285//1516 3284//1516 3112//1516
f 3091//1517 3286//1517 3285//1517 3117//1517
f 3290//1518 3108//1518 3120//1518 3291//1518
f 3129//1519 3128//1519 3294//1519 3298//1519
f 3126//1520 3144//1520 3296//1520 3300//1520
f 3122//1521 3126//1521 3300//1521 3299//1521
f 3154//1522 3129//1522 3298//1522 3297//1522
o Wall_Modular_Cube.008_Wall_Modular_Cube.009
v -0.959325 3.666415 0.187055
v -0.959325 3.943581 0.187055
v -0.926284 3.943581 0.160682
v -0.926284 3.666415 0.160682
v -0.888602 3.574320 -1.087682
v -0.661090 3.574320 -1.087682
v -0.661090 3.563545 -0.355776
v -0.888602 3.563545 -0.355776
v -0.959325 3.666415 0.673256
v -0.959325 3.943581 0.673256
v -0.959325 3.943581 0.473790
v -0.959325 3.930507 0.323207
v -0.888602 3.795294 -0.329402
v -0.661090 3.795294 -0.329402
v -0.661090 3.943581 -0.329402
v -0.888602 3.943581 -0.329402
v -0.844018 3.804894 -0.341069
v -0.705674 3.804894 -0.341069
v -0.705674 3.398570 -0.341069
v -0.844018 3.398570 -0.341069
v -0.844018 3.380866 -0.011229
v -0.705674 3.380866 -0.011229
v -0.705674 3.379570 0.141847
v -0.844018 3.379570 0.141847
v -0.948806 3.281070 -0.848938
v -0.600886 3.281070 -0.848938
v -0.600886 3.329508 -0.848938
v -0.948806 3.329508 -0.848938
v -0.948806 2.782324 1.393264
v -0.600886 2.782324 1.393264
v -0.600885 3.143561 1.393264
v -0.948807 3.143561 1.393264
v -0.600886 3.566755 -1.350056
v -0.948806 3.566755 -1.350056
v -0.948806 3.566755 -0.875312
v -0.600886 3.566755 -0.875312
v -0.888602 2.831857 -0.327395
v -0.661090 2.831857 -0.327395
v -0.661090 2.831857 0.143183
v -0.888602 2.831857 0.143183
v -0.888602 2.947327 0.158340
v -0.661090 2.947327 0.158340
v -0.661090 3.361708 0.169557
v -0.888602 3.361708 0.169557
v -0.661090 1.962995 1.366891
v -0.661090 1.981995 1.393264
v -0.888602 1.981995 1.393264
v -0.888602 1.962995 1.366891
v -0.976773 2.005810 -0.481017
v -0.985033 1.978538 -0.386727
v -0.981847 1.981996 -0.188775
v -0.981847 2.309195 -0.188775
v -0.981847 2.309195 -0.303599
v -0.981847 2.296265 -0.361010
v -0.981847 2.309195 -0.418423
v -0.981847 2.309195 -1.354147
v -0.981847 1.981996 -1.354147
v -0.976859 1.993753 -0.785948
v -0.888602 2.438464 1.366891
v -0.661090 2.438464 1.366891
v -0.661090 2.438464 0.377890
v -0.888602 2.438464 0.377890
v -0.888602 2.346362 0.347892
v -0.661090 2.346362 0.347892
v -0.661090 1.981995 0.351516
v -0.888602 1.981995 0.351516
v -0.921643 2.419464 0.377890
v -0.921643 2.346362 0.389315
v -0.921643 1.981995 0.377890
v -0.921643 1.981995 1.366891
v -0.921643 2.263378 1.361164
v -0.921643 2.346362 1.347448
v -0.921643 2.419464 1.366891
v -0.849517 2.257739 0.343801
v -0.700175 2.257739 0.343801
v -0.700175 2.527006 0.363183
v -0.849517 2.527006 0.363183
v -0.661090 3.709479 -1.380520
v -0.888602 3.709479 -1.380520
v -0.888602 3.772574 -1.383935
v -0.661090 3.772574 -1.383935
v -0.849517 2.546006 0.046217
v -0.700175 2.546006 0.046217
v -0.700175 2.546006 -0.146841
v -0.849517 2.546006 -0.146841
v -0.600886 2.435255 1.366891
v -0.948806 2.435255 1.366891
v -0.948806 2.435255 0.878870
v -0.600886 2.435255 0.878870
v -0.948806 2.830193 0.230688
v -0.600886 2.830193 0.230688
v -0.600886 2.832115 0.202985
v -0.948806 2.832115 0.202985
v -0.925202 2.850857 0.856108
v -0.624490 2.850857 0.856108
v -0.624490 3.206602 0.855628
v -0.925202 3.206602 0.855628
v -0.661090 2.918824 -0.863005
v -0.888602 2.918824 -0.863005
v -0.888602 2.970671 -0.860979
v -0.661090 2.970671 -0.860979
v -0.925202 3.464349 0.856108
v -0.624490 3.464349 0.856108
v -0.624490 3.631708 0.856108
v -0.925202 3.631708 0.856108
v -0.624490 3.464349 0.178842
v -0.925202 3.464349 0.178842
v -0.925202 3.631708 0.164239
v -0.624490 3.631708 0.164239
v -0.958243 2.850857 0.190613
v -0.958243 3.404573 0.190613
v -0.925202 3.404573 0.164239
v -0.925202 2.850857 0.164239
v -0.948806 2.542433 0.090439
v -0.600886 2.542433 0.090439
v -0.600886 2.542433 0.335327
v -0.948806 2.542433 0.335327
v -0.600886 3.547755 -0.848938
v -0.948806 3.547755 -0.848938
v -0.981847 2.585750 0.031667
v -0.981847 2.561433 0.090439
v -0.981847 2.561433 0.335327
v -0.981847 2.813115 0.335327
v -0.981847 2.813115 0.309139
v -0.981847 2.798150 0.230688
v -0.981847 2.813115 0.202985
v -0.981847 2.813115 -0.303116
v -0.981847 2.561433 -0.303116
v -0.981847 2.569905 -0.015715
v -0.600886 2.813115 0.361700
v -0.948806 2.813115 0.361700
v -0.948806 2.561433 0.361700
v -0.600886 2.561433 0.361700
v -0.850811 2.890056 -0.848938
v -0.698881 2.890056 -0.848938
v -0.698881 3.010316 -0.848938
v -0.850811 3.010316 -0.848938
v -0.698881 3.029316 -1.350056
v -0.850811 3.029316 -1.350056
v -0.850811 3.029316 -0.875312
v -0.698881 3.029316 -0.875312
v -0.926284 3.943581 0.699630
v -0.926284 3.962581 0.673256
v -0.926284 3.647415 0.673256
v -0.926284 3.666415 0.699630
v -0.888602 3.563545 -1.354147
v -0.910021 3.576453 -1.371601
v -0.888602 3.582545 -1.380520
v -0.910021 3.949673 -1.371601
v -0.888602 3.962581 -1.354147
v -0.888602 3.943581 -1.380520
v -0.888602 3.582545 -0.329402
v -0.910021 3.576453 -0.338322
v -0.888602 3.962581 -0.355776
v -0.910021 3.949673 -0.338322
v -0.926284 3.647415 0.187055
v -0.844018 3.379570 -0.314695
v -0.877059 3.398570 -0.314695
v -0.844018 3.398570 0.168220
v -0.876989 3.408577 0.131428
v -0.981847 3.046613 -0.875312
v -0.948806 3.027613 -0.875312
v -0.948806 3.046613 -0.848938
v -0.948806 3.046613 -1.376430
v -0.948806 3.027613 -1.350056
v -0.981847 3.046613 -1.350056
v -0.981847 3.547755 -0.875312
v -0.948806 3.547755 -1.376430
v -0.981847 3.547755 -1.350056
v -0.921643 3.361708 -0.836632
v -0.888602 3.380708 -0.836632
v -0.888602 3.361708 -0.863005
v -0.888602 2.850857 0.169557
v -0.921643 2.850857 0.143183
v -0.888602 3.380708 0.143183
v -0.921643 3.361708 0.143183
v -0.948806 1.981996 -1.380520
v -0.948806 1.962996 -1.354147
v -0.948806 2.328195 -1.354147
v -0.948806 2.309195 -1.380520
v -0.888602 2.419464 1.393264
v -0.888602 2.419464 0.351516
v -0.888602 1.962995 0.377890
v -0.948806 1.962996 -0.188775
v -0.948806 1.981996 -0.162401
v -0.948806 2.309195 -0.162401
v -0.948806 2.328195 -0.188775
v -0.849517 1.980431 0.363183
v -0.882558 1.980431 0.336809
v -0.849517 1.961431 0.336809
v -0.849517 2.546006 0.336809
v -0.882558 2.527006 0.336809
v -0.849517 2.527006 -0.173215
v -0.882558 2.527006 -0.146841
v -0.981847 3.143561 0.878870
v -0.948806 3.162561 0.878870
v -0.948806 3.143561 0.852496
v -0.948807 3.162561 1.366891
v -0.981847 3.143561 1.366891
v -0.948806 2.454255 0.852496
v -0.981847 2.454255 0.878870
v -0.948806 2.454255 1.393264
v -0.981847 2.454255 1.366891
v -0.958243 3.631708 0.829734
v -0.925202 3.650708 0.829734
v -0.925202 2.828315 0.829734
v -0.958243 2.850857 0.829734
v -0.925202 2.828315 0.190613
v -0.948806 2.561433 -0.329490
v -0.948806 2.542433 -0.303116
v -0.948806 2.832115 -0.303116
v -0.948806 2.813115 -0.329490
v -0.948806 2.832115 0.335327
v -0.883852 2.342063 -0.875312
v -0.850811 2.323063 -0.875312
v -0.850811 2.342063 -0.848938
v -0.850811 2.342063 -1.376430
v -0.850811 2.323063 -1.350056
v -0.883852 2.342063 -1.350056
v -0.883852 3.010316 -0.875312
v -0.850811 3.010316 -1.376430
v -0.883852 3.010316 -1.350056
v -0.623408 3.666415 0.160682
v -0.623408 3.943581 0.160682
v -0.623408 3.666415 0.699630
v -0.623408 3.943581 0.699630
v -0.623408 3.647415 0.187055
v -0.623408 3.962581 0.673256
v -0.661090 3.799035 -1.380520
v -0.888602 3.799035 -1.380520
v -0.661090 3.943581 -1.380520
v -0.910021 3.799978 -1.371601
v -0.661090 3.582545 -0.329402
v -0.910021 3.701001 -0.338322
v -0.888602 3.703463 -0.329402
v -0.910021 3.587611 -1.095643
v -0.705674 3.964145 0.063271
v -0.844018 3.964145 0.063271
v -0.844018 3.964145 0.141847
v -0.705674 3.964145 0.141847
v -0.877059 3.922327 0.048580
v -0.877059 3.945145 0.141847
v -0.705674 3.379570 -0.314695
v -0.877080 3.414948 -0.016345
v -0.877059 3.804894 -0.314695
v -0.600886 3.027613 -1.350056
v -0.600886 3.027613 -0.875312
v -0.981847 3.329508 -0.875312
v -0.600886 3.547755 -1.376430
v -0.948806 3.366486 -1.376430
v -0.981847 3.366486 -1.350056
v -0.661090 3.361708 -0.863005
v -0.661090 2.850857 0.169557
v -0.921643 2.918824 0.143183
v -0.888602 2.918824 0.169557
v -0.921643 2.850857 -0.327395
v -0.888602 3.380708 -0.536744
v -0.921643 3.361708 -0.536744
v -0.948806 1.962996 -0.400513
v -0.600886 2.309195 -0.162401
v -0.600886 2.328195 -0.188775
v -0.948806 2.328195 -0.418423
v -0.661090 2.346362 1.391185
v -0.888602 2.346362 1.391185
v -0.888602 2.263378 1.391827
v -0.661090 2.263378 1.391827
v -0.661090 2.419464 1.393264
v -0.700175 1.968974 0.177829
v -0.849517 1.968974 0.177829
v -0.849517 1.961431 -0.146841
v -0.700175 1.961431 -0.146841
v -0.700175 2.546006 0.336809
v -0.882558 2.527006 0.156088
v -0.849517 2.546006 0.156088
v -0.882558 2.257739 0.317427
v -0.849517 2.076316 -0.173215
v -0.849517 1.980431 -0.173215
v -0.882558 1.980431 -0.146841
v -0.882558 2.076316 -0.146841
v -0.600886 3.162561 0.878870
v -0.600886 3.143561 0.852496
v -0.948806 2.760428 0.852496
v -0.981847 2.760428 0.878870
v -0.600885 3.162561 1.366891
v -0.981847 2.782324 1.366891
v -0.600886 2.832115 -0.303116
v -0.925202 2.828315 0.706479
v -0.958243 2.850857 0.706479
v -0.624490 2.828315 0.706479
v -0.624490 2.828315 0.829734
v -0.624490 3.650708 0.829734
v -0.958243 3.464349 0.220655
v -0.958243 3.631708 0.190613
v -0.958243 3.206603 0.826025
v -0.600886 2.813115 -0.329490
v -0.600886 2.561433 -0.329490
v -0.600886 2.832115 0.335327
v -0.698881 2.323063 -1.350056
v -0.698881 2.323063 -0.875312
v -0.883852 2.890056 -0.875312
v -0.698881 3.010316 -1.376430
v -0.850811 2.407473 -1.376430
v -0.883852 2.407473 -1.350056
v -0.661090 3.380708 -0.536744
v -0.661090 3.380708 -0.836632
v -0.623408 3.962581 0.187055
v -0.926284 3.962581 0.187055
v -0.888602 3.563545 -1.250930
v -0.910021 3.576453 -1.264707
v -0.910021 3.949673 -1.095643
v -0.910021 3.927038 -1.264707
v -0.910021 3.772574 -1.345786
v -0.910021 3.707231 -1.371601
v -0.910021 3.728405 -0.365212
v -0.910021 3.796103 -0.338322
v -0.661090 3.962581 -0.355776
v -0.888602 3.962581 -1.087682
v -0.661090 3.962581 -1.087682
v -0.661090 3.962195 -1.250930
v -0.888602 3.962195 -1.250930
v -0.661090 3.563545 -1.354147
v -0.661090 3.563545 -1.250930
v -0.661090 3.703463 -0.329402
v -0.888602 3.729925 -0.334392
v -0.661090 3.729925 -0.334392
v -0.877059 3.945145 -0.314695
v -0.844018 3.964145 -0.314695
v -0.705674 3.964145 -0.314695
v -0.844018 3.804894 0.158883
v -0.877059 3.804894 0.114843
v -0.877059 3.866672 0.141847
v -0.877059 3.866672 -0.290808
v -0.705674 3.804894 0.158883
v -0.705674 3.866672 0.168220
v -0.844018 3.866672 0.168220
v -0.705674 3.398570 0.168220
v -0.844018 3.866672 -0.327899
v -0.705674 3.866672 -0.327899
v -0.926284 3.962817 0.323207
v -0.623408 3.962817 0.323207
v -0.926284 3.962581 0.473790
v -0.623408 3.962581 0.473790
v -0.624490 2.850857 0.164239
v -0.624490 2.828315 0.190613
v -0.624490 3.648429 0.189858
v -0.925202 3.648429 0.189858
v -0.958243 3.464349 0.829734
v -0.888602 2.850857 -0.863005
v -0.661090 2.850857 -0.863005
v -0.661090 2.831857 -0.836632
v -0.888602 2.831857 -0.836632
v -0.624490 3.404573 0.164239
v -0.925202 3.404573 0.855146
v -0.624490 3.404573 0.855146
v -0.925202 2.828315 0.474312
v -0.958243 2.868096 0.474312
v -0.925202 3.650708 0.543459
v -0.958243 3.631708 0.543459
v -0.624490 2.828315 0.474312
v -0.624490 3.650708 0.543459
v -0.958243 3.404573 0.803769
v -0.958243 3.611506 0.450382
v -0.888602 3.380708 -0.474528
v -0.921643 3.361708 -0.474528
v -0.661090 3.380708 0.143183
v -0.661090 3.380708 -0.474528
v -0.661090 2.832115 -0.458158
v -0.888602 2.832115 -0.458158
v -0.921643 2.867917 -0.458158
v -0.921643 2.947327 0.131966
v -0.921643 2.970671 -0.810459
v -0.921643 2.918824 -0.836632
v -0.921643 2.850857 -0.836632
v -0.850811 2.890056 -1.376430
v -0.883852 2.890056 -1.350056
v -0.850811 2.820940 -0.848938
v -0.883852 2.820940 -0.875312
v -0.698881 2.890056 -1.376430
v -0.698881 2.820940 -0.848938
v -0.850811 2.775295 -0.848938
v -0.883852 2.775295 -0.875312
v -0.698881 2.775295 -0.848938
v -0.850811 2.449148 -0.848938
v -0.883852 2.449148 -0.875312
v -0.698881 2.820940 -1.372216
v -0.850811 2.820940 -1.372216
v -0.698881 2.449148 -0.848938
v -0.962118 1.971987 -0.776737
v -0.948806 2.315265 -0.361010
v -0.600886 2.315265 -0.361010
v -0.600886 2.328195 -0.418423
v -0.948806 2.328195 -0.303599
v -0.600886 2.328195 -0.303599
v -0.700175 1.961431 0.122011
v -0.849517 1.961431 0.122011
v -0.700175 2.546006 0.156088
v -0.884132 1.976397 0.129766
v -0.876558 2.507641 0.030754
v -0.882558 2.162284 -0.141856
v -0.878630 1.996042 0.159289
v -0.882558 2.171771 0.336809
v -0.849517 2.162284 -0.168230
v -0.849517 2.171771 0.363183
v -0.700175 1.961431 0.336809
v -0.700175 2.527006 -0.173215
v -0.700175 2.162284 -0.168230
v -0.700175 2.076316 -0.173215
v -0.700175 1.980431 0.363183
v -0.700175 2.171771 0.363183
v -0.948806 2.722717 1.393017
v -0.981847 2.722717 1.344457
v -0.948806 2.820035 0.856422
v -0.981847 2.820035 0.890835
v -0.600886 2.820035 0.856422
v -0.600886 2.454255 1.393264
v -0.600886 2.722717 1.393017
v -0.600886 2.760428 0.852496
v -0.850811 2.428310 -1.376677
v -0.698881 2.428310 -1.376677
v -0.698881 2.407473 -1.376430
v -0.600886 2.454255 0.852496
v -0.948806 2.832115 0.309139
v -0.600886 2.832115 0.309139
v -0.948806 2.546381 -0.015715
v -0.600886 2.546381 -0.015715
v -0.600886 2.546381 0.011988
v -0.948806 2.546381 0.011988
v -0.600886 2.542433 -0.303116
v -0.661090 2.918824 0.169557
v -0.948806 1.967894 -0.457925
v -0.600886 1.967894 -0.457925
v -0.600886 1.962996 -0.400513
v -0.587574 1.971987 -0.776737
v -0.698881 2.775295 -1.376430
v -0.850811 2.775295 -1.376430
v -0.698881 2.342063 -0.848938
v -0.698881 2.407473 -0.848938
v -0.850811 2.407473 -0.848938
v -0.698881 2.428310 -0.848938
v -0.850811 2.428310 -0.848938
v -0.883852 2.407473 -0.875312
v -0.883852 2.428310 -0.875312
v -0.883852 2.820940 -1.317751
v -0.883852 2.775295 -1.350056
v -0.883852 2.449148 -1.350056
v -0.883852 2.428310 -1.333854
v -0.850811 2.449148 -1.376430
v -0.698881 2.449148 -1.376430
v -0.624490 3.648073 0.451136
v -0.925202 3.648073 0.451136
v -0.661090 3.582545 -1.380520
v -0.661090 3.962581 -1.354147
v -0.600886 2.328195 -1.354147
v -0.600886 2.309195 -1.380520
v -0.600886 1.981996 -1.380520
v -0.600886 1.962996 -1.354147
v -0.661090 2.419464 0.351516
v -0.698881 2.342063 -1.376430
v -0.600886 3.046613 -1.376430
v -0.600886 3.046613 -0.848938
v -0.600886 3.414924 -1.376430
v -0.948806 3.414924 -1.376430
v -0.623408 3.647415 0.673256
v -0.844018 3.945145 -0.341069
v -0.705674 3.945145 -0.341069
v -0.705674 3.945145 0.168220
v -0.844018 3.945145 0.168220
v -0.600886 3.366486 -1.376430
v -0.700175 1.980431 -0.173215
v -0.661090 1.962995 0.377890
v -0.981847 3.281070 -0.891461
v -0.981847 3.414924 -1.324120
v -0.960841 3.662406 1.389844
v -0.588851 3.662406 1.389844
v -0.588851 3.741258 1.389844
v -0.960841 3.741258 1.389844
v -0.993882 3.947825 1.363471
v -0.993882 3.929812 1.298393
v -0.993882 3.947825 1.224790
v -0.993882 3.947825 0.722700
v -0.993882 3.662406 0.722700
v -0.993882 3.662406 1.363471
v -0.993882 3.741258 1.363471
v -0.993882 3.849739 1.345324
v -0.960841 3.643406 1.363471
v -0.960841 3.662406 0.696326
v -0.960841 3.643406 0.722700
v -0.960841 3.966825 0.722700
v -0.960841 3.947825 0.696326
v -0.588851 3.966825 0.722700
v -0.960841 3.966825 1.224790
v -0.588851 3.966825 1.224790
v -0.588851 3.643406 0.722700
v -0.588851 3.643406 1.363471
v -0.588851 3.947825 0.696326
v -0.588851 3.947825 1.389844
v -0.588851 3.966825 1.363471
v -0.960841 3.966825 1.363471
v -0.960841 3.947825 1.389844
v -0.960841 3.849739 1.390173
v -0.588851 3.849739 1.390173
v -0.588851 3.662406 0.696326
v -0.960841 3.966825 1.298393
v -0.588851 3.966825 1.298393
v -0.881006 2.751632 -0.330320
v -0.668686 2.751632 -0.330320
v -0.668686 2.819264 -0.327947
v -0.881006 2.819264 -0.327947
v -0.881006 2.697446 -0.331332
v -0.668686 2.697446 -0.331332
v -0.881006 2.819264 -0.851286
v -0.668686 2.819264 -0.851286
v -0.668686 2.775807 -0.852252
v -0.881006 2.775807 -0.852252
v -0.668686 2.833745 -0.354321
v -0.668686 2.833745 -0.824912
v -0.881006 2.833745 -0.824912
v -0.881006 2.833745 -0.354321
v -0.914047 2.562098 -0.824912
v -0.881006 2.562098 -0.851286
v -0.881006 2.543098 -0.824912
v -0.881006 2.562098 -0.327947
v -0.914047 2.562098 -0.354321
v -0.881006 2.543098 -0.354321
v -0.914047 2.819264 -0.824912
v -0.914047 2.819264 -0.354321
v -0.668686 2.562098 -0.327947
v -0.668686 2.661310 -0.327947
v -0.881006 2.661310 -0.327947
v -0.668686 2.543098 -0.824912
v -0.668686 2.543098 -0.354321
v -0.914047 2.661310 -0.354321
v -0.914047 2.739670 -0.824912
v -0.881006 2.739670 -0.851286
v -0.914047 2.697446 -0.384233
v -0.914047 2.751632 -0.353647
v -0.914047 2.775807 -0.808460
v -0.668686 2.739670 -0.851286
v -0.668686 2.562098 -0.851286
v -0.590367 3.666415 0.187055
v -0.590367 3.943581 0.187055
v -0.590367 3.930507 0.323207
v -0.590367 3.943581 0.473790
v -0.590367 3.943581 0.673256
v -0.590367 3.666415 0.673256
v -0.600886 1.962996 -0.188775
v -0.572919 2.005810 -0.481018
v -0.572833 1.993753 -0.785948
v -0.567845 1.981996 -1.354147
v -0.567845 2.309195 -1.354147
v -0.567845 2.309195 -0.418423
v -0.567845 2.296265 -0.361010
v -0.567845 2.309195 -0.303599
v -0.567845 2.309195 -0.188775
v -0.567845 1.981996 -0.188775
v -0.564659 1.978538 -0.386727
v -0.628049 2.419464 0.377890
v -0.628049 2.419464 1.366891
v -0.628049 2.346362 1.347448
v -0.628049 2.263378 1.361164
v -0.628049 1.981995 1.366891
v -0.628049 1.981995 0.377890
v -0.628049 2.346362 0.389315
v -0.600886 1.981996 -0.162401
v -0.591449 2.850857 0.190613
v -0.591449 3.404573 0.190613
v -0.567845 2.585750 0.031667
v -0.567845 2.569905 -0.015715
v -0.567845 2.561433 -0.303116
v -0.567845 2.813115 -0.303116
v -0.567845 2.813115 0.202985
v -0.567845 2.798150 0.230688
v -0.567845 2.813115 0.309139
v -0.567845 2.813115 0.335327
v -0.567845 2.561433 0.335327
v -0.567845 2.561433 0.090439
v -0.639671 3.576453 -1.371601
v -0.639671 3.949673 -1.371601
v -0.639671 3.576453 -0.338322
v -0.639671 3.949673 -0.338322
v -0.672633 3.398570 -0.314695
v -0.672703 3.408577 0.131428
v -0.567845 3.046613 -0.875312
v -0.567845 3.046613 -1.350056
v -0.567845 3.547755 -0.875312
v -0.567845 3.547755 -1.350056
v -0.628049 3.361708 -0.836632
v -0.628049 2.850857 0.143183
v -0.628049 3.361708 0.143183
v -0.667134 1.980431 0.336809
v -0.667134 2.527006 0.336809
v -0.667134 2.527006 -0.146841
v -0.567845 3.143561 0.878870
v -0.567845 3.143561 1.366891
v -0.567845 2.454255 0.878870
v -0.567845 2.454255 1.366891
v -0.591449 3.631708 0.829734
v -0.591449 2.850857 0.829734
v -0.665840 2.342063 -0.875312
v -0.665840 2.342063 -1.350056
v -0.665840 3.010316 -0.875312
v -0.665840 3.010316 -1.350056
v -0.639671 3.799978 -1.371601
v -0.639671 3.701001 -0.338322
v -0.639671 3.587611 -1.095643
v -0.672633 3.922327 0.048580
v -0.672633 3.945145 0.141847
v -0.672612 3.414948 -0.016345
v -0.672633 3.804894 -0.314695
v -0.567845 3.329508 -0.875312
v -0.567845 3.366486 -1.350056
v -0.628049 2.918824 0.143183
v -0.628049 2.850857 -0.327395
v -0.628049 3.361708 -0.536744
v -0.667134 2.527006 0.156088
v -0.667134 2.257739 0.317427
v -0.667134 2.076316 -0.146841
v -0.667134 1.980431 -0.146841
v -0.567845 2.760428 0.878870
v -0.567845 2.782324 1.366891
v -0.591449 2.850857 0.706479
v -0.591449 3.464349 0.220655
v -0.591449 3.631708 0.190613
v -0.591449 3.206603 0.826025
v -0.665840 2.890056 -0.875312
v -0.665840 2.407473 -1.350056
v -0.639671 3.576453 -1.264707
v -0.639671 3.949673 -1.095643
v -0.639671 3.796103 -0.338322
v -0.639671 3.728405 -0.365212
v -0.639671 3.707231 -1.371601
v -0.639671 3.772574 -1.345786
v -0.639671 3.927038 -1.264707
v -0.672633 3.945145 -0.314695
v -0.672633 3.804894 0.114843
v -0.672633 3.866672 -0.290808
v -0.672633 3.866672 0.141847
v -0.591449 3.464349 0.829734
v -0.591449 2.868096 0.474312
v -0.591449 3.631708 0.543459
v -0.591449 3.611506 0.450382
v -0.591449 3.404573 0.803769
v -0.628049 3.361708 -0.474528
v -0.628049 2.867917 -0.458158
v -0.628049 2.850857 -0.836632
v -0.628049 2.918824 -0.836632
v -0.628049 2.970671 -0.810459
v -0.628049 2.947327 0.131966
v -0.665840 2.890056 -1.350056
v -0.665840 2.820940 -0.875312
v -0.665840 2.775295 -0.875312
v -0.665840 2.449148 -0.875312
v -0.665560 1.976397 0.129766
v -0.673134 2.507641 0.030754
v -0.667134 2.171771 0.336809
v -0.671062 1.996042 0.159289
v -0.667134 2.162284 -0.141856
v -0.567845 2.722717 1.344457
v -0.567845 2.820035 0.890835
v -0.665840 2.407473 -0.875312
v -0.665840 2.428310 -1.333854
v -0.665840 2.449148 -1.350056
v -0.665840 2.775295 -1.350056
v -0.665840 2.820940 -1.317751
v -0.665840 2.428310 -0.875312
v -0.567845 3.281070 -0.891461
v -0.567845 3.414924 -1.324120
v -0.555810 3.947825 1.363471
v -0.555810 3.849739 1.345324
v -0.555810 3.741258 1.363471
v -0.555810 3.662406 1.363471
v -0.555810 3.662406 0.722700
v -0.555810 3.947825 0.722700
v -0.555810 3.947825 1.224790
v -0.555810 3.929812 1.298393
v -0.635645 2.562098 -0.824912
v -0.635645 2.562098 -0.354321
v -0.635645 2.819264 -0.824912
v -0.635645 2.819264 -0.354321
v -0.635645 2.661310 -0.354321
v -0.635645 2.739670 -0.824912
v -0.635645 2.775807 -0.808460
v -0.635645 2.751632 -0.353647
v -0.635645 2.697446 -0.384233
v -0.694947 3.566755 -0.836908
v -0.854745 3.566755 -0.836908
v -0.854745 3.566755 -0.722520
v -0.694947 3.566755 -0.722520
v -0.925616 3.500815 1.387857
v -0.624076 3.500815 1.387857
v -0.624076 3.630156 1.387857
v -0.925616 3.630156 1.387857
v -0.854745 3.396833 -0.334426
v -0.694947 3.396833 -0.334426
v -0.694947 3.547755 -0.334426
v -0.854745 3.547755 -0.334426
v -0.849541 2.834864 0.840465
v -0.700151 2.834864 0.840465
v -0.700151 2.834864 0.382913
v -0.849541 2.834864 0.382913
v -0.694947 3.566755 -0.487226
v -0.854745 3.566755 -0.487226
v -0.854745 3.566755 -0.360799
v -0.694947 3.566755 -0.360799
v -0.925616 2.463406 -0.849878
v -0.624076 2.463406 -0.849878
v -0.624076 2.409221 -0.848868
v -0.925616 2.409221 -0.848868
v -0.849541 2.637421 0.866839
v -0.700151 2.637421 0.866839
v -0.700151 2.815864 0.866839
v -0.849541 2.815864 0.866839
v -0.849541 2.505937 0.356539
v -0.700151 2.505937 0.356539
v -0.700151 2.454255 0.356539
v -0.849541 2.454255 0.356539
v -0.700150 2.435255 0.840465
v -0.849542 2.435255 0.840465
v -0.849541 2.435255 0.382913
v -0.700151 2.435255 0.382913
v -0.925615 2.342063 -0.172784
v -0.624077 2.342063 -0.172784
v -0.624077 2.451445 -0.172784
v -0.925615 2.451445 -0.172784
v -0.925615 2.487582 -0.171818
v -0.624077 2.487582 -0.171818
v -0.624076 2.531039 -0.172784
v -0.925616 2.531039 -0.172784
v -0.925616 3.364026 1.387857
v -0.624076 3.364026 1.387857
v -0.624076 2.545519 -0.825878
v -0.925616 2.545519 -0.825878
v -0.925616 2.545519 -0.199158
v -0.624076 2.545519 -0.199158
v -0.925616 3.180246 1.387857
v -0.624076 3.180246 1.387857
v -0.624076 3.649156 1.099043
v -0.925616 3.649156 1.099043
v -0.925616 3.649156 1.361483
v -0.624076 3.649156 1.361483
v -0.887786 3.396833 -0.360799
v -0.854745 3.377833 -0.360799
v -0.854745 3.396833 -0.863282
v -0.854745 3.377833 -0.836908
v -0.887786 3.396833 -0.836908
v -0.887786 3.547755 -0.360799
v -0.854745 3.547755 -0.863282
v -0.887786 3.547755 -0.836908
v -0.882582 2.815864 0.382913
v -0.849541 2.815864 0.356539
v -0.882582 2.815864 0.840465
v -0.882582 2.454255 0.382913
v -0.849542 2.454255 0.866839
v -0.882582 2.454255 0.840465
v -0.958656 2.342063 -0.199158
v -0.925615 2.323063 -0.199158
v -0.925615 2.342063 -0.852252
v -0.925615 2.323063 -0.825878
v -0.958656 2.342063 -0.825878
v -0.958656 2.531039 -0.199158
v -0.925616 2.531039 -0.852252
v -0.958657 2.531039 -0.825878
v -0.958656 3.180246 1.361483
v -0.925616 3.161246 1.361483
v -0.925616 3.180246 0.851523
v -0.925616 3.161246 0.877895
v -0.958657 3.180246 0.877895
v -0.958657 3.630156 1.361483
v -0.925616 3.649156 0.877895
v -0.925616 3.630156 0.851523
v -0.958657 3.630156 0.877895
v -0.854745 3.377833 -0.487226
v -0.694947 3.377833 -0.487226
v -0.694947 3.377833 -0.360799
v -0.694947 3.547755 -0.863282
v -0.887786 3.396833 -0.589576
v -0.854745 3.377833 -0.589576
v -0.887786 3.535246 -0.446711
v -0.700151 2.815864 0.356539
v -0.882582 2.505937 0.382913
v -0.882582 2.637421 0.840465
v -0.925616 2.373084 -0.852252
v -0.624076 2.373084 -0.852252
v -0.624077 2.342063 -0.852252
v -0.624077 2.323063 -0.825878
v -0.624077 2.323063 -0.199158
v -0.624076 2.531039 -0.852252
v -0.958656 2.373084 -0.825878
v -0.925616 3.165665 1.176315
v -0.624076 3.165665 1.176315
v -0.624076 3.161246 1.361483
v -0.624076 3.649156 0.877895
v -0.624076 3.630156 0.851523
v -0.958657 3.630156 1.099043
v -0.958657 3.630156 0.985791
v -0.925616 3.649156 0.985791
v -0.624076 3.161246 0.877895
v -0.624076 3.161246 1.119689
v -0.925616 3.161246 1.119689
v -0.958657 3.180246 1.119689
v -0.958657 3.193714 1.176315
v -0.958657 3.364026 1.361483
v -0.958657 3.500815 1.338285
v -0.958657 3.605914 1.042417
v -0.849541 2.577940 0.851177
v -0.700151 2.577940 0.851177
v -0.887786 3.547755 -0.589576
v -0.854745 3.566755 -0.589576
v -0.694947 3.566755 -0.589576
v -0.887786 3.404338 -0.503432
v -0.887786 3.532744 -0.722520
v -0.700151 2.685009 0.363408
v -0.849541 2.685009 0.363408
v -0.700151 2.577940 0.356539
v -0.849541 2.577940 0.356539
v -0.700150 2.454255 0.866839
v -0.700151 2.451166 0.866839
v -0.849541 2.451166 0.866839
v -0.882582 2.451166 0.840465
v -0.882582 2.685009 0.407840
v -0.882582 2.577940 0.382913
v -0.882582 2.577940 0.799336
v -0.958656 2.451445 -0.199158
v -0.958656 2.487582 -0.215610
v -0.958656 2.463406 -0.826553
v -0.958656 2.409221 -0.795966
v -0.624076 3.646930 1.042417
v -0.925616 3.646930 1.042417
v -0.694947 3.377833 -0.836908
v -0.694947 3.377833 -0.589576
v -0.694947 3.396833 -0.863282
v -0.624076 3.649156 0.985791
v -0.624076 3.180246 0.851523
v -0.661906 3.396833 -0.360799
v -0.661906 3.396833 -0.836908
v -0.661906 3.547755 -0.360799
v -0.661906 3.547755 -0.836908
v -0.667110 2.815864 0.382913
v -0.667110 2.815864 0.840465
v -0.667110 2.454255 0.382913
v -0.667110 2.454255 0.840465
v -0.591036 2.342063 -0.199158
v -0.591036 2.342063 -0.825878
v -0.591036 2.531039 -0.199158
v -0.591035 2.531039 -0.825878
v -0.591036 3.180246 1.361483
v -0.591035 3.180246 0.877895
v -0.591035 3.630156 1.361483
v -0.591035 3.630156 0.877895
v -0.661906 3.396833 -0.589576
v -0.661906 3.535246 -0.446711
v -0.667110 2.505937 0.382913
v -0.667110 2.637421 0.840465
v -0.591036 2.373084 -0.825878
v -0.591035 3.630156 1.099043
v -0.591035 3.630156 0.985791
v -0.591035 3.605914 1.042417
v -0.591035 3.500815 1.338285
v -0.591035 3.364026 1.361483
v -0.591035 3.193714 1.176315
v -0.591035 3.180246 1.119689
v -0.661906 3.547755 -0.589576
v -0.661906 3.532744 -0.722520
v -0.661906 3.404338 -0.503432
v -0.667110 2.451166 0.840465
v -0.667110 2.685009 0.407840
v -0.667110 2.577940 0.799336
v -0.667110 2.577940 0.382913
v -0.591036 2.451445 -0.199158
v -0.591036 2.409221 -0.795966
v -0.591036 2.463406 -0.826553
v -0.591036 2.487582 -0.215610
vn -0.6238 0.0000 -0.7816
vn 0.0000 -0.9999 -0.0147
vn -1.0000 -0.0000 0.0000
vn 0.0000 0.0000 1.0000
vn 0.0000 0.0000 -1.0000
vn -0.0000 -1.0000 -0.0085
vn 0.0000 -0.0021 1.0000
vn 0.0000 1.0000 0.0000
vn 0.0000 -1.0000 -0.0010
vn 0.0000 -1.0000 0.0000
vn 0.0000 -0.0271 0.9996
vn 0.0000 -0.8114 0.5845
vn -1.0000 -0.0073 0.0002
vn 0.0000 -0.0099 -1.0000
vn 0.0000 -0.0718 0.9974
vn 0.0000 -0.0540 -0.9985
vn 0.0000 0.9976 0.0692
vn 0.0000 0.0014 1.0000
vn 0.0000 0.0019 1.0000
vn 0.0000 0.0391 -0.9992
vn 0.0000 -0.0080 1.0000
vn -0.0000 -0.0869 -0.9962
vn 0.0000 0.8114 0.5845
vn -0.4228 0.7353 0.5297
vn -0.4228 -0.7353 0.5297
vn -0.0099 -0.8111 -0.5849
vn -0.0127 -0.8113 -0.5845
vn -0.0108 -0.8115 -0.5842
vn -0.0127 0.8113 -0.5845
vn -0.0099 0.8111 -0.5849
vn -0.0108 0.8115 -0.5842
vn -0.0099 -0.8111 0.5849
vn -0.0108 -0.8115 0.5842
vn -0.0126 -0.8113 0.5845
vn -0.0099 0.8111 0.5849
vn -0.0127 0.8113 0.5845
vn -0.0108 0.8115 0.5842
vn -0.4228 -0.7353 -0.5297
vn -0.6684 -0.6035 0.4348
vn -0.4228 0.7353 -0.5297
vn -0.4604 -0.6748 0.5768
vn -0.4604 -0.6748 -0.5768
vn -0.0000 -0.8114 -0.5845
vn -0.6238 0.0000 0.7816
vn -0.3844 -0.0000 -0.9231
vn 0.0099 -0.8111 0.5849
vn 0.0108 -0.8115 0.5842
vn -0.3844 0.0000 0.9231
vn -0.5237 -0.8518 -0.0125
vn -0.6619 0.7431 -0.0987
vn -0.6270 -0.7787 0.0228
vn 0.0000 0.8114 -0.5845
vn -0.4985 -0.8669 0.0000
vn -0.4985 0.8669 0.0000
vn 0.0000 -0.0052 -1.0000
vn -0.4445 -0.8957 0.0110
vn 0.0000 0.0077 1.0000
vn 0.0000 0.0064 1.0000
vn -0.6534 0.0096 0.7570
vn 0.0000 -0.0284 0.9996
vn -0.7156 -0.0372 -0.6975
vn 0.0000 -0.9997 0.0232
vn -0.6229 -0.0562 0.7803
vn -0.6238 -0.0000 0.7815
vn -0.5636 -0.8261 0.0000
vn -0.7150 -0.0924 -0.6930
vn -0.6463 0.0045 0.7630
vn -0.6238 0.0000 -0.7815
vn -0.5162 -0.8565 0.0000
vn 0.0108 0.8115 0.5842
vn 0.0099 0.8111 0.5848
vn 0.0000 1.0000 -0.0012
vn 0.0000 1.0000 0.0007
vn -0.5162 0.8565 0.0000
vn -0.5412 -0.8390 0.0554
vn 0.0000 0.1280 -0.9918
vn 0.0000 -0.0761 0.9971
vn -0.6884 -0.7251 -0.0183
vn -0.6797 0.7331 0.0226
vn -0.7731 0.0204 0.6339
vn -1.0000 0.0000 0.0001
vn 0.0000 -1.0000 0.0043
vn 0.0000 -0.1495 0.9888
vn 0.0000 0.0230 0.9997
vn 0.0000 0.2085 -0.9780
vn -0.0000 1.0000 -0.0001
vn -0.0000 1.0000 -0.0017
vn 0.0000 1.0000 0.0008
vn -0.0000 -0.7602 -0.6497
vn -0.0000 0.8374 -0.5466
vn 0.0000 -0.7602 0.6497
vn -0.6950 0.2515 -0.6736
vn -0.0000 0.2373 -0.9714
vn 0.0000 -0.0068 1.0000
vn -0.6859 -0.7272 -0.0270
vn -0.6859 -0.7273 0.0221
vn 0.0000 -1.0000 0.0007
vn 0.0000 -1.0000 -0.0006
vn -0.5963 0.2940 0.7470
vn -0.6237 -0.0212 0.7814
vn 0.0000 -0.0609 -0.9981
vn -0.6500 -0.7599 0.0090
vn 0.0000 0.9756 0.2197
vn -0.0000 0.9910 -0.1339
vn -0.4477 -0.8941 0.0102
vn -1.0000 0.0020 0.0000
vn -0.6238 -0.0107 -0.7815
vn -0.6232 0.0453 -0.7807
vn -0.6144 0.1735 0.7697
vn 0.0000 -0.0137 -0.9999
vn 0.0000 0.0579 -0.9983
vn -0.7161 0.0075 -0.6980
vn -0.7441 -0.1249 0.6562
vn -0.6769 -0.0181 -0.7359
vn 0.0000 -0.0121 -0.9999
vn 0.0000 0.0009 1.0000
vn 0.0000 -0.0016 1.0000
vn 0.0000 0.0657 -0.9978
vn -0.7497 0.0279 0.6612
vn -0.6738 0.0976 -0.7325
vn 0.0000 -0.0119 -0.9999
vn 0.0000 -0.0059 -1.0000
vn 0.0000 0.9997 -0.0245
vn -0.0000 -0.9987 -0.0503
vn -0.5411 -0.8408 0.0182
vn 0.0000 -0.9999 0.0137
vn 0.0000 0.0051 1.0000
vn 0.0000 0.3662 0.9305
vn 0.0000 -0.9964 -0.0850
vn 0.0000 -0.9999 -0.0128
vn 0.0000 0.0919 -0.9958
vn 0.0000 0.0059 -1.0000
vn 0.0000 0.0119 -0.9999
vn 0.0000 0.9996 -0.0285
vn 0.0000 0.1853 0.9827
vn 0.0000 -0.9978 0.0659
vn 0.0099 0.8111 -0.5848
vn 0.0108 0.8115 -0.5842
vn 0.0108 -0.8115 -0.5842
vn 0.0099 -0.8111 -0.5849
vn 0.0000 1.0000 0.0037
vn 0.0000 -0.1655 -0.9862
vn 0.0000 1.0000 0.0014
vn 0.0000 0.0495 -0.9988
vn 0.0000 -0.0015 1.0000
vn 0.0000 0.0002 1.0000
vn 0.0000 0.0034 1.0000
vn 0.0000 -0.0269 0.9996
vn 0.0000 -0.0351 0.9994
vn 0.0000 -0.0187 0.9998
vn 0.0000 0.0222 -0.9998
vn -0.3586 0.8183 -0.4493
vn -0.3586 0.8183 0.4493
vn 0.0000 0.8766 0.4813
vn -0.4014 0.9159 0.0000
vn 0.0000 0.8766 -0.4813
vn 0.0000 0.0932 0.9956
vn -0.6010 -0.0100 0.7992
vn 0.0000 -0.0267 -0.9996
vn 0.6238 0.0000 -0.7816
vn 1.0000 0.0000 0.0000
vn 1.0000 -0.0073 0.0002
vn 0.4228 0.7353 0.5297
vn 0.4228 -0.7353 0.5297
vn 0.0127 -0.8113 -0.5845
vn 0.0127 0.8113 -0.5845
vn 0.0126 -0.8113 0.5845
vn 0.0127 0.8113 0.5845
vn 0.4228 -0.7353 -0.5297
vn 0.6684 -0.6035 0.4348
vn 0.4228 0.7353 -0.5297
vn 0.4604 -0.6748 0.5768
vn 0.4604 -0.6748 -0.5768
vn 0.6238 0.0000 0.7816
vn 0.3844 0.0000 -0.9231
vn 0.3844 0.0000 0.9231
vn 0.5237 -0.8518 -0.0125
vn 0.6619 0.7431 -0.0987
vn 0.6270 -0.7787 0.0228
vn 0.4985 -0.8669 0.0000
vn 0.4985 0.8669 -0.0000
vn 0.4445 -0.8957 0.0110
vn 0.6534 0.0096 0.7570
vn 0.7156 -0.0372 -0.6975
vn 0.6229 -0.0562 0.7803
vn 0.6238 -0.0000 0.7815
vn 0.5636 -0.8261 0.0000
vn 0.7150 -0.0924 -0.6930
vn 0.6463 0.0045 0.7630
vn 0.5162 -0.8565 0.0000
vn 0.5162 0.8565 0.0000
vn 0.5412 -0.8390 0.0554
vn 0.6884 -0.7251 -0.0183
vn 0.6797 0.7331 0.0226
vn 0.7731 0.0204 0.6339
vn 1.0000 0.0000 0.0001
vn 0.6950 0.2515 -0.6736
vn 0.6859 -0.7272 -0.0270
vn 0.6859 -0.7273 0.0221
vn 0.5963 0.2940 0.7470
vn 0.6237 -0.0212 0.7814
vn 0.6500 -0.7599 0.0090
vn 0.0000 -0.9999 0.0156
vn 0.0000 0.9756 -0.2197
vn 0.4477 -0.8941 0.0102
vn 1.0000 0.0020 0.0000
vn 0.6238 -0.0107 -0.7815
vn 0.6232 0.0453 -0.7807
vn 0.6144 0.1735 0.7697
vn 0.7161 0.0075 -0.6980
vn 0.7442 -0.1249 0.6562
vn 0.6769 -0.0181 -0.7359
vn 0.7497 0.0279 0.6612
vn 0.6738 0.0976 -0.7325
vn 0.5411 -0.8408 0.0182
vn 0.0000 0.2199 0.9755
vn 0.3586 0.8183 -0.4493
vn 0.3586 0.8183 0.4493
vn 0.4014 0.9159 0.0000
vn 0.6010 -0.0100 0.7992
vn 0.0000 -0.0269 -0.9996
vn 0.0000 -0.0186 -0.9998
vn 0.0000 0.0222 0.9998
vn -0.6243 0.7799 -0.0459
vn 0.0000 -0.9997 -0.0239
vn 0.0000 0.8114 -0.5846
vn 0.0000 -0.2546 0.9670
vn -0.5907 0.8058 0.0411
vn 0.0000 -0.0351 -0.9994
vn 0.0000 -0.0524 -0.9986
vn 0.0000 0.0640 -0.9979
vn 0.6239 0.0001 -0.7815
vn 0.0000 0.0932 -0.9956
vn 0.0000 0.9992 -0.0393
vn 0.0000 0.1226 0.9925
vn 0.0000 0.9992 0.0393
vn 0.0000 -0.9970 0.0778
vn -0.6010 -0.0100 -0.7992
vn 0.0000 -0.0267 0.9996
vn 0.6243 0.7799 -0.0459
vn 0.6238 0.0000 -0.7815
vn 0.5907 0.8058 0.0411
vn -0.6239 0.0001 -0.7815
vn 0.6010 -0.0100 -0.7992
vn -0.3999 0.7675 -0.5010
vn -0.6129 0.7893 0.0372
vn -0.7668 0.6380 0.0699
vn -0.7582 -0.0235 -0.6516
vn -0.6015 -0.7982 0.0330
vn -0.6274 0.7781 0.0307
vn -0.7226 -0.1213 0.6805
vn -0.7531 -0.0588 0.6553
vn -0.7351 0.6763 -0.0469
vn -0.6457 0.3889 0.6571
vn -0.7151 -0.2684 -0.6454
vn -0.7373 0.1161 -0.6655
vn -0.6683 -0.1733 0.7235
vn -0.7148 -0.1973 0.6709
vn -0.6770 0.2114 -0.7049
vn -0.6829 -0.1679 -0.7110
vn -0.6129 0.7894 -0.0337
vn -0.6625 0.7294 0.1705
vn -0.6625 0.7294 -0.1705
vn -0.5795 -0.8140 -0.0393
vn -0.5753 -0.8080 0.1276
vn -0.7540 -0.1443 0.6408
vn -0.6401 0.7625 -0.0939
vn -0.6383 -0.7696 0.0176
vn -0.6375 -0.7687 -0.0509
vn -0.7468 0.1745 -0.6418
vn -0.6251 0.7793 -0.0440
vn -0.5723 -0.8194 0.0326
vn -0.5632 -0.8260 -0.0230
vn -0.6249 0.7790 0.0511
vn -0.7636 -0.1649 -0.6242
vn -0.7505 0.2454 -0.6135
vn -0.4893 0.8508 0.1916
vn -0.6106 -0.7673 -0.1960
vn -0.6963 0.7161 0.0487
vn 0.5610 0.7776 -0.2839
vn -0.6780 0.7310 -0.0775
vn -0.7240 -0.1005 0.6824
vn -0.7300 -0.2944 0.6168
vn -0.7286 -0.0826 -0.6800
vn -0.7560 0.1431 0.6387
vn -0.7274 0.1008 -0.6788
vn -0.6091 0.7885 -0.0849
vn -0.6563 -0.7383 0.1558
vn -0.6791 -0.7189 -0.1481
vn -0.5943 0.7693 0.2345
vn -0.7368 0.2829 -0.6141
vn -0.7422 -0.1876 -0.6434
vn -0.7202 0.1453 0.6783
vn -0.8193 -0.5728 0.0249
vn -0.4893 0.8508 -0.1916
vn -0.6992 -0.2556 -0.6677
vn -0.6992 0.2556 -0.6677
vn -0.7743 0.0363 0.6318
vn -0.7464 0.0574 0.6630
vn -0.7547 0.1697 -0.6338
vn -0.7215 0.0238 0.6920
vn -0.7643 -0.0627 -0.6419
vn -0.7169 -0.1146 0.6876
vn -0.7532 0.0556 0.6554
vn -0.6430 0.7586 -0.1050
vn -0.7317 -0.0617 0.6789
vn -0.7319 0.0558 0.6791
vn -0.6438 0.7595 0.0929
vn -0.7226 -0.1213 -0.6805
vn -0.7367 0.2829 0.6141
vn -0.7422 -0.1876 0.6434
vn -0.7202 0.1453 -0.6783
vn 0.3999 0.7675 -0.5010
vn 0.6129 0.7893 0.0372
vn 0.7668 0.6380 0.0699
vn 0.7582 -0.0235 -0.6516
vn 0.6015 -0.7982 0.0330
vn 0.6274 0.7781 0.0307
vn 0.7226 -0.1213 0.6805
vn 0.7531 -0.0588 0.6553
vn 0.7351 0.6763 -0.0469
vn 0.6457 0.3889 0.6571
vn 0.7151 -0.2684 -0.6454
vn 0.7373 0.1161 -0.6655
vn 0.6683 -0.1733 0.7235
vn 0.7148 -0.1973 0.6709
vn 0.6770 0.2114 -0.7049
vn 0.6828 -0.1679 -0.7110
vn 0.6129 0.7894 -0.0337
vn 0.6625 0.7294 0.1705
vn 0.6625 0.7294 -0.1705
vn 0.5796 -0.8140 -0.0393
vn 0.5753 -0.8080 0.1276
vn 0.7540 -0.1443 0.6408
vn 0.6401 0.7625 -0.0939
vn 0.6383 -0.7696 0.0176
vn 0.6375 -0.7687 -0.0509
vn 0.7468 0.1745 -0.6418
vn 0.6251 0.7793 -0.0440
vn 0.5723 -0.8194 0.0326
vn 0.5632 -0.8260 -0.0230
vn 0.6249 0.7790 0.0511
vn 0.7636 -0.1649 -0.6242
vn 0.7505 0.2454 -0.6135
vn 0.4893 0.8508 0.1916
vn 0.6106 -0.7673 -0.1960
vn 0.6963 0.7161 0.0487
vn -0.5610 0.7776 -0.2839
vn 0.6780 0.7310 -0.0775
vn 0.7240 -0.1005 0.6824
vn 0.7300 -0.2944 0.6168
vn 0.7286 -0.0826 -0.6800
vn 0.7560 0.1431 0.6387
vn 0.7274 0.1008 -0.6788
vn 0.6091 0.7885 -0.0849
vn 0.6563 -0.7383 0.1558
vn 0.6791 -0.7189 -0.1481
vn 0.5943 0.7693 0.2345
vn 0.7368 0.2829 -0.6141
vn 0.7422 -0.1876 -0.6434
vn 0.7202 0.1453 0.6783
vn 0.8193 -0.5728 0.0249
vn 0.4893 0.8508 -0.1916
vn 0.6992 -0.2556 -0.6677
vn 0.6992 0.2556 -0.6677
vn 0.7743 0.0363 0.6318
vn 0.7464 0.0574 0.6630
vn 0.7547 0.1697 -0.6338
vn 0.7215 0.0238 0.6920
vn 0.7643 -0.0627 -0.6419
vn 0.7169 -0.1146 0.6876
vn 0.7532 0.0556 0.6554
vn 0.6430 0.7586 -0.1050
vn 0.7317 -0.0617 0.6789
vn 0.7319 0.0558 0.6791
vn 0.6438 0.7595 0.0929
vn 0.7226 -0.1213 -0.6805
vn 0.7367 0.2829 0.6141
vn 0.7422 -0.1876 0.6434
vn 0.7202 0.1453 -0.6783
usemtl Wall_Dark.008
s 1
f 3489//1523 3490//1523 3491//1523 3492//1523
f 3493//1524 3494//1524 3495//1524 3496//1524
f 3490//1525 3489//1525 3497//1525 3498//1525 3499//1525 3500//1525
f 3501//1526 3502//1526 3503//1526 3504//1526
f 3505//1527 3506//1527 3507//1527 3508//1527
f 3509//1528 3510//1528 3511//1528 3512//1528
f 3513//1526 3514//1526 3515//1526 3516//1526
f 3517//1529 3518//1529 3519//1526 3520//1526
f 3521//1530 3522//1530 3523//1530 3524//1530
f 3525//1531 3526//1531 3527//1532 3528//1532
f 3529//1533 3530//1533 3531//1533 3532//1533
f 3533//1534 3534//1534 3535//1534 3536//1534
f 3537//1535 3538//1535 3539//1535 3540//1535 3541//1535 3542//1535 3543//1535 3544//1535 3545//1535 3546//1535
f 3547//1530 3548//1530 3549//1530 3550//1530
f 3551//1536 3552//1536 3553//1536 3554//1536
f 3555//1525 3556//1525 3557//1525 3558//1525 3559//1525 3560//1525 3561//1525
f 3562//1537 3563//1537 3564//1537 3565//1537
f 3566//1538 3567//1538 3568//1538 3569//1538
f 3570//1530 3571//1530 3572//1530 3573//1530
f 3574//1532 3575//1532 3576//1532 3577//1532
f 3578//1539 3579//1539 3580//1539 3581//1539
f 3582//1540 3583//1540 3584//1541 3585//1541
f 3586//1542 3587//1542 3588//1542 3589//1542
f 3590//1543 3591//1543 3592//1526 3593//1526
f 3594//1544 3595//1544 3596//1544 3597//1544
f 3598//1523 3599//1523 3600//1523 3601//1523
f 3602//1532 3603//1532 3604//1532 3605//1532
f 3606//1545 3524//1545 3523//1545 3607//1545
f 3608//1525 3609//1525 3610//1525 3611//1525 3612//1525 3613//1525 3614//1525 3615//1525 3616//1525 3617//1525
f 3618//1526 3619//1526 3620//1526 3621//1526
f 3622//1526 3623//1526 3624//1526 3625//1526
f 3626//1530 3627//1530 3628//1530 3629//1530
f 3498//1546 3630//1546 3631//1546
f 3632//1547 3633//1547 3497//1547
f 3634//1548 3635//1549 3636//1550
f 3637//1551 3638//1552 3639//1553
f 3496//1554 3640//1555 3641//1556
f 3642//1557 3643//1558 3504//1559
f 3492//1560 3644//1560 3489//1560
f 3508//1560 3645//1560 3646//1560
f 3647//1561 3648//1561 3512//1561
f 3649//1547 3650//1547 3651//1547
f 3652//1560 3653//1560 3654//1560
f 3607//1546 3523//1546 3655//1546
f 3522//1562 3656//1562 3657//1562
f 3658//1562 3659//1562 3660//1562
f 3528//1547 3661//1547 3662//1547
f 3663//1546 3664//1546 3532//1546
f 3545//1560 3665//1560 3666//1560
f 3667//1562 3668//1562 3544//1562
f 3547//1546 3561//1546 3669//1546
f 3558//1547 3536//1547 3535//1547
f 3550//1562 3670//1562 3555//1562
f 3671//1560 3557//1560 3554//1560
f 3672//1547 3673//1547 3539//1547
f 3674//1546 3675//1546 3540//1546
f 3676//1547 3677//1547 3678//1547
f 3565//1546 3679//1546 3680//1546
f 3681//1562 3682//1562 3573//1562
f 3683//1562 3684//1562 3685//1562
f 3520//1546 3686//1546 3687//1546
f 3688//1560 3576//1560 3689//1560
f 3575//1547 3690//1547 3691//1547
f 3692//1546 3593//1546 3693//1546
f 3694//1563 3582//1563 3695//1563
f 3598//1564 3601//1564 3696//1564
f 3616//1560 3697//1560 3698//1560
f 3699//1562 3700//1562 3615//1562
f 3605//1547 3620//1547 3610//1547
f 3619//1546 3701//1546 3611//1546
f 3702//1547 3703//1547 3704//1547
f 3705//1560 3706//1560 3707//1560
f 3625//1546 3628//1546 3708//1546
f 3627//1562 3709//1562 3710//1562
f 3711//1527 3492//1527 3491//1527 3712//1527
f 3633//1526 3713//1526 3714//1526 3630//1526
f 3492//1565 3711//1565 3715//1565 3644//1565
f 3630//1545 3714//1545 3716//1545 3631//1545
f 3498//1566 3497//1566 3633//1566 3630//1566
f 3717//1527 3718//1527 3639//1527 3719//1527
f 3720//1567 3637//1567 3639//1567 3718//1567
f 3495//1568 3721//1569 3640//1555 3496//1554
f 3722//1570 3641//1570 3640//1570 3723//1570
f 3493//1571 3496//1571 3641//1571 3724//1571
f 3725//1530 3726//1530 3727//1530 3728//1530
f 3729//1572 3730//1572 3727//1572 3726//1572
f 3507//1565 3731//1565 3645//1565 3508//1565
f 3732//1573 3646//1573 3645//1573 3509//1573
f 3505//1523 3508//1523 3646//1523 3733//1523
f 3653//1532 3734//1532 3735//1532 3650//1532
f 3516//1566 3607//1566 3655//1566 3736//1566
f 3522//1574 3521//1574 3737//1574 3656//1574
f 3738//1523 3652//1523 3654//1523 3739//1523
f 3649//1575 3654//1575 3653//1575 3650//1575
f 3657//1576 3655//1576 3523//1576 3522//1576
f 3589//1577 3588//1577 3660//1577 3740//1577
f 3527//1534 3741//1534 3661//1534 3528//1534
f 3742//1566 3662//1566 3661//1566 3743//1566
f 3525//1575 3528//1575 3662//1575 3744//1575
f 3745//1576 3659//1576 3658//1576 3746//1576
f 3747//1578 3672//1578 3539//1578 3538//1578
f 3675//1545 3674//1545 3748//1545 3749//1545
f 3750//1576 3667//1576 3544//1576 3543//1576
f 3545//1523 3544//1523 3668//1523 3665//1523
f 3751//1579 3752//1579 3753//1580 3754//1580
f 3559//1581 3558//1581 3535//1581 3753//1581
f 3755//1582 3669//1582 3752//1582 3751//1582
f 3556//1583 3555//1583 3670//1583 3551//1583
f 3547//1576 3550//1576 3555//1576 3561//1576
f 3671//1575 3536//1575 3558//1575 3557//1575
f 3540//1566 3539//1566 3673//1566 3674//1566
f 3756//1584 3757//1584 3758//1584 3759//1584
f 3564//1545 3760//1545 3679//1545 3565//1545
f 3761//1576 3680//1576 3679//1576 3762//1576
f 3562//1585 3565//1585 3680//1585 3763//1585
f 3764//1523 3765//1523 3766//1523 3767//1523
f 3684//1574 3768//1574 3769//1574 3685//1574
f 3770//1523 3688//1523 3689//1523 3771//1523
f 3519//1545 3772//1545 3686//1545 3520//1545
f 3517//1586 3520//1586 3687//1586 3773//1586
f 3683//1576 3687//1576 3686//1576 3684//1576
f 3691//1575 3689//1575 3576//1575 3575//1575
f 3581//1530 3580//1530 3774//1530 3699//1530
f 3775//1587 3694//1587 3695//1587 3776//1587
f 3775//1532 3777//1532 3778//1532 3694//1532
f 3593//1545 3592//1545 3779//1545 3693//1545
f 3780//1588 3781//1588 3596//1588 3595//1588
f 3782//1589 3695//1589 3582//1589 3585//1589
f 3700//1527 3783//1527 3784//1527 3697//1527
f 3602//1575 3605//1575 3610//1575 3609//1575
f 3619//1545 3618//1545 3785//1545 3701//1545
f 3581//1576 3699//1576 3615//1576 3614//1576
f 3616//1590 3615//1590 3700//1590 3697//1590
f 3611//1566 3610//1566 3620//1566 3619//1566
f 3706//1532 3786//1532 3787//1532 3703//1532
f 3622//1566 3625//1566 3708//1566 3788//1566
f 3627//1574 3626//1574 3789//1574 3709//1574
f 3790//1523 3705//1523 3707//1523 3791//1523
f 3702//1575 3707//1575 3706//1575 3703//1575
f 3710//1576 3708//1576 3628//1576 3627//1576
f 3745//1530 3792//1530 3793//1530 3659//1530
f 3794//1574 3712//1574 3491//1574 3795//1574
f 3634//1591 3796//1591 3797//1591 3635//1591
f 3798//1525 3799//1525 3637//1525 3720//1525 3800//1525 3801//1525 3635//1525 3797//1525 3724//1525 3641//1525 3722//1525 3802//1525 3803//1525 3643//1525
f 3504//1559 3503//1592 3804//1593 3642//1557
f 3805//1594 3806//1594 3807//1595 3808//1595
f 3634//1532 3809//1532 3810//1532 3796//1532
f 3642//1596 3805//1596 3798//1596 3643//1596
f 3796//1597 3493//1597 3724//1597 3797//1597
f 3642//1530 3804//1530 3806//1594 3805//1594
f 3643//1570 3803//1570 3501//1570 3504//1570
f 3635//1567 3801//1567 3567//1567 3636//1567
f 3569//1598 3568//1598 3718//1598 3717//1598
f 3640//1526 3721//1526 3811//1526 3723//1526
f 3812//1599 3813//1599 3502//1599 3501//1599
f 3648//1600 3732//1600 3509//1600 3512//1600
f 3814//1601 3729//1601 3726//1601 3815//1601
f 3816//1530 3815//1530 3726//1530 3725//1530
f 3647//1602 3817//1602 3818//1602 3648//1602
f 3732//1603 3648//1603 3818//1603 3819//1603 3730//1603 3729//1603 3814//1603 3820//1603 3733//1603 3646//1603
f 3645//1604 3731//1604 3510//1604 3509//1604
f 3817//1605 3821//1605 3822//1605 3823//1605
f 3647//1606 3824//1606 3821//1606 3817//1606
f 3825//1607 3826//1607 3506//1607 3505//1607
f 3827//1608 3828//1608 3794//1609 3795//1609
f 3631//1576 3829//1576 3499//1576 3498//1576
f 3644//1575 3632//1575 3497//1575 3489//1575
f 3829//1610 3830//1610 3828//1608 3827//1608
f 3601//1611 3831//1611 3832//1611 3696//1611
f 3833//1612 3597//1612 3596//1612 3834//1612
f 3778//1613 3583//1613 3582//1613 3694//1613
f 3692//1566 3835//1566 3590//1566 3593//1566
f 3599//1614 3780//1614 3595//1614 3600//1614
f 3836//1565 3837//1565 3838//1565 3839//1565
f 3840//1615 3600//1615 3595//1615 3594//1615
f 3841//1616 3842//1616 3591//1543 3590//1543
f 3793//1574 3740//1574 3660//1574 3659//1574
f 3843//1617 3775//1617 3776//1617 3844//1617
f 3693//1576 3845//1576 3846//1576 3692//1576
f 3831//1527 3601//1527 3600//1527 3840//1527
f 3843//1532 3847//1532 3777//1532 3775//1532
f 3693//1530 3779//1530 3848//1530 3845//1530
f 3696//1618 3843//1618 3844//1618 3598//1618
f 3695//1525 3782//1525 3849//1525 3835//1525 3692//1525 3846//1525 3850//1525 3781//1525 3780//1525 3599//1525 3598//1525 3844//1525 3776//1525
f 3696//1532 3832//1532 3847//1532 3843//1532
f 3851//1576 3745//1576 3746//1576 3852//1576
f 3532//1545 3531//1545 3853//1545 3663//1545
f 3851//1530 3854//1530 3792//1530 3745//1530
f 3839//1619 3838//1619 3855//1620 3856//1620
f 3663//1576 3851//1576 3852//1576 3664//1576
f 3663//1530 3853//1530 3854//1530 3851//1530
f 3857//1525 3744//1525 3662//1525 3742//1525 3858//1525 3664//1525 3852//1525 3746//1525 3658//1525 3859//1525 3860//1525 3861//1525
f 3858//1621 3742//1621 3743//1621 3529//1621
f 3861//1523 3860//1523 3587//1523 3836//1523
f 3837//1527 3836//1527 3587//1527 3586//1527
f 3664//1622 3858//1622 3529//1622 3532//1622
f 3709//1523 3862//1523 3863//1523 3710//1523
f 3864//1566 3622//1566 3788//1566 3865//1566
f 3624//1545 3629//1545 3628//1545 3625//1545
f 3709//1527 3789//1527 3866//1527 3862//1527
f 3864//1526 3867//1526 3623//1526 3622//1526
f 3868//1566 3864//1566 3865//1566 3869//1566
f 3868//1526 3870//1526 3867//1526 3864//1526
f 3871//1566 3868//1566 3869//1566 3872//1566
f 3862//1623 3866//1623 3873//1623 3874//1623
f 3871//1526 3875//1526 3870//1526 3868//1526
f 3666//1624 3876//1624 3546//1624 3545//1624
f 3750//1625 3877//1625 3878//1625 3879//1625
f 3675//1576 3880//1576 3541//1576 3540//1576
f 3880//1530 3675//1530 3749//1530 3881//1530
f 3882//1626 3883//1626 3757//1626 3756//1626
f 3762//1530 3884//1530 3571//1530 3570//1530
f 3677//1627 3885//1627 3883//1627 3678//1627
f 3886//1628 3682//1628 3887//1628 3767//1628 3766//1628 3888//1628 3885//1628 3677//1628 3889//1628 3763//1628 3680//1628 3761//1628
f 3681//1629 3890//1629 3887//1629 3682//1629
f 3890//1630 3764//1630 3767//1630 3887//1630
f 3676//1566 3891//1566 3889//1566 3677//1566
f 3891//1631 3562//1631 3763//1631 3889//1631
f 3892//1532 3678//1532 3883//1532 3882//1532
f 3681//1632 3893//1632 3894//1632 3890//1632
f 3890//1633 3894//1633 3895//1633 3764//1633
f 3676//1526 3896//1526 3897//1526 3891//1526
f 3557//1634 3556//1634 3551//1634 3554//1634
f 3898//1635 3517//1635 3773//1635 3899//1635
f 3685//1636 3900//1636 3901//1636 3683//1636
f 3685//1637 3769//1637 3902//1637 3900//1637
f 3690//1638 3903//1638 3904//1639 3898//1639
f 3901//1525 3771//1525 3689//1525 3691//1525 3899//1525 3773//1525 3687//1525 3683//1525
f 3900//1640 3902//1640 3905//1640 3770//1640
f 3690//1641 3898//1641 3899//1641 3691//1641
f 3900//1642 3770//1642 3771//1642 3901//1642
f 3906//1643 3907//1643 3908//1644 3790//1644
f 3575//1534 3574//1534 3903//1534 3690//1534
f 3770//1527 3905//1527 3909//1527 3688//1527
f 3604//1534 3621//1534 3620//1534 3605//1534
f 3910//1645 3911//1645 3579//1645 3578//1645
f 3912//1532 3913//1532 3914//1532 3915//1532
f 3701//1576 3910//1576 3612//1576 3611//1576
f 3701//1530 3785//1530 3911//1530 3910//1530
f 3915//1646 3914//1646 3603//1646 3602//1646
f 3698//1647 3912//1647 3617//1647 3616//1647
f 3698//1648 3916//1648 3913//1648 3912//1648
f 3754//1580 3753//1580 3535//1649 3534//1649
f 3743//1650 3917//1650 3530//1650 3529//1650
f 3918//1651 3919//1651 3920//1651 3747//1651
f 3876//1652 3921//1652 3919//1652 3918//1652
f 3874//1653 3873//1653 3922//1653 3923//1653
f 3704//1526 3924//1526 3925//1526 3926//1526
f 3926//1526 3925//1526 3927//1526 3928//1526
f 3929//1525 3930//1525 3872//1525 3869//1525 3865//1525 3788//1525 3708//1525 3710//1525 3863//1525 3931//1525 3932//1525 3933//1525 3934//1525 3791//1525 3707//1525 3702//1525
f 3704//1566 3926//1566 3929//1566 3702//1566
f 3926//1566 3928//1566 3930//1566 3929//1566
f 3928//1566 3871//1566 3872//1566 3930//1566
f 3923//1523 3935//1523 3933//1523 3932//1523
f 3928//1526 3927//1526 3875//1526 3871//1526
f 3923//1527 3922//1527 3936//1654 3935//1654
f 3935//1654 3936//1654 3907//1655 3906//1655
f 3845//1656 3848//1656 3937//1656 3938//1656
f 3723//1657 3811//1657 3813//1657 3812//1657
f 3939//1527 3636//1527 3567//1527 3566//1527
f 3796//1658 3810//1658 3494//1658 3493//1658
f 3940//1659 3719//1660 3639//1553 3638//1552
f 3636//1550 3939//1661 3809//1662 3634//1548
f 3808//1595 3807//1595 3940//1663 3638//1663
f 3941//1574 3942//1574 3668//1574 3667//1574
f 3665//1565 3943//1565 3944//1565 3666//1565
f 3667//1530 3750//1530 3879//1530 3941//1530
f 3697//1565 3784//1565 3916//1565 3698//1565
f 3774//1574 3783//1574 3700//1574 3699//1574
f 3549//1574 3945//1574 3670//1574 3550//1574
f 3909//1565 3577//1565 3576//1565 3688//1565
f 3946//1565 3786//1565 3706//1565 3705//1565
f 3703//1534 3787//1534 3924//1534 3704//1534
f 3790//1644 3908//1644 3946//1527 3705//1527
f 3947//1565 3734//1565 3653//1565 3652//1565
f 3650//1534 3735//1534 3948//1534 3651//1534
f 3656//1527 3737//1527 3949//1527 3950//1527
f 3951//1534 3713//1534 3633//1534 3632//1534
f 3644//1532 3715//1532 3951//1532 3632//1532
f 3952//1664 3953//1664 3826//1664 3825//1664
f 3512//1534 3511//1534 3824//1534 3647//1534
f 3954//1545 3728//1545 3727//1545 3955//1545
f 3815//1574 3816//1574 3953//1574 3952//1574
f 3823//1526 3822//1526 3954//1526 3955//1526
f 3585//1541 3584//1541 3842//1616 3841//1616
f 3856//1620 3855//1620 3526//1531 3525//1531
f 3938//1665 3937//1665 3833//1665 3834//1665
f 3661//1526 3741//1526 3917//1526 3743//1526
f 3679//1530 3760//1530 3884//1530 3762//1530
f 3738//1527 3956//1527 3947//1527 3652//1527
f 3573//1574 3572//1574 3893//1574 3681//1574
f 3669//1545 3755//1545 3548//1545 3547//1545
f 3957//1565 3759//1565 3758//1565 3765//1565
f 3678//1534 3892//1534 3896//1534 3676//1534
f 3554//1565 3553//1565 3958//1565 3671//1565
f 3764//1527 3895//1527 3957//1527 3765//1527
f 3670//1666 3945//1666 3552//1666 3551//1666
f 3671//1532 3958//1532 3533//1532 3536//1532
f 3959//1525 3736//1525 3655//1525 3657//1525 3960//1525 3739//1525 3654//1525 3649//1525
f 3516//1526 3515//1526 3606//1526 3607//1526
f 3631//1530 3716//1530 3830//1610 3829//1610
f 3651//1526 3948//1526 3514//1526 3513//1526
f 3950//1527 3949//1527 3956//1527 3738//1527
f 3961//1526 3962//1526 3963//1667 3964//1667
f 3686//1530 3772//1530 3768//1530 3684//1530
f 3965//1525 3966//1525 3967//1525 3968//1525 3969//1525 3970//1525 3971//1525 3972//1525
f 3970//1547 3973//1547 3961//1547
f 3974//1560 3975//1560 3969//1560
f 3976//1562 3977//1562 3968//1562
f 3978//1530 3976//1530 3979//1530 3980//1530
f 3975//1532 3981//1532 3982//1532 3973//1532
f 3976//1574 3978//1574 3983//1574 3977//1574
f 3973//1534 3982//1534 3962//1534 3961//1534
f 3970//1575 3969//1575 3975//1575 3973//1575
f 3984//1545 3985//1545 3986//1545 3987//1545
f 3988//1668 3989//1668 3984//1669 3987//1669
f 3961//1566 3964//1566 3971//1566 3970//1566
f 3977//1523 3974//1523 3969//1523 3968//1523
f 3964//1667 3963//1667 3989//1668 3988//1668
f 3990//1565 3981//1565 3975//1565 3974//1565
f 3977//1527 3983//1527 3990//1527 3974//1527
f 3980//1530 3979//1530 3991//1530 3992//1530
f 3993//1670 3994//1670 3995//1671 3996//1671
f 3968//1576 3967//1576 3979//1576 3976//1576
f 3992//1530 3991//1530 3986//1530 3985//1530
f 3997//1672 3998//1672 3994//1670 3993//1670
f 3999//1673 4000//1673 4001//1673 4002//1673
f 4003//1530 4004//1530 4005//1530 4006//1530
f 4007//1560 4008//1560 4009//1560
f 4010//1547 4011//1547 4012//1547
f 3999//1674 4013//1674 4005//1674
f 4006//1675 4014//1675 3996//1675
f 4010//1526 4015//1526 4016//1526 4017//1526
f 4009//1532 4018//1532 4019//1532 4012//1532
f 3996//1676 3995//1676 4003//1676 4006//1676
f 4017//1566 4020//1566 4011//1566 4010//1566
f 4007//1575 4009//1575 4012//1575 4011//1575
f 4014//1677 4006//1677 4005//1677 4013//1677
f 4008//1523 4007//1523 4021//1523 4022//1523
f 4000//1678 3999//1678 4005//1678 4004//1678
f 4017//1679 4016//1679 3998//1679 3997//1679
f 4021//1525 4007//1525 4011//1525 4020//1525 4023//1525 4024//1525 4014//1525 4013//1525 4025//1525
f 4022//1527 4026//1527 4027//1527 4008//1527
f 4008//1565 4027//1565 4018//1565 4009//1565
f 4015//1534 4010//1534 4012//1534 4019//1534
f 3996//1680 4014//1680 4024//1680 3993//1680
f 4002//1681 4001//1681 4026//1681 4022//1681
f 4028//1682 3711//1682 3712//1682 4029//1682
f 4029//1683 4030//1683 4031//1683 4032//1683 4033//1683 4028//1683
f 3747//1532 3920//1532 4034//1532 3672//1532
f 4035//1684 4036//1684 4037//1684 4038//1684 4039//1684 4040//1684 4041//1684 4042//1684 4043//1684 4044//1684
f 4045//1683 4046//1683 4047//1683 4048//1683 4049//1683 4050//1683 4051//1683
f 3748//1526 3674//1526 3673//1526 4052//1526
f 4053//1682 3831//1682 3840//1682 4054//1682
f 4055//1683 4056//1683 4057//1683 4058//1683 4059//1683 4060//1683 4061//1683 4062//1683 4063//1683 4064//1683
f 4032//1685 3716//1685 3714//1685
f 3951//1686 4033//1686 3713//1686
f 3809//1662 3939//1661 4065//1687
f 4066//1688 3719//1660 3940//1659
f 3495//1568 4067//1689 3721//1569
f 3804//1593 3503//1592 4068//1690
f 3711//1691 4028//1691 3715//1691
f 3507//1691 4069//1691 3731//1691
f 3824//1692 3511//1692 4070//1692
f 4071//1686 3948//1686 3735//1686
f 3947//1691 4072//1691 3734//1691
f 3606//1685 4073//1685 3524//1685
f 3521//1693 4074//1693 3737//1693
f 4075//1693 3740//1693 3793//1693
f 3527//1686 4076//1686 3741//1686
f 3853//1685 3531//1685 4077//1685
f 4037//1691 3944//1691 3943//1691
f 3941//1693 4038//1693 3942//1693
f 3548//1685 3755//1685 4046//1685
f 4049//1686 3534//1686 3533//1686
f 3549//1693 4045//1693 3945//1693
f 3958//1691 3553//1691 4050//1691
f 4034//1686 4043//1686 4052//1686
f 3748//1685 4042//1685 3749//1685
f 3896//1686 3892//1686 4078//1686
f 3564//1685 4079//1685 3760//1685
f 3893//1693 3572//1693 4080//1693
f 4081//1693 3769//1693 3768//1693
f 3519//1685 4082//1685 3772//1685
f 3909//1691 4083//1691 3577//1691
f 3574//1686 4084//1686 3903//1686
f 4085//1685 3779//1685 3592//1685
f 3778//1694 4086//1694 3583//1694
f 4053//1695 3832//1695 3831//1695
f 4057//1691 3916//1691 3784//1691
f 3774//1693 4058//1693 3783//1693
f 3604//1686 4063//1686 3621//1686
f 3618//1685 4062//1685 3785//1685
f 4087//1686 3924//1686 3787//1686
f 3946//1691 4088//1691 3786//1691
f 3624//1685 4089//1685 3629//1685
f 3626//1693 4090//1693 3789//1693
f 4032//1696 3714//1696 3713//1696 4033//1696
f 4091//1697 3717//1697 3719//1697 4066//1697
f 4092//1698 3811//1698 3721//1698 4067//1698
f 3494//1699 4093//1699 4067//1699 3495//1699
f 4094//1700 3725//1700 3728//1700 4095//1700
f 4096//1701 3510//1701 3731//1701 4069//1701
f 3506//1682 4097//1682 4069//1682 3507//1682
f 3515//1696 4098//1696 4073//1696 3606//1696
f 3956//1682 4099//1682 4072//1682 3947//1682
f 4071//1702 3735//1702 3734//1702 4072//1702
f 4074//1703 3521//1703 3524//1703 4073//1703
f 4100//1696 3917//1696 3741//1696 4076//1696
f 3526//1702 4101//1702 4076//1702 3527//1702
f 3792//1703 4102//1703 4075//1703 3793//1703
f 3665//1527 3668//1527 3942//1527 3943//1527
f 3920//1704 4044//1704 4043//1704 4034//1704
f 3879//1703 4039//1703 4038//1703 3941//1703
f 4037//1682 3943//1682 3942//1682 4038//1682
f 4048//1705 3754//1705 3534//1705 4049//1705
f 4051//1706 3552//1706 3945//1706 4045//1706
f 3548//1703 4046//1703 4045//1703 3549//1703
f 3958//1702 4050//1702 4049//1702 3533//1702
f 4042//1696 3748//1696 4052//1696 4043//1696
f 3898//1639 3904//1639 3518//1529 3517//1529
f 4103//1703 3884//1703 3760//1703 4079//1703
f 3563//1707 4104//1707 4079//1707 3564//1707
f 3895//1682 4105//1682 4106//1682 3957//1682
f 3905//1682 4107//1682 4083//1682 3909//1682
f 3518//1708 4108//1708 4082//1708 3519//1708
f 4081//1703 3768//1703 3772//1703 4082//1703
f 4084//1702 3574//1702 3577//1702 4083//1702
f 3777//1709 4109//1709 4086//1709 3778//1709
f 4110//1710 3594//1710 3597//1710 4111//1710
f 4112//1711 3584//1711 3583//1711 4086//1711
f 3603//1702 4064//1702 4063//1702 3604//1702
f 3580//1703 4059//1703 4058//1703 3774//1703
f 4057//1682 3784//1682 3783//1682 4058//1682
f 4062//1696 3618//1696 3621//1696 4063//1696
f 3623//1696 4113//1696 4089//1696 3624//1696
f 3908//1682 4114//1682 4088//1682 3946//1682
f 4087//1702 3787//1702 3786//1702 4088//1702
f 4090//1703 3626//1703 3629//1703 4089//1703
f 3809//1712 4065//1712 4115//1712 3810//1712
f 4116//1683 4068//1683 4117//1683 4118//1683 4092//1683 4067//1683 4093//1683 4115//1683 4065//1683 4119//1683 4120//1683 4091//1683 4066//1683 4121//1683
f 3804//1713 4068//1713 4116//1713 3806//1713
f 3810//1714 4115//1714 4093//1714 3494//1714
f 4068//1698 3503//1698 3502//1698 4117//1698
f 4065//1697 3939//1697 3566//1697 4119//1697
f 4070//1715 3511//1715 3510//1715 4096//1715
f 4122//1716 3816//1716 3725//1716 4094//1716
f 3824//1717 4070//1717 4123//1717 3821//1717
f 4096//1718 4069//1718 4097//1718 4124//1718 4122//1718 4094//1718 4095//1718 4125//1718 4123//1718 4070//1718
f 3716//1703 4032//1703 4031//1703 3830//1703
f 3715//1702 4028//1702 4033//1702 3951//1702
f 4085//1696 3592//1696 3591//1696 4126//1696
f 4054//1719 3840//1719 3594//1719 4110//1719
f 3847//1720 4127//1720 4109//1720 3777//1720
f 3779//1703 4085//1703 4128//1703 3848//1703
f 3832//1721 4053//1721 4127//1721 3847//1721
f 4086//1683 4109//1683 4127//1683 4053//1683 4054//1683 4110//1683 4111//1683 4129//1683 4128//1683 4085//1683 4126//1683 4130//1683 4112//1683
f 3854//1703 4131//1703 4102//1703 3792//1703
f 3853//1703 4077//1703 4131//1703 3854//1703
f 4132//1683 4133//1683 4134//1683 4135//1683 4075//1683 4102//1683 4131//1683 4077//1683 4136//1683 4100//1683 4076//1683 4101//1683
f 4136//1722 3530//1722 3917//1722 4100//1722
f 4133//1682 3837//1682 3586//1682 4134//1682
f 4077//1723 3531//1723 3530//1723 4136//1723
f 3789//1682 4090//1682 4137//1682 3866//1682
f 3867//1696 4138//1696 4113//1696 3623//1696
f 3870//1696 4139//1696 4138//1696 3867//1696
f 3875//1696 4140//1696 4139//1696 3870//1696
f 3944//1724 4037//1724 4036//1724 3921//1724
f 4034//1534 4052//1534 3673//1534 3672//1534
f 3666//1725 3944//1725 3921//1725 3876//1725
f 3749//1703 4042//1703 4041//1703 3881//1703
f 3880//1726 3881//1726 3878//1726 3877//1726
f 4078//1727 3892//1727 3882//1727 4141//1727
f 4142//1728 4103//1728 4079//1728 4104//1728 4143//1728 4078//1728 4141//1728 4144//1728 4106//1728 4105//1728 4145//1728 4080//1728
f 3893//1729 4080//1729 4145//1729 3894//1729
f 3894//1730 4145//1730 4105//1730 3895//1730
f 3896//1696 4078//1696 4143//1696 3897//1696
f 3897//1731 4143//1731 4104//1731 3563//1731
f 4050//1732 3553//1732 3552//1732 4051//1732
f 3904//1733 4146//1733 4108//1733 3518//1733
f 3769//1734 4081//1734 4147//1734 3902//1734
f 4147//1683 4081//1683 4082//1683 4108//1683 4146//1683 4084//1683 4083//1683 4107//1683
f 3903//1735 4084//1735 4146//1735 3904//1735
f 3902//1736 4147//1736 4107//1736 3905//1736
f 3785//1703 4062//1703 4061//1703 3911//1703
f 3916//1737 4057//1737 4056//1737 3913//1737
f 4148//1683 4087//1683 4088//1683 4114//1683 4149//1683 4150//1683 4151//1683 4152//1683 4137//1683 4090//1683 4089//1683 4113//1683 4138//1683 4139//1683 4140//1683 4153//1683
f 3924//1696 4087//1696 4148//1696 3925//1696
f 3925//1696 4148//1696 4153//1696 3927//1696
f 3927//1696 4153//1696 4140//1696 3875//1696
f 3922//1682 4151//1682 4150//1682 3936//1682
f 3891//1738 3897//1738 3563//1738 3562//1738
f 4154//1683 4071//1683 4072//1683 4099//1683 4155//1683 4074//1683 4073//1683 4098//1683
f 4156//1683 4157//1683 4158//1683 4159//1683 4160//1683 4161//1683 4162//1683 4163//1683
f 4159//1686 3962//1686 3982//1686
f 3990//1691 4160//1691 3981//1691
f 3978//1693 4161//1693 3983//1693
f 4159//1702 3982//1702 3981//1702 4160//1702
f 3962//1696 4159//1696 4158//1696 3963//1696
f 3983//1682 4161//1682 4160//1682 3990//1682
f 4161//1703 3978//1703 3980//1703 4162//1703
f 4164//1691 4018//1691 4027//1691
f 4015//1686 4019//1686 4165//1686
f 4000//1739 4004//1739 4166//1739
f 4003//1740 3995//1740 4167//1740
f 4016//1696 4015//1696 4165//1696 4168//1696
f 4164//1702 4165//1702 4019//1702 4018//1702
f 4167//1741 4166//1741 4004//1741 4003//1741
f 4027//1682 4026//1682 4169//1682 4164//1682
f 4169//1683 4170//1683 4166//1683 4167//1683 4171//1683 4172//1683 4168//1683 4165//1683 4164//1683
f 3995//1742 3994//1742 4171//1742 4167//1742
usemtl Wall_Medium.008
f 4173//1530 4174//1530 4175//1530 4176//1530
f 4177//1526 4178//1526 4179//1526 4180//1526
f 4181//1526 4182//1526 4183//1526 4184//1526
f 4185//1530 4186//1530 4187//1530 4188//1530
f 4189//1530 4190//1530 4191//1530 4192//1530
f 4193//1743 4194//1743 4195//1744 4196//1744
f 4197//1526 4198//1526 4199//1526 4200//1526
f 4201//1527 4202//1527 4203//1527 4204//1527
f 4205//1532 4206//1532 4207//1532 4208//1532
f 4209//1526 4210//1526 4211//1526 4212//1526
f 4213//1745 4214//1745 4215//1745 4216//1745
f 4217//1526 4218//1526 4178//1526 4177//1526
f 4219//1530 4220//1530 4221//1530 4222//1530
f 4223//1526 4224//1526 4218//1526 4217//1526
f 4225//1530 4226//1530 4227//1530 4228//1530
f 4229//1547 4230//1547 4181//1547
f 4231//1560 4232//1560 4233//1560
f 4184//1546 4191//1546 4234//1546
f 4174//1562 4235//1562 4236//1562
f 4237//1562 4188//1562 4238//1562
f 4200//1546 4185//1546 4239//1546
f 4204//1560 4207//1560 4240//1560
f 4206//1547 4241//1547 4242//1547
f 4243//1547 4244//1547 4209//1547
f 4245//1560 4246//1560 4247//1560
f 4216//1675 4221//1675 4248//1675
f 4220//1674 4249//1674 4250//1674
f 4251//1547 4252//1547 4223//1547
f 4253//1560 4254//1560 4255//1560
f 4180//1546 4227//1546 4256//1546
f 4257//1562 4258//1562 4259//1562
f 4260//1532 4261//1532 4262//1532 4230//1532
f 4181//1566 4184//1566 4234//1566 4229//1566
f 4174//1574 4173//1574 4263//1574 4235//1574
f 4235//1523 4231//1523 4233//1523 4236//1523
f 4264//1575 4233//1575 4232//1575 4265//1575
f 4266//1746 4234//1746 4191//1746 4190//1746
f 4188//1574 4187//1574 4267//1574 4238//1574
f 4201//1590 4204//1590 4240//1590 4268//1590
f 4199//1545 4186//1545 4185//1545 4200//1545
f 4197//1566 4200//1566 4239//1566 4269//1566
f 4237//1576 4239//1576 4185//1576 4188//1576
f 4242//1575 4240//1575 4207//1575 4206//1575
f 4270//1527 4271//1527 4272//1527 4245//1527
f 4246//1532 4273//1532 4274//1532 4244//1532
f 4220//1678 4219//1678 4275//1678 4249//1678
f 4270//1590 4245//1590 4247//1590 4276//1590
f 4243//1575 4247//1575 4246//1575 4244//1575
f 4250//1677 4248//1677 4221//1677 4220//1677
f 4277//1747 4278//1747 4279//1747 4252//1747
f 4257//1748 4280//1748 4281//1748 4258//1748
f 4258//1523 4253//1523 4255//1523 4259//1523
f 4179//1545 4228//1545 4227//1545 4180//1545
f 4282//1576 4256//1576 4227//1576 4226//1576
f 4259//1576 4283//1576 4284//1576 4257//1576
f 4254//1532 4285//1532 4286//1532 4287//1532
f 4255//1525 4288//1525 4289//1525 4251//1525 4290//1525 4291//1525 4256//1525 4282//1525 4292//1525 4283//1525 4259//1525
f 4293//1749 4294//1749 4198//1749 4197//1749
f 4295//1750 4266//1750 4190//1750 4296//1750
f 4176//1530 4175//1530 4296//1530 4297//1530
f 4264//1525 4298//1525 4229//1525 4234//1525 4266//1525 4295//1525 4299//1525 4236//1525 4233//1525
f 4297//1530 4296//1530 4190//1530 4189//1530
f 4249//1751 4275//1751 4194//1743 4193//1743
f 4238//1752 4267//1752 4300//1752 4301//1752
f 4301//1753 4300//1753 4302//1753 4303//1753
f 4241//1527 4304//1527 4305//1527 4306//1527
f 4241//1754 4306//1754 4307//1754 4242//1754
f 4303//1527 4302//1527 4202//1527 4201//1527
f 4308//1525 4309//1525 4268//1525 4240//1525 4242//1525 4307//1525 4310//1525 4269//1525 4239//1525 4237//1525
f 4303//1590 4201//1590 4268//1590 4309//1590
f 4209//1566 4212//1566 4311//1566 4243//1566
f 4215//1676 4222//1676 4221//1676 4216//1676
f 4196//1755 4195//1755 4271//1755 4270//1755
f 4311//1525 4312//1525 4248//1525 4250//1525 4313//1525 4314//1525 4276//1525 4247//1525 4243//1525
f 4203//1565 4208//1565 4207//1565 4204//1565
f 4315//1756 4316//1756 4226//1756 4225//1756
f 4244//1534 4274//1534 4210//1534 4209//1534
f 4272//1565 4273//1565 4246//1565 4245//1565
f 4306//1757 4305//1757 4294//1757 4293//1757
f 4232//1532 4317//1532 4318//1532 4265//1532
f 4265//1532 4318//1532 4261//1532 4260//1532
f 4183//1545 4192//1545 4191//1545 4184//1545
f 4319//1565 4317//1565 4232//1565 4231//1565
f 4230//1534 4262//1534 4182//1534 4181//1534
f 4235//1527 4263//1527 4319//1527 4231//1527
f 4320//1758 4284//1758 4316//1758 4315//1758
f 4280//1530 4257//1530 4284//1530 4320//1530
f 4287//1759 4286//1759 4278//1759 4277//1759
f 4321//1565 4285//1565 4254//1565 4253//1565
f 4252//1534 4279//1534 4224//1534 4223//1534
f 4258//1527 4281//1527 4321//1527 4253//1527
f 4249//1760 4193//1760 4313//1760 4250//1760
f 4212//1761 4211//1761 4214//1761 4213//1761
f 4288//1575 4255//1575 4254//1575 4287//1575
f 4223//1586 4217//1586 4290//1586 4251//1586
f 4322//1686 4182//1686 4262//1686
f 4319//1691 4323//1691 4317//1691
f 4183//1685 4324//1685 4192//1685
f 4173//1693 4325//1693 4263//1693
f 4326//1693 4267//1693 4187//1693
f 4199//1685 4327//1685 4186//1685
f 4203//1691 4328//1691 4208//1691
f 4205//1686 4329//1686 4304//1686
f 4330//1686 4210//1686 4274//1686
f 4272//1691 4331//1691 4273//1691
f 4215//1740 4332//1740 4222//1740
f 4219//1739 4333//1739 4275//1739
f 4334//1686 4224//1686 4279//1686
f 4321//1691 4335//1691 4285//1691
f 4179//1685 4336//1685 4228//1685
f 4280//1693 4337//1693 4281//1693
f 4182//1696 4322//1696 4324//1696 4183//1696
f 4263//1682 4325//1682 4323//1682 4319//1682
f 4338//1702 4318//1702 4317//1702 4323//1702
f 4339//1762 4189//1762 4192//1762 4324//1762
f 4202//1763 4340//1763 4328//1763 4203//1763
f 4198//1708 4341//1708 4327//1708 4199//1708
f 4326//1703 4187//1703 4186//1703 4327//1703
f 4329//1702 4205//1702 4208//1702 4328//1702
f 4271//1763 4342//1763 4331//1763 4272//1763
f 4330//1702 4274//1702 4273//1702 4331//1702
f 4333//1741 4219//1741 4222//1741 4332//1741
f 4281//1682 4337//1682 4335//1682 4321//1682
f 4343//1703 4225//1703 4228//1703 4336//1703
f 4337//1703 4280//1703 4320//1703 4344//1703
f 4335//1683 4337//1683 4344//1683 4345//1683 4343//1683 4336//1683 4346//1683 4347//1683 4334//1683 4348//1683 4349//1683
f 4350//1764 4297//1764 4189//1764 4339//1764
f 4338//1683 4323//1683 4325//1683 4351//1683 4350//1683 4339//1683 4324//1683 4322//1683 4352//1683
f 4304//1765 4329//1765 4353//1765 4305//1765
f 4354//1683 4326//1683 4327//1683 4341//1683 4355//1683 4353//1683 4329//1683 4328//1683 4340//1683 4356//1683
f 4302//1763 4356//1763 4340//1763 4202//1763
f 4210//1696 4330//1696 4357//1696 4211//1696
f 4357//1683 4330//1683 4331//1683 4342//1683 4358//1683 4359//1683 4333//1683 4332//1683 4360//1683
f 4275//1766 4333//1766 4359//1766 4194//1766
f 4349//1702 4286//1702 4285//1702 4335//1702
f 4224//1708 4334//1708 4347//1708 4218//1708
f 4206//1534 4205//1534 4304//1534 4241//1534
usemtl Wall_Highlights.008
f 3795//1562 3491//1562 3490//1562
f 3952//1562 3814//1562 3815//1562
f 3730//1546 3955//1546 3727//1546
f 3839//1560 3861//1560 3836//1560
f 3766//1560 3765//1560 3758//1560
f 3834//1767 3596//1767 3781//1767
f 3827//1768 3795//1768 3490//1768 3500//1768
f 3808//1769 3638//1769 3637//1769 3799//1769
f 3823//1586 3955//1586 3730//1586 3819//1586
f 3859//1770 3658//1770 3660//1770 3588//1770
f 3888//1771 3766//1771 3758//1771 3757//1771
f 3938//1772 3834//1772 3781//1772 3850//1772
f 4213//1773 4216//1773 4248//1773 4312//1773
f 4177//1774 4180//1774 4256//1774 4291//1774
f 3805//1775 3808//1775 3799//1775 3798//1775
f 3802//1776 3722//1776 3723//1776 3812//1776
f 3800//1777 3720//1777 3718//1777 3568//1777
f 3801//1778 3800//1778 3568//1778 3567//1778
f 3803//1779 3802//1779 3812//1779 3501//1779
f 3817//1780 3823//1780 3819//1780 3818//1780
f 3825//1781 3505//1781 3733//1781 3820//1781
f 3952//1782 3825//1782 3820//1782 3814//1782
f 3829//1783 3827//1783 3500//1783 3499//1783
f 4283//1784 4292//1784 4316//1784 4284//1784
f 4292//1785 4282//1785 4226//1785 4316//1785
f 4251//1786 4289//1786 4277//1786 4252//1786
f 4289//1787 4288//1787 4287//1787 4277//1787
f 3835//1788 3849//1788 3841//1788 3590//1788
f 3845//1789 3938//1789 3850//1789 3846//1789
f 3839//1790 3856//1790 3857//1790 3861//1790
f 3856//1791 3525//1791 3744//1791 3857//1791
f 3860//1792 3859//1792 3588//1792 3587//1792
f 4299//1793 4295//1793 4296//1793 4175//1793
f 4298//1794 4264//1794 4265//1794 4260//1794
f 4229//1795 4298//1795 4260//1795 4230//1795
f 4236//1796 4299//1796 4175//1796 4174//1796
f 3862//1797 3874//1797 3931//1797 3863//1797
f 3874//1798 3923//1798 3932//1798 3931//1798
f 3877//1799 3750//1799 3543//1799 3542//1799
f 3918//1800 3747//1800 3538//1800 3537//1800
f 3682//1801 3886//1801 3570//1801 3573//1801
f 3885//1802 3888//1802 3757//1802 3883//1802
f 3886//1803 3761//1803 3762//1803 3570//1803
f 3561//1804 3560//1804 3752//1804 3669//1804
f 4293//1805 4197//1805 4269//1805 4310//1805
f 4238//1806 4301//1806 4308//1806 4237//1806
f 4306//1807 4293//1807 4310//1807 4307//1807
f 4301//1808 4303//1808 4309//1808 4308//1808
f 3910//1809 3578//1809 3613//1809 3612//1809
f 3912//1810 3915//1810 3608//1810 3617//1810
f 3915//1811 3602//1811 3609//1811 3608//1811
f 3578//1812 3581//1812 3614//1812 3613//1812
f 4196//1813 4270//1813 4276//1813 4314//1813
f 4193//1814 4196//1814 4314//1814 4313//1814
f 4212//1815 4213//1815 4312//1815 4311//1815
f 3876//1816 3918//1816 3537//1816 3546//1816
f 3880//1817 3877//1817 3542//1817 3541//1817
f 3935//1818 3906//1818 3934//1818 3933//1818
f 3906//1819 3790//1819 3791//1819 3934//1819
f 3849//1820 3782//1820 3585//1820 3841//1820
f 3560//1821 3559//1821 3753//1821 3752//1821
f 3950//1822 3738//1822 3739//1822 3960//1822
f 3651//1823 3513//1823 3959//1823 3649//1823
f 3656//1824 3950//1824 3960//1824 3657//1824
f 3513//1825 3516//1825 3736//1825 3959//1825
f 4217//1826 4177//1826 4291//1826 4290//1826
f 3966//1827 3965//1827 3986//1827 3991//1827
f 3987//1546 3986//1546 3965//1546
f 3988//1828 3987//1828 3965//1828 3972//1828
f 3964//1829 3988//1829 3972//1829 3971//1829
f 3967//1830 3966//1830 3991//1830 3979//1830
f 4002//1831 4025//1831 4013//1831 3999//1831
f 3997//1832 4023//1832 4020//1832 4017//1832
f 3993//1833 4024//1833 4023//1833 3997//1833
f 4022//1834 4021//1834 4025//1834 4002//1834
f 3794//1693 4029//1693 3712//1693
f 3953//1693 3816//1693 4122//1693
f 4095//1685 3728//1685 3954//1685
f 3838//1691 3837//1691 4133//1691
f 4106//1691 3759//1691 3957//1691
f 3833//1835 4111//1835 3597//1835
f 3828//1836 4030//1836 4029//1836 3794//1836
f 3807//1837 4121//1837 4066//1837 3940//1837
f 3822//1708 4125//1708 4095//1708 3954//1708
f 4135//1838 3589//1838 3740//1838 4075//1838
f 4144//1839 3756//1839 3759//1839 4106//1839
f 3937//1840 4129//1840 4111//1840 3833//1840
f 4214//1841 4360//1841 4332//1841 4215//1841
f 4178//1842 4346//1842 4336//1842 4179//1842
f 3806//1843 4116//1843 4121//1843 3807//1843
f 4118//1844 3813//1844 3811//1844 4092//1844
f 4120//1845 3569//1845 3717//1845 4091//1845
f 4119//1846 3566//1846 3569//1846 4120//1846
f 4117//1847 3502//1847 3813//1847 4118//1847
f 3821//1848 4123//1848 4125//1848 3822//1848
f 3826//1849 4124//1849 4097//1849 3506//1849
f 3953//1850 4122//1850 4124//1850 3826//1850
f 3830//1851 4031//1851 4030//1851 3828//1851
f 4344//1852 4320//1852 4315//1852 4345//1852
f 4345//1853 4315//1853 4225//1853 4343//1853
f 4334//1854 4279//1854 4278//1854 4348//1854
f 4348//1855 4278//1855 4286//1855 4349//1855
f 4126//1856 3591//1856 3842//1856 4130//1856
f 3848//1857 4128//1857 4129//1857 3937//1857
f 3838//1858 4133//1858 4132//1858 3855//1858
f 3855//1859 4132//1859 4101//1859 3526//1859
f 4134//1860 3586//1860 3589//1860 4135//1860
f 4351//1861 4176//1861 4297//1861 4350//1861
f 4352//1862 4261//1862 4318//1862 4338//1862
f 4322//1863 4262//1863 4261//1863 4352//1863
f 4325//1864 4173//1864 4176//1864 4351//1864
f 3866//1865 4137//1865 4152//1865 3873//1865
f 3873//1866 4152//1866 4151//1866 3922//1866
f 3878//1867 4040//1867 4039//1867 3879//1867
f 3919//1868 4035//1868 4044//1868 3920//1868
f 4080//1869 3572//1869 3571//1869 4142//1869
f 4141//1870 3882//1870 3756//1870 4144//1870
f 4142//1871 3571//1871 3884//1871 4103//1871
f 4046//1872 3755//1872 3751//1872 4047//1872
f 4294//1873 4355//1873 4341//1873 4198//1873
f 4267//1874 4326//1874 4354//1874 4300//1874
f 4305//1875 4353//1875 4355//1875 4294//1875
f 4300//1876 4354//1876 4356//1876 4302//1876
f 3911//1877 4061//1877 4060//1877 3579//1877
f 3913//1878 4056//1878 4055//1878 3914//1878
f 3914//1879 4055//1879 4064//1879 3603//1879
f 3579//1880 4060//1880 4059//1880 3580//1880
f 4195//1881 4358//1881 4342//1881 4271//1881
f 4194//1882 4359//1882 4358//1882 4195//1882
f 4211//1883 4357//1883 4360//1883 4214//1883
f 3921//1884 4036//1884 4035//1884 3919//1884
f 3881//1885 4041//1885 4040//1885 3878//1885
f 3936//1886 4150//1886 4149//1886 3907//1886
f 3907//1887 4149//1887 4114//1887 3908//1887
f 4130//1888 3842//1888 3584//1888 4112//1888
f 4047//1889 3751//1889 3754//1889 4048//1889
f 3949//1890 4155//1890 4099//1890 3956//1890
f 3948//1891 4071//1891 4154//1891 3514//1891
f 3737//1892 4074//1892 4155//1892 3949//1892
f 3514//1893 4154//1893 4098//1893 3515//1893
f 4218//1894 4347//1894 4346//1894 4178//1894
f 4163//1895 3992//1895 3985//1895 4156//1895
f 3984//1685 4156//1685 3985//1685
f 3989//1896 4157//1896 4156//1896 3984//1896
f 3963//1897 4158//1897 4157//1897 3989//1897
f 4162//1898 3980//1898 3992//1898 4163//1898
f 4001//1899 4000//1899 4166//1899 4170//1899
f 3998//1900 4016//1900 4168//1900 4172//1900
f 3994//1901 3998//1901 4172//1901 4171//1901
f 4026//1902 4001//1902 4170//1902 4169//1902
o Wall_Modular_Cube.007_Wall_Modular_Cube.008
v -0.959325 1.681634 0.187055
v -0.959325 1.958800 0.187055
v -0.926284 1.958800 0.160682
v -0.926284 1.681634 0.160682
v -0.888602 1.589539 -1.087682
v -0.661090 1.589539 -1.087682
v -0.661090 1.578764 -0.355776
v -0.888602 1.578764 -0.355776
v -0.959325 1.681634 0.673256
v -0.959325 1.958800 0.673256
v -0.959325 1.958800 0.473790
v -0.959325 1.945726 0.323207
v -0.888602 1.810513 -0.329402
v -0.661090 1.810513 -0.329402
v -0.661090 1.958800 -0.329402
v -0.888602 1.958800 -0.329402
v -0.844018 1.820113 -0.341069
v -0.705674 1.820113 -0.341069
v -0.705674 1.413789 -0.341069
v -0.844018 1.413789 -0.341069
v -0.844018 1.396085 -0.011229
v -0.705674 1.396085 -0.011229
v -0.705674 1.394789 0.141847
v -0.844018 1.394789 0.141847
v -0.948806 1.296289 -0.848938
v -0.600886 1.296289 -0.848938
v -0.600886 1.344727 -0.848938
v -0.948806 1.344727 -0.848938
v -0.948806 0.797543 1.393264
v -0.600886 0.797543 1.393264
v -0.600885 1.158780 1.393264
v -0.948807 1.158780 1.393264
v -0.600886 1.581974 -1.350056
v -0.948806 1.581974 -1.350056
v -0.948806 1.581974 -0.875312
v -0.600886 1.581974 -0.875312
v -0.888602 0.847076 -0.327395
v -0.661090 0.847076 -0.327395
v -0.661090 0.847076 0.143183
v -0.888602 0.847076 0.143183
v -0.888602 0.962546 0.158340
v -0.661090 0.962546 0.158340
v -0.661090 1.376927 0.169557
v -0.888602 1.376927 0.169557
v -0.661090 -0.021786 1.366891
v -0.661090 -0.002786 1.393264
v -0.888602 -0.002786 1.393264
v -0.888602 -0.021786 1.366891
v -0.976773 0.021029 -0.481017
v -0.985033 -0.006243 -0.386727
v -0.981847 -0.002785 -0.188775
v -0.981847 0.324414 -0.188775
v -0.981847 0.324414 -0.303599
v -0.981847 0.311484 -0.361010
v -0.981847 0.324414 -0.418423
v -0.981847 0.324414 -1.354147
v -0.981847 -0.002785 -1.354147
v -0.976859 0.008972 -0.785948
v -0.888602 0.453683 1.366891
v -0.661090 0.453683 1.366891
v -0.661090 0.453683 0.377890
v -0.888602 0.453683 0.377890
v -0.888602 0.361581 0.347892
v -0.661090 0.361581 0.347892
v -0.661090 -0.002786 0.351516
v -0.888602 -0.002786 0.351516
v -0.921643 0.434683 0.377890
v -0.921643 0.361581 0.389315
v -0.921643 -0.002786 0.377890
v -0.921643 -0.002786 1.366891
v -0.921643 0.278597 1.361164
v -0.921643 0.361581 1.347448
v -0.921643 0.434683 1.366891
v -0.849517 0.272958 0.343801
v -0.700175 0.272958 0.343801
v -0.700175 0.542225 0.363183
v -0.849517 0.542225 0.363183
v -0.661090 1.724698 -1.380520
v -0.888602 1.724698 -1.380520
v -0.888602 1.787793 -1.383935
v -0.661090 1.787793 -1.383935
v -0.849517 0.561225 0.046217
v -0.700175 0.561225 0.046217
v -0.700175 0.561225 -0.146841
v -0.849517 0.561225 -0.146841
v -0.600886 0.450474 1.366891
v -0.948806 0.450474 1.366891
v -0.948806 0.450474 0.878870
v -0.600886 0.450474 0.878870
v -0.948806 0.845412 0.230688
v -0.600886 0.845412 0.230688
v -0.600886 0.847334 0.202985
v -0.948806 0.847334 0.202985
v -0.925202 0.866076 0.856108
v -0.624490 0.866076 0.856108
v -0.624490 1.221821 0.855628
v -0.925202 1.221821 0.855628
v -0.661090 0.934043 -0.863005
v -0.888602 0.934043 -0.863005
v -0.888602 0.985890 -0.860979
v -0.661090 0.985890 -0.860979
v -0.925202 1.479568 0.856108
v -0.624490 1.479568 0.856108
v -0.624490 1.646927 0.856108
v -0.925202 1.646927 0.856108
v -0.624490 1.479568 0.178842
v -0.925202 1.479568 0.178842
v -0.925202 1.646927 0.164239
v -0.624490 1.646927 0.164239
v -0.958243 0.866076 0.190613
v -0.958243 1.419792 0.190613
v -0.925202 1.419792 0.164239
v -0.925202 0.866076 0.164239
v -0.948806 0.557652 0.090439
v -0.600886 0.557652 0.090439
v -0.600886 0.557652 0.335327
v -0.948806 0.557652 0.335327
v -0.600886 1.562974 -0.848938
v -0.948806 1.562974 -0.848938
v -0.981847 0.600969 0.031667
v -0.981847 0.576652 0.090439
v -0.981847 0.576652 0.335327
v -0.981847 0.828334 0.335327
v -0.981847 0.828334 0.309139
v -0.981847 0.813369 0.230688
v -0.981847 0.828334 0.202985
v -0.981847 0.828334 -0.303116
v -0.981847 0.576652 -0.303116
v -0.981847 0.585124 -0.015715
v -0.600886 0.828334 0.361700
v -0.948806 0.828334 0.361700
v -0.948806 0.576652 0.361700
v -0.600886 0.576652 0.361700
v -0.850811 0.905275 -0.848938
v -0.698881 0.905275 -0.848938
v -0.698881 1.025535 -0.848938
v -0.850811 1.025535 -0.848938
v -0.698881 1.044535 -1.350056
v -0.850811 1.044535 -1.350056
v -0.850811 1.044535 -0.875312
v -0.698881 1.044535 -0.875312
v -0.926284 1.958800 0.699630
v -0.926284 1.977800 0.673256
v -0.926284 1.662634 0.673256
v -0.926284 1.681634 0.699630
v -0.888602 1.578764 -1.354147
v -0.910021 1.591672 -1.371601
v -0.888602 1.597764 -1.380520
v -0.910021 1.964892 -1.371601
v -0.888602 1.977800 -1.354147
v -0.888602 1.958800 -1.380520
v -0.888602 1.597764 -0.329402
v -0.910021 1.591672 -0.338322
v -0.888602 1.977800 -0.355776
v -0.910021 1.964892 -0.338322
v -0.926284 1.662634 0.187055
v -0.844018 1.394789 -0.314695
v -0.877059 1.413789 -0.314695
v -0.844018 1.413789 0.168220
v -0.876989 1.423796 0.131428
v -0.981847 1.061832 -0.875312
v -0.948806 1.042832 -0.875312
v -0.948806 1.061832 -0.848938
v -0.948806 1.061832 -1.376430
v -0.948806 1.042832 -1.350056
v -0.981847 1.061832 -1.350056
v -0.981847 1.562974 -0.875312
v -0.948806 1.562974 -1.376430
v -0.981847 1.562974 -1.350056
v -0.921643 1.376927 -0.836632
v -0.888602 1.395927 -0.836632
v -0.888602 1.376927 -0.863005
v -0.888602 0.866076 0.169557
v -0.921643 0.866076 0.143183
v -0.888602 1.395927 0.143183
v -0.921643 1.376927 0.143183
v -0.948806 -0.002785 -1.380520
v -0.948806 -0.021785 -1.354147
v -0.948806 0.343414 -1.354147
v -0.948806 0.324414 -1.380520
v -0.888602 0.434683 1.393264
v -0.888602 0.434683 0.351516
v -0.888602 -0.021786 0.377890
v -0.948806 -0.021785 -0.188775
v -0.948806 -0.002785 -0.162401
v -0.948806 0.324414 -0.162401
v -0.948806 0.343414 -0.188775
v -0.849517 -0.004350 0.363183
v -0.882558 -0.004350 0.336809
v -0.849517 -0.023350 0.336809
v -0.849517 0.561225 0.336809
v -0.882558 0.542225 0.336809
v -0.849517 0.542225 -0.173215
v -0.882558 0.542225 -0.146841
v -0.981847 1.158780 0.878870
v -0.948806 1.177780 0.878870
v -0.948806 1.158780 0.852496
v -0.948807 1.177780 1.366891
v -0.981847 1.158780 1.366891
v -0.948806 0.469474 0.852496
v -0.981847 0.469474 0.878870
v -0.948806 0.469474 1.393264
v -0.981847 0.469474 1.366891
v -0.958243 1.646927 0.829734
v -0.925202 1.665927 0.829734
v -0.925202 0.843534 0.829734
v -0.958243 0.866076 0.829734
v -0.925202 0.843534 0.190613
v -0.948806 0.576652 -0.329490
v -0.948806 0.557652 -0.303116
v -0.948806 0.847334 -0.303116
v -0.948806 0.828334 -0.329490
v -0.948806 0.847334 0.335327
v -0.883852 0.357282 -0.875312
v -0.850811 0.338282 -0.875312
v -0.850811 0.357282 -0.848938
v -0.850811 0.357282 -1.376430
v -0.850811 0.338282 -1.350056
v -0.883852 0.357282 -1.350056
v -0.883852 1.025535 -0.875312
v -0.850811 1.025535 -1.376430
v -0.883852 1.025535 -1.350056
v -0.623408 1.681634 0.160682
v -0.623408 1.958800 0.160682
v -0.623408 1.681634 0.699630
v -0.623408 1.958800 0.699630
v -0.623408 1.662634 0.187055
v -0.623408 1.977800 0.673256
v -0.661090 1.814254 -1.380520
v -0.888602 1.814254 -1.380520
v -0.661090 1.958800 -1.380520
v -0.910021 1.815197 -1.371601
v -0.661090 1.597764 -0.329402
v -0.910021 1.716220 -0.338322
v -0.888602 1.718682 -0.329402
v -0.910021 1.602830 -1.095643
v -0.705674 1.979364 0.063271
v -0.844018 1.979364 0.063271
v -0.844018 1.979364 0.141847
v -0.705674 1.979364 0.141847
v -0.877059 1.937546 0.048580
v -0.877059 1.960364 0.141847
v -0.705674 1.394789 -0.314695
v -0.877080 1.430167 -0.016345
v -0.877059 1.820113 -0.314695
v -0.600886 1.042832 -1.350056
v -0.600886 1.042832 -0.875312
v -0.981847 1.344727 -0.875312
v -0.600886 1.562974 -1.376430
v -0.948806 1.381705 -1.376430
v -0.981847 1.381705 -1.350056
v -0.661090 1.376927 -0.863005
v -0.661090 0.866076 0.169557
v -0.921643 0.934043 0.143183
v -0.888602 0.934043 0.169557
v -0.921643 0.866076 -0.327395
v -0.888602 1.395927 -0.536744
v -0.921643 1.376927 -0.536744
v -0.948806 -0.021785 -0.400513
v -0.600886 0.324414 -0.162401
v -0.600886 0.343414 -0.188775
v -0.948806 0.343414 -0.418423
v -0.661090 0.361581 1.391185
v -0.888602 0.361581 1.391185
v -0.888602 0.278597 1.391827
v -0.661090 0.278597 1.391827
v -0.661090 0.434683 1.393264
v -0.700175 -0.015807 0.177829
v -0.849517 -0.015807 0.177829
v -0.849517 -0.023350 -0.146841
v -0.700175 -0.023350 -0.146841
v -0.700175 0.561225 0.336809
v -0.882558 0.542225 0.156088
v -0.849517 0.561225 0.156088
v -0.882558 0.272958 0.317427
v -0.849517 0.091535 -0.173215
v -0.849517 -0.004350 -0.173215
v -0.882558 -0.004350 -0.146841
v -0.882558 0.091535 -0.146841
v -0.600886 1.177780 0.878870
v -0.600886 1.158780 0.852496
v -0.948806 0.775647 0.852496
v -0.981847 0.775647 0.878870
v -0.600885 1.177780 1.366891
v -0.981847 0.797543 1.366891
v -0.600886 0.847334 -0.303116
v -0.925202 0.843534 0.706479
v -0.958243 0.866076 0.706479
v -0.624490 0.843534 0.706479
v -0.624490 0.843534 0.829734
v -0.624490 1.665927 0.829734
v -0.958243 1.479568 0.220655
v -0.958243 1.646927 0.190613
v -0.958243 1.221822 0.826025
v -0.600886 0.828334 -0.329490
v -0.600886 0.576652 -0.329490
v -0.600886 0.847334 0.335327
v -0.698881 0.338282 -1.350056
v -0.698881 0.338282 -0.875312
v -0.883852 0.905275 -0.875312
v -0.698881 1.025535 -1.376430
v -0.850811 0.422692 -1.376430
v -0.883852 0.422692 -1.350056
v -0.661090 1.395927 -0.536744
v -0.661090 1.395927 -0.836632
v -0.623408 1.977800 0.187055
v -0.926284 1.977800 0.187055
v -0.888602 1.578764 -1.250930
v -0.910021 1.591672 -1.264707
v -0.910021 1.964892 -1.095643
v -0.910021 1.942257 -1.264707
v -0.910021 1.787793 -1.345786
v -0.910021 1.722450 -1.371601
v -0.910021 1.743624 -0.365212
v -0.910021 1.811322 -0.338322
v -0.661090 1.977800 -0.355776
v -0.888602 1.977800 -1.087682
v -0.661090 1.977800 -1.087682
v -0.661090 1.977414 -1.250930
v -0.888602 1.977414 -1.250930
v -0.661090 1.578764 -1.354147
v -0.661090 1.578764 -1.250930
v -0.661090 1.718682 -0.329402
v -0.888602 1.745144 -0.334392
v -0.661090 1.745144 -0.334392
v -0.877059 1.960364 -0.314695
v -0.844018 1.979364 -0.314695
v -0.705674 1.979364 -0.314695
v -0.844018 1.820113 0.158883
v -0.877059 1.820113 0.114843
v -0.877059 1.881891 0.141847
v -0.877059 1.881891 -0.290808
v -0.705674 1.820113 0.158883
v -0.705674 1.881891 0.168220
v -0.844018 1.881891 0.168220
v -0.705674 1.413789 0.168220
v -0.844018 1.881891 -0.327899
v -0.705674 1.881891 -0.327899
v -0.926284 1.978036 0.323207
v -0.623408 1.978036 0.323207
v -0.926284 1.977800 0.473790
v -0.623408 1.977800 0.473790
v -0.624490 0.866076 0.164239
v -0.624490 0.843534 0.190613
v -0.624490 1.663648 0.189858
v -0.925202 1.663648 0.189858
v -0.958243 1.479568 0.829734
v -0.888602 0.866076 -0.863005
v -0.661090 0.866076 -0.863005
v -0.661090 0.847076 -0.836632
v -0.888602 0.847076 -0.836632
v -0.624490 1.419792 0.164239
v -0.925202 1.419792 0.855146
v -0.624490 1.419792 0.855146
v -0.925202 0.843534 0.474312
v -0.958243 0.883315 0.474312
v -0.925202 1.665927 0.543459
v -0.958243 1.646927 0.543459
v -0.624490 0.843534 0.474312
v -0.624490 1.665927 0.543459
v -0.958243 1.419792 0.803769
v -0.958243 1.626725 0.450382
v -0.888602 1.395927 -0.474528
v -0.921643 1.376927 -0.474528
v -0.661090 1.395927 0.143183
v -0.661090 1.395927 -0.474528
v -0.661090 0.847334 -0.458158
v -0.888602 0.847334 -0.458158
v -0.921643 0.883136 -0.458158
v -0.921643 0.962546 0.131966
v -0.921643 0.985890 -0.810459
v -0.921643 0.934043 -0.836632
v -0.921643 0.866076 -0.836632
v -0.850811 0.905275 -1.376430
v -0.883852 0.905275 -1.350056
v -0.850811 0.836159 -0.848938
v -0.883852 0.836159 -0.875312
v -0.698881 0.905275 -1.376430
v -0.698881 0.836159 -0.848938
v -0.850811 0.790514 -0.848938
v -0.883852 0.790514 -0.875312
v -0.698881 0.790514 -0.848938
v -0.850811 0.464367 -0.848938
v -0.883852 0.464367 -0.875312
v -0.698881 0.836159 -1.372216
v -0.850811 0.836159 -1.372216
v -0.698881 0.464367 -0.848938
v -0.962118 -0.012794 -0.776737
v -0.948806 0.330484 -0.361010
v -0.600886 0.330484 -0.361010
v -0.600886 0.343414 -0.418423
v -0.948806 0.343414 -0.303599
v -0.600886 0.343414 -0.303599
v -0.700175 -0.023350 0.122011
v -0.849517 -0.023350 0.122011
v -0.700175 0.561225 0.156088
v -0.884132 -0.008384 0.129766
v -0.876558 0.522860 0.030754
v -0.882558 0.177503 -0.141856
v -0.878630 0.011261 0.159289
v -0.882558 0.186990 0.336809
v -0.849517 0.177503 -0.168230
v -0.849517 0.186990 0.363183
v -0.700175 -0.023350 0.336809
v -0.700175 0.542225 -0.173215
v -0.700175 0.177503 -0.168230
v -0.700175 0.091535 -0.173215
v -0.700175 -0.004350 0.363183
v -0.700175 0.186990 0.363183
v -0.948806 0.737936 1.393017
v -0.981847 0.737936 1.344457
v -0.948806 0.835254 0.856422
v -0.981847 0.835254 0.890835
v -0.600886 0.835254 0.856422
v -0.600886 0.469474 1.393264
v -0.600886 0.737936 1.393017
v -0.600886 0.775647 0.852496
v -0.850811 0.443529 -1.376677
v -0.698881 0.443529 -1.376677
v -0.698881 0.422692 -1.376430
v -0.600886 0.469474 0.852496
v -0.948806 0.847334 0.309139
v -0.600886 0.847334 0.309139
v -0.948806 0.561600 -0.015715
v -0.600886 0.561600 -0.015715
v -0.600886 0.561600 0.011988
v -0.948806 0.561600 0.011988
v -0.600886 0.557652 -0.303116
v -0.661090 0.934043 0.169557
v -0.948806 -0.016887 -0.457925
v -0.600886 -0.016887 -0.457925
v -0.600886 -0.021785 -0.400513
v -0.587574 -0.012794 -0.776737
v -0.698881 0.790514 -1.376430
v -0.850811 0.790514 -1.376430
v -0.698881 0.357282 -0.848938
v -0.698881 0.422692 -0.848938
v -0.850811 0.422692 -0.848938
v -0.698881 0.443529 -0.848938
v -0.850811 0.443529 -0.848938
v -0.883852 0.422692 -0.875312
v -0.883852 0.443529 -0.875312
v -0.883852 0.836159 -1.317751
v -0.883852 0.790514 -1.350056
v -0.883852 0.464367 -1.350056
v -0.883852 0.443529 -1.333854
v -0.850811 0.464367 -1.376430
v -0.698881 0.464367 -1.376430
v -0.624490 1.663292 0.451136
v -0.925202 1.663292 0.451136
v -0.661090 1.597764 -1.380520
v -0.661090 1.977800 -1.354147
v -0.600886 0.343414 -1.354147
v -0.600886 0.324414 -1.380520
v -0.600886 -0.002785 -1.380520
v -0.600886 -0.021785 -1.354147
v -0.661090 0.434683 0.351516
v -0.698881 0.357282 -1.376430
v -0.600886 1.061832 -1.376430
v -0.600886 1.061832 -0.848938
v -0.600886 1.430143 -1.376430
v -0.948806 1.430143 -1.376430
v -0.623408 1.662634 0.673256
v -0.844018 1.960364 -0.341069
v -0.705674 1.960364 -0.341069
v -0.705674 1.960364 0.168220
v -0.844018 1.960364 0.168220
v -0.600886 1.381705 -1.376430
v -0.700175 -0.004350 -0.173215
v -0.661090 -0.021786 0.377890
v -0.981847 1.296289 -0.891461
v -0.981847 1.430143 -1.324120
v -0.960841 1.677625 1.389844
v -0.588851 1.677625 1.389844
v -0.588851 1.756477 1.389844
v -0.960841 1.756477 1.389844
v -0.993882 1.963044 1.363471
v -0.993882 1.945031 1.298393
v -0.993882 1.963044 1.224790
v -0.993882 1.963044 0.722700
v -0.993882 1.677625 0.722700
v -0.993882 1.677625 1.363471
v -0.993882 1.756477 1.363471
v -0.993882 1.864958 1.345324
v -0.960841 1.658625 1.363471
v -0.960841 1.677625 0.696326
v -0.960841 1.658625 0.722700
v -0.960841 1.982044 0.722700
v -0.960841 1.963044 0.696326
v -0.588851 1.982044 0.722700
v -0.960841 1.982044 1.224790
v -0.588851 1.982044 1.224790
v -0.588851 1.658625 0.722700
v -0.588851 1.658625 1.363471
v -0.588851 1.963044 0.696326
v -0.588851 1.963044 1.389844
v -0.588851 1.982044 1.363471
v -0.960841 1.982044 1.363471
v -0.960841 1.963044 1.389844
v -0.960841 1.864958 1.390173
v -0.588851 1.864958 1.390173
v -0.588851 1.677625 0.696326
v -0.960841 1.982044 1.298393
v -0.588851 1.982044 1.298393
v -0.881006 0.766851 -0.330320
v -0.668686 0.766851 -0.330320
v -0.668686 0.834483 -0.327947
v -0.881006 0.834483 -0.327947
v -0.881006 0.712665 -0.331332
v -0.668686 0.712665 -0.331332
v -0.881006 0.834483 -0.851286
v -0.668686 0.834483 -0.851286
v -0.668686 0.791026 -0.852252
v -0.881006 0.791026 -0.852252
v -0.668686 0.848964 -0.354321
v -0.668686 0.848964 -0.824912
v -0.881006 0.848964 -0.824912
v -0.881006 0.848964 -0.354321
v -0.914047 0.577317 -0.824912
v -0.881006 0.577317 -0.851286
v -0.881006 0.558317 -0.824912
v -0.881006 0.577317 -0.327947
v -0.914047 0.577317 -0.354321
v -0.881006 0.558317 -0.354321
v -0.914047 0.834483 -0.824912
v -0.914047 0.834483 -0.354321
v -0.668686 0.577317 -0.327947
v -0.668686 0.676529 -0.327947
v -0.881006 0.676529 -0.327947
v -0.668686 0.558317 -0.824912
v -0.668686 0.558317 -0.354321
v -0.914047 0.676529 -0.354321
v -0.914047 0.754889 -0.824912
v -0.881006 0.754889 -0.851286
v -0.914047 0.712665 -0.384233
v -0.914047 0.766851 -0.353647
v -0.914047 0.791026 -0.808460
v -0.668686 0.754889 -0.851286
v -0.668686 0.577317 -0.851286
v -0.590367 1.681634 0.187055
v -0.590367 1.958800 0.187055
v -0.590367 1.945726 0.323207
v -0.590367 1.958800 0.473790
v -0.590367 1.958800 0.673256
v -0.590367 1.681634 0.673256
v -0.600886 -0.021785 -0.188775
v -0.572919 0.021029 -0.481018
v -0.572833 0.008972 -0.785948
v -0.567845 -0.002785 -1.354147
v -0.567845 0.324414 -1.354147
v -0.567845 0.324414 -0.418423
v -0.567845 0.311484 -0.361010
v -0.567845 0.324414 -0.303599
v -0.567845 0.324414 -0.188775
v -0.567845 -0.002785 -0.188775
v -0.564659 -0.006243 -0.386727
v -0.628049 0.434683 0.377890
v -0.628049 0.434683 1.366891
v -0.628049 0.361581 1.347448
v -0.628049 0.278597 1.361164
v -0.628049 -0.002786 1.366891
v -0.628049 -0.002786 0.377890
v -0.628049 0.361581 0.389315
v -0.600886 -0.002785 -0.162401
v -0.591449 0.866076 0.190613
v -0.591449 1.419792 0.190613
v -0.567845 0.600969 0.031667
v -0.567845 0.585124 -0.015715
v -0.567845 0.576652 -0.303116
v -0.567845 0.828334 -0.303116
v -0.567845 0.828334 0.202985
v -0.567845 0.813369 0.230688
v -0.567845 0.828334 0.309139
v -0.567845 0.828334 0.335327
v -0.567845 0.576652 0.335327
v -0.567845 0.576652 0.090439
v -0.639671 1.591672 -1.371601
v -0.639671 1.964892 -1.371601
v -0.639671 1.591672 -0.338322
v -0.639671 1.964892 -0.338322
v -0.672633 1.413789 -0.314695
v -0.672703 1.423796 0.131428
v -0.567845 1.061832 -0.875312
v -0.567845 1.061832 -1.350056
v -0.567845 1.562974 -0.875312
v -0.567845 1.562974 -1.350056
v -0.628049 1.376927 -0.836632
v -0.628049 0.866076 0.143183
v -0.628049 1.376927 0.143183
v -0.667134 -0.004350 0.336809
v -0.667134 0.542225 0.336809
v -0.667134 0.542225 -0.146841
v -0.567845 1.158780 0.878870
v -0.567845 1.158780 1.366891
v -0.567845 0.469474 0.878870
v -0.567845 0.469474 1.366891
v -0.591449 1.646927 0.829734
v -0.591449 0.866076 0.829734
v -0.665840 0.357282 -0.875312
v -0.665840 0.357282 -1.350056
v -0.665840 1.025535 -0.875312
v -0.665840 1.025535 -1.350056
v -0.639671 1.815197 -1.371601
v -0.639671 1.716220 -0.338322
v -0.639671 1.602830 -1.095643
v -0.672633 1.937546 0.048580
v -0.672633 1.960364 0.141847
v -0.672612 1.430167 -0.016345
v -0.672633 1.820113 -0.314695
v -0.567845 1.344727 -0.875312
v -0.567845 1.381705 -1.350056
v -0.628049 0.934043 0.143183
v -0.628049 0.866076 -0.327395
v -0.628049 1.376927 -0.536744
v -0.667134 0.542225 0.156088
v -0.667134 0.272958 0.317427
v -0.667134 0.091535 -0.146841
v -0.667134 -0.004350 -0.146841
v -0.567845 0.775647 0.878870
v -0.567845 0.797543 1.366891
v -0.591449 0.866076 0.706479
v -0.591449 1.479568 0.220655
v -0.591449 1.646927 0.190613
v -0.591449 1.221822 0.826025
v -0.665840 0.905275 -0.875312
v -0.665840 0.422692 -1.350056
v -0.639671 1.591672 -1.264707
v -0.639671 1.964892 -1.095643
v -0.639671 1.811322 -0.338322
v -0.639671 1.743624 -0.365212
v -0.639671 1.722450 -1.371601
v -0.639671 1.787793 -1.345786
v -0.639671 1.942257 -1.264707
v -0.672633 1.960364 -0.314695
v -0.672633 1.820113 0.114843
v -0.672633 1.881891 -0.290808
v -0.672633 1.881891 0.141847
v -0.591449 1.479568 0.829734
v -0.591449 0.883315 0.474312
v -0.591449 1.646927 0.543459
v -0.591449 1.626725 0.450382
v -0.591449 1.419792 0.803769
v -0.628049 1.376927 -0.474528
v -0.628049 0.883136 -0.458158
v -0.628049 0.866076 -0.836632
v -0.628049 0.934043 -0.836632
v -0.628049 0.985890 -0.810459
v -0.628049 0.962546 0.131966
v -0.665840 0.905275 -1.350056
v -0.665840 0.836159 -0.875312
v -0.665840 0.790514 -0.875312
v -0.665840 0.464367 -0.875312
v -0.665560 -0.008384 0.129766
v -0.673134 0.522860 0.030754
v -0.667134 0.186990 0.336809
v -0.671062 0.011261 0.159289
v -0.667134 0.177503 -0.141856
v -0.567845 0.737936 1.344457
v -0.567845 0.835254 0.890835
v -0.665840 0.422692 -0.875312
v -0.665840 0.443529 -1.333854
v -0.665840 0.464367 -1.350056
v -0.665840 0.790514 -1.350056
v -0.665840 0.836159 -1.317751
v -0.665840 0.443529 -0.875312
v -0.567845 1.296289 -0.891461
v -0.567845 1.430143 -1.324120
v -0.555810 1.963044 1.363471
v -0.555810 1.864958 1.345324
v -0.555810 1.756477 1.363471
v -0.555810 1.677625 1.363471
v -0.555810 1.677625 0.722700
v -0.555810 1.963044 0.722700
v -0.555810 1.963044 1.224790
v -0.555810 1.945031 1.298393
v -0.635645 0.577317 -0.824912
v -0.635645 0.577317 -0.354321
v -0.635645 0.834483 -0.824912
v -0.635645 0.834483 -0.354321
v -0.635645 0.676529 -0.354321
v -0.635645 0.754889 -0.824912
v -0.635645 0.791026 -0.808460
v -0.635645 0.766851 -0.353647
v -0.635645 0.712665 -0.384233
v -0.694947 1.581974 -0.836908
v -0.854745 1.581974 -0.836908
v -0.854745 1.581974 -0.722520
v -0.694947 1.581974 -0.722520
v -0.925616 1.516034 1.387857
v -0.624076 1.516034 1.387857
v -0.624076 1.645375 1.387857
v -0.925616 1.645375 1.387857
v -0.854745 1.412052 -0.334426
v -0.694947 1.412052 -0.334426
v -0.694947 1.562974 -0.334426
v -0.854745 1.562974 -0.334426
v -0.849541 0.850083 0.840465
v -0.700151 0.850083 0.840465
v -0.700151 0.850083 0.382913
v -0.849541 0.850083 0.382913
v -0.694947 1.581974 -0.487226
v -0.854745 1.581974 -0.487226
v -0.854745 1.581974 -0.360799
v -0.694947 1.581974 -0.360799
v -0.925616 0.478625 -0.849878
v -0.624076 0.478625 -0.849878
v -0.624076 0.424440 -0.848868
v -0.925616 0.424440 -0.848868
v -0.849541 0.652640 0.866839
v -0.700151 0.652640 0.866839
v -0.700151 0.831083 0.866839
v -0.849541 0.831083 0.866839
v -0.849541 0.521156 0.356539
v -0.700151 0.521156 0.356539
v -0.700151 0.469474 0.356539
v -0.849541 0.469474 0.356539
v -0.700150 0.450474 0.840465
v -0.849542 0.450474 0.840465
v -0.849541 0.450474 0.382913
v -0.700151 0.450474 0.382913
v -0.925615 0.357282 -0.172784
v -0.624077 0.357282 -0.172784
v -0.624077 0.466664 -0.172784
v -0.925615 0.466664 -0.172784
v -0.925615 0.502801 -0.171818
v -0.624077 0.502801 -0.171818
v -0.624076 0.546258 -0.172784
v -0.925616 0.546258 -0.172784
v -0.925616 1.379245 1.387857
v -0.624076 1.379245 1.387857
v -0.624076 0.560738 -0.825878
v -0.925616 0.560738 -0.825878
v -0.925616 0.560738 -0.199158
v -0.624076 0.560738 -0.199158
v -0.925616 1.195465 1.387857
v -0.624076 1.195465 1.387857
v -0.624076 1.664375 1.099043
v -0.925616 1.664375 1.099043
v -0.925616 1.664375 1.361483
v -0.624076 1.664375 1.361483
v -0.887786 1.412052 -0.360799
v -0.854745 1.393052 -0.360799
v -0.854745 1.412052 -0.863282
v -0.854745 1.393052 -0.836908
v -0.887786 1.412052 -0.836908
v -0.887786 1.562974 -0.360799
v -0.854745 1.562974 -0.863282
v -0.887786 1.562974 -0.836908
v -0.882582 0.831083 0.382913
v -0.849541 0.831083 0.356539
v -0.882582 0.831083 0.840465
v -0.882582 0.469474 0.382913
v -0.849542 0.469474 0.866839
v -0.882582 0.469474 0.840465
v -0.958656 0.357282 -0.199158
v -0.925615 0.338282 -0.199158
v -0.925615 0.357282 -0.852252
v -0.925615 0.338282 -0.825878
v -0.958656 0.357282 -0.825878
v -0.958656 0.546258 -0.199158
v -0.925616 0.546258 -0.852252
v -0.958657 0.546258 -0.825878
v -0.958656 1.195465 1.361483
v -0.925616 1.176465 1.361483
v -0.925616 1.195465 0.851523
v -0.925616 1.176465 0.877895
v -0.958657 1.195465 0.877895
v -0.958657 1.645375 1.361483
v -0.925616 1.664375 0.877895
v -0.925616 1.645375 0.851523
v -0.958657 1.645375 0.877895
v -0.854745 1.393052 -0.487226
v -0.694947 1.393052 -0.487226
v -0.694947 1.393052 -0.360799
v -0.694947 1.562974 -0.863282
v -0.887786 1.412052 -0.589576
v -0.854745 1.393052 -0.589576
v -0.887786 1.550465 -0.446711
v -0.700151 0.831083 0.356539
v -0.882582 0.521156 0.382913
v -0.882582 0.652640 0.840465
v -0.925616 0.388303 -0.852252
v -0.624076 0.388303 -0.852252
v -0.624077 0.357282 -0.852252
v -0.624077 0.338282 -0.825878
v -0.624077 0.338282 -0.199158
v -0.624076 0.546258 -0.852252
v -0.958656 0.388303 -0.825878
v -0.925616 1.180884 1.176315
v -0.624076 1.180884 1.176315
v -0.624076 1.176465 1.361483
v -0.624076 1.664375 0.877895
v -0.624076 1.645375 0.851523
v -0.958657 1.645375 1.099043
v -0.958657 1.645375 0.985791
v -0.925616 1.664375 0.985791
v -0.624076 1.176465 0.877895
v -0.624076 1.176465 1.119689
v -0.925616 1.176465 1.119689
v -0.958657 1.195465 1.119689
v -0.958657 1.208933 1.176315
v -0.958657 1.379245 1.361483
v -0.958657 1.516034 1.338285
v -0.958657 1.621133 1.042417
v -0.849541 0.593159 0.851177
v -0.700151 0.593159 0.851177
v -0.887786 1.562974 -0.589576
v -0.854745 1.581974 -0.589576
v -0.694947 1.581974 -0.589576
v -0.887786 1.419557 -0.503432
v -0.887786 1.547963 -0.722520
v -0.700151 0.700228 0.363408
v -0.849541 0.700228 0.363408
v -0.700151 0.593159 0.356539
v -0.849541 0.593159 0.356539
v -0.700150 0.469474 0.866839
v -0.700151 0.466385 0.866839
v -0.849541 0.466385 0.866839
v -0.882582 0.466385 0.840465
v -0.882582 0.700228 0.407840
v -0.882582 0.593159 0.382913
v -0.882582 0.593159 0.799336
v -0.958656 0.466664 -0.199158
v -0.958656 0.502801 -0.215610
v -0.958656 0.478625 -0.826553
v -0.958656 0.424440 -0.795966
v -0.624076 1.662149 1.042417
v -0.925616 1.662149 1.042417
v -0.694947 1.393052 -0.836908
v -0.694947 1.393052 -0.589576
v -0.694947 1.412052 -0.863282
v -0.624076 1.664375 0.985791
v -0.624076 1.195465 0.851523
v -0.661906 1.412052 -0.360799
v -0.661906 1.412052 -0.836908
v -0.661906 1.562974 -0.360799
v -0.661906 1.562974 -0.836908
v -0.667110 0.831083 0.382913
v -0.667110 0.831083 0.840465
v -0.667110 0.469474 0.382913
v -0.667110 0.469474 0.840465
v -0.591036 0.357282 -0.199158
v -0.591036 0.357282 -0.825878
v -0.591036 0.546258 -0.199158
v -0.591035 0.546258 -0.825878
v -0.591036 1.195465 1.361483
v -0.591035 1.195465 0.877895
v -0.591035 1.645375 1.361483
v -0.591035 1.645375 0.877895
v -0.661906 1.412052 -0.589576
v -0.661906 1.550465 -0.446711
v -0.667110 0.521156 0.382913
v -0.667110 0.652640 0.840465
v -0.591036 0.388303 -0.825878
v -0.591035 1.645375 1.099043
v -0.591035 1.645375 0.985791
v -0.591035 1.621133 1.042417
v -0.591035 1.516034 1.338285
v -0.591035 1.379245 1.361483
v -0.591035 1.208933 1.176315
v -0.591035 1.195465 1.119689
v -0.661906 1.562974 -0.589576
v -0.661906 1.547963 -0.722520
v -0.661906 1.419557 -0.503432
v -0.667110 0.466385 0.840465
v -0.667110 0.700228 0.407840
v -0.667110 0.593159 0.799336
v -0.667110 0.593159 0.382913
v -0.591036 0.466664 -0.199158
v -0.591036 0.424440 -0.795966
v -0.591036 0.478625 -0.826553
v -0.591036 0.502801 -0.215610
vn -0.6238 0.0000 -0.7816
vn 0.0000 -0.9999 -0.0147
vn -1.0000 -0.0000 0.0000
vn 0.0000 0.0000 1.0000
vn 0.0000 0.0000 -1.0000
vn -0.0000 -1.0000 -0.0085
vn 0.0000 -0.0021 1.0000
vn 0.0000 1.0000 0.0000
vn 0.0000 -1.0000 -0.0010
vn 0.0000 -1.0000 0.0000
vn 0.0000 -0.0271 0.9996
vn 0.0000 -0.8114 0.5845
vn -1.0000 -0.0073 0.0002
vn 0.0000 -0.0099 -1.0000
vn 0.0000 -0.0718 0.9974
vn 0.0000 -0.0540 -0.9985
vn 0.0000 0.9976 0.0692
vn 0.0000 0.0014 1.0000
vn 0.0000 0.0019 1.0000
vn 0.0000 0.0391 -0.9992
vn 0.0000 -0.0080 1.0000
vn -0.0000 -0.0869 -0.9962
vn 0.0000 0.8114 0.5845
vn -0.4228 0.7353 0.5297
vn -0.4228 -0.7353 0.5297
vn -0.0099 -0.8111 -0.5849
vn -0.0127 -0.8113 -0.5845
vn -0.0108 -0.8115 -0.5842
vn -0.0127 0.8113 -0.5845
vn -0.0099 0.8111 -0.5848
vn -0.0108 0.8115 -0.5842
vn -0.0099 -0.8111 0.5848
vn -0.0108 -0.8115 0.5842
vn -0.0126 -0.8113 0.5845
vn -0.0099 0.8111 0.5848
vn -0.0127 0.8113 0.5845
vn -0.0108 0.8115 0.5842
vn -0.4228 -0.7353 -0.5297
vn -0.6684 -0.6035 0.4348
vn -0.4228 0.7353 -0.5297
vn -0.4604 -0.6748 0.5768
vn -0.4604 -0.6748 -0.5768
vn -0.0000 -0.8114 -0.5845
vn -0.6238 0.0000 0.7816
vn -0.3844 -0.0000 -0.9231
vn 0.0099 -0.8111 0.5848
vn 0.0108 -0.8115 0.5842
vn -0.3844 0.0000 0.9232
vn -0.5237 -0.8518 -0.0125
vn -0.6619 0.7430 -0.0987
vn -0.6270 -0.7787 0.0228
vn 0.0000 0.8114 -0.5845
vn -0.4985 -0.8669 0.0000
vn -0.4985 0.8669 0.0000
vn 0.0000 -0.0052 -1.0000
vn -0.4445 -0.8957 0.0110
vn 0.0000 0.0077 1.0000
vn 0.0000 0.0064 1.0000
vn -0.6534 0.0096 0.7570
vn 0.0000 -0.0284 0.9996
vn -0.7156 -0.0372 -0.6975
vn 0.0000 -0.9997 0.0232
vn -0.6229 -0.0562 0.7803
vn -0.6238 -0.0000 0.7815
vn -0.5636 -0.8261 0.0000
vn -0.7150 -0.0924 -0.6930
vn -0.6463 0.0045 0.7630
vn -0.5162 -0.8565 0.0000
vn 0.0108 0.8115 0.5842
vn 0.0099 0.8111 0.5848
vn 0.0000 1.0000 -0.0012
vn 0.0000 1.0000 0.0007
vn -0.5162 0.8565 0.0000
vn -0.5412 -0.8390 0.0554
vn -0.3844 0.0000 0.9231
vn 0.0000 0.1280 -0.9918
vn 0.0000 -0.0761 0.9971
vn -0.6884 -0.7251 -0.0183
vn -0.6797 0.7331 0.0226
vn -0.7731 0.0204 0.6339
vn -1.0000 0.0000 0.0001
vn 0.0000 -1.0000 0.0043
vn 0.0000 -0.1495 0.9888
vn 0.0000 0.0230 0.9997
vn 0.0000 0.2085 -0.9780
vn -0.0000 1.0000 -0.0001
vn -0.0000 1.0000 -0.0017
vn 0.0000 1.0000 0.0008
vn -0.0000 -0.7602 -0.6497
vn -0.0000 0.8374 -0.5466
vn 0.0000 -0.7602 0.6497
vn -0.6950 0.2515 -0.6736
vn -0.0000 0.2373 -0.9714
vn 0.0000 -0.0068 1.0000
vn -0.6859 -0.7272 -0.0270
vn -0.6859 -0.7273 0.0221
vn 0.0000 -1.0000 0.0007
vn 0.0000 -1.0000 -0.0006
vn -0.5963 0.2940 0.7470
vn -0.6237 -0.0212 0.7814
vn 0.0000 -0.0609 -0.9981
vn -0.6500 -0.7599 0.0090
vn 0.0000 0.9756 0.2197
vn -0.0000 0.9910 -0.1339
vn -0.4477 -0.8941 0.0102
vn -1.0000 0.0020 0.0000
vn -0.6238 -0.0107 -0.7815
vn -0.6232 0.0453 -0.7807
vn -0.6144 0.1735 0.7697
vn 0.0000 -0.0137 -0.9999
vn 0.0000 0.0579 -0.9983
vn -0.7161 0.0075 -0.6980
vn -0.7441 -0.1249 0.6562
vn -0.6769 -0.0181 -0.7359
vn 0.0000 -0.0121 -0.9999
vn 0.0000 0.0009 1.0000
vn 0.0000 -0.0016 1.0000
vn -0.0000 0.0657 -0.9978
vn -0.7497 0.0279 0.6612
vn -0.6738 0.0976 -0.7325
vn 0.0000 -0.0119 -0.9999
vn 0.0000 -0.0059 -1.0000
vn 0.0000 0.9997 -0.0245
vn -0.0000 -0.9987 -0.0503
vn -0.5411 -0.8408 0.0182
vn 0.0000 -0.9999 0.0137
vn 0.0000 0.0051 1.0000
vn 0.0000 0.3662 0.9305
vn 0.0000 -0.9964 -0.0850
vn 0.0000 -0.9999 -0.0128
vn 0.0000 0.0919 -0.9958
vn 0.0000 0.0059 -1.0000
vn 0.0000 0.0119 -0.9999
vn 0.0000 0.9996 -0.0285
vn 0.0000 0.1853 0.9827
vn 0.0000 -0.9978 0.0659
vn 0.0099 0.8111 -0.5848
vn 0.0108 0.8115 -0.5842
vn 0.0108 -0.8115 -0.5842
vn 0.0099 -0.8111 -0.5849
vn 0.0000 1.0000 0.0037
vn 0.0000 -0.1655 -0.9862
vn 0.0000 1.0000 0.0014
vn 0.0000 0.0495 -0.9988
vn 0.0000 -0.0015 1.0000
vn 0.0000 0.0002 1.0000
vn 0.0000 0.0034 1.0000
vn 0.0000 -0.0269 0.9996
vn 0.0000 -0.0351 0.9994
vn 0.0000 -0.0187 0.9998
vn 0.0000 0.0222 -0.9998
vn -0.3586 0.8183 -0.4493
vn -0.3586 0.8183 0.4493
vn 0.0000 0.8766 0.4813
vn -0.4014 0.9159 0.0000
vn 0.0000 0.8766 -0.4813
vn 0.0000 0.0932 0.9956
vn -0.6010 -0.0100 0.7992
vn 0.0000 -0.0267 -0.9996
vn 0.6238 0.0000 -0.7816
vn 1.0000 0.0000 0.0000
vn 1.0000 -0.0073 0.0002
vn 0.4228 0.7353 0.5297
vn 0.4228 -0.7353 0.5297
vn 0.0127 -0.8113 -0.5845
vn 0.0127 0.8113 -0.5845
vn 0.0126 -0.8113 0.5845
vn 0.0127 0.8113 0.5845
vn 0.4228 -0.7353 -0.5297
vn 0.6684 -0.6035 0.4348
vn 0.4228 0.7353 -0.5297
vn 0.4604 -0.6748 0.5768
vn 0.4604 -0.6748 -0.5768
vn 0.6238 0.0000 0.7816
vn 0.3844 0.0000 -0.9231
vn 0.3844 0.0000 0.9232
vn 0.5237 -0.8518 -0.0125
vn 0.6619 0.7430 -0.0987
vn 0.6270 -0.7787 0.0228
vn 0.4985 -0.8669 0.0000
vn 0.4985 0.8669 0.0000
vn 0.4445 -0.8957 0.0110
vn 0.6534 0.0096 0.7570
vn 0.7156 -0.0372 -0.6975
vn 0.6229 -0.0562 0.7803
vn 0.6238 -0.0000 0.7815
vn 0.5636 -0.8261 0.0000
vn 0.7150 -0.0924 -0.6930
vn 0.6463 0.0045 0.7630
vn 0.5162 -0.8565 0.0000
vn 0.5162 0.8565 -0.0000
vn 0.5412 -0.8390 0.0554
vn 0.3844 0.0000 0.9231
vn 0.6884 -0.7251 -0.0183
vn 0.6797 0.7331 0.0226
vn 0.7731 0.0204 0.6339
vn 1.0000 0.0000 0.0001
vn 0.6950 0.2515 -0.6736
vn 0.6859 -0.7272 -0.0270
vn 0.6859 -0.7273 0.0221
vn 0.5963 0.2940 0.7470
vn 0.6237 -0.0212 0.7814
vn 0.6500 -0.7599 0.0090
vn 0.0000 -0.9999 0.0156
vn 0.0000 0.9756 -0.2197
vn 0.4477 -0.8941 0.0102
vn 1.0000 0.0020 0.0000
vn 0.6238 -0.0107 -0.7815
vn 0.6232 0.0453 -0.7807
vn 0.6144 0.1735 0.7697
vn 0.7161 0.0075 -0.6980
vn 0.7442 -0.1249 0.6562
vn 0.6769 -0.0181 -0.7359
vn 0.7497 0.0279 0.6612
vn 0.6738 0.0976 -0.7325
vn 0.5411 -0.8408 0.0182
vn 0.0000 0.2199 0.9755
vn 0.3586 0.8183 -0.4493
vn 0.3586 0.8183 0.4493
vn 0.4014 0.9159 -0.0000
vn 0.6010 -0.0100 0.7992
vn 0.0000 -0.0269 -0.9996
vn 0.0000 -0.0186 -0.9998
vn 0.0000 0.0222 0.9998
vn -0.6243 0.7799 -0.0459
vn -0.6238 0.0000 -0.7815
vn 0.0000 -0.9997 -0.0239
vn 0.0000 -0.2546 0.9670
vn -0.5907 0.8058 0.0411
vn 0.0000 -0.0351 -0.9994
vn 0.0000 -0.0524 -0.9986
vn 0.0000 0.0640 -0.9979
vn 0.6238 0.0001 -0.7815
vn 0.0000 0.0932 -0.9956
vn 0.0000 0.9992 -0.0393
vn 0.0000 0.1226 0.9925
vn 0.0000 0.9992 0.0393
vn 0.0000 -0.9970 0.0778
vn -0.6010 -0.0100 -0.7992
vn 0.0000 -0.0267 0.9996
vn 0.6243 0.7799 -0.0459
vn 0.6238 0.0000 -0.7815
vn 0.5907 0.8058 0.0411
vn -0.6238 0.0001 -0.7815
vn 0.6010 -0.0100 -0.7992
vn -0.3999 0.7675 -0.5010
vn -0.6129 0.7893 0.0372
vn -0.7668 0.6380 0.0699
vn -0.7582 -0.0235 -0.6516
vn -0.6015 -0.7982 0.0330
vn -0.6274 0.7781 0.0307
vn -0.7226 -0.1213 0.6805
vn -0.7531 -0.0588 0.6553
vn -0.7351 0.6763 -0.0469
vn -0.6457 0.3889 0.6571
vn -0.7151 -0.2684 -0.6454
vn -0.7373 0.1161 -0.6655
vn -0.6683 -0.1733 0.7235
vn -0.7148 -0.1973 0.6709
vn -0.6770 0.2114 -0.7049
vn -0.6828 -0.1679 -0.7110
vn -0.6129 0.7894 -0.0337
vn -0.6625 0.7294 0.1705
vn -0.6625 0.7294 -0.1705
vn -0.5796 -0.8140 -0.0393
vn -0.5753 -0.8080 0.1276
vn -0.7540 -0.1443 0.6408
vn -0.6401 0.7625 -0.0939
vn -0.6383 -0.7696 0.0176
vn -0.6375 -0.7687 -0.0509
vn -0.7468 0.1745 -0.6418
vn -0.6251 0.7793 -0.0440
vn -0.5723 -0.8194 0.0326
vn -0.5632 -0.8260 -0.0230
vn -0.6249 0.7790 0.0511
vn -0.7636 -0.1649 -0.6242
vn -0.7505 0.2454 -0.6135
vn -0.4893 0.8508 0.1916
vn -0.6106 -0.7673 -0.1960
vn -0.6963 0.7161 0.0487
vn 0.5610 0.7776 -0.2839
vn -0.6780 0.7310 -0.0775
vn -0.7240 -0.1005 0.6824
vn -0.7300 -0.2944 0.6168
vn -0.7286 -0.0826 -0.6800
vn -0.7560 0.1431 0.6387
vn -0.7274 0.1008 -0.6788
vn -0.6091 0.7885 -0.0849
vn -0.6563 -0.7383 0.1558
vn -0.6791 -0.7189 -0.1481
vn -0.5943 0.7693 0.2345
vn -0.7368 0.2829 -0.6141
vn -0.7422 -0.1876 -0.6434
vn -0.7202 0.1453 0.6783
vn -0.8193 -0.5728 0.0249
vn -0.4893 0.8508 -0.1916
vn -0.6992 -0.2556 -0.6677
vn -0.6992 0.2556 -0.6677
vn -0.7743 0.0363 0.6318
vn -0.7464 0.0574 0.6630
vn -0.7547 0.1697 -0.6338
vn -0.7215 0.0238 0.6920
vn -0.7643 -0.0627 -0.6419
vn -0.7169 -0.1146 0.6877
vn -0.7532 0.0556 0.6554
vn -0.6430 0.7586 -0.1050
vn -0.7317 -0.0617 0.6789
vn -0.7319 0.0558 0.6791
vn -0.6438 0.7595 0.0929
vn -0.7226 -0.1213 -0.6806
vn -0.7367 0.2829 0.6141
vn -0.7422 -0.1876 0.6434
vn -0.7202 0.1453 -0.6783
vn 0.3999 0.7675 -0.5010
vn 0.6129 0.7893 0.0372
vn 0.7668 0.6380 0.0699
vn 0.7582 -0.0235 -0.6516
vn 0.6015 -0.7982 0.0330
vn 0.6274 0.7781 0.0307
vn 0.7226 -0.1213 0.6805
vn 0.7531 -0.0588 0.6553
vn 0.7351 0.6763 -0.0469
vn 0.6457 0.3889 0.6571
vn 0.7151 -0.2684 -0.6454
vn 0.7373 0.1161 -0.6655
vn 0.6683 -0.1733 0.7235
vn 0.7148 -0.1973 0.6709
vn 0.6770 0.2114 -0.7049
vn 0.6828 -0.1679 -0.7110
vn 0.6129 0.7894 -0.0337
vn 0.6625 0.7294 0.1705
vn 0.6625 0.7294 -0.1705
vn 0.5796 -0.8140 -0.0393
vn 0.5753 -0.8080 0.1276
vn 0.7540 -0.1443 0.6408
vn 0.6401 0.7625 -0.0939
vn 0.6383 -0.7696 0.0176
vn 0.6375 -0.7687 -0.0509
vn 0.7468 0.1745 -0.6418
vn 0.6251 0.7793 -0.0440
vn 0.5723 -0.8194 0.0326
vn 0.5632 -0.8260 -0.0230
vn 0.6249 0.7790 0.0511
vn 0.7636 -0.1649 -0.6242
vn 0.7505 0.2454 -0.6135
vn 0.4893 0.8508 0.1916
vn 0.6106 -0.7673 -0.1960
vn 0.6963 0.7161 0.0487
vn -0.5610 0.7776 -0.2839
vn 0.6780 0.7310 -0.0775
vn 0.7240 -0.1005 0.6824
vn 0.7300 -0.2944 0.6168
vn 0.7286 -0.0826 -0.6800
vn 0.7560 0.1431 0.6387
vn 0.7274 0.1008 -0.6788
vn 0.6091 0.7885 -0.0849
vn 0.6563 -0.7383 0.1558
vn 0.6791 -0.7189 -0.1481
vn 0.5943 0.7693 0.2345
vn 0.7368 0.2829 -0.6141
vn 0.7422 -0.1876 -0.6434
vn 0.7202 0.1453 0.6783
vn 0.8193 -0.5728 0.0249
vn 0.4893 0.8508 -0.1916
vn 0.6992 -0.2556 -0.6677
vn 0.6992 0.2556 -0.6677
vn 0.7743 0.0363 0.6318
vn 0.7464 0.0574 0.6630
vn 0.7547 0.1697 -0.6338
vn 0.7215 0.0238 0.6920
vn 0.7643 -0.0627 -0.6419
vn 0.7169 -0.1146 0.6877
vn 0.7532 0.0556 0.6554
vn 0.6430 0.7586 -0.1050
vn 0.7317 -0.0617 0.6789
vn 0.7319 0.0558 0.6791
vn 0.6438 0.7595 0.0929
vn 0.7226 -0.1213 -0.6806
vn 0.7367 0.2829 0.6141
vn 0.7422 -0.1876 0.6434
vn 0.7202 0.1453 -0.6783
usemtl Wall_Dark.007
s 1
f 4361//1903 4362//1903 4363//1903 4364//1903
f 4365//1904 4366//1904 4367//1904 4368//1904
f 4362//1905 4361//1905 4369//1905 4370//1905 4371//1905 4372//1905
f 4373//1906 4374//1906 4375//1906 4376//1906
f 4377//1907 4378//1907 4379//1907 4380//1907
f 4381//1908 4382//1908 4383//1908 4384//1908
f 4385//1906 4386//1906 4387//1906 4388//1906
f 4389//1909 4390//1909 4391//1906 4392//1906
f 4393//1910 4394//1910 4395//1910 4396//1910
f 4397//1911 4398//1911 4399//1912 4400//1912
f 4401//1913 4402//1913 4403//1913 4404//1913
f 4405//1914 4406//1914 4407//1914 4408//1914
f 4409//1915 4410//1915 4411//1915 4412//1915 4413//1915 4414//1915 4415//1915 4416//1915 4417//1915 4418//1915
f 4419//1910 4420//1910 4421//1910 4422//1910
f 4423//1916 4424//1916 4425//1916 4426//1916
f 4427//1905 4428//1905 4429//1905 4430//1905 4431//1905 4432//1905 4433//1905
f 4434//1917 4435//1917 4436//1917 4437//1917
f 4438//1918 4439//1918 4440//1918 4441//1918
f 4442//1910 4443//1910 4444//1910 4445//1910
f 4446//1912 4447//1912 4448//1912 4449//1912
f 4450//1919 4451//1919 4452//1919 4453//1919
f 4454//1920 4455//1920 4456//1921 4457//1921
f 4458//1922 4459//1922 4460//1922 4461//1922
f 4462//1923 4463//1923 4464//1906 4465//1906
f 4466//1924 4467//1924 4468//1924 4469//1924
f 4470//1903 4471//1903 4472//1903 4473//1903
f 4474//1912 4475//1912 4476//1912 4477//1912
f 4478//1925 4396//1925 4395//1925 4479//1925
f 4480//1905 4481//1905 4482//1905 4483//1905 4484//1905 4485//1905 4486//1905 4487//1905 4488//1905 4489//1905
f 4490//1906 4491//1906 4492//1906 4493//1906
f 4494//1906 4495//1906 4496//1906 4497//1906
f 4498//1910 4499//1910 4500//1910 4501//1910
f 4370//1926 4502//1926 4503//1926
f 4504//1927 4505//1927 4369//1927
f 4506//1928 4507//1929 4508//1930
f 4509//1931 4510//1932 4511//1933
f 4368//1934 4512//1935 4513//1936
f 4514//1937 4515//1938 4376//1939
f 4364//1940 4516//1940 4361//1940
f 4380//1940 4517//1940 4518//1940
f 4519//1941 4520//1941 4384//1941
f 4521//1927 4522//1927 4523//1927
f 4524//1940 4525//1940 4526//1940
f 4479//1926 4395//1926 4527//1926
f 4394//1942 4528//1942 4529//1942
f 4530//1942 4531//1942 4532//1942
f 4400//1927 4533//1927 4534//1927
f 4535//1926 4536//1926 4404//1926
f 4417//1940 4537//1940 4538//1940
f 4539//1942 4540//1942 4416//1942
f 4419//1926 4433//1926 4541//1926
f 4430//1927 4408//1927 4407//1927
f 4422//1942 4542//1942 4427//1942
f 4543//1940 4429//1940 4426//1940
f 4544//1927 4545//1927 4411//1927
f 4546//1926 4547//1926 4412//1926
f 4548//1927 4549//1927 4550//1927
f 4437//1926 4551//1926 4552//1926
f 4553//1942 4554//1942 4445//1942
f 4555//1942 4556//1942 4557//1942
f 4392//1926 4558//1926 4559//1926
f 4560//1940 4448//1940 4561//1940
f 4447//1927 4562//1927 4563//1927
f 4564//1926 4465//1926 4565//1926
f 4566//1943 4454//1943 4567//1943
f 4470//1944 4473//1944 4568//1944
f 4488//1940 4569//1940 4570//1940
f 4571//1942 4572//1942 4487//1942
f 4477//1927 4492//1927 4482//1927
f 4491//1926 4573//1926 4483//1926
f 4574//1927 4575//1927 4576//1927
f 4577//1940 4578//1940 4579//1940
f 4497//1926 4500//1926 4580//1926
f 4499//1942 4581//1942 4582//1942
f 4583//1907 4364//1907 4363//1907 4584//1907
f 4505//1906 4585//1906 4586//1906 4502//1906
f 4364//1945 4583//1945 4587//1945 4516//1945
f 4502//1925 4586//1925 4588//1925 4503//1925
f 4370//1946 4369//1946 4505//1946 4502//1946
f 4589//1907 4590//1907 4511//1907 4591//1907
f 4592//1947 4509//1947 4511//1947 4590//1947
f 4367//1948 4593//1949 4512//1935 4368//1934
f 4594//1950 4513//1950 4512//1950 4595//1950
f 4365//1951 4368//1951 4513//1951 4596//1951
f 4597//1910 4598//1910 4599//1910 4600//1910
f 4601//1952 4602//1952 4599//1952 4598//1952
f 4379//1945 4603//1945 4517//1945 4380//1945
f 4604//1953 4518//1953 4517//1953 4381//1953
f 4377//1903 4380//1903 4518//1903 4605//1903
f 4525//1912 4606//1912 4607//1912 4522//1912
f 4388//1946 4479//1946 4527//1946 4608//1946
f 4394//1954 4393//1954 4609//1954 4528//1954
f 4610//1903 4524//1903 4526//1903 4611//1903
f 4521//1955 4526//1955 4525//1955 4522//1955
f 4529//1956 4527//1956 4395//1956 4394//1956
f 4461//1957 4460//1957 4532//1957 4612//1957
f 4399//1914 4613//1914 4533//1914 4400//1914
f 4614//1946 4534//1946 4533//1946 4615//1946
f 4397//1955 4400//1955 4534//1955 4616//1955
f 4617//1956 4531//1956 4530//1956 4618//1956
f 4619//1958 4544//1958 4411//1958 4410//1958
f 4547//1925 4546//1925 4620//1925 4621//1925
f 4622//1956 4539//1956 4416//1956 4415//1956
f 4417//1903 4416//1903 4540//1903 4537//1903
f 4623//1959 4624//1959 4625//1960 4626//1960
f 4431//1961 4430//1961 4407//1961 4625//1961
f 4627//1962 4541//1962 4624//1962 4623//1962
f 4428//1963 4427//1963 4542//1963 4423//1963
f 4419//1956 4422//1956 4427//1956 4433//1956
f 4543//1955 4408//1955 4430//1955 4429//1955
f 4412//1946 4411//1946 4545//1946 4546//1946
f 4628//1964 4629//1964 4630//1964 4631//1964
f 4436//1925 4632//1925 4551//1925 4437//1925
f 4633//1956 4552//1956 4551//1956 4634//1956
f 4434//1965 4437//1965 4552//1965 4635//1965
f 4636//1903 4637//1903 4638//1903 4639//1903
f 4556//1954 4640//1954 4641//1954 4557//1954
f 4642//1903 4560//1903 4561//1903 4643//1903
f 4391//1925 4644//1925 4558//1925 4392//1925
f 4389//1966 4392//1966 4559//1966 4645//1966
f 4555//1956 4559//1956 4558//1956 4556//1956
f 4563//1955 4561//1955 4448//1955 4447//1955
f 4453//1910 4452//1910 4646//1910 4571//1910
f 4647//1967 4566//1967 4567//1967 4648//1967
f 4647//1912 4649//1912 4650//1912 4566//1912
f 4465//1925 4464//1925 4651//1925 4565//1925
f 4652//1968 4653//1968 4468//1968 4467//1968
f 4654//1969 4567//1969 4454//1969 4457//1969
f 4572//1907 4655//1907 4656//1907 4569//1907
f 4474//1955 4477//1955 4482//1955 4481//1955
f 4491//1925 4490//1925 4657//1925 4573//1925
f 4453//1956 4571//1956 4487//1956 4486//1956
f 4488//1903 4487//1903 4572//1903 4569//1903
f 4483//1946 4482//1946 4492//1946 4491//1946
f 4578//1912 4658//1912 4659//1912 4575//1912
f 4494//1946 4497//1946 4580//1946 4660//1946
f 4499//1954 4498//1954 4661//1954 4581//1954
f 4662//1903 4577//1903 4579//1903 4663//1903
f 4574//1955 4579//1955 4578//1955 4575//1955
f 4582//1956 4580//1956 4500//1956 4499//1956
f 4617//1910 4664//1910 4665//1910 4531//1910
f 4666//1954 4584//1954 4363//1954 4667//1954
f 4506//1970 4668//1970 4669//1970 4507//1970
f 4670//1905 4671//1905 4509//1905 4592//1905 4672//1905 4673//1905 4507//1905 4669//1905 4596//1905 4513//1905 4594//1905 4674//1905 4675//1905 4515//1905
f 4376//1939 4375//1971 4676//1972 4514//1937
f 4677//1973 4678//1973 4679//1974 4680//1974
f 4506//1912 4681//1912 4682//1912 4668//1912
f 4514//1975 4677//1975 4670//1975 4515//1975
f 4668//1976 4365//1976 4596//1976 4669//1976
f 4514//1910 4676//1910 4678//1973 4677//1973
f 4515//1977 4675//1977 4373//1977 4376//1977
f 4507//1947 4673//1947 4439//1947 4508//1947
f 4441//1978 4440//1978 4590//1978 4589//1978
f 4512//1906 4593//1906 4683//1906 4595//1906
f 4684//1979 4685//1979 4374//1979 4373//1979
f 4520//1980 4604//1980 4381//1980 4384//1980
f 4686//1981 4601//1981 4598//1981 4687//1981
f 4688//1910 4687//1910 4598//1910 4597//1910
f 4519//1982 4689//1982 4690//1982 4520//1982
f 4604//1983 4520//1983 4690//1983 4691//1983 4602//1983 4601//1983 4686//1983 4692//1983 4605//1983 4518//1983
f 4517//1984 4603//1984 4382//1984 4381//1984
f 4689//1985 4693//1985 4694//1985 4695//1985
f 4519//1986 4696//1986 4693//1986 4689//1986
f 4697//1987 4698//1987 4378//1987 4377//1987
f 4699//1988 4700//1988 4666//1989 4667//1989
f 4503//1956 4701//1956 4371//1956 4370//1956
f 4516//1955 4504//1955 4369//1955 4361//1955
f 4701//1990 4702//1990 4700//1988 4699//1988
f 4473//1991 4703//1991 4704//1991 4568//1991
f 4705//1992 4469//1992 4468//1992 4706//1992
f 4650//1993 4455//1993 4454//1993 4566//1993
f 4564//1946 4707//1946 4462//1946 4465//1946
f 4471//1994 4652//1994 4467//1994 4472//1994
f 4708//1945 4709//1945 4710//1945 4711//1945
f 4712//1995 4472//1995 4467//1995 4466//1995
f 4713//1996 4714//1996 4463//1923 4462//1923
f 4665//1954 4612//1954 4532//1954 4531//1954
f 4715//1997 4647//1997 4648//1997 4716//1997
f 4565//1956 4717//1956 4718//1956 4564//1956
f 4703//1907 4473//1907 4472//1907 4712//1907
f 4715//1912 4719//1912 4649//1912 4647//1912
f 4565//1910 4651//1910 4720//1910 4717//1910
f 4568//1998 4715//1998 4716//1998 4470//1998
f 4567//1905 4654//1905 4721//1905 4707//1905 4564//1905 4718//1905 4722//1905 4653//1905 4652//1905 4471//1905 4470//1905 4716//1905 4648//1905
f 4568//1912 4704//1912 4719//1912 4715//1912
f 4723//1956 4617//1956 4618//1956 4724//1956
f 4404//1925 4403//1925 4725//1925 4535//1925
f 4723//1910 4726//1910 4664//1910 4617//1910
f 4711//1999 4710//1999 4727//2000 4728//2000
f 4535//1956 4723//1956 4724//1956 4536//1956
f 4535//1910 4725//1910 4726//1910 4723//1910
f 4729//1905 4616//1905 4534//1905 4614//1905 4730//1905 4536//1905 4724//1905 4618//1905 4530//1905 4731//1905 4732//1905 4733//1905
f 4730//2001 4614//2001 4615//2001 4401//2001
f 4733//1903 4732//1903 4459//1903 4708//1903
f 4709//1907 4708//1907 4459//1907 4458//1907
f 4536//2002 4730//2002 4401//2002 4404//2002
f 4581//1903 4734//1903 4735//1903 4582//1903
f 4736//1946 4494//1946 4660//1946 4737//1946
f 4496//1925 4501//1925 4500//1925 4497//1925
f 4581//1907 4661//1907 4738//1907 4734//1907
f 4736//1906 4739//1906 4495//1906 4494//1906
f 4740//1946 4736//1946 4737//1946 4741//1946
f 4740//1906 4742//1906 4739//1906 4736//1906
f 4743//1946 4740//1946 4741//1946 4744//1946
f 4734//2003 4738//2003 4745//2003 4746//2003
f 4743//1906 4747//1906 4742//1906 4740//1906
f 4538//2004 4748//2004 4418//2004 4417//2004
f 4622//2005 4749//2005 4750//2005 4751//2005
f 4547//1956 4752//1956 4413//1956 4412//1956
f 4752//1910 4547//1910 4621//1910 4753//1910
f 4754//2006 4755//2006 4629//2006 4628//2006
f 4634//1910 4756//1910 4443//1910 4442//1910
f 4549//2007 4757//2007 4755//2007 4550//2007
f 4758//2008 4554//2008 4759//2008 4639//2008 4638//2008 4760//2008 4757//2008 4549//2008 4761//2008 4635//2008 4552//2008 4633//2008
f 4553//2009 4762//2009 4759//2009 4554//2009
f 4762//2010 4636//2010 4639//2010 4759//2010
f 4548//1946 4763//1946 4761//1946 4549//1946
f 4763//2011 4434//2011 4635//2011 4761//2011
f 4764//1912 4550//1912 4755//1912 4754//1912
f 4553//2012 4765//2012 4766//2012 4762//2012
f 4762//2013 4766//2013 4767//2013 4636//2013
f 4548//1906 4768//1906 4769//1906 4763//1906
f 4429//2014 4428//2014 4423//2014 4426//2014
f 4770//2015 4389//2015 4645//2015 4771//2015
f 4557//2016 4772//2016 4773//2016 4555//2016
f 4557//2017 4641//2017 4774//2017 4772//2017
f 4562//2018 4775//2018 4776//2019 4770//2019
f 4773//1905 4643//1905 4561//1905 4563//1905 4771//1905 4645//1905 4559//1905 4555//1905
f 4772//2020 4774//2020 4777//2020 4642//2020
f 4562//2021 4770//2021 4771//2021 4563//2021
f 4772//2022 4642//2022 4643//2022 4773//2022
f 4778//2023 4779//2023 4780//2024 4662//2024
f 4447//1914 4446//1914 4775//1914 4562//1914
f 4642//1907 4777//1907 4781//1907 4560//1907
f 4476//1914 4493//1914 4492//1914 4477//1914
f 4782//2025 4783//2025 4451//2025 4450//2025
f 4784//1912 4785//1912 4786//1912 4787//1912
f 4573//1956 4782//1956 4484//1956 4483//1956
f 4573//1910 4657//1910 4783//1910 4782//1910
f 4787//2026 4786//2026 4475//2026 4474//2026
f 4570//2027 4784//2027 4489//2027 4488//2027
f 4570//2028 4788//2028 4785//2028 4784//2028
f 4626//1960 4625//1960 4407//2029 4406//2029
f 4615//2030 4789//2030 4402//2030 4401//2030
f 4790//2031 4791//2031 4792//2031 4619//2031
f 4748//2032 4793//2032 4791//2032 4790//2032
f 4746//2033 4745//2033 4794//2033 4795//2033
f 4576//1906 4796//1906 4797//1906 4798//1906
f 4798//1906 4797//1906 4799//1906 4800//1906
f 4801//1905 4802//1905 4744//1905 4741//1905 4737//1905 4660//1905 4580//1905 4582//1905 4735//1905 4803//1905 4804//1905 4805//1905 4806//1905 4663//1905 4579//1905 4574//1905
f 4576//1946 4798//1946 4801//1946 4574//1946
f 4798//1946 4800//1946 4802//1946 4801//1946
f 4800//1946 4743//1946 4744//1946 4802//1946
f 4795//1903 4807//1903 4805//1903 4804//1903
f 4800//1906 4799//1906 4747//1906 4743//1906
f 4795//1907 4794//1907 4808//2034 4807//2034
f 4807//2034 4808//2034 4779//2035 4778//2035
f 4717//2036 4720//2036 4809//2036 4810//2036
f 4595//2037 4683//2037 4685//2037 4684//2037
f 4811//1907 4508//1907 4439//1907 4438//1907
f 4668//2038 4682//2038 4366//2038 4365//2038
f 4812//2039 4591//2040 4511//1933 4510//1932
f 4508//1930 4811//2041 4681//2042 4506//1928
f 4680//1974 4679//1974 4812//2043 4510//2043
f 4813//1954 4814//1954 4540//1954 4539//1954
f 4537//1945 4815//1945 4816//1945 4538//1945
f 4539//1910 4622//1910 4751//1910 4813//1910
f 4569//1945 4656//1945 4788//1945 4570//1945
f 4646//1954 4655//1954 4572//1954 4571//1954
f 4421//1954 4817//1954 4542//1954 4422//1954
f 4781//1945 4449//1945 4448//1945 4560//1945
f 4818//1945 4658//1945 4578//1945 4577//1945
f 4575//1914 4659//1914 4796//1914 4576//1914
f 4662//2024 4780//2024 4818//1907 4577//1907
f 4819//1945 4606//1945 4525//1945 4524//1945
f 4522//1914 4607//1914 4820//1914 4523//1914
f 4528//1907 4609//1907 4821//1907 4822//1907
f 4823//1914 4585//1914 4505//1914 4504//1914
f 4516//1912 4587//1912 4823//1912 4504//1912
f 4824//2044 4825//2044 4698//2044 4697//2044
f 4384//1914 4383//1914 4696//1914 4519//1914
f 4826//1925 4600//1925 4599//1925 4827//1925
f 4687//1954 4688//1954 4825//1954 4824//1954
f 4695//1906 4694//1906 4826//1906 4827//1906
f 4457//1921 4456//1921 4714//1996 4713//1996
f 4728//2000 4727//2000 4398//1911 4397//1911
f 4810//2045 4809//2045 4705//2045 4706//2045
f 4533//1906 4613//1906 4789//1906 4615//1906
f 4551//1910 4632//1910 4756//1910 4634//1910
f 4610//1907 4828//1907 4819//1907 4524//1907
f 4445//1954 4444//1954 4765//1954 4553//1954
f 4541//1925 4627//1925 4420//1925 4419//1925
f 4829//1945 4631//1945 4630//1945 4637//1945
f 4550//1914 4764//1914 4768//1914 4548//1914
f 4426//1945 4425//1945 4830//1945 4543//1945
f 4636//1907 4767//1907 4829//1907 4637//1907
f 4542//2046 4817//2046 4424//2046 4423//2046
f 4543//1912 4830//1912 4405//1912 4408//1912
f 4831//1905 4608//1905 4527//1905 4529//1905 4832//1905 4611//1905 4526//1905 4521//1905
f 4388//1906 4387//1906 4478//1906 4479//1906
f 4503//1910 4588//1910 4702//1990 4701//1990
f 4523//1906 4820//1906 4386//1906 4385//1906
f 4822//1907 4821//1907 4828//1907 4610//1907
f 4833//1906 4834//1906 4835//2047 4836//2047
f 4558//1910 4644//1910 4640//1910 4556//1910
f 4837//1905 4838//1905 4839//1905 4840//1905 4841//1905 4842//1905 4843//1905 4844//1905
f 4842//1927 4845//1927 4833//1927
f 4846//1940 4847//1940 4841//1940
f 4848//1942 4849//1942 4840//1942
f 4850//1910 4848//1910 4851//1910 4852//1910
f 4847//1912 4853//1912 4854//1912 4845//1912
f 4848//1954 4850//1954 4855//1954 4849//1954
f 4845//1914 4854//1914 4834//1914 4833//1914
f 4842//1955 4841//1955 4847//1955 4845//1955
f 4856//1925 4857//1925 4858//1925 4859//1925
f 4860//2048 4861//2048 4856//2049 4859//2049
f 4833//1946 4836//1946 4843//1946 4842//1946
f 4849//1903 4846//1903 4841//1903 4840//1903
f 4836//2047 4835//2047 4861//2048 4860//2048
f 4862//1945 4853//1945 4847//1945 4846//1945
f 4849//1907 4855//1907 4862//1907 4846//1907
f 4852//1910 4851//1910 4863//1910 4864//1910
f 4865//2050 4866//2050 4867//2051 4868//2051
f 4840//1956 4839//1956 4851//1956 4848//1956
f 4864//1910 4863//1910 4858//1910 4857//1910
f 4869//2052 4870//2052 4866//2050 4865//2050
f 4871//2053 4872//2053 4873//2053 4874//2053
f 4875//1910 4876//1910 4877//1910 4878//1910
f 4879//1940 4880//1940 4881//1940
f 4882//1927 4883//1927 4884//1927
f 4871//2054 4885//2054 4877//2054
f 4878//2055 4886//2055 4868//2055
f 4882//1906 4887//1906 4888//1906 4889//1906
f 4881//1912 4890//1912 4891//1912 4884//1912
f 4868//2056 4867//2056 4875//2056 4878//2056
f 4889//1946 4892//1946 4883//1946 4882//1946
f 4879//1955 4881//1955 4884//1955 4883//1955
f 4886//2057 4878//2057 4877//2057 4885//2057
f 4880//1903 4879//1903 4893//1903 4894//1903
f 4872//2058 4871//2058 4877//2058 4876//2058
f 4889//2059 4888//2059 4870//2059 4869//2059
f 4893//1905 4879//1905 4883//1905 4892//1905 4895//1905 4896//1905 4886//1905 4885//1905 4897//1905
f 4894//1907 4898//1907 4899//1907 4880//1907
f 4880//1945 4899//1945 4890//1945 4881//1945
f 4887//1914 4882//1914 4884//1914 4891//1914
f 4868//2060 4886//2060 4896//2060 4865//2060
f 4874//2061 4873//2061 4898//2061 4894//2061
f 4900//2062 4583//2062 4584//2062 4901//2062
f 4901//2063 4902//2063 4903//2063 4904//2063 4905//2063 4900//2063
f 4619//1912 4792//1912 4906//1912 4544//1912
f 4907//2064 4908//2064 4909//2064 4910//2064 4911//2064 4912//2064 4913//2064 4914//2064 4915//2064 4916//2064
f 4917//2063 4918//2063 4919//2063 4920//2063 4921//2063 4922//2063 4923//2063
f 4620//1906 4546//1906 4545//1906 4924//1906
f 4925//2062 4703//2062 4712//2062 4926//2062
f 4927//2063 4928//2063 4929//2063 4930//2063 4931//2063 4932//2063 4933//2063 4934//2063 4935//2063 4936//2063
f 4904//2065 4588//2065 4586//2065
f 4823//2066 4905//2066 4585//2066
f 4681//2042 4811//2041 4937//2067
f 4938//2068 4591//2040 4812//2039
f 4367//1948 4939//2069 4593//1949
f 4676//1972 4375//1971 4940//2070
f 4583//2071 4900//2071 4587//2071
f 4379//2071 4941//2071 4603//2071
f 4696//2072 4383//2072 4942//2072
f 4943//2066 4820//2066 4607//2066
f 4819//2071 4944//2071 4606//2071
f 4478//2065 4945//2065 4396//2065
f 4393//2073 4946//2073 4609//2073
f 4947//2073 4612//2073 4665//2073
f 4399//2066 4948//2066 4613//2066
f 4725//2065 4403//2065 4949//2065
f 4909//2071 4816//2071 4815//2071
f 4813//2073 4910//2073 4814//2073
f 4420//2065 4627//2065 4918//2065
f 4921//2066 4406//2066 4405//2066
f 4421//2073 4917//2073 4817//2073
f 4830//2071 4425//2071 4922//2071
f 4906//2066 4915//2066 4924//2066
f 4620//2065 4914//2065 4621//2065
f 4768//2066 4764//2066 4950//2066
f 4436//2065 4951//2065 4632//2065
f 4765//2073 4444//2073 4952//2073
f 4953//2073 4641//2073 4640//2073
f 4391//2065 4954//2065 4644//2065
f 4781//2071 4955//2071 4449//2071
f 4446//2066 4956//2066 4775//2066
f 4957//2065 4651//2065 4464//2065
f 4650//2074 4958//2074 4455//2074
f 4925//2075 4704//2075 4703//2075
f 4929//2071 4788//2071 4656//2071
f 4646//2073 4930//2073 4655//2073
f 4476//2066 4935//2066 4493//2066
f 4490//2065 4934//2065 4657//2065
f 4959//2066 4796//2066 4659//2066
f 4818//2071 4960//2071 4658//2071
f 4496//2065 4961//2065 4501//2065
f 4498//2073 4962//2073 4661//2073
f 4904//2076 4586//2076 4585//2076 4905//2076
f 4963//2077 4589//2077 4591//2077 4938//2077
f 4964//2078 4683//2078 4593//2078 4939//2078
f 4366//2079 4965//2079 4939//2079 4367//2079
f 4966//2080 4597//2080 4600//2080 4967//2080
f 4968//2081 4382//2081 4603//2081 4941//2081
f 4378//2062 4969//2062 4941//2062 4379//2062
f 4387//2076 4970//2076 4945//2076 4478//2076
f 4828//2062 4971//2062 4944//2062 4819//2062
f 4943//2082 4607//2082 4606//2082 4944//2082
f 4946//2083 4393//2083 4396//2083 4945//2083
f 4972//2076 4789//2076 4613//2076 4948//2076
f 4398//2082 4973//2082 4948//2082 4399//2082
f 4664//2083 4974//2083 4947//2083 4665//2083
f 4537//1907 4540//1907 4814//1907 4815//1907
f 4792//2084 4916//2084 4915//2084 4906//2084
f 4751//2083 4911//2083 4910//2083 4813//2083
f 4909//2062 4815//2062 4814//2062 4910//2062
f 4920//2085 4626//2085 4406//2085 4921//2085
f 4923//2086 4424//2086 4817//2086 4917//2086
f 4420//2083 4918//2083 4917//2083 4421//2083
f 4830//2082 4922//2082 4921//2082 4405//2082
f 4914//2076 4620//2076 4924//2076 4915//2076
f 4770//2019 4776//2019 4390//1909 4389//1909
f 4975//2083 4756//2083 4632//2083 4951//2083
f 4435//2087 4976//2087 4951//2087 4436//2087
f 4767//2062 4977//2062 4978//2062 4829//2062
f 4777//2062 4979//2062 4955//2062 4781//2062
f 4390//2088 4980//2088 4954//2088 4391//2088
f 4953//2083 4640//2083 4644//2083 4954//2083
f 4956//2082 4446//2082 4449//2082 4955//2082
f 4649//2089 4981//2089 4958//2089 4650//2089
f 4982//2090 4466//2090 4469//2090 4983//2090
f 4984//2091 4456//2091 4455//2091 4958//2091
f 4475//2082 4936//2082 4935//2082 4476//2082
f 4452//2083 4931//2083 4930//2083 4646//2083
f 4929//2062 4656//2062 4655//2062 4930//2062
f 4934//2076 4490//2076 4493//2076 4935//2076
f 4495//2076 4985//2076 4961//2076 4496//2076
f 4780//2062 4986//2062 4960//2062 4818//2062
f 4959//2082 4659//2082 4658//2082 4960//2082
f 4962//2083 4498//2083 4501//2083 4961//2083
f 4681//2092 4937//2092 4987//2092 4682//2092
f 4988//2063 4940//2063 4989//2063 4990//2063 4964//2063 4939//2063 4965//2063 4987//2063 4937//2063 4991//2063 4992//2063 4963//2063 4938//2063 4993//2063
f 4676//2093 4940//2093 4988//2093 4678//2093
f 4682//2094 4987//2094 4965//2094 4366//2094
f 4940//2095 4375//2095 4374//2095 4989//2095
f 4937//2077 4811//2077 4438//2077 4991//2077
f 4942//2096 4383//2096 4382//2096 4968//2096
f 4994//2097 4688//2097 4597//2097 4966//2097
f 4696//2098 4942//2098 4995//2098 4693//2098
f 4968//2099 4941//2099 4969//2099 4996//2099 4994//2099 4966//2099 4967//2099 4997//2099 4995//2099 4942//2099
f 4588//2083 4904//2083 4903//2083 4702//2083
f 4587//2082 4900//2082 4905//2082 4823//2082
f 4957//2076 4464//2076 4463//2076 4998//2076
f 4926//2100 4712//2100 4466//2100 4982//2100
f 4719//2101 4999//2101 4981//2101 4649//2101
f 4651//2083 4957//2083 5000//2083 4720//2083
f 4704//2102 4925//2102 4999//2102 4719//2102
f 4958//2063 4981//2063 4999//2063 4925//2063 4926//2063 4982//2063 4983//2063 5001//2063 5000//2063 4957//2063 4998//2063 5002//2063 4984//2063
f 4726//2083 5003//2083 4974//2083 4664//2083
f 4725//2083 4949//2083 5003//2083 4726//2083
f 5004//2063 5005//2063 5006//2063 5007//2063 4947//2063 4974//2063 5003//2063 4949//2063 5008//2063 4972//2063 4948//2063 4973//2063
f 5008//2103 4402//2103 4789//2103 4972//2103
f 5005//2062 4709//2062 4458//2062 5006//2062
f 4949//2104 4403//2104 4402//2104 5008//2104
f 4661//2062 4962//2062 5009//2062 4738//2062
f 4739//2076 5010//2076 4985//2076 4495//2076
f 4742//2076 5011//2076 5010//2076 4739//2076
f 4747//2076 5012//2076 5011//2076 4742//2076
f 4816//2105 4909//2105 4908//2105 4793//2105
f 4906//1914 4924//1914 4545//1914 4544//1914
f 4538//2106 4816//2106 4793//2106 4748//2106
f 4621//2083 4914//2083 4913//2083 4753//2083
f 4752//2107 4753//2107 4750//2107 4749//2107
f 4950//2108 4764//2108 4754//2108 5013//2108
f 5014//2109 4975//2109 4951//2109 4976//2109 5015//2109 4950//2109 5013//2109 5016//2109 4978//2109 4977//2109 5017//2109 4952//2109
f 4765//2110 4952//2110 5017//2110 4766//2110
f 4766//2111 5017//2111 4977//2111 4767//2111
f 4768//2076 4950//2076 5015//2076 4769//2076
f 4769//2112 5015//2112 4976//2112 4435//2112
f 4922//2113 4425//2113 4424//2113 4923//2113
f 4776//2114 5018//2114 4980//2114 4390//2114
f 4641//2115 4953//2115 5019//2115 4774//2115
f 5019//2063 4953//2063 4954//2063 4980//2063 5018//2063 4956//2063 4955//2063 4979//2063
f 4775//2116 4956//2116 5018//2116 4776//2116
f 4774//2117 5019//2117 4979//2117 4777//2117
f 4657//2083 4934//2083 4933//2083 4783//2083
f 4788//2118 4929//2118 4928//2118 4785//2118
f 5020//2063 4959//2063 4960//2063 4986//2063 5021//2063 5022//2063 5023//2063 5024//2063 5009//2063 4962//2063 4961//2063 4985//2063 5010//2063 5011//2063 5012//2063 5025//2063
f 4796//2076 4959//2076 5020//2076 4797//2076
f 4797//2076 5020//2076 5025//2076 4799//2076
f 4799//2076 5025//2076 5012//2076 4747//2076
f 4794//2062 5023//2062 5022//2062 4808//2062
f 4763//2119 4769//2119 4435//2119 4434//2119
f 5026//2063 4943//2063 4944//2063 4971//2063 5027//2063 4946//2063 4945//2063 4970//2063
f 5028//2063 5029//2063 5030//2063 5031//2063 5032//2063 5033//2063 5034//2063 5035//2063
f 5031//2066 4834//2066 4854//2066
f 4862//2071 5032//2071 4853//2071
f 4850//2073 5033//2073 4855//2073
f 5031//2082 4854//2082 4853//2082 5032//2082
f 4834//2076 5031//2076 5030//2076 4835//2076
f 4855//2062 5033//2062 5032//2062 4862//2062
f 5033//2083 4850//2083 4852//2083 5034//2083
f 5036//2071 4890//2071 4899//2071
f 4887//2066 4891//2066 5037//2066
f 4872//2120 4876//2120 5038//2120
f 4875//2121 4867//2121 5039//2121
f 4888//2076 4887//2076 5037//2076 5040//2076
f 5036//2082 5037//2082 4891//2082 4890//2082
f 5039//2122 5038//2122 4876//2122 4875//2122
f 4899//2062 4898//2062 5041//2062 5036//2062
f 5041//2063 5042//2063 5038//2063 5039//2063 5043//2063 5044//2063 5040//2063 5037//2063 5036//2063
f 4867//2123 4866//2123 5043//2123 5039//2123
usemtl Wall_Medium.007
f 5045//1910 5046//1910 5047//1910 5048//1910
f 5049//1906 5050//1906 5051//1906 5052//1906
f 5053//1906 5054//1906 5055//1906 5056//1906
f 5057//1910 5058//1910 5059//1910 5060//1910
f 5061//1910 5062//1910 5063//1910 5064//1910
f 5065//2124 5066//2124 5067//2125 5068//2125
f 5069//1906 5070//1906 5071//1906 5072//1906
f 5073//1907 5074//1907 5075//1907 5076//1907
f 5077//1912 5078//1912 5079//1912 5080//1912
f 5081//1906 5082//1906 5083//1906 5084//1906
f 5085//2126 5086//2126 5087//2126 5088//2126
f 5089//1906 5090//1906 5050//1906 5049//1906
f 5091//1910 5092//1910 5093//1910 5094//1910
f 5095//1906 5096//1906 5090//1906 5089//1906
f 5097//1910 5098//1910 5099//1910 5100//1910
f 5101//1927 5102//1927 5053//1927
f 5103//1940 5104//1940 5105//1940
f 5056//1926 5063//1926 5106//1926
f 5046//1942 5107//1942 5108//1942
f 5109//1942 5060//1942 5110//1942
f 5072//1926 5057//1926 5111//1926
f 5076//1940 5079//1940 5112//1940
f 5078//1927 5113//1927 5114//1927
f 5115//1927 5116//1927 5081//1927
f 5117//1940 5118//1940 5119//1940
f 5088//2055 5093//2055 5120//2055
f 5092//2054 5121//2054 5122//2054
f 5123//1927 5124//1927 5095//1927
f 5125//1940 5126//1940 5127//1940
f 5052//1926 5099//1926 5128//1926
f 5129//1942 5130//1942 5131//1942
f 5132//1912 5133//1912 5134//1912 5102//1912
f 5053//1946 5056//1946 5106//1946 5101//1946
f 5046//1954 5045//1954 5135//1954 5107//1954
f 5107//1903 5103//1903 5105//1903 5108//1903
f 5136//1955 5105//1955 5104//1955 5137//1955
f 5138//2127 5106//2127 5063//2127 5062//2127
f 5060//1954 5059//1954 5139//1954 5110//1954
f 5073//1903 5076//2128 5112//2128 5140//1903
f 5071//1925 5058//1925 5057//1925 5072//1925
f 5069//1946 5072//1946 5111//1946 5141//1946
f 5109//1956 5111//1956 5057//1956 5060//1956
f 5114//1955 5112//1955 5079//1955 5078//1955
f 5142//1907 5143//1907 5144//1907 5117//1907
f 5118//1912 5145//1912 5146//1912 5116//1912
f 5092//2058 5091//2058 5147//2058 5121//2058
f 5142//2128 5117//2128 5119//2128 5148//2128
f 5115//1955 5119//1955 5118//1955 5116//1955
f 5122//2057 5120//2057 5093//2057 5092//2057
f 5149//2129 5150//2129 5151//2129 5124//2129
f 5129//1954 5152//1954 5153//1954 5130//1954
f 5130//1903 5125//1903 5127//1903 5131//1903
f 5051//1925 5100//1925 5099//1925 5052//1925
f 5154//1956 5128//1956 5099//1956 5098//1956
f 5131//1956 5155//1956 5156//1956 5129//1956
f 5126//1912 5157//1912 5158//1912 5159//1912
f 5127//1905 5160//1905 5161//1905 5123//1905 5162//1905 5163//1905 5128//1905 5154//1905 5164//1905 5155//1905 5131//1905
f 5165//2130 5166//2130 5070//2130 5069//2130
f 5167//2131 5138//2131 5062//2131 5168//2131
f 5048//1910 5047//1910 5168//1910 5169//1910
f 5136//1905 5170//1905 5101//1905 5106//1905 5138//1905 5167//1905 5171//1905 5108//1905 5105//1905
f 5169//1910 5168//1910 5062//1910 5061//1910
f 5121//2132 5147//2132 5066//2124 5065//2124
f 5110//2133 5139//2133 5172//2133 5173//2133
f 5173//2134 5172//2134 5174//2134 5175//2134
f 5113//1907 5176//1907 5177//1907 5178//1907
f 5113//2135 5178//2135 5179//2135 5114//2135
f 5175//1907 5174//1907 5074//1907 5073//1907
f 5180//1905 5181//1905 5140//1905 5112//1905 5114//1905 5179//1905 5182//1905 5141//1905 5111//1905 5109//1905
f 5175//1903 5073//1903 5140//1903 5181//1903
f 5081//1946 5084//1946 5183//1946 5115//1946
f 5087//2056 5094//2056 5093//2056 5088//2056
f 5068//2136 5067//2136 5143//2136 5142//2136
f 5183//1905 5184//1905 5120//1905 5122//1905 5185//1905 5186//1905 5148//1905 5119//1905 5115//1905
f 5075//1945 5080//1945 5079//1945 5076//1945
f 5187//2137 5188//2137 5098//2137 5097//2137
f 5116//1914 5146//1914 5082//1914 5081//1914
f 5144//1945 5145//1945 5118//1945 5117//1945
f 5178//2138 5177//2138 5166//2138 5165//2138
f 5104//1912 5189//1912 5190//1912 5137//1912
f 5137//1912 5190//1912 5133//1912 5132//1912
f 5055//1925 5064//1925 5063//1925 5056//1925
f 5191//1945 5189//1945 5104//1945 5103//1945
f 5102//1914 5134//1914 5054//1914 5053//1914
f 5107//1907 5135//1907 5191//1907 5103//1907
f 5192//2139 5156//2139 5188//2139 5187//2139
f 5152//1910 5129//1910 5156//1910 5192//1910
f 5159//2140 5158//2140 5150//2140 5149//2140
f 5193//1945 5157//1945 5126//1945 5125//1945
f 5124//1914 5151//1914 5096//1914 5095//1914
f 5130//1907 5153//1907 5193//1907 5125//1907
f 5121//2141 5065//2141 5185//2141 5122//2141
f 5084//2142 5083//2142 5086//2142 5085//2142
f 5160//1955 5127//1955 5126//1955 5159//1955
f 5095//1966 5089//1966 5162//1966 5123//1966
f 5194//2066 5054//2066 5134//2066
f 5191//2071 5195//2071 5189//2071
f 5055//2065 5196//2065 5064//2065
f 5045//2073 5197//2073 5135//2073
f 5198//2073 5139//2073 5059//2073
f 5071//2065 5199//2065 5058//2065
f 5075//2071 5200//2071 5080//2071
f 5077//2066 5201//2066 5176//2066
f 5202//2066 5082//2066 5146//2066
f 5144//2071 5203//2071 5145//2071
f 5087//2121 5204//2121 5094//2121
f 5091//2120 5205//2120 5147//2120
f 5206//2066 5096//2066 5151//2066
f 5193//2071 5207//2071 5157//2071
f 5051//2065 5208//2065 5100//2065
f 5152//2073 5209//2073 5153//2073
f 5054//2076 5194//2076 5196//2076 5055//2076
f 5135//2062 5197//2062 5195//2062 5191//2062
f 5210//2082 5190//2082 5189//2082 5195//2082
f 5211//2143 5061//2143 5064//2143 5196//2143
f 5074//2062 5212//2062 5200//2144 5075//2144
f 5070//2088 5213//2088 5199//2088 5071//2088
f 5198//2083 5059//2083 5058//2083 5199//2083
f 5201//2082 5077//2082 5080//2082 5200//2082
f 5143//2144 5214//2144 5203//2144 5144//2144
f 5202//2082 5146//2082 5145//2082 5203//2082
f 5205//2122 5091//2122 5094//2122 5204//2122
f 5153//2062 5209//2062 5207//2062 5193//2062
f 5215//2083 5097//2083 5100//2083 5208//2083
f 5209//2083 5152//2083 5192//2083 5216//2083
f 5207//2063 5209//2063 5216//2063 5217//2063 5215//2063 5208//2063 5218//2063 5219//2063 5206//2063 5220//2063 5221//2063
f 5222//2145 5169//2145 5061//2145 5211//2145
f 5210//2063 5195//2063 5197//2063 5223//2063 5222//2063 5211//2063 5196//2063 5194//2063 5224//2063
f 5176//2146 5201//2146 5225//2146 5177//2146
f 5226//2063 5198//2063 5199//2063 5213//2063 5227//2063 5225//2063 5201//2063 5200//2063 5212//2063 5228//2063
f 5174//2062 5228//2062 5212//2062 5074//2062
f 5082//2076 5202//2076 5229//2076 5083//2076
f 5229//2063 5202//2063 5203//2063 5214//2063 5230//2063 5231//2063 5205//2063 5204//2063 5232//2063
f 5147//2147 5205//2147 5231//2147 5066//2147
f 5221//2082 5158//2082 5157//2082 5207//2082
f 5096//2088 5206//2088 5219//2088 5090//2088
f 5078//1914 5077//1914 5176//1914 5113//1914
usemtl Wall_Highlights.007
f 4667//1942 4363//1942 4362//1942
f 4824//1942 4686//1942 4687//1942
f 4602//1926 4827//1926 4599//1926
f 4711//1940 4733//1940 4708//1940
f 4638//1940 4637//1940 4630//1940
f 4706//2148 4468//2148 4653//2148
f 4699//2149 4667//2149 4362//2149 4372//2149
f 4680//2150 4510//2150 4509//2150 4671//2150
f 4695//1946 4827//1946 4602//1946 4691//1946
f 4731//2151 4530//2151 4532//2151 4460//2151
f 4760//2152 4638//2152 4630//2152 4629//2152
f 4810//2153 4706//2153 4653//2153 4722//2153
f 5085//2154 5088//2154 5120//2154 5184//2154
f 5049//2155 5052//2155 5128//2155 5163//2155
f 4677//2156 4680//2156 4671//2156 4670//2156
f 4674//2157 4594//2157 4595//2157 4684//2157
f 4672//2158 4592//2158 4590//2158 4440//2158
f 4673//2159 4672//2159 4440//2159 4439//2159
f 4675//2160 4674//2160 4684//2160 4373//2160
f 4689//2161 4695//2161 4691//2161 4690//2161
f 4697//2162 4377//2162 4605//2162 4692//2162
f 4824//2163 4697//2163 4692//2163 4686//2163
f 4701//2164 4699//2164 4372//2164 4371//2164
f 5155//2165 5164//2165 5188//2165 5156//2165
f 5164//2166 5154//2166 5098//2166 5188//2166
f 5123//2167 5161//2167 5149//2167 5124//2167
f 5161//2168 5160//2168 5159//2168 5149//2168
f 4707//2169 4721//2169 4713//2169 4462//2169
f 4717//2170 4810//2170 4722//2170 4718//2170
f 4711//2171 4728//2171 4729//2171 4733//2171
f 4728//2172 4397//2172 4616//2172 4729//2172
f 4732//2173 4731//2173 4460//2173 4459//2173
f 5171//2174 5167//2174 5168//2174 5047//2174
f 5170//2175 5136//2175 5137//2175 5132//2175
f 5101//2176 5170//2176 5132//2176 5102//2176
f 5108//2177 5171//2177 5047//2177 5046//2177
f 4734//2178 4746//2178 4803//2178 4735//2178
f 4746//2179 4795//2179 4804//2179 4803//2179
f 4749//2180 4622//2180 4415//2180 4414//2180
f 4790//2181 4619//2181 4410//2181 4409//2181
f 4554//2182 4758//2182 4442//2182 4445//2182
f 4757//2183 4760//2183 4629//2183 4755//2183
f 4758//2184 4633//2184 4634//2184 4442//2184
f 4433//2185 4432//2185 4624//2185 4541//2185
f 5165//2186 5069//2186 5141//2186 5182//2186
f 5110//2187 5173//2187 5180//2187 5109//2187
f 5178//2188 5165//2188 5182//2188 5179//2188
f 5173//2189 5175//2189 5181//2189 5180//2189
f 4782//2190 4450//2190 4485//2190 4484//2190
f 4784//2191 4787//2191 4480//2191 4489//2191
f 4787//2192 4474//2192 4481//2192 4480//2192
f 4450//2193 4453//2193 4486//2193 4485//2193
f 5068//2194 5142//2194 5148//2194 5186//2194
f 5065//2195 5068//2195 5186//2195 5185//2195
f 5084//2196 5085//2196 5184//2196 5183//2196
f 4748//2197 4790//2197 4409//2197 4418//2197
f 4752//2198 4749//2198 4414//2198 4413//2198
f 4807//2199 4778//2199 4806//2199 4805//2199
f 4778//2200 4662//2200 4663//2200 4806//2200
f 4721//2201 4654//2201 4457//2201 4713//2201
f 4432//2202 4431//2202 4625//2202 4624//2202
f 4822//2203 4610//2203 4611//2203 4832//2203
f 4523//2204 4385//2204 4831//2204 4521//2204
f 4528//2205 4822//2205 4832//2205 4529//2205
f 4385//2206 4388//2206 4608//2206 4831//2206
f 5089//2207 5049//2207 5163//2207 5162//2207
f 4838//2208 4837//2208 4858//2208 4863//2208
f 4859//1926 4858//1926 4837//1926
f 4860//2209 4859//2209 4837//2209 4844//2209
f 4836//2210 4860//2210 4844//2210 4843//2210
f 4839//2211 4838//2211 4863//2211 4851//2211
f 4874//2212 4897//2212 4885//2212 4871//2212
f 4869//2213 4895//2213 4892//2213 4889//2213
f 4865//2214 4896//2214 4895//2214 4869//2214
f 4894//2215 4893//2215 4897//2215 4874//2215
f 4666//2073 4901//2073 4584//2073
f 4825//2073 4688//2073 4994//2073
f 4967//2065 4600//2065 4826//2065
f 4710//2071 4709//2071 5005//2071
f 4978//2071 4631//2071 4829//2071
f 4705//2216 4983//2216 4469//2216
f 4700//2217 4902//2217 4901//2217 4666//2217
f 4679//2218 4993//2218 4938//2218 4812//2218
f 4694//2076 4997//2076 4967//2076 4826//2076
f 5007//2219 4461//2219 4612//2219 4947//2219
f 5016//2220 4628//2220 4631//2220 4978//2220
f 4809//2221 5001//2221 4983//2221 4705//2221
f 5086//2222 5232//2222 5204//2222 5087//2222
f 5050//2223 5218//2223 5208//2223 5051//2223
f 4678//2224 4988//2224 4993//2224 4679//2224
f 4990//2225 4685//2225 4683//2225 4964//2225
f 4992//2226 4441//2226 4589//2226 4963//2226
f 4991//2227 4438//2227 4441//2227 4992//2227
f 4989//2228 4374//2228 4685//2228 4990//2228
f 4693//2229 4995//2229 4997//2229 4694//2229
f 4698//2230 4996//2230 4969//2230 4378//2230
f 4825//2231 4994//2231 4996//2231 4698//2231
f 4702//2232 4903//2232 4902//2232 4700//2232
f 5216//2233 5192//2233 5187//2233 5217//2233
f 5217//2234 5187//2234 5097//2234 5215//2234
f 5206//2235 5151//2235 5150//2235 5220//2235
f 5220//2236 5150//2236 5158//2236 5221//2236
f 4998//2237 4463//2237 4714//2237 5002//2237
f 4720//2238 5000//2238 5001//2238 4809//2238
f 4710//2239 5005//2239 5004//2239 4727//2239
f 4727//2240 5004//2240 4973//2240 4398//2240
f 5006//2241 4458//2241 4461//2241 5007//2241
f 5223//2242 5048//2242 5169//2242 5222//2242
f 5224//2243 5133//2243 5190//2243 5210//2243
f 5194//2244 5134//2244 5133//2244 5224//2244
f 5197//2245 5045//2245 5048//2245 5223//2245
f 4738//2246 5009//2246 5024//2246 4745//2246
f 4745//2247 5024//2247 5023//2247 4794//2247
f 4750//2248 4912//2248 4911//2248 4751//2248
f 4791//2249 4907//2249 4916//2249 4792//2249
f 4952//2250 4444//2250 4443//2250 5014//2250
f 5013//2251 4754//2251 4628//2251 5016//2251
f 5014//2252 4443//2252 4756//2252 4975//2252
f 4918//2253 4627//2253 4623//2253 4919//2253
f 5166//2254 5227//2254 5213//2254 5070//2254
f 5139//2255 5198//2255 5226//2255 5172//2255
f 5177//2256 5225//2256 5227//2256 5166//2256
f 5172//2257 5226//2257 5228//2257 5174//2257
f 4783//2258 4933//2258 4932//2258 4451//2258
f 4785//2259 4928//2259 4927//2259 4786//2259
f 4786//2260 4927//2260 4936//2260 4475//2260
f 4451//2261 4932//2261 4931//2261 4452//2261
f 5067//2262 5230//2262 5214//2262 5143//2262
f 5066//2263 5231//2263 5230//2263 5067//2263
f 5083//2264 5229//2264 5232//2264 5086//2264
f 4793//2265 4908//2265 4907//2265 4791//2265
f 4753//2266 4913//2266 4912//2266 4750//2266
f 4808//2267 5022//2267 5021//2267 4779//2267
f 4779//2268 5021//2268 4986//2268 4780//2268
f 5002//2269 4714//2269 4456//2269 4984//2269
f 4919//2270 4623//2270 4626//2270 4920//2270
f 4821//2271 5027//2271 4971//2271 4828//2271
f 4820//2272 4943//2272 5026//2272 4386//2272
f 4609//2273 4946//2273 5027//2273 4821//2273
f 4386//2274 5026//2274 4970//2274 4387//2274
f 5090//2275 5219//2275 5218//2275 5050//2275
f 5035//2276 4864//2276 4857//2276 5028//2276
f 4856//2065 5028//2065 4857//2065
f 4861//2277 5029//2277 5028//2277 4856//2277
f 4835//2278 5030//2278 5029//2278 4861//2278
f 5034//2279 4852//2279 4864//2279 5035//2279
f 4873//2280 4872//2280 5038//2280 5042//2280
f 4870//2281 4888//2281 5040//2281 5044//2281
f 4866//2282 4870//2282 5044//2282 5043//2282
f 4898//2283 4873//2283 5042//2283 5041//2283
o Floor_Modular_Cube.001
v 0.433881 -0.002548 0.435211
v 0.433881 -0.188798 0.435211
v 0.414881 -0.188798 0.416211
v 0.414881 -0.002548 0.416211
v 0.427122 -0.189447 0.584240
v 0.446122 -0.189447 0.603240
v 0.446122 -0.001899 0.603240
v 0.427122 -0.001899 0.584240
v 0.786383 -0.000875 0.601409
v 0.786383 -0.190472 0.601409
v 0.448063 -0.190471 0.600030
v 0.448063 -0.000875 0.600030
v 0.414881 0.008212 0.878094
v 0.414881 0.008212 0.980603
v 0.433881 -0.002548 0.980603
v 0.433881 -0.002548 0.878094
v 0.429063 -0.000875 0.831779
v 0.429063 -0.190471 0.831779
v 0.429063 -0.190471 0.980066
v 0.429063 -0.000875 0.980066
v 0.406800 0.008212 0.849592
v 0.425800 -0.002548 0.849592
v -0.997333 -0.011948 0.709718
v -0.997333 -0.179398 0.709718
v -0.997333 -0.179398 0.831878
v -0.997333 -0.011948 0.831878
v 0.427122 -0.001899 0.317555
v 0.427122 -0.189447 0.317555
v 0.427122 -0.189447 0.365993
v 0.427122 -0.001899 0.365993
v 0.975401 -0.189448 0.603240
v 0.975401 -0.001899 0.603240
v -0.163392 0.018731 -0.133322
v -0.163392 -0.210077 -0.133322
v -0.143434 -0.210077 -0.131400
v -0.143434 0.018731 -0.131400
v 0.094742 -0.000875 -0.131658
v 0.094742 -0.190471 -0.131658
v -0.244270 -0.190471 -0.131658
v -0.244270 -0.000875 -0.131658
v -0.255189 -0.000875 -0.016188
v -0.255189 -0.190471 -0.016188
v -0.263270 -0.190471 0.398193
v -0.263270 -0.000875 0.398193
v -0.981930 -0.190470 -0.999972
v -0.997333 -0.190470 -0.981520
v -0.997333 -0.000875 -0.981520
v -0.981929 -0.000875 -0.999972
v -0.997333 -0.190470 -0.700137
v -0.997333 -0.000875 -0.700137
v -0.981930 -0.000875 -0.348485
v -0.981930 -0.190471 -0.348485
v -0.269438 -0.190471 -0.348485
v -0.269438 -0.000875 -0.348485
v -0.247827 -0.000875 -0.617153
v -0.247827 -0.190471 -0.617153
v -0.250438 -0.190471 -0.981520
v -0.250438 -0.000875 -0.981520
v -0.269438 0.009885 -0.367485
v -0.277669 0.009885 -0.617153
v -0.269438 0.009885 -0.981520
v -0.981930 0.009885 -0.981520
v -0.977804 0.009885 -0.700137
v -0.967923 0.009885 -0.617153
v -0.981930 0.009885 -0.367485
v -0.249890 -0.013603 -0.705776
v -0.249890 -0.177743 -0.705776
v -0.258843 -0.177743 -0.436509
v -0.258843 -0.013603 -0.436509
v -0.030496 -0.013603 -0.417509
v -0.030496 -0.177743 -0.417509
v 0.417449 -0.177743 -0.417509
v 0.417449 -0.013603 -0.417509
v 0.429244 -0.190471 -0.044691
v 0.429245 -0.000875 -0.044691
v 0.427784 -0.000875 0.007156
v 0.427784 -0.190471 0.007156
v -0.813467 0.011044 -0.352362
v -0.813468 -0.202389 -0.352362
v -0.980827 -0.202389 -0.352362
v -0.980826 0.011044 -0.352362
v -0.258843 -0.013603 -0.791744
v -0.258843 -0.177743 -0.791744
v -0.813468 -0.202389 0.135551
v -0.813468 0.011044 0.135551
v -0.980826 0.011044 0.146072
v -0.980827 -0.202389 0.146072
v -0.277478 0.021804 0.127072
v -0.753691 0.021804 0.127072
v -0.753691 0.011044 0.146072
v -0.277478 0.011044 0.146072
v -0.062354 0.018731 -0.421082
v -0.062354 -0.210077 -0.421082
v -0.238775 -0.210077 -0.421082
v -0.238775 0.018731 -0.421082
v -0.020014 0.029491 -0.377765
v -0.062354 0.029491 -0.402082
v -0.238775 0.029491 -0.402082
v -0.238775 0.029491 -0.150400
v -0.219909 0.029491 -0.150400
v -0.163392 0.029491 -0.165365
v -0.143434 0.029491 -0.150400
v 0.407769 0.029491 -0.150400
v 0.407769 0.029491 -0.402082
v 0.014121 0.029491 -0.393610
v -0.257775 -0.210077 -0.150400
v -0.257775 0.018731 -0.150400
v -0.257775 0.018731 -0.402082
v -0.257775 -0.210077 -0.402082
v -0.211756 0.008212 0.826247
v -0.230611 0.008212 0.435211
v -0.253627 -0.002548 0.435211
v -0.252167 -0.002548 0.826247
v -0.132853 -0.002548 1.000606
v -0.132853 -0.188798 1.000606
v -0.038649 -0.188798 1.000606
v -0.038649 -0.002548 1.000606
v 0.978348 -0.000875 0.600030
v 0.990922 0.006100 0.612938
v 1.007484 -0.000875 0.619030
v 0.990922 0.006100 0.986158
v 0.978348 -0.000875 1.000606
v 1.007484 -0.000875 0.980066
v 0.429063 -0.000875 0.619030
v 0.449473 0.006100 0.612938
v 0.448063 -0.000875 1.000606
v 0.449473 0.006100 0.986158
v -0.038649 0.008212 0.980603
v -0.132853 0.008212 0.963543
v -0.230611 -0.002548 1.000606
v -0.230611 0.008212 0.980603
v -0.230611 0.008212 0.878094
v -0.253628 -0.002548 0.878094
v 0.446122 0.008861 0.083098
v 0.446122 -0.001899 0.064098
v 0.427122 -0.001899 0.083098
v 1.007484 -0.001899 0.083098
v 0.975401 -0.001899 0.064098
v 0.975401 0.008861 0.083098
v 0.446122 0.008861 0.584240
v 1.007484 -0.001899 0.584240
v 0.975401 0.008861 0.584240
v 0.410244 -0.000875 -0.131658
v 0.410244 0.009885 -0.112658
v 0.429245 -0.000875 -0.112658
v 0.410244 0.009885 0.398193
v 0.410244 -0.000875 0.417193
v 0.429244 -0.000875 0.398193
v -0.263270 -0.000875 -0.112658
v -0.244270 0.009885 -0.112658
v -0.244270 -0.000875 0.417193
v -0.244270 0.009885 0.398193
v -0.997333 -0.000875 -0.367485
v -0.250438 -0.000875 -0.367485
v -0.269438 -0.000875 -0.999972
v -0.258843 -0.013603 -0.983084
v -0.239843 -0.002843 -0.983084
v -0.239843 -0.013603 -0.999972
v 0.415412 -0.002844 -0.983084
v 0.434412 -0.013603 -0.983084
v 0.415412 -0.013603 -0.999972
v -0.239843 -0.013603 -0.417509
v -0.239843 -0.002843 -0.436509
v 0.434412 -0.013603 -0.436509
v 0.415412 -0.002843 -0.436509
v -0.980826 0.021804 -0.333362
v -0.997333 0.011044 -0.333362
v -0.254936 0.011044 -0.333362
v -0.277478 0.011044 -0.352362
v -0.277478 0.021804 -0.333362
v -0.997333 0.011044 0.127615
v -0.980826 0.021804 0.127072
v -0.254936 0.011044 0.127072
v 0.426769 0.018731 -0.402082
v 0.407769 0.018731 -0.421082
v 0.407769 0.018731 -0.131400
v 0.426769 0.018731 -0.150400
v -0.238775 0.018731 -0.131400
v 0.433881 -0.188799 0.878094
v 0.425800 -0.188798 0.849592
v 0.414881 -0.002548 1.000606
v -0.144647 -0.002548 0.416211
v -0.144647 -0.188798 0.416211
v -0.189467 -0.188798 0.416211
v -0.189467 -0.002548 0.416211
v 0.414881 0.008212 0.435211
v -0.230611 -0.002548 0.416211
v -0.189467 0.008212 0.435211
v 1.007484 -0.190472 0.835520
v 1.007484 -0.000875 0.835520
v 1.007484 -0.190472 0.980066
v 0.990922 0.006100 0.836463
v 0.429063 -0.190471 0.619030
v 0.449473 0.006100 0.737486
v 0.429063 -0.000875 0.739948
v 0.792118 0.006100 0.624096
v 0.903989 -0.000875 1.000606
v 0.913914 0.006100 0.963523
v 1.007484 -0.190472 0.745964
v 1.007484 -0.000875 0.745964
v 1.007484 -0.000875 0.809059
v 1.007484 -0.190472 0.809059
v 0.414881 -0.188799 1.000606
v 0.433881 -0.188799 0.980603
v 0.975401 -0.189448 0.064098
v 0.446122 -0.189447 0.064098
v 0.446122 0.008861 0.365993
v 1.007484 -0.189448 0.584240
v 1.007484 -0.001899 0.402971
v 0.975401 0.008861 0.402971
v 0.429244 -0.190471 0.398193
v 0.391389 0.009885 0.007156
v -0.263270 -0.190471 -0.112658
v -0.244270 0.009885 -0.044691
v -0.263270 -0.000875 -0.044691
v 0.094742 0.009885 -0.112658
v 0.245560 -0.000875 0.417193
v 0.245560 0.009885 0.398193
v -0.997333 -0.190470 -0.617153
v -0.997333 -0.000875 -0.617153
v -0.997333 -0.190470 -0.367485
v -0.055581 -0.177743 -0.999972
v -0.055581 -0.013603 -0.999972
v 0.415412 -0.177743 -0.999972
v -0.042224 -0.004122 -0.967473
v -0.239843 -0.177743 -0.417509
v -0.109649 -0.002843 -0.436509
v -0.109649 -0.013603 -0.417509
v -0.230890 -0.002843 -0.705776
v 0.434412 -0.013603 -0.887199
v 0.415412 -0.002844 -0.887199
v 0.407769 -0.210077 -0.131400
v -0.997333 0.011044 -0.060614
v -0.960624 0.021804 -0.060071
v -0.254936 0.011044 -0.244567
v -0.277478 0.021804 -0.244567
v -0.254936 -0.202390 -0.244567
v -0.254936 -0.202390 -0.333362
v -0.997333 -0.202389 -0.333362
v -0.813467 0.021804 0.105429
v -0.555721 0.021804 -0.330690
v -0.555721 0.011044 -0.352015
v 0.426769 -0.210077 -0.150400
v 0.426769 -0.210077 -0.402082
v -0.238775 -0.210077 -0.131400
v 0.245560 -0.190471 0.417193
v 0.410244 -0.190471 0.417193
v -0.253628 -0.188798 0.980603
v -0.253628 -0.002548 0.980603
v -0.253628 -0.188798 0.878094
v 0.786383 -0.000875 1.000606
v 0.792118 0.006100 0.986158
v 0.903989 -0.000875 0.600030
v 0.913914 0.006100 0.612938
v 0.972325 0.006100 0.809059
v 0.990922 0.006100 0.743716
v 0.468845 0.006100 0.764890
v 0.449473 0.006100 0.832588
v 0.448063 -0.190471 1.000606
v 0.786383 -0.190472 1.000606
v 0.903989 -0.190472 1.000606
v 0.978348 -0.190472 0.600030
v 0.903989 -0.190472 0.600030
v 0.432658 -0.000875 0.766410
v 0.429063 -0.190471 0.739948
v 0.432658 -0.190471 0.766410
v -0.252167 -0.188798 0.826247
v -0.253627 -0.188798 0.435211
v -0.277478 -0.202390 -0.352362
v -0.555721 -0.202390 -0.352015
v -0.230611 -0.188798 0.416211
v -0.144647 0.008212 0.435211
v -0.230611 -0.188798 1.000606
v -0.277478 -0.202390 0.146072
v -0.254936 -0.202390 0.127072
v -0.997333 -0.202389 0.127615
v -0.813467 0.021804 -0.333362
v 0.429244 -0.190471 -0.112658
v 0.410244 -0.190471 -0.131658
v -0.753691 -0.202389 0.146072
v -0.753691 0.011044 -0.351669
v -0.753691 -0.202389 -0.351669
v -0.753691 0.021804 -0.314656
v -0.254936 0.011044 -0.077310
v -0.294717 0.021804 -0.077310
v -0.997333 0.011044 -0.127125
v -0.980826 0.021804 -0.127125
v -0.254936 -0.202390 -0.077310
v -0.997333 -0.202389 -0.127125
v 0.200739 -0.000875 0.417193
v 0.200739 0.009885 0.398193
v 0.188946 -0.000875 -0.131400
v 0.188946 0.009885 -0.095598
v -0.244270 -0.190471 0.417193
v 0.200739 -0.190471 0.417193
v 0.188946 -0.190471 -0.131400
v -0.236189 0.009885 -0.016188
v 0.410244 0.009885 -0.044691
v -0.019356 -0.004797 -0.455874
v -0.090686 -0.002331 -0.987118
v -0.085099 -0.013603 -0.999972
v -0.085099 -0.177743 -0.999972
v -0.109649 -0.177743 -0.417509
v 0.411820 -0.002843 -0.801231
v -0.239843 -0.002843 -0.791744
v 0.430820 -0.013603 -0.801231
v -0.239843 -0.177743 -0.999972
v 0.434412 -0.177743 -0.436509
v 0.430820 -0.177743 -0.801231
v 0.434412 -0.177743 -0.887199
v -0.258843 -0.177743 -0.983084
v -0.263270 -0.190471 -0.044691
v -0.219909 0.018731 -0.131400
v 0.014121 0.018731 -0.417134
v -0.005837 0.018731 -0.417134
v -0.219909 -0.210077 -0.131400
v 0.014121 -0.210077 -0.417134
v -0.005837 -0.210077 -0.417134
v 0.407769 -0.210077 -0.421082
v -0.997333 -0.202389 -0.060614
v 1.007484 -0.190472 0.619030
v 0.978348 -0.190472 1.000606
v 1.007484 -0.189448 0.083098
v 0.427122 -0.189447 0.083098
v 1.007484 -0.189448 0.451409
v 1.007484 -0.001899 0.451409
v 1.007484 -0.189448 0.402971
v 0.434412 -0.177743 -0.983084
v -0.269438 -0.190471 -0.999972
v -0.250438 -0.190471 -0.367485
v 0.956716 0.008861 0.451409
v 0.457756 0.008861 0.317555
v -0.932583 -0.002069 0.966297
v -0.979466 -0.002069 0.984310
v -0.979466 -0.012829 1.000606
v -0.932583 -0.012829 1.000606
v -0.879558 -0.002069 0.984310
v -0.269986 -0.002069 0.984310
v -0.269986 -0.001188 0.709718
v -0.979466 -0.001188 0.709718
v -0.979466 -0.001188 0.831878
v -0.966393 -0.001188 0.940360
v -0.979466 -0.011948 0.690718
v -0.250986 -0.011948 0.709718
v -0.269986 -0.011948 0.690718
v -0.997333 -0.012829 0.984310
v -0.269986 -0.012829 1.000606
v -0.250986 -0.012829 0.984310
v -0.269986 -0.178517 1.000606
v -0.879558 -0.012829 1.000606
v -0.879558 -0.178517 1.000606
v -0.269986 -0.179398 0.690718
v -0.979466 -0.179398 0.690718
v -0.997333 -0.011948 0.940360
v -0.250986 -0.178517 0.984310
v -0.997333 -0.178517 0.984310
v -0.979466 -0.178517 1.000606
v -0.997333 -0.179398 0.940360
v -0.250986 -0.179398 0.709718
v -0.932583 -0.178517 1.000606
v 0.921675 -0.003349 0.068410
v 0.921674 -0.187998 0.068410
v 0.989307 -0.187998 0.070119
v 0.989307 -0.003349 0.070119
v 0.867489 -0.003349 0.067681
v 0.867489 -0.187998 0.067681
v 0.989307 -0.003349 -0.454775
v 0.989307 -0.187998 -0.454775
v 0.945850 -0.187998 -0.455471
v 0.945850 -0.003349 -0.455471
v 1.007484 -0.187998 0.051119
v 1.007484 -0.187998 -0.435775
v 1.007484 -0.003349 -0.435775
v 1.007484 -0.003349 0.051119
v 0.441797 0.007411 -0.435775
v 0.441797 -0.003349 -0.454775
v 0.422797 -0.003349 -0.435775
v 0.441797 -0.003349 0.070119
v 0.441797 0.007411 0.051119
v 0.422797 -0.003349 0.051119
v 0.989307 0.007411 -0.435775
v 0.989307 0.007411 0.051119
v 0.441797 -0.187998 0.070119
v 0.831352 -0.187998 0.070119
v 0.831353 -0.003349 0.070119
v 0.422797 -0.187997 -0.435775
v 0.422797 -0.187998 0.051119
v 0.945850 0.007411 -0.423923
v 0.831353 0.007411 0.051119
v 0.867489 0.007411 0.029570
v 0.909713 0.007411 -0.435775
v 0.909713 -0.003349 -0.454775
v 0.921675 0.007411 0.051605
v 0.424365 -0.000875 -0.912570
v 0.424365 -0.190471 -0.912570
v 0.432446 -0.190471 -0.884068
v 0.432446 -0.000875 -0.884068
v 0.909713 -0.187998 -0.454775
v 0.441797 -0.187997 -0.454775
v 0.888375 -0.000875 -0.450687
v 0.888374 -0.190472 -0.450687
v 0.933195 -0.190472 -0.450687
v 0.933195 -0.000875 -0.450687
v 0.424365 -0.190471 -0.469687
v 0.424365 -0.000875 -0.469687
v 0.782377 -0.000875 -0.999972
v 0.443365 -0.000875 -0.999972
v 0.443365 0.009885 -0.980537
v 0.782377 0.009885 -0.980537
v 0.974339 -0.000875 -0.999972
v 0.876581 -0.000875 -0.999972
v 0.876581 0.009885 -0.963478
v 0.974339 0.009885 -0.980537
v 0.443365 -0.000875 -0.450687
v 0.888375 0.009885 -0.469687
v 0.443365 0.009885 -0.469687
v 1.007484 -0.000875 -0.980537
v 1.007484 -0.190472 -0.980537
v 0.974339 -0.190471 -0.999972
v 0.443365 -0.190471 -0.999972
v 0.424365 -0.190471 -0.980537
v 0.424365 -0.000875 -0.980537
v 0.974339 0.009885 -0.469687
v 0.974339 -0.000875 -0.450687
v 1.007484 -0.000875 -0.469687
v 0.974339 -0.190472 -0.450687
v 1.007484 -0.190472 -0.469687
v 1.007484 -0.190472 -0.860723
v 1.007484 -0.000875 -0.860723
v 0.876581 -0.190471 -0.999972
v 0.443365 -0.190471 -0.450687
v 0.443365 0.009885 -0.912570
v 0.933195 0.009885 -0.469687
v 0.955484 0.009885 -0.860723
v -0.248402 -0.000875 0.603391
v -0.248402 -0.190471 0.603391
v -0.256483 -0.190471 0.574888
v -0.256483 -0.000875 0.574888
v 0.782377 -0.190471 -0.999972
v 0.451446 0.009885 -0.884068
v 0.974339 0.009885 -0.912570
v 1.007484 -0.000875 -0.912570
v 1.007484 -0.190472 -0.912570
v -0.606414 -0.000875 0.690358
v -0.606414 -0.190471 0.690358
v -0.267402 -0.190471 0.690358
v -0.267402 -0.000875 0.690358
v -0.248402 -0.190471 0.160507
v -0.248402 -0.000875 0.160507
v -0.973276 -0.000875 0.690358
v -0.973276 0.009885 0.671358
v -0.997333 -0.000875 0.671358
v -0.973276 0.009885 0.160507
v -0.973276 -0.000875 0.141508
v -0.997333 -0.000875 0.160507
v -0.248402 -0.000875 0.671358
v -0.267402 0.009885 0.671358
v -0.267402 -0.000875 0.141508
v -0.267402 0.009885 0.160507
v -0.997333 -0.190470 0.551544
v -0.997333 -0.000875 0.551544
v -0.997333 -0.190470 0.160507
v -0.954421 0.009885 0.551544
v -0.248402 -0.190471 0.671358
v -0.267402 0.009885 0.603391
v -0.606414 0.009885 0.671358
v -0.757232 -0.000875 0.141508
v -0.757232 0.009885 0.160507
v -0.757232 -0.190471 0.141508
v -0.973276 -0.190470 0.141508
v -0.997333 -0.190470 0.671358
v -0.973276 -0.190470 0.690358
v -0.712411 -0.000875 0.141508
v -0.712411 0.009885 0.160507
v -0.700618 -0.000875 0.690100
v -0.700618 0.009885 0.654298
v -0.267402 -0.190471 0.141508
v -0.712411 -0.190471 0.141508
v -0.700618 -0.190471 0.690100
v -0.275483 0.009885 0.574888
v -0.973276 0.009885 0.603391
v -0.997333 -0.000875 0.603391
v -0.997333 -0.190470 0.603391
v 0.414881 -0.199558 0.878094
v 0.414881 -0.199558 0.980603
v 0.406800 -0.199558 0.849592
v -0.269438 -0.201231 -0.367485
v -0.981930 -0.201230 -0.367485
v -0.967923 -0.201230 -0.617153
v -0.977805 -0.201230 -0.700137
v -0.981930 -0.201230 -0.981520
v -0.269438 -0.201231 -0.981520
v -0.277669 -0.201231 -0.617153
v -0.277478 -0.213150 0.127072
v -0.753691 -0.213149 0.127072
v -0.020014 -0.220837 -0.377765
v 0.014121 -0.220837 -0.393610
v 0.407769 -0.220837 -0.402082
v 0.407769 -0.220837 -0.150400
v -0.143434 -0.220837 -0.150400
v -0.163392 -0.220837 -0.165365
v -0.219909 -0.220837 -0.150400
v -0.238775 -0.220837 -0.150400
v -0.238775 -0.220837 -0.402082
v -0.062354 -0.220837 -0.402082
v -0.211756 -0.199558 0.826247
v -0.230611 -0.199558 0.435211
v 0.990922 -0.197447 0.612938
v 0.990922 -0.197447 0.986158
v 0.449473 -0.197447 0.612938
v 0.449473 -0.197447 0.986158
v -0.132853 -0.199558 0.963543
v -0.038649 -0.199558 0.980603
v -0.230611 -0.199558 0.980603
v -0.230611 -0.199558 0.878094
v 0.446122 -0.200207 0.083098
v 0.975401 -0.200207 0.083098
v 0.446122 -0.200207 0.584240
v 0.975401 -0.200208 0.584240
v 0.410244 -0.201231 -0.112658
v 0.410244 -0.201231 0.398193
v -0.244270 -0.201231 -0.112658
v -0.244270 -0.201231 0.398193
v -0.239843 -0.188502 -0.983084
v 0.415412 -0.188503 -0.983084
v -0.239843 -0.188503 -0.436509
v 0.415412 -0.188503 -0.436509
v -0.980827 -0.213149 -0.333362
v -0.277478 -0.213150 -0.333362
v -0.980827 -0.213149 0.127072
v 0.414881 -0.199558 0.435211
v -0.189467 -0.199558 0.435211
v 0.990922 -0.197447 0.836463
v 0.449473 -0.197447 0.737486
v 0.792118 -0.197447 0.624096
v 0.913914 -0.197447 0.963523
v 0.446122 -0.200207 0.365993
v 0.975401 -0.200207 0.402971
v 0.391389 -0.201231 0.007156
v -0.244270 -0.201231 -0.044691
v 0.094742 -0.201231 -0.112658
v 0.245560 -0.201231 0.398193
v -0.042224 -0.187224 -0.967473
v -0.109649 -0.188503 -0.436509
v -0.230890 -0.188503 -0.705776
v 0.415412 -0.188503 -0.887199
v -0.960624 -0.213149 -0.060071
v -0.277478 -0.213150 -0.244567
v -0.813468 -0.213149 0.105429
v -0.555721 -0.213150 -0.330690
v 0.792118 -0.197447 0.986158
v 0.913914 -0.197447 0.612938
v 0.449473 -0.197447 0.832588
v 0.468845 -0.197447 0.764890
v 0.990922 -0.197447 0.743716
v 0.972325 -0.197447 0.809059
v -0.144647 -0.199558 0.435211
v -0.813468 -0.213149 -0.333362
v -0.753691 -0.213149 -0.314656
v -0.294717 -0.213150 -0.077310
v -0.980827 -0.213149 -0.127125
v 0.200739 -0.201231 0.398193
v 0.188946 -0.201231 -0.095598
v 0.410244 -0.201231 -0.044691
v -0.236189 -0.201231 -0.016188
v -0.019356 -0.186549 -0.455874
v -0.090686 -0.189015 -0.987118
v -0.239843 -0.188502 -0.791744
v 0.411820 -0.188503 -0.801231
v 0.956716 -0.200207 0.451409
v 0.457756 -0.200207 0.317555
v -0.932583 -0.189277 0.966297
v -0.979466 -0.189276 0.984310
v -0.966393 -0.190158 0.940360
v -0.979466 -0.190158 0.831878
v -0.979466 -0.190157 0.709718
v -0.269986 -0.190158 0.709718
v -0.269986 -0.189277 0.984310
v -0.879558 -0.189277 0.984310
v 0.441797 -0.198757 -0.435775
v 0.441797 -0.198757 0.051119
v 0.989307 -0.198758 -0.435775
v 0.989307 -0.198758 0.051119
v 0.945850 -0.198758 -0.423923
v 0.831352 -0.198758 0.051119
v 0.867489 -0.198758 0.029570
v 0.909713 -0.198758 -0.435775
v 0.921674 -0.198758 0.051605
v 0.782377 -0.201231 -0.980537
v 0.443365 -0.201231 -0.980537
v 0.974339 -0.201231 -0.980537
v 0.876581 -0.201231 -0.963478
v 0.443365 -0.201231 -0.469687
v 0.888374 -0.201231 -0.469687
v 0.974339 -0.201231 -0.469687
v 0.443365 -0.201231 -0.912570
v 0.933195 -0.201231 -0.469687
v 0.955483 -0.201231 -0.860723
v 0.974339 -0.201231 -0.912570
v 0.451446 -0.201231 -0.884068
v -0.973276 -0.201230 0.671358
v -0.973276 -0.201230 0.160507
v -0.267402 -0.201231 0.671358
v -0.267402 -0.201231 0.160507
v -0.954421 -0.201230 0.551544
v -0.267402 -0.201231 0.603391
v -0.606414 -0.201231 0.671358
v -0.757232 -0.201230 0.160507
v -0.712411 -0.201230 0.160507
v -0.700618 -0.201231 0.654298
v -0.973276 -0.201230 0.603391
v -0.275483 -0.201231 0.574888
vn 0.7071 0.0000 -0.7071
vn -0.7071 0.0000 0.7071
vn 0.0041 0.0000 -1.0000
vn 0.4928 0.8702 0.0000
vn -1.0000 0.0000 0.0000
vn 0.4880 0.8618 -0.1384
vn 0.0000 0.0000 1.0000
vn -0.0959 0.0000 0.9954
vn 0.0014 0.0000 -1.0000
vn 0.0000 0.0000 -1.0000
vn -0.9998 0.0000 -0.0195
vn -0.7677 0.0000 -0.6408
vn 1.0000 0.0000 -0.0072
vn -0.0000 1.0000 0.0000
vn -0.9994 0.0000 -0.0332
vn 0.9996 -0.0000 0.0282
vn 0.0058 -0.0000 -1.0000
vn -0.9946 0.0000 0.1036
vn 0.0627 -0.0000 0.9980
vn 0.0000 0.8702 0.4928
vn -0.3213 0.9469 0.0083
vn 0.4755 0.4922 -0.7291
vn 0.4822 0.5475 0.6839
vn -0.4012 0.8235 -0.4012
vn -0.3971 0.8411 0.3673
vn -0.0319 0.9352 0.3527
vn 0.0308 0.9352 0.3527
vn -0.3207 0.9451 -0.0628
vn -0.4420 0.7805 -0.4420
vn 0.2801 0.8353 -0.4731
vn -0.4420 0.7805 0.4420
vn 0.2801 0.8353 0.4731
vn 0.4420 0.7805 -0.4420
vn 0.4420 0.7805 0.4420
vn -0.5194 0.7436 0.4211
vn -0.5167 0.7396 -0.4313
vn 0.4394 0.7760 -0.4525
vn -0.4310 0.7610 -0.4849
vn 0.4310 0.7610 -0.4848
vn 0.4511 0.7965 0.4027
vn -0.4934 0.7569 -0.4286
vn 0.3836 0.8036 -0.4551
vn -0.4826 0.7621 0.4316
vn 0.3836 0.8036 0.4551
vn 0.9621 0.0000 -0.2728
vn 0.0000 0.8807 0.4737
vn 0.4463 0.7881 0.4239
vn 0.0000 0.8702 -0.4928
vn 1.0000 0.0000 0.0000
vn 0.3881 0.9216 0.0000
vn -0.7071 0.0000 -0.7071
vn -0.3234 0.9463 0.0000
vn 0.0067 0.9306 -0.3661
vn -0.0368 0.9685 0.2461
vn 0.7251 0.0000 0.6887
vn -0.4928 0.8702 0.0000
vn 0.5096 0.0000 0.8604
vn 0.3180 0.9481 0.0000
vn 1.0000 0.0000 -0.0037
vn 0.3621 0.9321 -0.0094
vn -0.5245 0.8514 0.0038
vn 0.4032 0.9151 -0.0007
vn 0.4032 0.9151 -0.0045
vn 0.0000 0.8639 -0.5037
vn -0.0076 0.9260 -0.3774
vn -0.4927 0.8700 -0.0164
vn 0.4927 0.8702 0.0000
vn -0.3748 0.9269 -0.0202
vn 0.4308 0.9025 0.0000
vn -0.7549 0.0000 -0.6558
vn 0.0385 0.9153 0.4010
vn -0.0026 0.8822 -0.4708
vn 0.0254 0.9630 0.2684
vn 0.0000 0.8798 -0.4754
vn -0.7341 0.0000 0.6791
vn -0.0059 0.0000 -1.0000
vn 0.0000 0.9005 0.4348
vn -0.0187 0.9337 -0.3577
vn -0.2316 0.9678 0.0987
vn 0.2579 0.9621 -0.0890
vn -0.9985 0.0000 -0.0549
vn 0.2587 0.9652 0.0375
vn -0.2396 0.9700 -0.0414
vn -0.4235 0.9059 0.0000
vn -0.9996 0.0000 -0.0282
vn -1.0000 0.0000 0.0037
vn 0.4928 0.8701 0.0096
vn -0.0012 0.0000 -1.0000
vn -0.0015 0.0000 -1.0000
vn -0.6366 0.0000 -0.7712
vn -0.6560 0.0000 0.7548
vn -0.3807 0.8144 0.4381
vn 0.6445 0.0000 0.7646
vn -0.7454 0.0000 0.6666
vn 0.6445 0.0000 -0.7646
vn -0.1073 0.9107 0.3990
vn -0.1733 0.0000 0.9849
vn 0.0049 -0.0000 -1.0000
vn 0.7071 0.0000 0.7071
vn 0.0581 0.9319 -0.3580
vn 0.3263 0.9451 0.0168
vn -0.5461 0.8377 0.0000
vn 0.3264 0.9451 -0.0138
vn -0.3748 0.9254 0.0567
vn -0.0143 0.9307 -0.3655
vn 0.0008 0.0000 -1.0000
vn 0.0336 0.9303 -0.3653
vn -0.4880 0.8618 0.1384
vn -0.4928 0.8701 -0.0096
vn 0.3612 0.9298 0.0708
vn -0.0091 0.9469 0.3215
vn 0.1290 0.8932 -0.4308
vn -0.0093 0.8027 -0.5963
vn 0.0487 0.9424 0.3309
vn -0.0000 1.0000 0.0007
vn 0.4928 0.8701 -0.0049
vn 0.4927 0.8700 0.0206
vn -0.4921 0.8690 0.0513
vn 1.0000 0.0000 -0.0098
vn 0.9991 0.0000 0.0417
vn 0.4032 0.9151 0.0031
vn -0.4329 0.9014 -0.0121
vn -0.9621 0.0000 0.2728
vn 0.0579 0.9199 0.3878
vn -0.1003 0.9342 -0.3423
vn 0.0340 0.0000 0.9994
vn -0.0050 0.0000 -1.0000
vn 0.0928 0.9413 -0.3245
vn 0.0697 0.0000 -0.9976
vn -0.0071 0.8922 -0.4515
vn -0.1622 0.9093 0.3833
vn -0.0100 0.0000 -0.9999
vn -0.0143 0.9381 -0.3461
vn -0.9909 0.0000 0.1346
vn -0.0117 0.0000 -0.9999
vn 0.5762 0.0000 0.8173
vn 0.5462 0.0000 -0.8376
vn 0.5096 0.0000 -0.8604
vn -0.3768 0.8060 -0.4565
vn 0.7460 0.0000 0.6660
vn -0.7768 0.0000 0.6297
vn 0.6643 0.0000 -0.7474
vn -0.6643 0.0000 -0.7474
vn 0.6967 0.0000 -0.7174
vn 0.9999 0.0000 0.0105
vn -0.4024 0.9151 0.0240
vn 0.2511 0.9667 0.0484
vn -0.3978 0.9174 0.0099
vn 0.9998 0.0000 0.0195
vn 0.2514 0.9677 -0.0177
vn -0.3973 0.9164 -0.0477
vn 0.0750 0.9177 0.3902
vn 0.0005 1.0000 0.0032
vn -0.4642 0.7707 -0.4365
vn -0.4490 0.7456 0.4923
vn 0.4273 0.7545 0.4982
vn -0.4031 0.9142 -0.0416
vn 0.6510 0.0000 0.7591
vn -0.7285 0.0000 -0.6851
vn -0.6739 0.0000 0.7388
vn -0.4033 0.9147 0.0243
vn -0.5159 0.8566 0.0000
vn 0.4928 0.8701 0.0028
vn -0.0194 -0.0000 0.9998
vn -0.0253 -0.0000 0.9997
vn -0.0663 0.9182 0.3905
vn 0.0000 0.8345 0.5510
vn -0.0135 -0.0000 0.9999
vn 0.0160 0.0000 -0.9999
vn 0.4579 0.7736 -0.4381
vn 0.4579 0.7736 0.4381
vn -0.0502 0.9189 -0.3912
vn 0.7226 -0.0000 0.6913
vn 0.5094 0.8605 0.0000
vn 0.1162 0.9294 0.3502
vn 0.7226 0.0000 -0.6913
vn 0.0673 -0.0000 0.9977
vn -0.0764 0.9283 0.3638
vn 0.0604 0.9184 -0.3910
vn -0.0047 0.8571 0.5151
vn -0.0193 0.0000 -0.9998
vn 0.0000 0.8749 -0.4844
vn -0.0313 0.9328 -0.3589
vn 0.5058 0.0000 -0.8626
vn -0.7151 0.0000 -0.6991
vn 0.2718 0.8374 0.4742
vn 0.0325 0.9328 -0.3589
vn 0.4973 0.0000 0.8676
vn -0.4440 0.7839 -0.4340
vn 0.2732 0.8416 -0.4659
vn 0.2450 0.9695 -0.0059
vn 0.3088 0.9511 0.0000
vn 0.2448 0.9686 0.0445
vn -0.0014 0.0000 1.0000
vn -0.3627 0.8109 0.4592
vn -0.3627 0.8109 -0.4592
vn -0.3059 0.9520 0.0074
vn 0.0000 0.8701 -0.4928
vn -0.6198 0.0000 0.7848
vn -0.6198 0.0000 -0.7848
vn 0.0116 0.9307 0.3655
vn 0.0009 0.0000 1.0000
vn -0.0009 0.0000 1.0000
vn -0.0336 0.9303 0.3653
vn -0.4083 0.9129 0.0000
vn -0.3055 0.9506 -0.0555
vn 0.4927 -0.8702 -0.0000
vn 0.4880 -0.8618 -0.1384
vn -0.0000 -1.0000 -0.0000
vn -0.0000 -0.8702 0.4928
vn -0.3213 -0.9469 0.0083
vn 0.4755 -0.4922 -0.7291
vn 0.4822 -0.5475 0.6839
vn -0.4012 -0.8235 -0.4012
vn -0.3971 -0.8411 0.3673
vn -0.0319 -0.9352 0.3527
vn 0.0308 -0.9352 0.3527
vn -0.3207 -0.9451 -0.0628
vn -0.4420 -0.7805 -0.4420
vn 0.2801 -0.8353 -0.4730
vn -0.4420 -0.7805 0.4420
vn 0.2801 -0.8353 0.4730
vn 0.4420 -0.7805 -0.4420
vn 0.4420 -0.7805 0.4420
vn -0.5194 -0.7436 0.4211
vn -0.5167 -0.7396 -0.4313
vn 0.4394 -0.7760 -0.4525
vn -0.4310 -0.7610 -0.4849
vn 0.4310 -0.7610 -0.4849
vn 0.4511 -0.7965 0.4027
vn -0.4934 -0.7569 -0.4286
vn 0.3836 -0.8036 -0.4551
vn -0.4826 -0.7621 0.4316
vn 0.3836 -0.8036 0.4551
vn -0.0000 -0.8807 0.4737
vn 0.4463 -0.7881 0.4239
vn 0.0000 -0.8702 -0.4928
vn 0.3881 -0.9216 0.0000
vn -0.3234 -0.9463 0.0000
vn 0.0067 -0.9306 -0.3661
vn -0.0368 -0.9685 0.2461
vn -0.4928 -0.8702 0.0000
vn 0.3179 -0.9481 0.0000
vn 0.3621 -0.9321 -0.0094
vn -0.5245 -0.8514 0.0038
vn 0.4032 -0.9151 -0.0007
vn 0.4032 -0.9151 -0.0045
vn -0.0000 -0.8639 -0.5037
vn -0.0076 -0.9260 -0.3775
vn -0.4927 -0.8700 -0.0164
vn 0.4928 -0.8702 0.0000
vn -0.3748 -0.9269 -0.0202
vn 0.4308 -0.9025 0.0000
vn 0.0385 -0.9153 0.4010
vn -0.0026 -0.8822 -0.4708
vn 0.0254 -0.9630 0.2684
vn 0.0000 -0.8798 -0.4754
vn -0.0000 -0.9005 0.4348
vn -0.0187 -0.9337 -0.3577
vn -0.2316 -0.9678 0.0988
vn 0.2579 -0.9621 -0.0890
vn 0.2587 -0.9652 0.0375
vn -0.2396 -0.9700 -0.0414
vn -0.4235 -0.9059 0.0000
vn 0.4928 -0.8701 0.0096
vn -0.3807 -0.8144 0.4381
vn -0.1073 -0.9107 0.3990
vn 0.0581 -0.9319 -0.3580
vn 0.3263 -0.9451 0.0168
vn -0.5461 -0.8377 0.0000
vn 0.3264 -0.9451 -0.0138
vn -0.3748 -0.9254 0.0567
vn -0.0143 -0.9307 -0.3655
vn 0.0336 -0.9303 -0.3653
vn -0.4880 -0.8618 0.1384
vn -0.4928 -0.8701 -0.0096
vn 0.3612 -0.9298 0.0708
vn -0.0091 -0.9469 0.3215
vn 0.1290 -0.8932 -0.4308
vn -0.0093 -0.8027 -0.5963
vn 0.0487 -0.9424 0.3309
vn -0.0000 -1.0000 0.0007
vn 0.4928 -0.8701 -0.0049
vn 0.4927 -0.8700 0.0206
vn -0.4927 -0.8702 0.0000
vn -0.4921 -0.8690 0.0512
vn 0.4032 -0.9151 0.0031
vn -0.4329 -0.9014 -0.0121
vn 0.0579 -0.9199 0.3878
vn -0.1003 -0.9342 -0.3423
vn 0.0928 -0.9413 -0.3245
vn -0.0071 -0.8922 -0.4515
vn -0.1622 -0.9093 0.3833
vn -0.0143 -0.9381 -0.3461
vn -0.3768 -0.8060 -0.4565
vn -0.4024 -0.9151 0.0240
vn 0.2511 -0.9668 0.0484
vn -0.3978 -0.9174 0.0099
vn 0.2514 -0.9677 -0.0177
vn -0.3973 -0.9164 -0.0477
vn 0.0750 -0.9177 0.3902
vn 0.0005 -1.0000 0.0032
vn -0.4641 -0.7708 -0.4365
vn -0.4490 -0.7457 0.4923
vn 0.4273 -0.7545 0.4982
vn -0.4031 -0.9142 -0.0416
vn -0.4033 -0.9147 0.0243
vn -0.5159 -0.8567 -0.0000
vn 0.4928 -0.8701 0.0028
vn -0.0663 -0.9182 0.3905
vn 0.0000 -0.8345 0.5510
vn -0.4420 -0.7806 0.4420
vn 0.4579 -0.7736 -0.4381
vn 0.4579 -0.7736 0.4381
vn -0.0502 -0.9189 -0.3912
vn 0.5094 -0.8605 -0.0000
vn 0.1162 -0.9294 0.3502
vn -0.0764 -0.9283 0.3638
vn 0.0604 -0.9184 -0.3910
vn -0.0047 -0.8571 0.5151
vn 0.0000 -0.8749 -0.4844
vn -0.0313 -0.9328 -0.3589
vn 0.2718 -0.8374 0.4742
vn 0.0325 -0.9328 -0.3589
vn -0.4440 -0.7839 -0.4340
vn 0.2732 -0.8416 -0.4659
vn 0.0000 -0.8702 0.4927
vn 0.2450 -0.9695 -0.0059
vn 0.3087 -0.9511 0.0000
vn 0.2448 -0.9686 0.0445
vn -0.3627 -0.8109 0.4592
vn -0.3627 -0.8109 -0.4592
vn -0.3059 -0.9520 0.0074
vn 0.0116 -0.9307 0.3655
vn -0.0336 -0.9303 0.3653
vn -0.4083 -0.9129 0.0000
vn -0.3055 -0.9506 -0.0555
usemtl Grey_Floor.001
s 1
f 5233//2284 5234//2284 5235//2284 5236//2284
f 5237//2285 5238//2285 5239//2285 5240//2285
f 5241//2286 5242//2286 5243//2286 5244//2286
f 5245//2287 5246//2287 5247//2287 5248//2287
f 5249//2288 5250//2288 5251//2288 5252//2288
f 5253//2289 5245//2289 5248//2289 5254//2289
f 5255//2288 5256//2288 5257//2288 5258//2288
f 5259//2288 5260//2288 5261//2288 5262//2288
f 5263//2290 5264//2290 5239//2290 5238//2290
f 5265//2291 5266//2291 5267//2291 5268//2291
f 5269//2292 5270//2292 5271//2293 5272//2293
f 5273//2294 5274//2294 5275//2294 5276//2294
f 5277//2295 5278//2295 5279//2295 5280//2295
f 5281//2288 5282//2288 5279//2288 5278//2288
f 5283//2290 5284//2290 5285//2290 5286//2290
f 5287//2296 5288//2296 5289//2296 5290//2296
f 5291//2297 5292//2297 5293//2297 5294//2297 5295//2297 5296//2297 5297//2297
f 5298//2298 5299//2298 5300//2298 5301//2298
f 5302//2290 5303//2290 5304//2290 5305//2290
f 5306//2299 5307//2299 5308//2299 5309//2299
f 5310//2300 5311//2300 5312//2293 5313//2293
f 5314//2301 5315//2301 5299//2301 5298//2301
f 5316//2302 5317//2302 5318//2302 5319//2302
f 5320//2303 5321//2303 5322//2303 5323//2303
f 5324//2293 5325//2293 5326//2293 5327//2293
f 5328//2297 5329//2297 5330//2297 5331//2297 5332//2297 5333//2297 5334//2297 5335//2297 5336//2297 5337//2297
f 5338//2288 5339//2288 5340//2288 5341//2288
f 5342//2304 5343//2304 5344//2304 5345//2304
f 5346//2290 5347//2290 5348//2290 5349//2290
f 5350//2305 5351//2305 5352//2305
f 5353//2306 5354//2306 5355//2306
f 5244//2307 5356//2307 5357//2307
f 5358//2308 5359//2308 5252//2308
f 5346//2309 5349//2309 5360//2309 5361//2309
f 5362//2310 5346//2310 5361//2310 5363//2310
f 5364//2311 5342//2311 5345//2311 5365//2311
f 5366//2312 5367//2312 5368//2312
f 5369//2313 5370//2313 5371//2313
f 5240//2314 5239//2314 5372//2314
f 5264//2315 5373//2315 5374//2315
f 5375//2316 5376//2316 5377//2316
f 5378//2317 5379//2317 5380//2317
f 5272//2312 5381//2312 5382//2312
f 5383//2314 5384//2314 5276//2314
f 5283//2318 5297//2318 5385//2318
f 5294//2319 5280//2319 5279//2319
f 5286//2317 5386//2317 5291//2317
f 5387//2320 5293//2320 5290//2320
f 5388//2321 5389//2321 5390//2321
f 5391//2322 5392//2322 5393//2322
f 5301//2314 5394//2314 5395//2314
f 5396//2323 5397//2323 5305//2323
f 5398//2324 5313//2324 5399//2324
f 5400//2325 5401//2325 5402//2325
f 5403//2326 5318//2326 5404//2326
f 5320//2327 5323//2327 5405//2327
f 5336//2316 5406//2316 5407//2316
f 5408//2317 5409//2317 5335//2317
f 5327//2312 5340//2312 5330//2312
f 5339//2314 5410//2314 5331//2314
f 5248//2328 5411//2328 5412//2328 5254//2328
f 5349//2329 5413//2329 5246//2329 5360//2329
f 5414//2293 5415//2293 5416//2293 5417//2293
f 5236//2316 5418//2316 5233//2316
f 5413//2330 5247//2330 5246//2330
f 5417//2331 5419//2331 5343//2331 5420//2331
f 5421//2332 5422//2332 5355//2332 5423//2332
f 5424//2333 5353//2333 5355//2333 5422//2333
f 5243//2334 5425//2334 5356//2334 5244//2334
f 5426//2335 5357//2335 5356//2335 5427//2335
f 5241//2336 5244//2336 5357//2336 5428//2336
f 5429//2337 5354//2337 5353//2337 5430//2337
f 5431//2332 5432//2332 5433//2332 5434//2332
f 5435//2338 5436//2338 5247//2338 5413//2338
f 5370//2293 5437//2293 5438//2293 5367//2293
f 5262//2339 5240//2339 5372//2339 5439//2339
f 5264//2340 5263//2340 5440//2340 5373//2340
f 5441//2341 5369//2341 5371//2341 5442//2341
f 5366//2331 5371//2331 5370//2331 5367//2331
f 5374//2303 5372//2303 5239//2303 5264//2303
f 5309//2342 5308//2342 5380//2342 5443//2342
f 5444//2343 5378//2343 5380//2343 5308//2343
f 5271//2334 5445//2334 5381//2334 5272//2334
f 5446//2339 5382//2339 5381//2339 5447//2339
f 5269//2331 5272//2331 5382//2331 5448//2331
f 5449//2303 5379//2303 5378//2303 5450//2303
f 5451//2288 5452//2288 5282//2288 5281//2288
f 5295//2344 5294//2344 5279//2344 5282//2344
f 5453//2288 5385//2288 5452//2288 5451//2288
f 5292//2345 5291//2346 5386//2346 5287//2345
f 5283//2303 5286//2303 5291//2303 5297//2303
f 5387//2347 5280//2347 5294//2347 5293//2347
f 5454//2293 5455//2293 5393//2293 5456//2293
f 5457//2348 5391//2348 5393//2348 5455//2348
f 5300//2285 5458//2285 5394//2285 5301//2285
f 5459//2303 5395//2303 5394//2303 5460//2303
f 5298//2349 5301//2349 5395//2349 5461//2349
f 5462//2350 5392//2350 5391//2350 5463//2350
f 5268//2290 5267//2290 5464//2290 5408//2290
f 5465//2351 5403//2351 5404//2351 5466//2351
f 5467//2352 5400//2352 5402//2352 5468//2352
f 5467//2332 5469//2332 5470//2332 5400//2332
f 5313//2353 5312//2353 5471//2353 5399//2353
f 5472//2354 5404//2354 5318//2354 5317//2354
f 5473//2355 5402//2355 5401//2355 5474//2355
f 5409//2332 5475//2332 5476//2332 5406//2332
f 5324//2331 5327//2331 5330//2331 5329//2331
f 5339//2285 5338//2285 5477//2285 5410//2285
f 5268//2303 5408//2303 5335//2303 5334//2303
f 5336//2287 5335//2287 5409//2287 5406//2287
f 5331//2339 5330//2339 5340//2339 5339//2339
f 5449//2290 5478//2290 5479//2290 5379//2290
f 5480//2288 5481//2288 5365//2288 5482//2288
f 5483//2356 5429//2356 5430//2356 5484//2356
f 5350//2357 5485//2357 5486//2357 5351//2357
f 5484//2297 5430//2297 5353//2297 5424//2297 5487//2297 5488//2297 5351//2297 5486//2297 5428//2297 5357//2297 5426//2297 5489//2297 5490//2297 5359//2297
f 5252//2358 5251//2358 5491//2358 5358//2358
f 5483//2290 5492//2290 5493//2290 5429//2290
f 5350//2293 5494//2293 5495//2359 5485//2359
f 5358//2360 5483//2360 5484//2360 5359//2360
f 5485//2361 5241//2361 5428//2361 5486//2361
f 5358//2290 5491//2290 5492//2290 5483//2290
f 5359//2335 5490//2335 5249//2335 5252//2335
f 5489//2362 5426//2362 5427//2362 5496//2362
f 5351//2333 5488//2333 5432//2333 5352//2333
f 5487//2363 5424//2363 5422//2363 5433//2363
f 5434//2332 5433//2332 5422//2332 5421//2332
f 5356//2288 5425//2288 5497//2288 5427//2288
f 5496//2364 5498//2364 5250//2364 5249//2364
f 5488//2365 5487//2365 5433//2365 5432//2365
f 5490//2366 5489//2366 5496//2366 5249//2366
f 5363//2367 5364//2367 5365//2367 5481//2367
f 5482//2368 5365//2368 5345//2368 5499//2368
f 5499//2369 5345//2369 5344//2369 5500//2369
f 5418//2370 5253//2370 5254//2370 5233//2370
f 5247//2332 5436//2332 5411//2332 5248//2332
f 5401//2371 5501//2371 5502//2372 5474//2372
f 5503//2373 5500//2373 5344//2373 5419//2373
f 5361//2297 5360//2297 5246//2297 5245//2297 5253//2297 5418//2297 5504//2297 5420//2297 5343//2297 5342//2297 5364//2297 5363//2297
f 5236//2293 5235//2293 5415//2293 5414//2293
f 5349//2290 5348//2290 5435//2290 5413//2290
f 5414//2331 5417//2331 5420//2331 5504//2331
f 5481//2374 5480//2374 5505//2374 5362//2374
f 5362//2375 5363//2375 5481//2375
f 5323//2376 5506//2376 5507//2376 5405//2376
f 5508//2377 5319//2377 5318//2377 5403//2377
f 5470//2378 5501//2378 5401//2378 5400//2378
f 5398//2331 5509//2331 5310//2331 5313//2331
f 5321//2379 5472//2379 5317//2379 5322//2379
f 5377//2284 5510//2284 5511//2284 5375//2284
f 5512//2380 5322//2380 5317//2380 5316//2380
f 5513//2381 5514//2381 5311//2300 5310//2300
f 5479//2382 5443//2382 5380//2382 5379//2382
f 5509//2383 5515//2383 5513//2383 5310//2383
f 5516//2384 5467//2384 5468//2384 5517//2384
f 5399//2385 5518//2385 5519//2385 5398//2385
f 5506//2290 5323//2290 5322//2290 5512//2290
f 5516//2332 5520//2332 5469//2332 5467//2332
f 5399//2288 5471//2288 5521//2288 5518//2288
f 5405//2386 5516//2386 5517//2386 5320//2386
f 5402//2297 5473//2297 5515//2297 5509//2297 5398//2297 5519//2297 5466//2297 5404//2297 5472//2297 5321//2297 5320//2297 5517//2297 5468//2297
f 5518//2387 5465//2387 5466//2387 5519//2387
f 5405//2332 5507//2332 5520//2332 5516//2332
f 5522//2303 5449//2303 5450//2303 5523//2303
f 5375//2388 5524//2388 5525//2388 5376//2388
f 5276//2285 5275//2285 5526//2285 5383//2285
f 5522//2290 5527//2290 5478//2290 5449//2290
f 5375//2371 5511//2371 5528//2389 5524//2389
f 5383//2303 5522//2303 5523//2303 5384//2303
f 5524//2390 5269//2390 5448//2390 5525//2390
f 5383//2290 5526//2290 5527//2290 5522//2290
f 5525//2297 5448//2297 5382//2297 5446//2297 5529//2297 5384//2297 5523//2297 5450//2297 5378//2297 5444//2297 5530//2297 5376//2297
f 5529//2391 5446//2391 5447//2391 5273//2391
f 5376//2287 5530//2287 5307//2287 5377//2287
f 5510//2332 5377//2332 5307//2332 5306//2332
f 5384//2392 5529//2392 5273//2392 5276//2392
f 5530//2393 5444//2393 5308//2393 5307//2393
f 5417//2293 5416//2293 5503//2293 5419//2293
f 5397//2394 5531//2394 5302//2394 5305//2394
f 5532//2395 5457//2395 5455//2395 5533//2395
f 5534//2293 5533//2293 5455//2293 5454//2293
f 5460//2290 5535//2290 5303//2290 5302//2290
f 5389//2396 5532//2396 5533//2396 5390//2396
f 5531//2397 5459//2397 5460//2397 5302//2397
f 5531//2398 5397//2398 5536//2398 5463//2398 5391//2398 5457//2398 5532//2398 5389//2398 5537//2398 5461//2398 5395//2398 5459//2398
f 5396//2399 5538//2399 5536//2399 5397//2399
f 5538//2400 5462//2400 5463//2400 5536//2400
f 5388//2339 5314//2339 5537//2339 5389//2339
f 5314//2401 5298//2401 5461//2401 5537//2401
f 5539//2293 5390//2293 5533//2293 5534//2293
f 5396//2402 5540//2402 5541//2402 5538//2402
f 5538//2403 5541//2403 5542//2403 5462//2403
f 5388//2288 5543//2288 5315//2288 5314//2288
f 5293//2404 5292//2345 5287//2345 5290//2404
f 5297//2405 5296//2405 5452//2405 5385//2405
f 5447//2406 5544//2406 5274//2406 5273//2406
f 5545//2407 5265//2407 5333//2407 5332//2407
f 5546//2408 5547//2408 5328//2408 5337//2408
f 5326//2334 5341//2334 5340//2334 5327//2334
f 5545//2409 5548//2409 5266//2409 5265//2409
f 5546//2410 5549//2410 5550//2293 5547//2293
f 5410//2303 5545//2303 5332//2303 5331//2303
f 5547//2411 5324//2411 5329//2411 5328//2411
f 5410//2290 5477//2290 5548//2290 5545//2290
f 5547//2412 5550//2412 5325//2412 5324//2412
f 5407//2413 5546//2413 5337//2413 5336//2413
f 5265//2414 5268//2414 5334//2414 5333//2414
f 5407//2415 5551//2415 5549//2410 5546//2410
f 5518//2288 5521//2288 5552//2288 5465//2288
f 5515//2416 5473//2416 5474//2416 5513//2416
f 5427//2417 5497//2417 5498//2417 5496//2417
f 5553//2332 5352//2332 5432//2332 5431//2332
f 5485//2359 5495//2359 5242//2418 5241//2418
f 5554//2419 5423//2419 5355//2419 5354//2419
f 5352//2420 5553//2420 5494//2420 5350//2420
f 5429//2290 5493//2290 5554//2290 5354//2290
f 5406//2284 5476//2284 5551//2284 5407//2284
f 5464//2382 5475//2382 5409//2382 5408//2382
f 5555//2421 5437//2421 5370//2421 5369//2421
f 5367//2334 5438//2334 5556//2334 5368//2334
f 5373//2332 5440//2332 5557//2332 5558//2332
f 5343//2422 5419//2422 5344//2422
f 5362//2290 5505//2290 5347//2290 5346//2290
f 5236//2331 5414//2331 5504//2331 5418//2331
f 5474//2372 5502//2372 5514//2381 5513//2381
f 5524//2389 5528//2389 5270//2292 5269//2292
f 5465//2288 5552//2288 5508//2288 5403//2288
f 5381//2288 5445//2288 5544//2288 5447//2288
f 5394//2290 5458//2290 5535//2290 5460//2290
f 5441//2332 5559//2332 5555//2332 5369//2332
f 5305//2423 5304//2423 5540//2423 5396//2423
f 5385//2424 5453//2424 5284//2424 5283//2424
f 5560//2425 5456//2425 5393//2425 5392//2425
f 5390//2426 5539//2426 5543//2426 5388//2426
f 5290//2427 5289//2427 5561//2427 5387//2427
f 5462//2332 5542//2332 5560//2332 5392//2332
f 5386//2428 5562//2428 5288//2428 5287//2428
f 5387//2293 5561//2293 5277//2293 5280//2293
f 5296//2429 5295//2429 5282//2429 5452//2429
f 5558//2430 5441//2430 5442//2430 5563//2430
f 5368//2431 5259//2431 5564//2431 5366//2431
f 5564//2297 5439//2297 5372//2297 5374//2297 5563//2297 5442//2297 5371//2297 5366//2297
f 5262//2288 5261//2288 5237//2288 5240//2288
f 5254//2432 5412//2432 5234//2432 5233//2432
f 5368//2288 5556//2288 5260//2288 5259//2288
f 5373//2433 5558//2433 5563//2433 5374//2433
f 5259//2434 5262//2434 5439//2434 5564//2434
f 5558//2332 5557//2332 5559//2332 5441//2332
f 5565//2435 5566//2435 5567//2435 5568//2435
f 5566//2436 5565//2436 5569//2436 5570//2436 5571//2436 5572//2436 5573//2436 5574//2436
f 5572//2437 5575//2437 5255//2437
f 5576//2316 5577//2316 5571//2316
f 5578//2438 5567//2438 5566//2438
f 5579//2439 5580//2439 5570//2439
f 5581//2290 5579//2290 5582//2290 5583//2290
f 5577//2293 5584//2293 5585//2293 5575//2293
f 5586//2440 5578//2440 5566//2440 5574//2440
f 5579//2441 5581//2441 5587//2441 5580//2441
f 5575//2442 5585//2442 5256//2442 5255//2442
f 5572//2331 5571//2331 5577//2331 5575//2331
f 5588//2443 5589//2443 5567//2443 5578//2443
f 5586//2288 5590//2288 5588//2288 5578//2288
f 5258//2444 5586//2444 5574//2444 5573//2444
f 5255//2445 5258//2445 5573//2445 5572//2445
f 5580//2446 5576//2446 5571//2446 5570//2446
f 5258//2288 5257//2288 5590//2288 5586//2288
f 5591//2284 5584//2284 5577//2284 5576//2284
f 5580//2332 5587//2332 5591//2332 5576//2332
f 5583//2290 5582//2290 5568//2290 5592//2290
f 5593//2447 5594//2447 5595//2448 5596//2448
f 5569//2449 5565//2449 5568//2449 5582//2449
f 5570//2450 5569//2450 5582//2450 5579//2450
f 5592//2290 5568//2290 5567//2290 5589//2290
f 5597//2451 5598//2451 5594//2447 5593//2447
f 5599//2452 5600//2452 5601//2452 5602//2452
f 5603//2332 5604//2332 5605//2332 5606//2332
f 5607//2312 5608//2312 5609//2312
f 5610//2314 5611//2314 5612//2314
f 5599//2453 5613//2453 5605//2453
f 5606//2454 5614//2454 5596//2454
f 5610//2290 5615//2290 5616//2290 5617//2290
f 5609//2288 5618//2288 5619//2288 5612//2288
f 5602//2455 5620//2455 5613//2455 5599//2455
f 5596//2456 5595//2456 5603//2456 5606//2456
f 5617//2303 5621//2303 5611//2303 5610//2303
f 5607//2339 5609//2339 5612//2339 5611//2339
f 5614//2457 5606//2457 5605//2457 5613//2457
f 5597//2458 5622//2458 5621//2458 5617//2458
f 5608//2331 5607//2331 5623//2331 5624//2331
f 5600//2459 5599//2459 5605//2459 5604//2459
f 5617//2460 5616//2460 5598//2460 5597//2460
f 5623//2297 5607//2297 5611//2297 5621//2297 5622//2297 5625//2297 5614//2297 5613//2297 5620//2297
f 5626//2406 5627//2406 5628//2406 5629//2406
f 5593//2461 5625//2461 5622//2461 5597//2461
f 5624//2462 5623//2462 5620//2462 5602//2462
f 5624//2293 5630//2293 5631//2293 5608//2293
f 5608//2334 5631//2334 5618//2334 5609//2334
f 5615//2285 5610//2285 5612//2285 5619//2285
f 5596//2463 5614//2463 5625//2463 5593//2463
f 5602//2464 5601//2464 5630//2464 5624//2464
f 5632//2290 5633//2290 5634//2290 5635//2290
f 5629//2294 5628//2294 5636//2294 5637//2294
f 5638//2465 5639//2465 5640//2465 5641//2465
f 5642//2466 5643//2466 5644//2466 5645//2466
f 5646//2303 5632//2303 5647//2303 5648//2303
f 5649//2467 5650//2467 5651//2467 5642//2467
f 5652//2468 5653//2468 5654//2468 5639//2468
f 5655//2469 5656//2469 5657//2469
f 5643//2470 5638//2470 5641//2470 5644//2470
f 5658//2471 5659//2471 5657//2471 5656//2471
f 5639//2472 5654//2472 5640//2472
f 5660//2332 5661//2332 5657//2332 5659//2332
f 5642//2293 5651//2293 5662//2293 5643//2293
f 5635//2290 5634//2290 5658//2290 5656//2290
f 5642//2473 5645//2473 5649//2473
f 5637//2285 5636//2285 5663//2285 5646//2285
f 5646//2314 5648//2314 5637//2314
f 5664//2339 5640//2339 5654//2339 5626//2339
f 5635//2303 5656//2303 5655//2303 5665//2303
f 5666//2474 5655//2474 5657//2474 5661//2474
f 5632//2303 5635//2303 5665//2303 5647//2303
f 5667//2328 5668//2328 5669//2328 5670//2328
f 5638//2293 5671//2293 5652//2293 5639//2293
f 5646//2290 5663//2290 5633//2290 5632//2290
f 5644//2297 5641//2297 5640//2297 5664//2297 5672//2297 5648//2297 5647//2297 5665//2297 5655//2297 5666//2297 5673//2297 5645//2297
f 5672//2391 5664//2391 5626//2391 5629//2391
f 5645//2475 5673//2475 5674//2475 5649//2475
f 5650//2332 5649//2332 5674//2332 5675//2332
f 5648//2392 5672//2392 5629//2392 5637//2392
f 5673//2476 5666//2476 5661//2476 5674//2476
f 5675//2332 5674//2332 5661//2332 5660//2332
f 5643//2293 5662//2293 5671//2293 5638//2293
f 5654//2288 5653//2288 5627//2288 5626//2288
f 5676//2477 5677//2477 5678//2290 5679//2290
f 5670//2432 5669//2432 5680//2432 5681//2432
f 5682//2478 5683//2478 5684//2478
f 5685//2479 5686//2479 5687//2479
f 5679//2317 5688//2317 5689//2317
f 5690//2316 5691//2316 5681//2316
f 5692//2288 5693//2288 5687//2288 5694//2288
f 5695//2480 5685//2480 5687//2480 5693//2480
f 5678//2382 5696//2382 5688//2382 5679//2382
f 5697//2287 5689//2287 5688//2287 5667//2287
f 5676//2303 5679//2303 5689//2303 5698//2303
f 5699//2481 5686//2481 5685//2481 5700//2481
f 5699//2293 5701//2293 5702//2293 5686//2293
f 5684//2482 5703//2482 5704//2482 5682//2482
f 5702//2483 5694//2483 5687//2483 5686//2483
f 5705//2481 5699//2481 5700//2481 5706//2481
f 5682//2484 5707//2484 5708//2484 5683//2484
f 5681//2284 5680//2284 5709//2284 5690//2284
f 5705//2293 5710//2293 5701//2293 5699//2293
f 5682//2485 5704//2485 5711//2486 5707//2486
f 5690//2481 5705//2481 5706//2481 5691//2481
f 5707//2487 5676//2487 5698//2487 5708//2487
f 5690//2293 5709//2293 5710//2293 5705//2293
f 5708//2297 5698//2297 5689//2297 5697//2297 5712//2297 5691//2297 5706//2297 5700//2297 5685//2297 5695//2297 5713//2297 5683//2297
f 5712//2289 5697//2289 5667//2289 5670//2289
f 5683//2488 5713//2488 5714//2488 5684//2488
f 5703//2288 5684//2288 5714//2288 5715//2288
f 5691//2370 5712//2370 5670//2370 5681//2370
f 5713//2489 5695//2489 5693//2489 5714//2489
f 5715//2288 5714//2288 5693//2288 5692//2288
f 5707//2486 5711//2486 5677//2477 5676//2477
f 5688//2332 5696//2332 5668//2332 5667//2332
f 5716//2490 5411//2490 5436//2490 5717//2490
f 5718//2491 5412//2491 5411//2491 5716//2491
f 5719//2492 5720//2492 5721//2492 5722//2492 5723//2492 5724//2492 5725//2492
f 5726//2493 5506//2493 5512//2493 5727//2493
f 5728//2492 5729//2492 5730//2492 5731//2492 5732//2492 5733//2492 5734//2492 5735//2492 5736//2492 5737//2492
f 5738//2494 5499//2494 5500//2494 5739//2494
f 5494//2495 5553//2495 5740//2495
f 5741//2496 5423//2496 5554//2496
f 5243//2497 5742//2497 5425//2497
f 5491//2498 5251//2498 5743//2498
f 5347//2499 5744//2499 5745//2499 5348//2499
f 5505//2500 5746//2500 5744//2500 5347//2500
f 5747//2501 5482//2501 5499//2501 5738//2501
f 5748//2502 5556//2502 5438//2502
f 5555//2503 5749//2503 5437//2503
f 5237//2504 5750//2504 5238//2504
f 5263//2505 5751//2505 5440//2505
f 5511//2506 5510//2506 5752//2506
f 5753//2507 5443//2507 5479//2507
f 5271//2502 5754//2502 5445//2502
f 5526//2504 5275//2504 5755//2504
f 5284//2508 5453//2508 5720//2508
f 5723//2509 5278//2509 5277//2509
f 5285//2507 5719//2507 5562//2507
f 5561//2510 5289//2510 5724//2510
f 5543//2511 5539//2511 5756//2511
f 5757//2512 5456//2512 5560//2512
f 5300//2504 5758//2504 5458//2504
f 5540//2513 5304//2513 5759//2513
f 5760//2514 5471//2514 5312//2514
f 5470//2515 5761//2515 5501//2515
f 5508//2516 5762//2516 5319//2516
f 5726//2517 5507//2517 5506//2517
f 5730//2506 5551//2506 5476//2506
f 5464//2507 5731//2507 5475//2507
f 5326//2502 5736//2502 5341//2502
f 5338//2504 5735//2504 5477//2504
f 5348//2518 5745//2518 5717//2518 5435//2518
f 5235//2506 5234//2506 5763//2506
f 5435//2519 5717//2519 5436//2519
f 5416//2520 5764//2520 5739//2520 5503//2520
f 5765//2521 5421//2521 5423//2521 5741//2521
f 5766//2522 5497//2522 5425//2522 5742//2522
f 5242//2523 5767//2523 5742//2523 5243//2523
f 5493//2524 5768//2524 5741//2524 5554//2524
f 5261//2525 5769//2525 5750//2525 5237//2525
f 5559//2526 5770//2526 5749//2526 5555//2526
f 5748//2520 5438//2520 5437//2520 5749//2520
f 5751//2493 5263//2493 5238//2493 5750//2493
f 5771//2527 5309//2527 5443//2527 5753//2527
f 5772//2525 5544//2525 5445//2525 5754//2525
f 5270//2520 5773//2520 5754//2520 5271//2520
f 5478//2493 5774//2493 5753//2493 5479//2493
f 5722//2528 5281//2528 5278//2528 5723//2528
f 5725//2529 5288//2529 5562//2530 5719//2530
f 5284//2493 5720//2493 5719//2493 5285//2493
f 5561//2531 5724//2531 5723//2531 5277//2531
f 5775//2532 5454//2532 5456//2532 5757//2532
f 5776//2493 5535//2493 5458//2493 5758//2493
f 5299//2533 5777//2533 5758//2533 5300//2533
f 5542//2534 5778//2534 5757//2534 5560//2534
f 5552//2535 5779//2535 5762//2535 5508//2535
f 5469//2536 5780//2536 5761//2536 5470//2536
f 5781//2537 5316//2537 5319//2537 5762//2537
f 5782//2538 5502//2538 5501//2538 5761//2538
f 5325//2520 5737//2520 5736//2520 5326//2520
f 5267//2493 5732//2493 5731//2493 5464//2493
f 5730//2534 5476//2534 5475//2534 5731//2534
f 5735//2525 5338//2525 5341//2525 5736//2525
f 5492//2539 5783//2539 5768//2539 5493//2539
f 5494//2540 5740//2540 5784//2540 5495//2540
f 5783//2492 5743//2492 5785//2492 5786//2492 5766//2492 5742//2492 5767//2492 5784//2492 5740//2492 5787//2492 5788//2492 5765//2492 5741//2492 5768//2492
f 5491//2541 5743//2541 5783//2541 5492//2541
f 5495//2542 5784//2542 5767//2542 5242//2542
f 5743//2522 5251//2522 5250//2522 5785//2522
f 5786//2543 5498//2543 5497//2543 5766//2543
f 5740//2521 5553//2521 5431//2521 5787//2521
f 5788//2544 5434//2544 5421//2544 5765//2544
f 5787//2545 5431//2545 5434//2545 5788//2545
f 5785//2546 5250//2546 5498//2546 5786//2546
f 5746//2547 5480//2547 5482//2547 5747//2547
f 5763//2548 5234//2548 5412//2548 5718//2548
f 5744//2492 5746//2492 5747//2492 5738//2492 5739//2492 5764//2492 5789//2492 5763//2492 5718//2492 5716//2492 5717//2492 5745//2492
f 5415//2520 5789//2520 5764//2520 5416//2520
f 5505//2549 5480//2549 5746//2549
f 5760//2520 5312//2520 5311//2520 5790//2520
f 5727//2550 5512//2550 5316//2550 5781//2550
f 5790//2551 5311//2551 5514//2551 5791//2551
f 5520//2552 5792//2552 5780//2552 5469//2552
f 5471//2553 5760//2553 5793//2553 5521//2553
f 5507//2554 5726//2554 5792//2554 5520//2554
f 5761//2492 5780//2492 5792//2492 5726//2492 5727//2492 5781//2492 5762//2492 5779//2492 5793//2492 5760//2492 5790//2492 5791//2492 5782//2492
f 5521//2555 5793//2555 5779//2555 5552//2555
f 5527//2493 5794//2493 5774//2493 5478//2493
f 5511//2556 5752//2556 5795//2556 5528//2556
f 5526//2493 5755//2493 5794//2493 5527//2493
f 5528//2557 5795//2557 5773//2557 5270//2557
f 5795//2492 5752//2492 5796//2492 5771//2492 5753//2492 5774//2492 5794//2492 5755//2492 5797//2492 5772//2492 5754//2492 5773//2492
f 5797//2558 5274//2558 5544//2558 5772//2558
f 5752//2534 5510//2534 5306//2534 5796//2534
f 5755//2559 5275//2559 5274//2559 5797//2559
f 5796//2560 5306//2560 5309//2560 5771//2560
f 5759//2561 5304//2561 5303//2561 5798//2561
f 5799//2562 5534//2562 5454//2562 5775//2562
f 5756//2563 5539//2563 5534//2563 5799//2563
f 5798//2564 5303//2564 5535//2564 5776//2564
f 5798//2565 5776//2565 5758//2565 5777//2565 5800//2565 5756//2565 5799//2565 5775//2565 5757//2565 5778//2565 5801//2565 5759//2565
f 5540//2566 5759//2566 5801//2566 5541//2566
f 5541//2567 5801//2567 5778//2567 5542//2567
f 5543//2568 5756//2568 5800//2568 5315//2568
f 5315//2569 5800//2569 5777//2569 5299//2569
f 5724//2570 5289//2570 5288//2529 5725//2529
f 5720//2571 5453//2571 5451//2571 5721//2571
f 5548//2572 5734//2572 5733//2572 5266//2572
f 5549//2573 5729//2573 5728//2573 5550//2573
f 5477//2493 5735//2493 5734//2493 5548//2493
f 5550//2574 5728//2574 5737//2574 5325//2574
f 5551//2575 5730//2575 5729//2575 5549//2575
f 5266//2576 5733//2576 5732//2576 5267//2576
f 5791//2577 5514//2577 5502//2577 5782//2577
f 5739//2578 5500//2578 5503//2578
f 5235//2520 5763//2520 5789//2520 5415//2520
f 5721//2579 5451//2579 5281//2579 5722//2579
f 5557//2580 5802//2580 5770//2580 5559//2580
f 5556//2581 5748//2581 5803//2581 5260//2581
f 5803//2492 5748//2492 5749//2492 5770//2492 5802//2492 5751//2492 5750//2492 5769//2492
f 5440//2582 5751//2582 5802//2582 5557//2582
f 5260//2583 5803//2583 5769//2583 5261//2583
f 5804//2584 5592//2584 5589//2584 5805//2584
f 5805//2585 5806//2585 5807//2585 5808//2585 5809//2585 5810//2585 5811//2585 5804//2585
f 5808//2586 5256//2586 5585//2586
f 5591//2506 5809//2506 5584//2506
f 5588//2587 5805//2587 5589//2587
f 5581//2588 5810//2588 5587//2588
f 5590//2589 5806//2589 5805//2589 5588//2589
f 5808//2520 5585//2520 5584//2520 5809//2520
f 5257//2590 5807//2590 5806//2590 5590//2590
f 5256//2591 5808//2591 5807//2591 5257//2591
f 5587//2592 5810//2592 5809//2592 5591//2592
f 5811//2593 5583//2593 5592//2593 5804//2593
f 5810//2594 5581//2594 5583//2594 5811//2594
f 5812//2502 5618//2502 5631//2502
f 5615//2595 5619//2595 5813//2595
f 5600//2596 5604//2596 5814//2596
f 5603//2597 5595//2597 5815//2597
f 5601//2598 5600//2598 5814//2598 5816//2598
f 5616//2493 5615//2493 5813//2493 5817//2493
f 5812//2525 5813//2525 5619//2525 5618//2525
f 5815//2599 5814//2599 5604//2599 5603//2599
f 5598//2600 5616//2600 5817//2600 5818//2600
f 5631//2520 5630//2520 5819//2520 5812//2520
f 5819//2492 5816//2492 5814//2492 5815//2492 5820//2492 5818//2492 5817//2492 5813//2492 5812//2492
f 5594//2601 5598//2601 5818//2601 5820//2601
f 5630//2602 5601//2602 5816//2602 5819//2602
f 5595//2603 5594//2603 5820//2603 5815//2603
f 5671//2604 5821//2604 5822//2604 5652//2604
f 5651//2605 5823//2605 5824//2605 5662//2605
f 5663//2493 5825//2493 5826//2493 5633//2493
f 5827//2606 5659//2606 5658//2606
f 5662//2607 5824//2607 5821//2607 5671//2607
f 5652//2608 5822//2608 5653//2608
f 5651//2609 5650//2609 5823//2609
f 5663//2504 5636//2504 5825//2504
f 5828//2525 5627//2525 5653//2525 5822//2525
f 5634//2610 5829//2610 5827//2610 5658//2610
f 5830//2611 5660//2611 5659//2611 5827//2611
f 5633//2493 5826//2493 5829//2610 5634//2610
f 5824//2492 5823//2492 5831//2492 5830//2492 5827//2492 5829//2492 5826//2492 5825//2492 5832//2492 5828//2492 5822//2492 5821//2492
f 5832//2558 5628//2558 5627//2558 5828//2558
f 5823//2612 5650//2612 5675//2612 5831//2612
f 5825//2559 5636//2559 5628//2559 5832//2559
f 5831//2613 5675//2613 5660//2613 5830//2613
f 5704//2614 5703//2614 5833//2614
f 5834//2615 5694//2615 5702//2615
f 5678//2507 5835//2507 5696//2507
f 5709//2506 5680//2506 5836//2506
f 5837//2616 5692//2616 5694//2616 5834//2616
f 5838//2534 5668//2534 5696//2534 5835//2534
f 5677//2493 5839//2493 5835//2493 5678//2493
f 5701//2520 5840//2520 5834//2520 5702//2520
f 5710//2520 5841//2520 5840//2520 5701//2520
f 5704//2617 5833//2617 5842//2617 5711//2617
f 5709//2520 5836//2520 5841//2520 5710//2520
f 5711//2618 5842//2618 5839//2618 5677//2618
f 5842//2492 5833//2492 5843//2492 5837//2492 5834//2492 5840//2492 5841//2492 5836//2492 5844//2492 5838//2492 5835//2492 5839//2492
f 5844//2491 5669//2491 5668//2491 5838//2491
f 5833//2619 5703//2619 5715//2619 5843//2619
f 5836//2548 5680//2548 5669//2548 5844//2548
f 5843//2620 5715//2620 5692//2620 5837//2620
f 5285//2382 5562//2382 5386//2382 5286//2382
