# Blender v3.0.1 OBJ File: ''
# www.blender.org
mtllib quat_junction.mtl
o Wall_Modular_Cube.006_Wall_Modular_Cube.007
v -0.190480 1.681634 0.609111
v -0.190480 1.958800 0.609111
v -0.162676 1.958800 0.642152
v -0.162676 1.681634 0.642152
v 1.153368 1.589539 0.679834
v 1.153368 1.589539 0.907346
v 0.381781 1.578764 0.907346
v 0.381781 1.578764 0.679834
v -0.703041 1.681634 0.609111
v -0.703041 1.958800 0.609111
v -0.492760 1.958800 0.609111
v -0.334013 1.945726 0.609111
v 0.353977 1.810513 0.679834
v 0.353977 1.810513 0.907346
v 0.353977 1.958800 0.907346
v 0.353977 1.958800 0.679834
v 0.366277 1.820113 0.724418
v 0.366277 1.820113 0.862762
v 0.366277 1.413789 0.862762
v 0.366277 1.413789 0.724418
v 0.018554 1.396085 0.724418
v 0.018554 1.396085 0.862762
v -0.142820 1.394789 0.862762
v -0.142820 1.394789 0.724418
v 0.901680 1.296289 0.619630
v 0.901680 1.296289 0.967550
v 0.901680 1.344727 0.967550
v 0.901680 1.344727 0.619630
v -1.462084 0.797543 0.619630
v -1.462084 0.797543 0.967550
v -1.462084 1.158780 0.967551
v -1.462084 1.158780 0.619629
v 1.429966 1.581974 0.967550
v 1.429966 1.581974 0.619630
v 0.929484 1.581974 0.619630
v 0.929484 1.581974 0.967550
v 0.351861 0.847076 0.679834
v 0.351861 0.847076 0.907346
v -0.144229 0.847076 0.907346
v -0.144229 0.847076 0.679834
v -0.160208 0.962546 0.679834
v -0.160208 0.962546 0.907346
v -0.172033 1.376927 0.907346
v -0.172033 1.376927 0.679834
v -1.434281 -0.021786 0.907346
v -1.462084 -0.002786 0.907346
v -1.462084 -0.002786 0.679834
v -1.434281 -0.021786 0.679834
v 0.513813 0.021029 0.591663
v 0.414411 -0.006243 0.583403
v 0.205726 -0.002785 0.586589
v 0.205726 0.324414 0.586589
v 0.326775 0.324414 0.586589
v 0.387299 0.311484 0.586589
v 0.447825 0.324414 0.586589
v 1.434279 0.324414 0.586589
v 1.434279 -0.002785 0.586589
v 0.835275 0.008972 0.591577
v -1.434281 0.453683 0.679834
v -1.434281 0.453683 0.907346
v -0.391660 0.453683 0.907346
v -0.391660 0.453683 0.679834
v -0.360036 0.361581 0.679834
v -0.360036 0.361581 0.907346
v -0.363857 -0.002786 0.907346
v -0.363857 -0.002786 0.679834
v -0.391660 0.434683 0.646793
v -0.403705 0.361581 0.646793
v -0.391660 -0.002786 0.646793
v -1.434281 -0.002786 0.646793
v -1.428243 0.278597 0.646793
v -1.413783 0.361581 0.646793
v -1.434281 0.434683 0.646793
v -0.355723 0.272958 0.718919
v -0.355723 0.272958 0.868261
v -0.376156 0.542225 0.868261
v -0.376156 0.542225 0.718919
v 1.462082 1.724698 0.907346
v 1.462082 1.724698 0.679834
v 1.465682 1.787793 0.679834
v 1.465682 1.787793 0.907346
v -0.042006 0.561225 0.718919
v -0.042006 0.561225 0.868261
v 0.161519 0.561225 0.868261
v 0.161519 0.561225 0.718919
v -1.434281 0.450474 0.967550
v -1.434281 0.450474 0.619630
v -0.919801 0.450474 0.619630
v -0.919801 0.450474 0.967550
v -0.236479 0.845412 0.619630
v -0.236478 0.845412 0.967550
v -0.207273 0.847334 0.967550
v -0.207273 0.847334 0.619630
v -0.895805 0.866076 0.643234
v -0.895805 0.866076 0.943946
v -0.895299 1.221821 0.943946
v -0.895299 1.221821 0.643234
v 0.916510 0.934043 0.907346
v 0.916510 0.934043 0.679834
v 0.914374 0.985890 0.679834
v 0.914374 0.985890 0.907346
v -0.895805 1.479568 0.643234
v -0.895805 1.479568 0.943946
v -0.895805 1.646927 0.943946
v -0.895805 1.646927 0.643234
v -0.181821 1.479568 0.943946
v -0.181821 1.479568 0.643234
v -0.166427 1.646927 0.643234
v -0.166427 1.646927 0.943946
v -0.194230 0.866076 0.610193
v -0.194230 1.419792 0.610193
v -0.166427 1.419792 0.643234
v -0.166427 0.866076 0.643234
v -0.088625 0.557652 0.619630
v -0.088625 0.557652 0.967550
v -0.346790 0.557652 0.967550
v -0.346790 0.557652 0.619630
v 0.901680 1.562974 0.967550
v 0.901680 1.562974 0.619630
v -0.026667 0.600969 0.586589
v -0.088625 0.576652 0.586589
v -0.346790 0.576652 0.586589
v -0.346790 0.828334 0.586589
v -0.319182 0.828334 0.586589
v -0.236479 0.813369 0.586589
v -0.207273 0.828334 0.586589
v 0.326266 0.828334 0.586589
v 0.326266 0.576652 0.586589
v 0.023284 0.585124 0.586589
v -0.374593 0.828334 0.967550
v -0.374593 0.828334 0.619630
v -0.374593 0.576652 0.619630
v -0.374593 0.576652 0.967550
v 0.901680 0.905275 0.717625
v 0.901680 0.905275 0.869555
v 0.901680 1.025535 0.869555
v 0.901680 1.025535 0.717625
v 1.429966 1.044535 0.869555
v 1.429966 1.044535 0.717625
v 0.929484 1.044535 0.717625
v 0.929484 1.044535 0.869555
v -0.730844 1.958800 0.642152
v -0.703041 1.977800 0.642152
v -0.703041 1.662634 0.642152
v -0.730844 1.681634 0.642152
v 1.434279 1.578764 0.679834
v 1.452679 1.591672 0.658415
v 1.462082 1.597764 0.679834
v 1.452679 1.964892 0.658415
v 1.434279 1.977800 0.679834
v 1.462082 1.958800 0.679834
v 0.353977 1.597764 0.679834
v 0.363381 1.591672 0.658415
v 0.381781 1.977800 0.679834
v 0.363381 1.964892 0.658415
v -0.190480 1.662634 0.642152
v 0.338473 1.394789 0.724418
v 0.338473 1.413789 0.691377
v -0.170624 1.413789 0.724418
v -0.131836 1.423796 0.691447
v 0.929484 1.061832 0.586589
v 0.929484 1.042832 0.619630
v 0.901680 1.061832 0.619630
v 1.457770 1.061832 0.619630
v 1.429966 1.042832 0.619630
v 1.429966 1.061832 0.586589
v 0.929484 1.562974 0.586589
v 1.457770 1.562974 0.619630
v 1.429966 1.562974 0.586589
v 0.888706 1.376927 0.646793
v 0.888706 1.395927 0.679834
v 0.916510 1.376927 0.679834
v -0.172033 0.866076 0.679834
v -0.144229 0.866076 0.646793
v -0.144229 1.395927 0.679834
v -0.144229 1.376927 0.646793
v 1.462082 -0.002785 0.619630
v 1.434279 -0.021785 0.619630
v 1.434279 0.343414 0.619630
v 1.462082 0.324414 0.619630
v -1.462084 0.434683 0.679834
v -0.363857 0.434683 0.679834
v -0.391660 -0.021786 0.679834
v 0.205726 -0.021785 0.619630
v 0.177923 -0.002785 0.619630
v 0.177923 0.324414 0.619630
v 0.205726 0.343414 0.619630
v -0.376156 -0.004350 0.718919
v -0.348353 -0.004350 0.685878
v -0.348353 -0.023350 0.718919
v -0.348353 0.561225 0.718919
v -0.348353 0.542225 0.685878
v 0.189322 0.542225 0.718919
v 0.161519 0.542225 0.685878
v -0.919801 1.158780 0.586589
v -0.919801 1.177780 0.619630
v -0.891998 1.158780 0.619630
v -1.434281 1.177780 0.619629
v -1.434281 1.158780 0.586589
v -0.891998 0.469474 0.619630
v -0.919801 0.469474 0.586589
v -1.462084 0.469474 0.619630
v -1.434281 0.469474 0.586589
v -0.868002 1.646927 0.610193
v -0.868002 1.665927 0.643234
v -0.868002 0.843534 0.643234
v -0.868002 0.866076 0.610193
v -0.194230 0.843534 0.643234
v 0.354070 0.576652 0.619630
v 0.326266 0.557652 0.619630
v 0.326266 0.847334 0.619630
v 0.354070 0.828334 0.619630
v -0.346790 0.847334 0.619630
v 0.929484 0.357282 0.684584
v 0.929484 0.338282 0.717625
v 0.901680 0.357282 0.717625
v 1.457770 0.357282 0.717625
v 1.429966 0.338282 0.717625
v 1.429966 0.357282 0.684584
v 0.929484 1.025535 0.684584
v 1.457770 1.025535 0.717625
v 1.429966 1.025535 0.684584
v -0.162676 1.681634 0.945028
v -0.162676 1.958800 0.945028
v -0.730844 1.681634 0.945028
v -0.730844 1.958800 0.945028
v -0.190480 1.662634 0.945028
v -0.703041 1.977800 0.945028
v 1.462082 1.814254 0.907346
v 1.462082 1.814254 0.679834
v 1.462082 1.958800 0.907346
v 1.452679 1.815197 0.658415
v 0.353977 1.597764 0.907346
v 0.363381 1.716220 0.658415
v 0.353977 1.718682 0.679834
v 1.161760 1.602830 0.658415
v -0.059985 1.979364 0.862762
v -0.059985 1.979364 0.724418
v -0.142820 1.979364 0.724418
v -0.142820 1.979364 0.862762
v -0.044497 1.937546 0.691377
v -0.142820 1.960364 0.691377
v 0.338473 1.394789 0.862762
v 0.023948 1.430167 0.691356
v 0.338473 1.820113 0.691377
v 1.429966 1.042832 0.967550
v 0.929484 1.042832 0.967550
v 0.929484 1.344727 0.586589
v 1.457770 1.562974 0.967550
v 1.457770 1.381705 0.619630
v 1.429966 1.381705 0.586589
v 0.916510 1.376927 0.907346
v -0.172033 0.866076 0.907346
v -0.144229 0.934043 0.646793
v -0.172033 0.934043 0.679834
v 0.351861 0.866076 0.646793
v 0.572560 1.395927 0.679834
v 0.572560 1.376927 0.646793
v 0.428943 -0.021785 0.619630
v 0.177923 0.324414 0.967550
v 0.205726 0.343414 0.967550
v 0.447825 0.343414 0.619630
v -1.459892 0.361581 0.907346
v -1.459892 0.361581 0.679834
v -1.460568 0.278597 0.679834
v -1.460568 0.278597 0.907346
v -1.462084 0.434683 0.907346
v -0.180753 -0.015807 0.868261
v -0.180753 -0.015807 0.718919
v 0.161519 -0.023350 0.718919
v 0.161519 -0.023350 0.868261
v -0.348353 0.561225 0.868261
v -0.157834 0.542225 0.685878
v -0.157834 0.561225 0.718919
v -0.327920 0.272958 0.685878
v 0.189322 0.091535 0.718919
v 0.189322 -0.004350 0.718919
v 0.161519 -0.004350 0.685878
v 0.161519 0.091535 0.685878
v -0.919801 1.177780 0.967550
v -0.891998 1.158780 0.967550
v -0.891998 0.775647 0.619630
v -0.919801 0.775647 0.586589
v -1.434281 1.177780 0.967551
v -1.434281 0.797543 0.586589
v 0.326266 0.847334 0.967550
v -0.738064 0.843534 0.643234
v -0.738064 0.866076 0.610193
v -0.738064 0.843534 0.943946
v -0.868002 0.843534 0.943946
v -0.868002 1.665927 0.943946
v -0.225902 1.479568 0.610193
v -0.194230 1.646927 0.610193
v -0.864092 1.221822 0.610193
v 0.354070 0.828334 0.967550
v 0.354070 0.576652 0.967550
v -0.346790 0.847334 0.967550
v 1.429966 0.338282 0.869555
v 0.929484 0.338282 0.869555
v 0.929484 0.905275 0.684584
v 1.457770 1.025535 0.869555
v 1.457770 0.422692 0.717625
v 1.429966 0.422692 0.684584
v 0.572560 1.395927 0.907346
v 0.888706 1.395927 0.907346
v -0.190480 1.977800 0.945028
v -0.190480 1.977800 0.642152
v 1.325466 1.578764 0.679834
v 1.339990 1.591672 0.658415
v 1.161760 1.964892 0.658415
v 1.339990 1.942257 0.658415
v 1.425465 1.787793 0.658415
v 1.452679 1.722450 0.658415
v 0.391729 1.743624 0.658415
v 0.363381 1.811322 0.658415
v 0.381781 1.977800 0.907346
v 1.153368 1.977800 0.679834
v 1.153368 1.977800 0.907346
v 1.325466 1.977414 0.907346
v 1.325466 1.977414 0.679834
v 1.434279 1.578764 0.907346
v 1.325466 1.578764 0.907346
v 0.353977 1.718682 0.907346
v 0.359238 1.745144 0.679834
v 0.359238 1.745144 0.907346
v 0.338473 1.960364 0.691377
v 0.338473 1.979364 0.724418
v 0.338473 1.979364 0.862762
v -0.160780 1.820113 0.724418
v -0.114352 1.820113 0.691377
v -0.142820 1.881891 0.691377
v 0.313291 1.881891 0.691377
v -0.160780 1.820113 0.862762
v -0.170624 1.881891 0.862762
v -0.170624 1.881891 0.724418
v -0.170624 1.413789 0.862762
v 0.352393 1.881891 0.724418
v 0.352393 1.881891 0.862762
v -0.334013 1.978036 0.642152
v -0.334013 1.978036 0.945028
v -0.492760 1.977800 0.642152
v -0.492760 1.977800 0.945028
v -0.166427 0.866076 0.943946
v -0.194230 0.843534 0.943946
v -0.193434 1.663648 0.943946
v -0.193434 1.663648 0.643234
v -0.868002 1.479568 0.610193
v 0.916510 0.866076 0.679834
v 0.916510 0.866076 0.907346
v 0.888706 0.847076 0.907346
v 0.888706 0.847076 0.679834
v -0.166427 1.419792 0.943946
v -0.894791 1.419792 0.643234
v -0.894791 1.419792 0.943946
v -0.493310 0.843534 0.643234
v -0.493310 0.883315 0.610193
v -0.566206 1.665927 0.643234
v -0.566206 1.646927 0.610193
v -0.493310 0.843534 0.943946
v -0.566206 1.665927 0.943946
v -0.840628 1.419792 0.610193
v -0.468083 1.626725 0.610193
v 0.506971 1.395927 0.679834
v 0.506971 1.376927 0.646793
v -0.144229 1.395927 0.907346
v 0.506971 1.395927 0.907346
v 0.489714 0.847334 0.907346
v 0.489714 0.847334 0.679834
v 0.489714 0.883136 0.646793
v -0.132404 0.962546 0.646793
v 0.861115 0.985890 0.646793
v 0.888706 0.934043 0.646793
v 0.888706 0.866076 0.646793
v 1.457770 0.905275 0.717625
v 1.429966 0.905275 0.684584
v 0.901680 0.836159 0.717625
v 0.929484 0.836159 0.684584
v 1.457770 0.905275 0.869555
v 0.901680 0.836159 0.869555
v 0.901680 0.790514 0.717625
v 0.929484 0.790514 0.684584
v 0.901680 0.790514 0.869555
v 0.901680 0.464367 0.717625
v 0.929484 0.464367 0.684584
v 1.453327 0.836159 0.869555
v 1.453327 0.836159 0.717625
v 0.901680 0.464367 0.869555
v 0.825565 -0.012794 0.606318
v 0.387299 0.330484 0.619630
v 0.387299 0.330484 0.967550
v 0.447825 0.343414 0.967550
v 0.326775 0.343414 0.619630
v 0.326775 0.343414 0.967550
v -0.121909 -0.023350 0.868261
v -0.121909 -0.023350 0.718919
v -0.157834 0.561225 0.868261
v -0.130085 -0.008384 0.684304
v -0.025704 0.522860 0.691878
v 0.156264 0.177503 0.685878
v -0.161209 0.011261 0.689806
v -0.348353 0.186990 0.685878
v 0.184067 0.177503 0.718919
v -0.376156 0.186990 0.718919
v -0.348353 -0.023350 0.868261
v 0.189322 0.542225 0.868261
v 0.184067 0.177503 0.868261
v 0.189322 0.091535 0.868261
v -0.376156 -0.004350 0.868261
v -0.376156 0.186990 0.868261
v -1.461823 0.737936 0.619630
v -1.410630 0.737936 0.586589
v -0.896136 0.835254 0.619630
v -0.932415 0.835254 0.586589
v -0.896136 0.835254 0.967550
v -1.462084 0.469474 0.967550
v -1.461823 0.737936 0.967550
v -0.891998 0.775647 0.967550
v 1.458030 0.443529 0.717625
v 1.458030 0.443529 0.869555
v 1.457770 0.422692 0.869555
v -0.891998 0.469474 0.967550
v -0.319182 0.847334 0.619630
v -0.319182 0.847334 0.967550
v 0.023284 0.561600 0.619630
v 0.023284 0.561600 0.967550
v -0.005921 0.561600 0.967550
v -0.005922 0.561600 0.619630
v 0.326266 0.557652 0.967550
v -0.172033 0.934043 0.907346
v 0.489468 -0.016887 0.619630
v 0.489468 -0.016887 0.967550
v 0.428943 -0.021785 0.967550
v 0.825565 -0.012794 0.980862
v 1.457770 0.790514 0.869555
v 1.457770 0.790514 0.717625
v 0.901680 0.357282 0.869555
v 0.901680 0.422692 0.869555
v 0.901680 0.422692 0.717625
v 0.901680 0.443529 0.869555
v 0.901680 0.443529 0.717625
v 0.929484 0.422692 0.684584
v 0.929484 0.443529 0.684584
v 1.395910 0.836159 0.684584
v 1.429966 0.790514 0.684584
v 1.429966 0.464367 0.684584
v 1.412886 0.443529 0.684584
v 1.457770 0.464367 0.717625
v 1.457770 0.464367 0.869555
v -0.468878 1.663292 0.943946
v -0.468878 1.663292 0.643234
v 1.462082 1.597764 0.907346
v 1.434279 1.977800 0.907346
v 1.434279 0.343414 0.967550
v 1.462082 0.324414 0.967550
v 1.462082 -0.002785 0.967550
v 1.434279 -0.021785 0.967550
v -0.363857 0.434683 0.907346
v 1.457770 0.357282 0.869555
v 1.457770 1.061832 0.967550
v 0.901680 1.061832 0.967550
v 1.457770 1.430143 0.967550
v 1.457770 1.430143 0.619630
v -0.703041 1.662634 0.945028
v 0.366277 1.960364 0.724418
v 0.366277 1.960364 0.862762
v -0.170624 1.960364 0.862762
v -0.170624 1.960364 0.724418
v 1.457770 1.381705 0.967550
v 0.189322 -0.004350 0.868261
v -0.391660 -0.021786 0.907346
v 0.946508 1.296289 0.586589
v 1.402624 1.430143 0.586589
v -1.458478 1.677625 0.607595
v -1.458478 1.677625 0.979585
v -1.458478 1.756477 0.979585
v -1.458478 1.756477 0.607595
v -1.430675 1.963044 0.574554
v -1.362069 1.945031 0.574554
v -1.284475 1.963044 0.574554
v -0.755165 1.963044 0.574554
v -0.755165 1.677625 0.574554
v -1.430675 1.677625 0.574554
v -1.430675 1.756477 0.574554
v -1.411544 1.864958 0.574554
v -1.430675 1.658625 0.607595
v -0.727361 1.677625 0.607595
v -0.755165 1.658625 0.607595
v -0.755165 1.982044 0.607595
v -0.727361 1.963044 0.607595
v -0.755165 1.982044 0.979585
v -1.284475 1.982044 0.607595
v -1.284475 1.982044 0.979585
v -0.755165 1.658625 0.979585
v -1.430675 1.658625 0.979585
v -0.727361 1.963044 0.979585
v -1.458478 1.963044 0.979585
v -1.430675 1.982044 0.979585
v -1.430675 1.982044 0.607595
v -1.458478 1.963044 0.607595
v -1.458825 1.864958 0.607595
v -1.458825 1.864958 0.979585
v -0.727361 1.677625 0.979585
v -1.362069 1.982044 0.607595
v -1.362069 1.982044 0.979585
v 0.354945 0.766851 0.687430
v 0.354945 0.766851 0.899750
v 0.352444 0.834483 0.899750
v 0.352444 0.834483 0.687430
v 0.356011 0.712665 0.687430
v 0.356012 0.712665 0.899750
v 0.904155 0.834483 0.687430
v 0.904155 0.834483 0.899750
v 0.905173 0.791026 0.899750
v 0.905173 0.791026 0.687430
v 0.380247 0.848964 0.899750
v 0.876351 0.848964 0.899750
v 0.876351 0.848964 0.687430
v 0.380247 0.848964 0.687430
v 0.876351 0.577317 0.654389
v 0.904155 0.577317 0.687430
v 0.876351 0.558317 0.687430
v 0.352444 0.577317 0.687430
v 0.380247 0.577317 0.654389
v 0.380247 0.558317 0.687430
v 0.876351 0.834483 0.654389
v 0.380247 0.834483 0.654389
v 0.352444 0.577317 0.899750
v 0.352444 0.676529 0.899750
v 0.352444 0.676529 0.687430
v 0.876351 0.558317 0.899750
v 0.380247 0.558317 0.899750
v 0.380247 0.676529 0.654389
v 0.876351 0.754889 0.654389
v 0.904155 0.754889 0.687430
v 0.411781 0.712665 0.654389
v 0.379536 0.766851 0.654389
v 0.859008 0.791026 0.654389
v 0.904155 0.754889 0.899750
v 0.904155 0.577317 0.899750
v -0.190480 1.681634 0.978069
v -0.190480 1.958800 0.978069
v -0.334013 1.945726 0.978069
v -0.492760 1.958800 0.978069
v -0.703041 1.958800 0.978069
v -0.703041 1.681634 0.978069
v 0.205726 -0.021785 0.967550
v 0.513813 0.021029 0.995517
v 0.835275 0.008972 0.995603
v 1.434279 -0.002785 1.000591
v 1.434279 0.324414 1.000591
v 0.447825 0.324414 1.000591
v 0.387299 0.311484 1.000591
v 0.326775 0.324414 1.000591
v 0.205726 0.324414 1.000591
v 0.205726 -0.002785 1.000591
v 0.414411 -0.006243 1.003777
v -0.391660 0.434683 0.940387
v -1.434281 0.434683 0.940387
v -1.413783 0.361581 0.940387
v -1.428243 0.278597 0.940387
v -1.434281 -0.002786 0.940387
v -0.391660 -0.002786 0.940387
v -0.403705 0.361581 0.940387
v 0.177923 -0.002785 0.967550
v -0.194230 0.866076 0.976987
v -0.194230 1.419792 0.976987
v -0.026667 0.600969 1.000591
v 0.023284 0.585124 1.000591
v 0.326266 0.576652 1.000591
v 0.326266 0.828334 1.000591
v -0.207273 0.828334 1.000591
v -0.236478 0.813369 1.000591
v -0.319182 0.828334 1.000591
v -0.346790 0.828334 1.000591
v -0.346790 0.576652 1.000591
v -0.088625 0.576652 1.000591
v 1.452679 1.591672 0.928765
v 1.452679 1.964892 0.928765
v 0.363381 1.591672 0.928765
v 0.363381 1.964892 0.928765
v 0.338473 1.413789 0.895803
v -0.131836 1.423796 0.895733
v 0.929484 1.061832 1.000591
v 1.429966 1.061832 1.000591
v 0.929484 1.562974 1.000591
v 1.429966 1.562974 1.000591
v 0.888706 1.376927 0.940387
v -0.144229 0.866076 0.940387
v -0.144229 1.376927 0.940387
v -0.348353 -0.004350 0.901302
v -0.348353 0.542225 0.901302
v 0.161519 0.542225 0.901302
v -0.919801 1.158780 1.000591
v -1.434281 1.158780 1.000591
v -0.919801 0.469474 1.000591
v -1.434281 0.469474 1.000591
v -0.868002 1.646927 0.976987
v -0.868002 0.866076 0.976987
v 0.929484 0.357282 0.902596
v 1.429966 0.357282 0.902596
v 0.929484 1.025535 0.902596
v 1.429966 1.025535 0.902596
v 1.452679 1.815197 0.928765
v 0.363381 1.716220 0.928765
v 1.161760 1.602830 0.928765
v -0.044497 1.937546 0.895803
v -0.142820 1.960364 0.895803
v 0.023948 1.430167 0.895824
v 0.338473 1.820113 0.895803
v 0.929484 1.344727 1.000591
v 1.429966 1.381705 1.000591
v -0.144229 0.934043 0.940387
v 0.351861 0.866076 0.940387
v 0.572560 1.376927 0.940387
v -0.157834 0.542225 0.901302
v -0.327920 0.272958 0.901302
v 0.161519 0.091535 0.901302
v 0.161519 -0.004350 0.901302
v -0.919801 0.775647 1.000591
v -1.434281 0.797543 1.000591
v -0.738064 0.866076 0.976987
v -0.225901 1.479568 0.976987
v -0.194230 1.646927 0.976987
v -0.864092 1.221822 0.976987
v 0.929484 0.905275 0.902596
v 1.429966 0.422692 0.902596
v 1.339990 1.591672 0.928765
v 1.161760 1.964892 0.928765
v 0.363381 1.811322 0.928765
v 0.391729 1.743624 0.928765
v 1.452679 1.722450 0.928765
v 1.425465 1.787793 0.928765
v 1.339990 1.942257 0.928765
v 0.338473 1.960364 0.895803
v -0.114352 1.820113 0.895803
v 0.313291 1.881891 0.895803
v -0.142820 1.881891 0.895803
v -0.868002 1.479568 0.976987
v -0.493310 0.883315 0.976987
v -0.566206 1.646927 0.976987
v -0.468083 1.626725 0.976987
v -0.840628 1.419792 0.976987
v 0.506971 1.376927 0.940387
v 0.489714 0.883136 0.940387
v 0.888706 0.866076 0.940387
v 0.888706 0.934043 0.940387
v 0.861115 0.985890 0.940387
v -0.132404 0.962546 0.940387
v 1.429966 0.905275 0.902596
v 0.929484 0.836159 0.902596
v 0.929484 0.790514 0.902596
v 0.929484 0.464367 0.902596
v -0.130085 -0.008384 0.902876
v -0.025704 0.522860 0.895302
v -0.348353 0.186990 0.901302
v -0.161209 0.011261 0.897374
v 0.156264 0.177503 0.901302
v -1.410630 0.737936 1.000591
v -0.932415 0.835254 1.000591
v 0.929484 0.422692 0.902596
v 1.412886 0.443529 0.902596
v 1.429966 0.464367 0.902596
v 1.429966 0.790514 0.902596
v 1.395910 0.836159 0.902596
v 0.929484 0.443529 0.902596
v 0.946509 1.296289 1.000591
v 1.402624 1.430143 1.000591
v -1.430675 1.963044 1.012626
v -1.411544 1.864958 1.012626
v -1.430675 1.756477 1.012626
v -1.430675 1.677625 1.012626
v -0.755165 1.677625 1.012626
v -0.755165 1.963044 1.012626
v -1.284475 1.963044 1.012626
v -1.362069 1.945031 1.012626
v 0.876351 0.577317 0.932791
v 0.380247 0.577317 0.932791
v 0.876351 0.834483 0.932791
v 0.380247 0.834483 0.932791
v 0.380247 0.676529 0.932791
v 0.876351 0.754889 0.932791
v 0.859008 0.791026 0.932791
v 0.379536 0.766851 0.932791
v 0.411781 0.712665 0.932791
v 0.888998 1.581974 0.873489
v 0.888998 1.581974 0.713691
v 0.768408 1.581974 0.713691
v 0.768408 1.581974 0.873489
v -1.456383 1.516034 0.642820
v -1.456383 1.516034 0.944360
v -1.456383 1.645375 0.944360
v -1.456383 1.645375 0.642820
v 0.359273 1.412052 0.713691
v 0.359273 1.412052 0.873489
v 0.359273 1.562974 0.873489
v 0.359273 1.562974 0.713691
v -0.879315 0.850083 0.718895
v -0.879315 0.850083 0.868285
v -0.396956 0.850083 0.868285
v -0.396956 0.850083 0.718895
v 0.520358 1.581974 0.873489
v 0.520358 1.581974 0.713691
v 0.387077 1.581974 0.713691
v 0.387077 1.581974 0.873489
v 0.902671 0.478625 0.642820
v 0.902671 0.478625 0.944360
v 0.901606 0.424440 0.944360
v 0.901606 0.424440 0.642820
v -0.907118 0.652640 0.718895
v -0.907118 0.652640 0.868285
v -0.907118 0.831083 0.868285
v -0.907118 0.831083 0.718895
v -0.369153 0.521156 0.718895
v -0.369153 0.521156 0.868285
v -0.369153 0.469474 0.868285
v -0.369153 0.469474 0.718895
v -0.879315 0.450474 0.868286
v -0.879315 0.450474 0.718894
v -0.396956 0.450474 0.718895
v -0.396956 0.450474 0.868285
v 0.188868 0.357282 0.642821
v 0.188869 0.357282 0.944359
v 0.188869 0.466664 0.944359
v 0.188868 0.466664 0.642821
v 0.187850 0.502801 0.642821
v 0.187850 0.502801 0.944359
v 0.188869 0.546258 0.944360
v 0.188868 0.546258 0.642820
v -1.456383 1.379245 0.642820
v -1.456383 1.379245 0.944360
v 0.877370 0.560738 0.944360
v 0.877370 0.560738 0.642820
v 0.216672 0.560738 0.642820
v 0.216672 0.560738 0.944360
v -1.456383 1.195465 0.642820
v -1.456383 1.195465 0.944360
v -1.151911 1.664375 0.944360
v -1.151911 1.664375 0.642820
v -1.428579 1.664375 0.642820
v -1.428579 1.664375 0.944360
v 0.387077 1.412052 0.680650
v 0.387077 1.393052 0.713691
v 0.916801 1.412052 0.713691
v 0.888998 1.393052 0.713691
v 0.888998 1.412052 0.680650
v 0.387077 1.562974 0.680650
v 0.916801 1.562974 0.713691
v 0.888998 1.562974 0.680650
v -0.396956 0.831083 0.685854
v -0.369153 0.831083 0.718895
v -0.879315 0.831083 0.685854
v -0.396956 0.469474 0.685854
v -0.907118 0.469474 0.718894
v -0.879315 0.469474 0.685854
v 0.216672 0.357282 0.609780
v 0.216672 0.338282 0.642821
v 0.905173 0.357282 0.642821
v 0.877370 0.338282 0.642821
v 0.877370 0.357282 0.609780
v 0.216672 0.546258 0.609780
v 0.905173 0.546258 0.642820
v 0.877370 0.546258 0.609779
v -1.428579 1.195465 0.609780
v -1.428579 1.176465 0.642820
v -0.890972 1.195465 0.642820
v -0.918774 1.176465 0.642820
v -0.918774 1.195465 0.609779
v -1.428579 1.645375 0.609779
v -0.918774 1.664375 0.642820
v -0.890972 1.645375 0.642820
v -0.918774 1.645375 0.609779
v 0.520358 1.393052 0.713691
v 0.520358 1.393052 0.873489
v 0.387077 1.393052 0.873489
v 0.916801 1.562974 0.873489
v 0.628256 1.412052 0.680650
v 0.628256 1.393052 0.713691
v 0.477646 1.550465 0.680650
v -0.369153 0.831083 0.868285
v -0.396956 0.521156 0.685854
v -0.879315 0.652640 0.685854
v 0.905173 0.388303 0.642820
v 0.905173 0.388303 0.944360
v 0.905173 0.357282 0.944359
v 0.877370 0.338282 0.944359
v 0.216672 0.338282 0.944359
v 0.905173 0.546258 0.944360
v 0.877370 0.388303 0.609780
v -1.233372 1.180884 0.642820
v -1.233372 1.180884 0.944360
v -1.428579 1.176465 0.944360
v -0.918774 1.664375 0.944360
v -0.890972 1.645375 0.944360
v -1.151911 1.645375 0.609779
v -1.032520 1.645375 0.609779
v -1.032520 1.664375 0.642820
v -0.918774 1.176465 0.944360
v -1.173677 1.176465 0.944360
v -1.173677 1.176465 0.642820
v -1.173677 1.195465 0.609779
v -1.233372 1.208933 0.609779
v -1.428579 1.379245 0.609779
v -1.404124 1.516034 0.609779
v -1.092215 1.621133 0.609779
v -0.890607 0.593159 0.718895
v -0.890607 0.593159 0.868285
v 0.628256 1.562974 0.680650
v 0.628256 1.581974 0.713691
v 0.628256 1.581974 0.873489
v 0.537443 1.419557 0.680650
v 0.768408 1.547963 0.680650
v -0.376393 0.700228 0.868285
v -0.376393 0.700228 0.718895
v -0.369153 0.593159 0.868285
v -0.369153 0.593159 0.718895
v -0.907118 0.469474 0.868286
v -0.907118 0.466385 0.868285
v -0.907118 0.466385 0.718895
v -0.879315 0.466385 0.685854
v -0.423235 0.700228 0.685854
v -0.396956 0.593159 0.685854
v -0.835956 0.593159 0.685854
v 0.216672 0.466664 0.609780
v 0.234015 0.502801 0.609780
v 0.878081 0.478625 0.609780
v 0.845836 0.424440 0.609780
v -1.092215 1.662149 0.944360
v -1.092215 1.662149 0.642820
v 0.888998 1.393052 0.873489
v 0.628256 1.393052 0.873489
v 0.916801 1.412052 0.873489
v -1.032520 1.664375 0.944360
v -0.890972 1.195465 0.944360
v 0.387077 1.412052 0.906530
v 0.888998 1.412052 0.906530
v 0.387077 1.562974 0.906530
v 0.888998 1.562974 0.906530
v -0.396956 0.831083 0.901326
v -0.879315 0.831083 0.901326
v -0.396956 0.469474 0.901326
v -0.879315 0.469474 0.901326
v 0.216672 0.357282 0.977400
v 0.877370 0.357282 0.977400
v 0.216672 0.546258 0.977400
v 0.877370 0.546258 0.977401
v -1.428579 1.195465 0.977400
v -0.918774 1.195465 0.977401
v -1.428579 1.645375 0.977401
v -0.918774 1.645375 0.977401
v 0.628256 1.412052 0.906530
v 0.477646 1.550465 0.906530
v -0.396956 0.521156 0.901326
v -0.879315 0.652640 0.901326
v 0.877370 0.388303 0.977400
v -1.151911 1.645375 0.977401
v -1.032520 1.645375 0.977401
v -1.092215 1.621133 0.977401
v -1.404124 1.516034 0.977401
v -1.428579 1.379245 0.977401
v -1.233372 1.208933 0.977401
v -1.173677 1.195465 0.977401
v 0.628256 1.562974 0.906530
v 0.768408 1.547963 0.906530
v 0.537443 1.419557 0.906530
v -0.879315 0.466385 0.901326
v -0.423235 0.700228 0.901326
v -0.835956 0.593159 0.901326
v -0.396956 0.593159 0.901326
v 0.216672 0.466664 0.977400
v 0.845836 0.424440 0.977400
v 0.878081 0.478625 0.977400
v 0.234016 0.502801 0.977400
vn 0.7651 0.0000 -0.6439
vn 0.0140 -0.9999 0.0000
vn -0.0000 -0.0000 -1.0000
vn -1.0000 0.0000 0.0000
vn 1.0000 0.0000 0.0000
vn 0.0080 -1.0000 -0.0000
vn -1.0000 -0.0022 0.0000
vn 0.0000 1.0000 0.0000
vn 0.0009 -1.0000 -0.0000
vn 0.0000 -1.0000 -0.0000
vn -0.9996 -0.0285 0.0000
vn -0.5642 -0.8256 0.0000
vn -0.0002 -0.0073 -1.0000
vn 0.9999 -0.0105 -0.0000
vn -0.9971 -0.0757 0.0000
vn 0.9984 -0.0570 0.0000
vn -0.0657 0.9978 0.0000
vn -1.0000 0.0014 0.0000
vn -1.0000 0.0020 0.0000
vn 0.9992 0.0412 0.0000
vn -1.0000 -0.0085 0.0000
vn 0.9958 -0.0916 -0.0000
vn -0.5642 0.8256 0.0000
vn -0.5097 0.7458 -0.4289
vn -0.5097 -0.7458 -0.4289
vn 0.5646 -0.8253 -0.0099
vn 0.5642 -0.8256 -0.0129
vn 0.5638 -0.8258 -0.0108
vn 0.5642 0.8256 -0.0129
vn 0.5646 0.8253 -0.0099
vn 0.5638 0.8258 -0.0108
vn -0.5646 -0.8253 -0.0099
vn -0.5638 -0.8258 -0.0108
vn -0.5642 -0.8256 -0.0129
vn -0.5646 0.8253 -0.0099
vn -0.5642 0.8256 -0.0129
vn -0.5638 0.8258 -0.0108
vn 0.5097 -0.7458 -0.4289
vn -0.4164 -0.6093 -0.6748
vn 0.5097 0.7458 -0.4289
vn -0.5565 -0.6864 -0.4683
vn 0.5565 -0.6864 -0.4683
vn 0.5642 -0.8256 -0.0000
vn -0.7651 0.0000 -0.6439
vn 0.9156 0.0000 -0.4020
vn -0.5646 -0.8253 0.0099
vn -0.5638 -0.8258 0.0108
vn -0.9156 0.0000 -0.4020
vn 0.0119 -0.8518 -0.5237
vn 0.0936 0.7434 -0.6622
vn -0.0217 -0.7787 -0.6271
vn 0.5642 0.8256 0.0000
vn -0.0000 -0.8669 -0.4985
vn -0.0000 0.8669 -0.4985
vn 1.0000 -0.0055 0.0000
vn -0.0105 -0.8957 -0.4445
vn -1.0000 0.0081 0.0000
vn -1.0000 0.0068 0.0000
vn -0.7396 0.0099 -0.6730
vn -0.9996 -0.0300 0.0000
vn 0.6784 -0.0382 -0.7337
vn -0.0220 -0.9998 0.0000
vn -0.7639 -0.0580 -0.6428
vn 0.0000 -0.8261 -0.5636
vn 0.6737 -0.0947 -0.7329
vn -0.7459 0.0046 -0.6661
vn 0.0000 -0.8565 -0.5162
vn -0.5638 0.8258 0.0108
vn -0.5646 0.8253 0.0099
vn 0.0011 1.0000 -0.0000
vn -0.0007 1.0000 0.0000
vn -0.0000 0.8565 -0.5162
vn -0.0525 -0.8392 -0.5413
vn 0.9909 0.1348 0.0000
vn -0.9968 -0.0802 0.0000
vn 0.0173 -0.7251 -0.6885
vn -0.0214 0.7331 -0.6797
vn -0.6138 0.0208 -0.7892
vn -0.0001 0.0000 -1.0000
vn -0.0041 -1.0000 0.0000
vn -0.9875 -0.1574 0.0000
vn -0.9997 0.0242 0.0000
vn 0.9757 0.2193 0.0000
vn 0.0001 1.0000 -0.0000
vn 0.0016 1.0000 -0.0000
vn 0.6298 -0.7768 -0.0000
vn 0.5264 0.8502 -0.0000
vn -0.6298 -0.7768 0.0000
vn 0.6540 0.2575 -0.7114
vn 0.9684 0.2494 -0.0000
vn -1.0000 -0.0072 0.0000
vn 0.0256 -0.7273 -0.6859
vn -0.0210 -0.7273 -0.6860
vn -0.0006 -1.0000 -0.0000
vn 0.0006 -1.0000 -0.0000
vn -0.7293 0.3026 -0.6137
vn -0.7650 -0.0218 -0.6437
vn 0.9979 -0.0641 0.0000
vn -0.0086 -0.7599 -0.6500
vn -0.2089 0.9779 0.0000
vn 0.1271 0.9919 -0.0000
vn -0.0097 -0.8941 -0.4477
vn -0.0000 0.0020 -1.0000
vn 0.7651 -0.0110 -0.6438
vn 0.7643 0.0467 -0.6432
vn -0.7528 0.1789 -0.6335
vn 0.9999 -0.0144 -0.0000
vn 0.9981 0.0610 -0.0000
vn 0.6789 0.0077 -0.7342
vn -0.6364 -0.1276 -0.7607
vn 0.7178 -0.0186 -0.6960
vn 0.9999 -0.0128 0.0000
vn -1.0000 0.0010 0.0000
vn -1.0000 -0.0017 0.0000
vn 0.9976 0.0693 -0.0000
vn -0.6414 0.0286 -0.7667
vn 0.7143 0.1004 -0.6926
vn 0.9999 -0.0125 0.0000
vn 1.0000 -0.0063 0.0000
vn 0.0232 0.9997 -0.0000
vn 0.0477 -0.9989 -0.0000
vn -0.0172 -0.8408 -0.5411
vn -0.0130 -0.9999 -0.0000
vn -1.0000 0.0054 0.0000
vn -0.9237 0.3832 0.0000
vn 0.0807 -0.9967 -0.0000
vn 0.0122 -0.9999 -0.0000
vn 0.9953 0.0969 0.0000
vn 1.0000 0.0063 0.0000
vn 0.9999 0.0125 0.0000
vn 0.0271 0.9996 -0.0000
vn -0.9808 0.1950 0.0000
vn -0.0625 -0.9980 0.0000
vn 0.5646 0.8253 0.0099
vn 0.5638 0.8258 0.0108
vn 0.5638 -0.8258 0.0108
vn 0.5646 -0.8253 0.0099
vn -0.0035 1.0000 0.0000
vn 0.9847 -0.1742 0.0000
vn -0.0013 1.0000 0.0000
vn 0.9986 0.0522 -0.0000
vn -1.0000 -0.0016 0.0000
vn -1.0000 0.0002 0.0000
vn -1.0000 0.0035 0.0000
vn -0.9996 -0.0283 0.0000
vn -0.9993 -0.0370 0.0000
vn -0.9998 -0.0197 0.0000
vn 0.9997 0.0234 0.0000
vn 0.4306 0.8267 -0.3623
vn -0.4306 0.8267 -0.3623
vn -0.4619 0.8869 0.0000
vn -0.0000 0.9159 -0.4014
vn 0.4619 0.8869 0.0000
vn -0.9952 0.0982 0.0000
vn -0.7835 -0.0104 -0.6213
vn 0.9996 -0.0282 0.0000
vn 0.7651 0.0000 0.6439
vn 0.0000 0.0000 1.0000
vn -0.0002 -0.0073 1.0000
vn -0.5097 0.7458 0.4289
vn -0.5097 -0.7458 0.4289
vn 0.5642 -0.8256 0.0129
vn 0.5642 0.8256 0.0129
vn -0.5642 -0.8256 0.0129
vn -0.5642 0.8256 0.0129
vn 0.5097 -0.7458 0.4289
vn -0.4164 -0.6093 0.6748
vn 0.5097 0.7458 0.4289
vn -0.5565 -0.6864 0.4683
vn 0.5565 -0.6864 0.4683
vn -0.7651 0.0000 0.6439
vn 0.9156 0.0000 0.4020
vn -0.9156 0.0000 0.4020
vn 0.0119 -0.8518 0.5237
vn 0.0936 0.7434 0.6622
vn -0.0217 -0.7787 0.6271
vn 0.0000 -0.8669 0.4985
vn 0.0000 0.8669 0.4985
vn -0.0105 -0.8957 0.4445
vn -0.7396 0.0099 0.6730
vn 0.6784 -0.0382 0.7337
vn -0.7639 -0.0580 0.6428
vn 0.0000 -0.8261 0.5636
vn 0.6737 -0.0947 0.7329
vn -0.7459 0.0046 0.6661
vn 0.0000 -0.8565 0.5162
vn 0.0000 0.8565 0.5162
vn -0.0525 -0.8392 0.5413
vn 0.0173 -0.7251 0.6885
vn -0.0214 0.7331 0.6797
vn -0.6138 0.0208 0.7892
vn -0.0001 0.0000 1.0000
vn 0.6540 0.2575 0.7114
vn 0.0256 -0.7273 0.6859
vn -0.0210 -0.7273 0.6860
vn -0.7293 0.3026 0.6137
vn -0.7650 -0.0218 0.6437
vn -0.0086 -0.7599 0.6500
vn -0.0148 -0.9999 0.0000
vn 0.2089 0.9779 -0.0000
vn -0.0097 -0.8941 0.4477
vn -0.0000 0.0020 1.0000
vn 0.7651 -0.0110 0.6438
vn 0.7643 0.0467 0.6432
vn -0.7528 0.1789 0.6335
vn 0.6789 0.0077 0.7342
vn -0.6364 -0.1276 0.7607
vn 0.7178 -0.0186 0.6960
vn -0.6414 0.0286 0.7667
vn 0.7143 0.1004 0.6926
vn -0.0172 -0.8408 0.5411
vn -0.9729 0.2312 0.0000
vn 0.4306 0.8267 0.3623
vn -0.4306 0.8267 0.3623
vn 0.0000 0.9159 0.4014
vn -0.7835 -0.0104 0.6213
vn 0.9996 -0.0283 0.0000
vn 0.9998 -0.0197 0.0000
vn -0.9997 0.0234 0.0000
vn -0.4305 0.8267 -0.3623
vn 0.4305 0.8267 -0.3623
vn 0.0436 0.7800 -0.6243
vn 0.0226 -0.9997 0.0000
vn 0.7652 -0.0000 -0.6438
vn -0.9636 -0.2675 0.0000
vn -0.0390 0.8059 -0.5908
vn 0.9993 -0.0370 0.0000
vn 0.9985 -0.0552 0.0000
vn 0.9977 0.0675 0.0000
vn 0.7651 0.0001 0.6439
vn 0.9952 0.0982 0.0000
vn 0.0373 0.9993 0.0000
vn -0.9916 0.1291 0.0000
vn -0.0373 0.9993 0.0000
vn -0.0738 -0.9973 0.0000
vn 0.7835 -0.0104 -0.6212
vn -0.9996 -0.0282 0.0000
vn -0.4305 0.8267 0.3623
vn 0.4305 0.8267 0.3623
vn 0.0436 0.7800 0.6243
vn 0.7652 0.0000 0.6438
vn -0.0390 0.8059 0.5908
vn 0.7651 0.0001 -0.6439
vn 0.7835 -0.0104 0.6212
vn 0.4813 0.7774 -0.4050
vn -0.0353 0.7894 -0.6129
vn -0.0663 0.6382 -0.7670
vn 0.6317 -0.0240 -0.7749
vn -0.0313 -0.7982 -0.6015
vn -0.0291 0.7781 -0.6275
vn -0.6611 -0.1242 -0.7400
vn -0.6354 -0.0601 -0.7698
vn 0.0444 0.6764 -0.7352
vn -0.6373 0.3976 -0.6602
vn 0.6254 -0.2742 -0.7305
vn 0.6458 0.1187 -0.7542
vn -0.7050 -0.1781 -0.6865
vn -0.6512 -0.2019 -0.7315
vn 0.6860 0.2169 -0.6945
vn 0.6922 -0.1723 -0.7008
vn 0.0319 0.7895 -0.6130
vn -0.1619 0.7305 -0.6634
vn 0.1619 0.7305 -0.6634
vn 0.0373 -0.8141 -0.5796
vn -0.1211 -0.8086 -0.5757
vn -0.6208 -0.1474 -0.7700
vn 0.0891 0.7629 -0.6404
vn -0.0167 -0.7696 -0.6383
vn 0.0483 -0.7688 -0.6376
vn 0.6217 0.1782 -0.7627
vn 0.0417 0.7794 -0.6252
vn -0.0309 -0.8195 -0.5723
vn 0.0219 -0.8260 -0.5632
vn -0.0485 0.7791 -0.6250
vn 0.6040 -0.1682 -0.7790
vn 0.5933 0.2502 -0.7651
vn -0.1821 0.8524 -0.4902
vn 0.1862 -0.7688 -0.6118
vn -0.0462 0.7162 -0.6964
vn 0.2704 0.7808 0.5632
vn 0.0735 0.7312 -0.6782
vn -0.6630 -0.1029 -0.7415
vn -0.5965 -0.3002 -0.7443
vn 0.6605 -0.0846 -0.7461
vn -0.6187 0.1461 -0.7720
vn 0.6593 0.1032 -0.7448
vn 0.0805 0.7888 -0.6093
vn -0.1480 -0.7392 -0.6571
vn 0.1406 -0.7197 -0.6799
vn -0.2230 0.7715 -0.5959
vn 0.5939 0.2884 -0.7511
vn 0.6234 -0.1916 -0.7581
vn -0.6588 0.1488 -0.7374
vn -0.0236 -0.5728 -0.8193
vn 0.1821 0.8524 -0.4902
vn 0.6480 -0.2615 -0.7153
vn 0.6480 0.2615 -0.7153
vn -0.6117 0.0370 -0.7902
vn -0.6432 0.0587 -0.7634
vn 0.6137 0.1732 -0.7703
vn -0.6728 0.0244 -0.7394
vn 0.6218 -0.0640 -0.7805
vn -0.6683 -0.1174 -0.7346
vn -0.6355 0.0568 -0.7700
vn 0.0996 0.7590 -0.6434
vn -0.6594 -0.0631 -0.7492
vn -0.6596 0.0571 -0.7494
vn -0.0882 0.7599 -0.6441
vn 0.6611 -0.1242 -0.7400
vn -0.5939 0.2884 -0.7511
vn -0.6234 -0.1916 -0.7581
vn 0.6588 0.1488 -0.7374
vn 0.4813 0.7774 0.4050
vn -0.0353 0.7894 0.6129
vn -0.0663 0.6382 0.7670
vn 0.6317 -0.0240 0.7749
vn -0.0313 -0.7982 0.6015
vn -0.0291 0.7781 0.6275
vn -0.6611 -0.1242 0.7400
vn -0.6354 -0.0601 0.7698
vn 0.0444 0.6764 0.7352
vn -0.6373 0.3976 0.6602
vn 0.6254 -0.2742 0.7305
vn 0.6458 0.1187 0.7542
vn -0.7050 -0.1781 0.6865
vn -0.6512 -0.2019 0.7315
vn 0.6860 0.2169 0.6945
vn 0.6922 -0.1723 0.7008
vn 0.0319 0.7895 0.6130
vn -0.1619 0.7305 0.6634
vn 0.1619 0.7305 0.6634
vn 0.0373 -0.8141 0.5796
vn -0.1211 -0.8086 0.5757
vn -0.6208 -0.1474 0.7700
vn 0.0891 0.7629 0.6404
vn -0.0167 -0.7696 0.6383
vn 0.0483 -0.7688 0.6376
vn 0.6217 0.1782 0.7627
vn 0.0417 0.7794 0.6252
vn -0.0309 -0.8195 0.5723
vn 0.0219 -0.8260 0.5632
vn -0.0485 0.7791 0.6250
vn 0.6040 -0.1682 0.7790
vn 0.5933 0.2502 0.7651
vn -0.1821 0.8524 0.4902
vn 0.1862 -0.7688 0.6118
vn -0.0462 0.7162 0.6964
vn 0.2704 0.7808 -0.5632
vn 0.0735 0.7312 0.6782
vn -0.6630 -0.1029 0.7415
vn -0.5965 -0.3002 0.7443
vn 0.6605 -0.0846 0.7461
vn -0.6187 0.1461 0.7720
vn 0.6593 0.1032 0.7448
vn 0.0805 0.7888 0.6093
vn -0.1480 -0.7392 0.6571
vn 0.1406 -0.7197 0.6799
vn -0.2230 0.7715 0.5959
vn 0.5939 0.2884 0.7511
vn 0.6234 -0.1916 0.7581
vn -0.6588 0.1488 0.7374
vn -0.0236 -0.5728 0.8193
vn 0.1821 0.8524 0.4902
vn 0.6480 -0.2615 0.7153
vn 0.6480 0.2615 0.7153
vn -0.6117 0.0370 0.7902
vn -0.6432 0.0587 0.7634
vn 0.6137 0.1732 0.7703
vn -0.6728 0.0244 0.7394
vn 0.6218 -0.0640 0.7805
vn -0.6683 -0.1174 0.7346
vn -0.6355 0.0568 0.7700
vn 0.0996 0.7590 0.6434
vn -0.6594 -0.0631 0.7492
vn -0.6596 0.0571 0.7494
vn -0.0882 0.7599 0.6441
vn 0.6611 -0.1242 0.7400
vn -0.5939 0.2884 0.7511
vn -0.6234 -0.1916 0.7581
vn 0.6588 0.1488 0.7374
usemtl Wall_Dark.006
s 1
f 1//1 2//1 3//1 4//1
f 5//2 6//2 7//2 8//2
f 2//3 1//3 9//3 10//3 11//3 12//3
f 13//4 14//4 15//4 16//4
f 17//5 18//5 19//5 20//5
f 21//6 22//6 23//6 24//6
f 25//4 26//4 27//4 28//4
f 29//7 30//7 31//4 32//4
f 33//8 34//8 35//8 36//8
f 37//9 38//9 39//10 40//10
f 41//11 42//11 43//11 44//11
f 45//12 46//12 47//12 48//12
f 49//13 50//13 51//13 52//13 53//13 54//13 55//13 56//13 57//13 58//13
f 59//8 60//8 61//8 62//8
f 63//14 64//14 65//14 66//14
f 67//3 68//3 69//3 70//3 71//3 72//3 73//3
f 74//15 75//15 76//15 77//15
f 78//16 79//16 80//16 81//16
f 82//8 83//8 84//8 85//8
f 86//10 87//10 88//10 89//10
f 90//17 91//17 92//17 93//17
f 94//18 95//18 96//19 97//19
f 98//20 99//20 100//20 101//20
f 102//21 103//21 104//4 105//4
f 106//22 107//22 108//22 109//22
f 110//1 111//1 112//1 113//1
f 114//10 115//10 116//10 117//10
f 118//23 36//23 35//23 119//23
f 120//3 121//3 122//3 123//3 124//3 125//3 126//3 127//3 128//3 129//3
f 130//4 131//4 132//4 133//4
f 134//4 135//4 136//4 137//4
f 138//8 139//8 140//8 141//8
f 10//24 142//24 143//24
f 144//25 145//25 9//25
f 146//26 147//27 148//28
f 149//29 150//30 151//31
f 8//32 152//33 153//34
f 154//35 155//36 16//37
f 4//38 156//38 1//38
f 20//38 157//38 158//38
f 159//39 160//39 24//39
f 161//25 162//25 163//25
f 164//38 165//38 166//38
f 119//24 35//24 167//24
f 34//40 168//40 169//40
f 170//40 171//40 172//40
f 40//25 173//25 174//25
f 175//24 176//24 44//24
f 57//38 177//38 178//38
f 179//40 180//40 56//40
f 59//24 73//24 181//24
f 70//25 48//25 47//25
f 62//40 182//40 67//40
f 183//38 69//38 66//38
f 184//25 185//25 51//25
f 186//24 187//24 52//24
f 188//25 189//25 190//25
f 77//24 191//24 192//24
f 193//40 194//40 85//40
f 195//40 196//40 197//40
f 32//24 198//24 199//24
f 200//38 88//38 201//38
f 87//25 202//25 203//25
f 204//24 105//24 205//24
f 206//41 94//41 207//41
f 110//42 113//42 208//42
f 128//38 209//38 210//38
f 211//40 212//40 127//40
f 117//25 132//25 122//25
f 131//24 213//24 123//24
f 214//25 215//25 216//25
f 217//38 218//38 219//38
f 137//24 140//24 220//24
f 139//40 221//40 222//40
f 223//5 4//5 3//5 224//5
f 145//4 225//4 226//4 142//4
f 4//43 223//43 227//43 156//43
f 142//23 226//23 228//23 143//23
f 10//44 9//44 145//44 142//44
f 229//5 230//5 151//5 231//5
f 232//45 149//45 151//45 230//45
f 7//46 233//47 152//33 8//32
f 234//48 153//48 152//48 235//48
f 5//49 8//49 153//49 236//49
f 237//8 238//8 239//8 240//8
f 241//50 242//50 239//50 238//50
f 19//43 243//43 157//43 20//43
f 244//51 158//51 157//51 21//51
f 17//1 20//1 158//1 245//1
f 165//10 246//10 247//10 162//10
f 28//44 119//44 167//44 248//44
f 34//52 33//52 249//52 168//52
f 250//1 164//1 166//1 251//1
f 161//53 166//53 165//53 162//53
f 169//54 167//54 35//54 34//54
f 101//55 100//55 172//55 252//55
f 39//12 253//12 173//12 40//12
f 254//44 174//44 173//44 255//44
f 37//53 40//53 174//53 256//53
f 257//54 171//54 170//54 258//54
f 259//56 184//56 51//56 50//56
f 187//23 186//23 260//23 261//23
f 262//54 179//54 56//54 55//54
f 57//1 56//1 180//1 177//1
f 263//57 264//57 265//58 266//58
f 71//59 70//59 47//59 265//59
f 267//60 181//60 264//60 263//60
f 68//61 67//61 182//61 63//61
f 59//54 62//54 67//54 73//54
f 183//53 48//53 70//53 69//53
f 52//44 51//44 185//44 186//44
f 268//62 269//62 270//62 271//62
f 76//23 272//23 191//23 77//23
f 273//54 192//54 191//54 274//54
f 74//63 77//63 192//63 275//63
f 276//1 277//1 278//1 279//1
f 196//52 280//52 281//52 197//52
f 282//1 200//1 201//1 283//1
f 31//23 284//23 198//23 32//23
f 29//44 32//44 199//44 285//44
f 195//54 199//54 198//54 196//54
f 203//53 201//53 88//53 87//53
f 93//8 92//8 286//8 211//8
f 287//64 206//64 207//64 288//64
f 287//10 289//10 290//10 206//10
f 105//23 104//23 291//23 205//23
f 292//65 293//65 108//65 107//65
f 294//66 207//66 94//66 97//66
f 212//5 295//5 296//5 209//5
f 114//53 117//53 122//53 121//53
f 131//23 130//23 297//23 213//23
f 93//54 211//54 127//54 126//54
f 128//1 127//1 212//1 209//1
f 123//44 122//44 132//44 131//44
f 218//10 298//10 299//10 215//10
f 134//44 137//44 220//44 300//44
f 139//52 138//52 301//52 221//52
f 302//1 217//1 219//1 303//1
f 214//53 219//53 218//53 215//53
f 222//54 220//54 140//54 139//54
f 257//8 304//8 305//8 171//8
f 306//52 224//52 3//52 307//52
f 146//67 308//67 309//67 147//67
f 310//3 311//3 149//3 232//3 312//3 313//3 147//3 309//3 236//3 153//3 234//3 314//3 315//3 155//3
f 16//37 15//68 316//69 154//35
f 317//70 318//70 319//71 320//71
f 146//10 321//10 322//10 308//10
f 154//72 317//72 310//72 155//72
f 308//73 5//73 236//73 309//73
f 154//8 316//8 318//70 317//70
f 155//48 315//48 13//48 16//48
f 147//45 313//45 79//45 148//45
f 81//74 80//74 230//74 229//74
f 152//4 233//4 323//4 235//4
f 324//75 325//75 14//75 13//75
f 160//76 244//76 21//76 24//76
f 326//77 241//77 238//77 327//77
f 328//8 327//8 238//8 237//8
f 159//78 329//78 330//78 160//78
f 244//79 160//79 330//79 331//79 242//79 241//79 326//79 332//79 245//79 158//79
f 157//80 243//80 22//80 21//80
f 329//81 333//81 334//81 335//81
f 159//82 336//82 333//82 329//82
f 337//83 338//83 18//83 17//83
f 339//84 340//84 306//85 307//85
f 143//54 341//54 11//54 10//54
f 156//53 144//53 9//53 1//53
f 341//71 342//71 340//84 339//84
f 113//86 343//86 344//86 208//86
f 345//87 109//87 108//87 346//87
f 290//88 95//88 94//88 206//88
f 204//44 347//44 102//44 105//44
f 111//89 292//89 107//89 112//89
f 348//43 349//43 350//43 351//43
f 352//90 112//90 107//90 106//90
f 353//91 354//91 103//21 102//21
f 305//52 252//52 172//52 171//52
f 355//92 287//92 288//92 356//92
f 205//54 357//54 358//54 204//54
f 343//5 113//5 112//5 352//5
f 355//10 359//10 289//10 287//10
f 205//8 291//8 360//8 357//8
f 208//93 355//93 356//93 110//93
f 207//3 294//3 361//3 347//3 204//3 358//3 362//3 293//3 292//3 111//3 110//3 356//3 288//3
f 208//10 344//10 359//10 355//10
f 363//54 257//54 258//54 364//54
f 44//23 43//23 365//23 175//23
f 363//8 366//8 304//8 257//8
f 351//94 350//94 367//95 368//95
f 175//54 363//54 364//54 176//54
f 175//8 365//8 366//8 363//8
f 369//3 256//3 174//3 254//3 370//3 176//3 364//3 258//3 170//3 371//3 372//3 373//3
f 370//96 254//96 255//96 41//96
f 373//1 372//1 99//1 348//1
f 349//5 348//5 99//5 98//5
f 176//97 370//97 41//97 44//97
f 221//1 374//1 375//1 222//1
f 376//44 134//44 300//44 377//44
f 136//23 141//23 140//23 137//23
f 221//5 301//5 378//5 374//5
f 376//4 379//4 135//4 134//4
f 380//44 376//44 377//44 381//44
f 380//4 382//4 379//4 376//4
f 383//44 380//44 381//44 384//44
f 374//98 378//98 385//98 386//98
f 383//4 387//4 382//4 380//4
f 178//99 388//99 58//99 57//99
f 262//100 389//100 390//100 391//100
f 187//54 392//54 53//54 52//54
f 392//8 187//8 261//8 393//8
f 394//101 395//101 269//101 268//101
f 274//8 396//8 83//8 82//8
f 189//102 397//102 395//102 190//102
f 398//103 194//103 399//103 279//103 278//103 400//103 397//103 189//103 401//103 275//103 192//103 273//103
f 193//104 402//104 399//104 194//104
f 402//105 276//105 279//105 399//105
f 188//44 403//44 401//44 189//44
f 403//106 74//106 275//106 401//106
f 404//10 190//10 395//10 394//10
f 193//107 405//107 406//107 402//107
f 402//108 406//108 407//108 276//108
f 188//4 408//4 409//4 403//4
f 69//109 68//109 63//109 66//109
f 410//110 29//110 285//110 411//110
f 197//111 412//111 413//111 195//111
f 197//112 281//112 414//112 412//112
f 202//113 415//113 416//114 410//114
f 413//3 283//3 201//3 203//3 411//3 285//3 199//3 195//3
f 412//115 414//115 417//115 282//115
f 202//116 410//116 411//116 203//116
f 412//117 282//117 283//117 413//117
f 418//118 419//118 420//119 302//119
f 87//12 86//12 415//12 202//12
f 282//5 417//5 421//5 200//5
f 116//12 133//12 132//12 117//12
f 422//120 423//120 91//120 90//120
f 424//10 425//10 426//10 427//10
f 213//54 422//54 124//54 123//54
f 213//8 297//8 423//8 422//8
f 427//121 426//121 115//121 114//121
f 210//122 424//122 129//122 128//122
f 210//123 428//123 425//123 424//123
f 266//58 265//58 47//124 46//124
f 255//125 429//125 42//125 41//125
f 430//126 431//126 432//126 259//126
f 388//127 433//127 431//127 430//127
f 386//128 385//128 434//128 435//128
f 216//4 436//4 437//4 438//4
f 438//4 437//4 439//4 440//4
f 441//3 442//3 384//3 381//3 377//3 300//3 220//3 222//3 375//3 443//3 444//3 445//3 446//3 303//3 219//3 214//3
f 216//44 438//44 441//44 214//44
f 438//44 440//44 442//44 441//44
f 440//44 383//44 384//44 442//44
f 435//1 447//1 445//1 444//1
f 440//4 439//4 387//4 383//4
f 435//5 434//5 448//129 447//129
f 447//129 448//129 419//130 418//130
f 357//131 360//131 449//131 450//131
f 235//132 323//132 325//132 324//132
f 451//5 148//5 79//5 78//5
f 308//133 322//133 6//133 5//133
f 452//134 231//135 151//31 150//30
f 148//28 451//136 321//137 146//26
f 320//71 319//71 452//138 150//138
f 453//52 454//52 180//52 179//52
f 177//43 455//43 456//43 178//43
f 179//8 262//8 391//8 453//8
f 209//43 296//43 428//43 210//43
f 286//52 295//52 212//52 211//52
f 61//52 457//52 182//52 62//52
f 421//43 89//43 88//43 200//43
f 458//43 298//43 218//43 217//43
f 215//12 299//12 436//12 216//12
f 302//119 420//119 458//5 217//5
f 459//43 246//43 165//43 164//43
f 162//12 247//12 460//12 163//12
f 168//5 249//5 461//5 462//5
f 463//12 225//12 145//12 144//12
f 156//10 227//10 463//10 144//10
f 464//139 465//139 338//139 337//139
f 24//12 23//12 336//12 159//12
f 466//23 240//23 239//23 467//23
f 327//52 328//52 465//52 464//52
f 335//4 334//4 466//4 467//4
f 97//19 96//19 354//91 353//91
f 368//95 367//95 38//9 37//9
f 450//140 449//140 345//140 346//140
f 173//4 253//4 429//4 255//4
f 191//8 272//8 396//8 274//8
f 250//5 468//5 459//5 164//5
f 85//52 84//52 405//52 193//52
f 181//23 267//23 60//23 59//23
f 469//43 271//43 270//43 277//43
f 190//12 404//12 408//12 188//12
f 66//43 65//43 470//43 183//43
f 276//5 407//5 469//5 277//5
f 182//141 457//141 64//141 63//141
f 183//10 470//10 45//10 48//10
f 471//3 248//3 167//3 169//3 472//3 251//3 166//3 161//3
f 28//4 27//4 118//4 119//4
f 143//8 228//8 342//71 341//71
f 163//4 460//4 26//4 25//4
f 462//5 461//5 468//5 250//5
f 473//4 474//4 475//142 476//142
f 198//8 284//8 280//8 196//8
f 477//3 478//3 479//3 480//3 481//3 482//3 483//3 484//3
f 482//25 485//25 473//25
f 486//38 487//38 481//38
f 488//40 489//40 480//40
f 490//8 488//8 491//8 492//8
f 487//10 493//10 494//10 485//10
f 488//52 490//52 495//52 489//52
f 485//12 494//12 474//12 473//12
f 482//53 481//53 487//53 485//53
f 496//23 497//23 498//23 499//23
f 500//143 501//143 496//144 499//144
f 473//44 476//44 483//44 482//44
f 489//1 486//1 481//1 480//1
f 476//142 475//142 501//143 500//143
f 502//43 493//43 487//43 486//43
f 489//5 495//5 502//5 486//5
f 492//8 491//8 503//8 504//8
f 505//145 506//145 507//146 508//146
f 480//54 479//54 491//54 488//54
f 504//8 503//8 498//8 497//8
f 509//147 510//147 506//145 505//145
f 511//148 512//148 513//148 514//148
f 515//8 516//8 517//8 518//8
f 519//38 520//38 521//38
f 522//25 523//25 524//25
f 511//149 525//149 517//149
f 518//150 526//150 508//150
f 522//4 527//4 528//4 529//4
f 521//10 530//10 531//10 524//10
f 508//151 507//151 515//151 518//151
f 529//44 532//44 523//44 522//44
f 519//53 521//53 524//53 523//53
f 526//152 518//152 517//152 525//152
f 520//1 519//1 533//1 534//1
f 512//153 511//153 517//153 516//153
f 529//154 528//154 510//154 509//154
f 533//3 519//3 523//3 532//3 535//3 536//3 526//3 525//3 537//3
f 534//5 538//5 539//5 520//5
f 520//43 539//43 530//43 521//43
f 527//12 522//12 524//12 531//12
f 508//155 526//155 536//155 505//155
f 514//156 513//156 538//156 534//156
f 540//157 223//157 224//157 541//157
f 541//158 542//158 543//158 544//158 545//158 540//158
f 259//10 432//10 546//10 184//10
f 547//159 548//159 549//159 550//159 551//159 552//159 553//159 554//159 555//159 556//159
f 557//158 558//158 559//158 560//158 561//158 562//158 563//158
f 260//4 186//4 185//4 564//4
f 565//157 343//157 352//157 566//157
f 567//158 568//158 569//158 570//158 571//158 572//158 573//158 574//158 575//158 576//158
f 544//160 228//160 226//160
f 463//161 545//161 225//161
f 321//137 451//136 577//162
f 578//163 231//135 452//134
f 7//46 579//164 233//47
f 316//69 15//68 580//165
f 223//166 540//166 227//166
f 19//166 581//166 243//166
f 336//167 23//167 582//167
f 583//161 460//161 247//161
f 459//166 584//166 246//166
f 118//160 585//160 36//160
f 33//168 586//168 249//168
f 587//168 252//168 305//168
f 39//161 588//161 253//161
f 365//160 43//160 589//160
f 549//166 456//166 455//166
f 453//168 550//168 454//168
f 60//160 267//160 558//160
f 561//161 46//161 45//161
f 61//168 557//168 457//168
f 470//166 65//166 562//166
f 546//161 555//161 564//161
f 260//160 554//160 261//160
f 408//161 404//161 590//161
f 76//160 591//160 272//160
f 405//168 84//168 592//168
f 593//168 281//168 280//168
f 31//160 594//160 284//160
f 421//166 595//166 89//166
f 86//161 596//161 415//161
f 597//160 291//160 104//160
f 290//169 598//169 95//169
f 565//170 344//170 343//170
f 569//166 428//166 296//166
f 286//168 570//168 295//168
f 116//161 575//161 133//161
f 130//160 574//160 297//160
f 599//161 436//161 299//161
f 458//166 600//166 298//166
f 136//160 601//160 141//160
f 138//168 602//168 301//168
f 544//171 226//171 225//171 545//171
f 603//172 229//172 231//172 578//172
f 604//173 323//173 233//173 579//173
f 6//174 605//174 579//174 7//174
f 606//175 237//175 240//175 607//175
f 608//176 22//176 243//176 581//176
f 18//157 609//157 581//157 19//157
f 27//171 610//171 585//171 118//171
f 468//157 611//157 584//157 459//157
f 583//177 247//177 246//177 584//177
f 586//178 33//178 36//178 585//178
f 612//171 429//171 253//171 588//171
f 38//177 613//177 588//177 39//177
f 304//178 614//178 587//178 305//178
f 177//5 180//5 454//5 455//5
f 432//179 556//179 555//179 546//179
f 391//178 551//178 550//178 453//178
f 549//157 455//157 454//157 550//157
f 560//180 266//180 46//180 561//180
f 563//181 64//181 457//181 557//181
f 60//178 558//178 557//178 61//178
f 470//177 562//177 561//177 45//177
f 554//171 260//171 564//171 555//171
f 410//114 416//114 30//7 29//7
f 615//178 396//178 272//178 591//178
f 75//182 616//182 591//182 76//182
f 407//157 617//157 618//157 469//157
f 417//157 619//157 595//157 421//157
f 30//171 620//171 594//171 31//171
f 593//178 280//178 284//178 594//178
f 596//177 86//177 89//177 595//177
f 289//183 621//183 598//183 290//183
f 622//184 106//184 109//184 623//184
f 624//185 96//185 95//185 598//185
f 115//177 576//177 575//177 116//177
f 92//178 571//178 570//178 286//178
f 569//157 296//157 295//157 570//157
f 574//171 130//171 133//171 575//171
f 135//171 625//171 601//171 136//171
f 420//157 626//157 600//157 458//157
f 599//177 299//177 298//177 600//177
f 602//178 138//178 141//178 601//178
f 321//186 577//186 627//186 322//186
f 628//158 580//158 629//158 630//158 604//158 579//158 605//158 627//158 577//158 631//158 632//158 603//158 578//158 633//158
f 316//187 580//187 628//187 318//187
f 322//188 627//188 605//188 6//188
f 580//173 15//173 14//173 629//173
f 577//172 451//172 78//172 631//172
f 582//189 23//189 22//189 608//189
f 634//190 328//190 237//190 606//190
f 336//191 582//191 635//191 333//191
f 608//192 581//192 609//192 636//192 634//192 606//192 607//192 637//192 635//192 582//192
f 228//178 544//178 543//178 342//178
f 227//177 540//177 545//177 463//177
f 597//171 104//171 103//171 638//171
f 566//193 352//193 106//193 622//193
f 359//194 639//194 621//194 289//194
f 291//178 597//178 640//178 360//178
f 344//195 565//195 639//195 359//195
f 598//158 621//158 639//158 565//158 566//158 622//158 623//158 641//158 640//158 597//158 638//158 642//158 624//158
f 366//178 643//178 614//178 304//178
f 365//178 589//178 643//178 366//178
f 644//158 645//158 646//158 647//158 587//158 614//158 643//158 589//158 648//158 612//158 588//158 613//158
f 648//196 42//196 429//196 612//196
f 645//157 349//157 98//157 646//157
f 589//197 43//197 42//197 648//197
f 301//157 602//157 649//157 378//157
f 379//171 650//171 625//171 135//171
f 382//171 651//171 650//171 379//171
f 387//171 652//171 651//171 382//171
f 456//198 549//198 548//198 433//198
f 546//12 564//12 185//12 184//12
f 178//199 456//199 433//199 388//199
f 261//178 554//178 553//178 393//178
f 392//200 393//200 390//200 389//200
f 590//201 404//201 394//201 653//201
f 654//202 615//202 591//202 616//202 655//202 590//202 653//202 656//202 618//202 617//202 657//202 592//202
f 405//203 592//203 657//203 406//203
f 406//204 657//204 617//204 407//204
f 408//171 590//171 655//171 409//171
f 409//205 655//205 616//205 75//205
f 562//206 65//206 64//206 563//206
f 416//207 658//207 620//207 30//207
f 281//208 593//208 659//208 414//208
f 659//158 593//158 594//158 620//158 658//158 596//158 595//158 619//158
f 415//209 596//209 658//209 416//209
f 414//210 659//210 619//210 417//210
f 297//178 574//178 573//178 423//178
f 428//211 569//211 568//211 425//211
f 660//158 599//158 600//158 626//158 661//158 662//158 663//158 664//158 649//158 602//158 601//158 625//158 650//158 651//158 652//158 665//158
f 436//171 599//171 660//171 437//171
f 437//171 660//171 665//171 439//171
f 439//171 665//171 652//171 387//171
f 434//157 663//157 662//157 448//157
f 403//212 409//212 75//212 74//212
f 666//158 583//158 584//158 611//158 667//158 586//158 585//158 610//158
f 668//158 669//158 670//158 671//158 672//158 673//158 674//158 675//158
f 671//161 474//161 494//161
f 502//166 672//166 493//166
f 490//168 673//168 495//168
f 671//177 494//177 493//177 672//177
f 474//171 671//171 670//171 475//171
f 495//157 673//157 672//157 502//157
f 673//178 490//178 492//178 674//178
f 676//166 530//166 539//166
f 527//161 531//161 677//161
f 512//213 516//213 678//213
f 515//214 507//214 679//214
f 528//171 527//171 677//171 680//171
f 676//177 677//177 531//177 530//177
f 679//215 678//215 516//215 515//215
f 539//157 538//157 681//157 676//157
f 681//158 682//158 678//158 679//158 683//158 684//158 680//158 677//158 676//158
f 507//216 506//216 683//216 679//216
usemtl Wall_Medium.006
f 685//8 686//8 687//8 688//8
f 689//4 690//4 691//4 692//4
f 693//4 694//4 695//4 696//4
f 697//8 698//8 699//8 700//8
f 701//8 702//8 703//8 704//8
f 705//217 706//217 707//218 708//218
f 709//4 710//4 711//4 712//4
f 713//5 714//5 715//5 716//5
f 717//10 718//10 719//10 720//10
f 721//4 722//4 723//4 724//4
f 725//219 726//219 727//219 728//219
f 729//4 730//4 690//4 689//4
f 731//8 732//8 733//8 734//8
f 735//4 736//4 730//4 729//4
f 737//8 738//8 739//8 740//8
f 741//25 742//25 693//25
f 743//38 744//38 745//38
f 696//24 703//24 746//24
f 686//40 747//40 748//40
f 749//40 700//40 750//40
f 712//24 697//24 751//24
f 716//38 719//38 752//38
f 718//25 753//25 754//25
f 755//25 756//25 721//25
f 757//38 758//38 759//38
f 728//220 733//220 760//220
f 732//221 761//221 762//221
f 763//25 764//25 735//25
f 765//38 766//38 767//38
f 692//24 739//24 768//24
f 769//40 770//40 771//40
f 772//10 773//10 774//10 742//10
f 693//44 696//44 746//44 741//44
f 686//52 685//52 775//52 747//52
f 747//1 743//1 745//1 748//1
f 776//53 745//53 744//53 777//53
f 778//222 746//222 703//222 702//222
f 700//52 699//52 779//52 750//52
f 713//1 716//1 752//1 780//1
f 711//23 698//23 697//23 712//23
f 709//44 712//44 751//44 781//44
f 749//54 751//54 697//54 700//54
f 754//53 752//53 719//53 718//53
f 782//5 783//5 784//5 757//5
f 758//10 785//10 786//10 756//10
f 732//153 731//153 787//153 761//153
f 782//1 757//1 759//1 788//1
f 755//53 759//53 758//53 756//53
f 762//152 760//152 733//152 732//152
f 789//223 790//223 791//223 764//223
f 769//52 792//52 793//52 770//52
f 770//224 765//224 767//224 771//224
f 691//23 740//23 739//23 692//23
f 794//54 768//54 739//54 738//54
f 771//54 795//54 796//54 769//54
f 766//10 797//10 798//10 799//10
f 767//3 800//3 801//3 763//3 802//3 803//3 768//3 794//3 804//3 795//3 771//3
f 805//225 806//225 710//225 709//225
f 807//226 778//226 702//226 808//226
f 688//8 687//8 808//8 809//8
f 776//3 810//3 741//3 746//3 778//3 807//3 811//3 748//3 745//3
f 809//8 808//8 702//8 701//8
f 761//227 787//227 706//217 705//217
f 750//228 779//228 812//228 813//228
f 813//229 812//229 814//229 815//229
f 753//5 816//5 817//5 818//5
f 753//230 818//230 819//230 754//230
f 815//5 814//5 714//5 713//5
f 820//3 821//3 780//3 752//3 754//3 819//3 822//3 781//3 751//3 749//3
f 815//1 713//1 780//1 821//1
f 721//44 724//44 823//44 755//44
f 727//151 734//151 733//151 728//151
f 708//231 707//231 783//231 782//231
f 823//3 824//3 760//3 762//3 825//3 826//3 788//3 759//3 755//3
f 715//43 720//43 719//43 716//43
f 827//232 828//232 738//232 737//232
f 756//12 786//12 722//12 721//12
f 784//43 785//43 758//43 757//43
f 818//233 817//233 806//233 805//233
f 744//10 829//10 830//10 777//10
f 777//10 830//10 773//10 772//10
f 695//23 704//23 703//23 696//23
f 831//43 829//43 744//43 743//43
f 742//12 774//12 694//12 693//12
f 747//5 775//5 831//5 743//5
f 832//234 796//234 828//234 827//234
f 792//8 769//8 796//8 832//8
f 799//235 798//235 790//235 789//235
f 833//43 797//43 766//43 765//43
f 764//12 791//12 736//12 735//12
f 770//5 793//5 833//5 765//5
f 761//236 705//236 825//236 762//236
f 724//237 723//237 726//237 725//237
f 800//53 767//53 766//53 799//53
f 735//44 729//44 802//44 763//44
f 834//161 694//161 774//161
f 831//166 835//166 829//166
f 695//160 836//160 704//160
f 685//168 837//168 775//168
f 838//168 779//168 699//168
f 711//160 839//160 698//160
f 715//166 840//166 720//166
f 717//161 841//161 816//161
f 842//161 722//161 786//161
f 784//166 843//166 785//166
f 727//238 844//238 734//238
f 731//239 845//239 787//239
f 846//161 736//161 791//161
f 833//166 847//166 797//166
f 691//160 848//160 740//160
f 792//168 849//168 793//168
f 694//171 834//171 836//171 695//171
f 775//157 837//157 835//157 831//157
f 850//177 830//177 829//177 835//177
f 851//240 701//240 704//240 836//240
f 714//157 852//157 840//157 715//157
f 710//171 853//171 839//171 711//171
f 838//178 699//178 698//178 839//178
f 841//177 717//177 720//177 840//177
f 783//157 854//157 843//157 784//157
f 842//177 786//177 785//177 843//177
f 845//215 731//215 734//215 844//215
f 793//241 849//241 847//241 833//241
f 855//178 737//178 740//178 848//178
f 849//178 792//178 832//178 856//178
f 847//158 849//158 856//158 857//158 855//158 848//158 858//158 859//158 846//158 860//158 861//158
f 862//242 809//242 701//242 851//242
f 850//158 835//158 837//158 863//158 862//158 851//158 836//158 834//158 864//158
f 816//243 841//243 865//243 817//243
f 866//158 838//158 839//158 853//158 867//158 865//158 841//158 840//158 852//158 868//158
f 814//157 868//157 852//157 714//157
f 722//171 842//171 869//171 723//171
f 869//158 842//158 843//158 854//158 870//158 871//158 845//158 844//158 872//158
f 787//244 845//244 871//244 706//244
f 861//177 798//177 797//177 847//177
f 736//171 846//171 859//171 730//171
f 718//12 717//12 816//12 753//12
usemtl Wall_Highlights.006
f 307//40 3//40 2//40
f 464//40 326//40 327//40
f 242//24 467//24 239//24
f 351//38 373//38 348//38
f 278//38 277//38 270//38
f 346//245 108//245 293//245
f 339//246 307//246 2//246 12//246
f 320//247 150//247 149//247 311//247
f 335//44 467//44 242//44 331//44
f 371//248 170//248 172//248 100//248
f 400//249 278//249 270//249 269//249
f 450//250 346//250 293//250 362//250
f 725//251 728//251 760//251 824//251
f 689//252 692//252 768//252 803//252
f 317//253 320//253 311//253 310//253
f 314//254 234//254 235//254 324//254
f 312//255 232//255 230//255 80//255
f 313//256 312//256 80//256 79//256
f 315//257 314//257 324//257 13//257
f 329//258 335//258 331//258 330//258
f 337//259 17//259 245//259 332//259
f 464//260 337//260 332//260 326//260
f 341//261 339//261 12//261 11//261
f 795//262 804//262 828//262 796//262
f 804//263 794//263 738//263 828//263
f 763//264 801//264 789//264 764//264
f 801//265 800//265 799//265 789//265
f 347//266 361//266 353//266 102//266
f 357//267 450//267 362//267 358//267
f 351//268 368//268 369//268 373//268
f 368//269 37//269 256//269 369//269
f 372//270 371//270 100//270 99//270
f 811//271 807//271 808//271 687//271
f 810//272 776//272 777//272 772//272
f 741//273 810//273 772//273 742//273
f 748//274 811//274 687//274 686//274
f 374//275 386//275 443//275 375//275
f 386//276 435//276 444//276 443//276
f 389//277 262//277 55//277 54//277
f 430//278 259//278 50//278 49//278
f 194//279 398//279 82//279 85//279
f 397//280 400//280 269//280 395//280
f 398//281 273//281 274//281 82//281
f 73//282 72//282 264//282 181//282
f 805//283 709//283 781//283 822//283
f 750//284 813//284 820//284 749//284
f 818//285 805//285 822//285 819//285
f 813//286 815//286 821//286 820//286
f 422//287 90//287 125//287 124//287
f 424//288 427//288 120//288 129//288
f 427//289 114//289 121//289 120//289
f 90//290 93//290 126//290 125//290
f 708//291 782//291 788//291 826//291
f 705//292 708//292 826//292 825//292
f 724//293 725//293 824//293 823//293
f 388//294 430//294 49//294 58//294
f 392//295 389//295 54//295 53//295
f 447//296 418//296 446//296 445//296
f 418//297 302//297 303//297 446//297
f 361//298 294//298 97//298 353//298
f 72//299 71//299 265//299 264//299
f 462//300 250//300 251//300 472//300
f 163//301 25//301 471//301 161//301
f 168//302 462//302 472//302 169//302
f 25//303 28//303 248//303 471//303
f 729//304 689//304 803//304 802//304
f 478//305 477//305 498//305 503//305
f 499//24 498//24 477//24
f 500//306 499//306 477//306 484//306
f 476//307 500//307 484//307 483//307
f 479//308 478//308 503//308 491//308
f 514//309 537//309 525//309 511//309
f 509//310 535//310 532//310 529//310
f 505//311 536//311 535//311 509//311
f 534//312 533//312 537//312 514//312
f 306//168 541//168 224//168
f 465//168 328//168 634//168
f 607//160 240//160 466//160
f 350//166 349//166 645//166
f 618//166 271//166 469//166
f 345//313 623//313 109//313
f 340//314 542//314 541//314 306//314
f 319//315 633//315 578//315 452//315
f 334//171 637//171 607//171 466//171
f 647//316 101//316 252//316 587//316
f 656//317 268//317 271//317 618//317
f 449//318 641//318 623//318 345//318
f 726//319 872//319 844//319 727//319
f 690//320 858//320 848//320 691//320
f 318//321 628//321 633//321 319//321
f 630//322 325//322 323//322 604//322
f 632//323 81//323 229//323 603//323
f 631//324 78//324 81//324 632//324
f 629//325 14//325 325//325 630//325
f 333//326 635//326 637//326 334//326
f 338//327 636//327 609//327 18//327
f 465//328 634//328 636//328 338//328
f 342//329 543//329 542//329 340//329
f 856//330 832//330 827//330 857//330
f 857//331 827//331 737//331 855//331
f 846//332 791//332 790//332 860//332
f 860//333 790//333 798//333 861//333
f 638//334 103//334 354//334 642//334
f 360//335 640//335 641//335 449//335
f 350//336 645//336 644//336 367//336
f 367//337 644//337 613//337 38//337
f 646//338 98//338 101//338 647//338
f 863//339 688//339 809//339 862//339
f 864//340 773//340 830//340 850//340
f 834//341 774//341 773//341 864//341
f 837//342 685//342 688//342 863//342
f 378//343 649//343 664//343 385//343
f 385//344 664//344 663//344 434//344
f 390//345 552//345 551//345 391//345
f 431//346 547//346 556//346 432//346
f 592//347 84//347 83//347 654//347
f 653//348 394//348 268//348 656//348
f 654//349 83//349 396//349 615//349
f 558//350 267//350 263//350 559//350
f 806//351 867//351 853//351 710//351
f 779//352 838//352 866//352 812//352
f 817//353 865//353 867//353 806//353
f 812//354 866//354 868//354 814//354
f 423//355 573//355 572//355 91//355
f 425//356 568//356 567//356 426//356
f 426//357 567//357 576//357 115//357
f 91//358 572//358 571//358 92//358
f 707//359 870//359 854//359 783//359
f 706//360 871//360 870//360 707//360
f 723//361 869//361 872//361 726//361
f 433//362 548//362 547//362 431//362
f 393//363 553//363 552//363 390//363
f 448//364 662//364 661//364 419//364
f 419//365 661//365 626//365 420//365
f 642//366 354//366 96//366 624//366
f 559//367 263//367 266//367 560//367
f 461//368 667//368 611//368 468//368
f 460//369 583//369 666//369 26//369
f 249//370 586//370 667//370 461//370
f 26//371 666//371 610//371 27//371
f 730//372 859//372 858//372 690//372
f 675//373 504//373 497//373 668//373
f 496//160 668//160 497//160
f 501//374 669//374 668//374 496//374
f 475//375 670//375 669//375 501//375
f 674//376 492//376 504//376 675//376
f 513//377 512//377 678//377 682//377
f 510//378 528//378 680//378 684//378
f 506//379 510//379 684//379 683//379
f 538//380 513//380 682//380 681//380
o Wall_Modular_Cube.005_Wall_Modular_Cube.006
v -0.190480 3.666415 0.609111
v -0.190480 3.943581 0.609111
v -0.162676 3.943581 0.642152
v -0.162676 3.666415 0.642152
v 1.153368 3.574320 0.679834
v 1.153368 3.574320 0.907346
v 0.381781 3.563545 0.907346
v 0.381781 3.563545 0.679834
v -0.703041 3.666415 0.609111
v -0.703041 3.943581 0.609111
v -0.492760 3.943581 0.609111
v -0.334013 3.930507 0.609111
v 0.353977 3.795294 0.679834
v 0.353977 3.795294 0.907346
v 0.353977 3.943581 0.907346
v 0.353977 3.943581 0.679834
v 0.366277 3.804894 0.724418
v 0.366277 3.804894 0.862762
v 0.366277 3.398570 0.862762
v 0.366277 3.398570 0.724418
v 0.018554 3.380866 0.724418
v 0.018554 3.380866 0.862762
v -0.142820 3.379570 0.862762
v -0.142820 3.379570 0.724418
v 0.901680 3.281070 0.619630
v 0.901680 3.281070 0.967550
v 0.901680 3.329508 0.967550
v 0.901680 3.329508 0.619630
v -1.462084 2.782324 0.619630
v -1.462084 2.782324 0.967550
v -1.462084 3.143561 0.967551
v -1.462084 3.143561 0.619629
v 1.429966 3.566755 0.967550
v 1.429966 3.566755 0.619630
v 0.929484 3.566755 0.619630
v 0.929484 3.566755 0.967550
v 0.351861 2.831857 0.679834
v 0.351861 2.831857 0.907346
v -0.144229 2.831857 0.907346
v -0.144229 2.831857 0.679834
v -0.160208 2.947327 0.679834
v -0.160208 2.947327 0.907346
v -0.172033 3.361708 0.907346
v -0.172033 3.361708 0.679834
v -1.434281 1.962995 0.907346
v -1.462084 1.981995 0.907346
v -1.462084 1.981995 0.679834
v -1.434281 1.962995 0.679834
v 0.513813 2.005810 0.591663
v 0.414411 1.978538 0.583403
v 0.205726 1.981996 0.586589
v 0.205726 2.309195 0.586589
v 0.326775 2.309195 0.586589
v 0.387299 2.296265 0.586589
v 0.447825 2.309195 0.586589
v 1.434279 2.309195 0.586589
v 1.434279 1.981996 0.586589
v 0.835275 1.993753 0.591577
v -1.434281 2.438464 0.679834
v -1.434281 2.438464 0.907346
v -0.391660 2.438464 0.907346
v -0.391660 2.438464 0.679834
v -0.360036 2.346362 0.679834
v -0.360036 2.346362 0.907346
v -0.363857 1.981995 0.907346
v -0.363857 1.981995 0.679834
v -0.391660 2.419464 0.646793
v -0.403705 2.346362 0.646793
v -0.391660 1.981995 0.646793
v -1.434281 1.981995 0.646793
v -1.428243 2.263378 0.646793
v -1.413783 2.346362 0.646793
v -1.434281 2.419464 0.646793
v -0.355723 2.257739 0.718919
v -0.355723 2.257739 0.868261
v -0.376156 2.527006 0.868261
v -0.376156 2.527006 0.718919
v 1.462082 3.709479 0.907346
v 1.462082 3.709479 0.679834
v 1.465682 3.772574 0.679834
v 1.465682 3.772574 0.907346
v -0.042006 2.546006 0.718919
v -0.042006 2.546006 0.868261
v 0.161519 2.546006 0.868261
v 0.161519 2.546006 0.718919
v -1.434281 2.435255 0.967550
v -1.434281 2.435255 0.619630
v -0.919801 2.435255 0.619630
v -0.919801 2.435255 0.967550
v -0.236479 2.830193 0.619630
v -0.236478 2.830193 0.967550
v -0.207273 2.832115 0.967550
v -0.207273 2.832115 0.619630
v -0.895805 2.850857 0.643234
v -0.895805 2.850857 0.943946
v -0.895299 3.206602 0.943946
v -0.895299 3.206602 0.643234
v 0.916510 2.918824 0.907346
v 0.916510 2.918824 0.679834
v 0.914374 2.970671 0.679834
v 0.914374 2.970671 0.907346
v -0.895805 3.464349 0.643234
v -0.895805 3.464349 0.943946
v -0.895805 3.631708 0.943946
v -0.895805 3.631708 0.643234
v -0.181821 3.464349 0.943946
v -0.181821 3.464349 0.643234
v -0.166427 3.631708 0.643234
v -0.166427 3.631708 0.943946
v -0.194230 2.850857 0.610193
v -0.194230 3.404573 0.610193
v -0.166427 3.404573 0.643234
v -0.166427 2.850857 0.643234
v -0.088625 2.542433 0.619630
v -0.088625 2.542433 0.967550
v -0.346790 2.542433 0.967550
v -0.346790 2.542433 0.619630
v 0.901680 3.547755 0.967550
v 0.901680 3.547755 0.619630
v -0.026667 2.585750 0.586589
v -0.088625 2.561433 0.586589
v -0.346790 2.561433 0.586589
v -0.346790 2.813115 0.586589
v -0.319182 2.813115 0.586589
v -0.236479 2.798150 0.586589
v -0.207273 2.813115 0.586589
v 0.326266 2.813115 0.586589
v 0.326266 2.561433 0.586589
v 0.023284 2.569905 0.586589
v -0.374593 2.813115 0.967550
v -0.374593 2.813115 0.619630
v -0.374593 2.561433 0.619630
v -0.374593 2.561433 0.967550
v 0.901680 2.890056 0.717625
v 0.901680 2.890056 0.869555
v 0.901680 3.010316 0.869555
v 0.901680 3.010316 0.717625
v 1.429966 3.029316 0.869555
v 1.429966 3.029316 0.717625
v 0.929484 3.029316 0.717625
v 0.929484 3.029316 0.869555
v -0.730844 3.943581 0.642152
v -0.703041 3.962581 0.642152
v -0.703041 3.647415 0.642152
v -0.730844 3.666415 0.642152
v 1.434279 3.563545 0.679834
v 1.452679 3.576453 0.658415
v 1.462082 3.582545 0.679834
v 1.452679 3.949673 0.658415
v 1.434279 3.962581 0.679834
v 1.462082 3.943581 0.679834
v 0.353977 3.582545 0.679834
v 0.363381 3.576453 0.658415
v 0.381781 3.962581 0.679834
v 0.363381 3.949673 0.658415
v -0.190480 3.647415 0.642152
v 0.338473 3.379570 0.724418
v 0.338473 3.398570 0.691377
v -0.170624 3.398570 0.724418
v -0.131836 3.408577 0.691447
v 0.929484 3.046613 0.586589
v 0.929484 3.027613 0.619630
v 0.901680 3.046613 0.619630
v 1.457770 3.046613 0.619630
v 1.429966 3.027613 0.619630
v 1.429966 3.046613 0.586589
v 0.929484 3.547755 0.586589
v 1.457770 3.547755 0.619630
v 1.429966 3.547755 0.586589
v 0.888706 3.361708 0.646793
v 0.888706 3.380708 0.679834
v 0.916510 3.361708 0.679834
v -0.172033 2.850857 0.679834
v -0.144229 2.850857 0.646793
v -0.144229 3.380708 0.679834
v -0.144229 3.361708 0.646793
v 1.462082 1.981996 0.619630
v 1.434279 1.962996 0.619630
v 1.434279 2.328195 0.619630
v 1.462082 2.309195 0.619630
v -1.462084 2.419464 0.679834
v -0.363857 2.419464 0.679834
v -0.391660 1.962995 0.679834
v 0.205726 1.962996 0.619630
v 0.177923 1.981996 0.619630
v 0.177923 2.309195 0.619630
v 0.205726 2.328195 0.619630
v -0.376156 1.980431 0.718919
v -0.348353 1.980431 0.685878
v -0.348353 1.961431 0.718919
v -0.348353 2.546006 0.718919
v -0.348353 2.527006 0.685878
v 0.189322 2.527006 0.718919
v 0.161519 2.527006 0.685878
v -0.919801 3.143561 0.586589
v -0.919801 3.162561 0.619630
v -0.891998 3.143561 0.619630
v -1.434281 3.162561 0.619629
v -1.434281 3.143561 0.586589
v -0.891998 2.454255 0.619630
v -0.919801 2.454255 0.586589
v -1.462084 2.454255 0.619630
v -1.434281 2.454255 0.586589
v -0.868002 3.631708 0.610193
v -0.868002 3.650708 0.643234
v -0.868002 2.828315 0.643234
v -0.868002 2.850857 0.610193
v -0.194230 2.828315 0.643234
v 0.354070 2.561433 0.619630
v 0.326266 2.542433 0.619630
v 0.326266 2.832115 0.619630
v 0.354070 2.813115 0.619630
v -0.346790 2.832115 0.619630
v 0.929484 2.342063 0.684584
v 0.929484 2.323063 0.717625
v 0.901680 2.342063 0.717625
v 1.457770 2.342063 0.717625
v 1.429966 2.323063 0.717625
v 1.429966 2.342063 0.684584
v 0.929484 3.010316 0.684584
v 1.457770 3.010316 0.717625
v 1.429966 3.010316 0.684584
v -0.162676 3.666415 0.945028
v -0.162676 3.943581 0.945028
v -0.730844 3.666415 0.945028
v -0.730844 3.943581 0.945028
v -0.190480 3.647415 0.945028
v -0.703041 3.962581 0.945028
v 1.462082 3.799035 0.907346
v 1.462082 3.799035 0.679834
v 1.462082 3.943581 0.907346
v 1.452679 3.799978 0.658415
v 0.353977 3.582545 0.907346
v 0.363381 3.701001 0.658415
v 0.353977 3.703463 0.679834
v 1.161760 3.587611 0.658415
v -0.059985 3.964145 0.862762
v -0.059985 3.964145 0.724418
v -0.142820 3.964145 0.724418
v -0.142820 3.964145 0.862762
v -0.044497 3.922327 0.691377
v -0.142820 3.945145 0.691377
v 0.338473 3.379570 0.862762
v 0.023948 3.414948 0.691356
v 0.338473 3.804894 0.691377
v 1.429966 3.027613 0.967550
v 0.929484 3.027613 0.967550
v 0.929484 3.329508 0.586589
v 1.457770 3.547755 0.967550
v 1.457770 3.366486 0.619630
v 1.429966 3.366486 0.586589
v 0.916510 3.361708 0.907346
v -0.172033 2.850857 0.907346
v -0.144229 2.918824 0.646793
v -0.172033 2.918824 0.679834
v 0.351861 2.850857 0.646793
v 0.572560 3.380708 0.679834
v 0.572560 3.361708 0.646793
v 0.428943 1.962996 0.619630
v 0.177923 2.309195 0.967550
v 0.205726 2.328195 0.967550
v 0.447825 2.328195 0.619630
v -1.459892 2.346362 0.907346
v -1.459892 2.346362 0.679834
v -1.460568 2.263378 0.679834
v -1.460568 2.263378 0.907346
v -1.462084 2.419464 0.907346
v -0.180753 1.968974 0.868261
v -0.180753 1.968974 0.718919
v 0.161519 1.961431 0.718919
v 0.161519 1.961431 0.868261
v -0.348353 2.546006 0.868261
v -0.157834 2.527006 0.685878
v -0.157834 2.546006 0.718919
v -0.327920 2.257739 0.685878
v 0.189322 2.076316 0.718919
v 0.189322 1.980431 0.718919
v 0.161519 1.980431 0.685878
v 0.161519 2.076316 0.685878
v -0.919801 3.162561 0.967550
v -0.891998 3.143561 0.967550
v -0.891998 2.760428 0.619630
v -0.919801 2.760428 0.586589
v -1.434281 3.162561 0.967551
v -1.434281 2.782324 0.586589
v 0.326266 2.832115 0.967550
v -0.738064 2.828315 0.643234
v -0.738064 2.850857 0.610193
v -0.738064 2.828315 0.943946
v -0.868002 2.828315 0.943946
v -0.868002 3.650708 0.943946
v -0.225902 3.464349 0.610193
v -0.194230 3.631708 0.610193
v -0.864092 3.206603 0.610193
v 0.354070 2.813115 0.967550
v 0.354070 2.561433 0.967550
v -0.346790 2.832115 0.967550
v 1.429966 2.323063 0.869555
v 0.929484 2.323063 0.869555
v 0.929484 2.890056 0.684584
v 1.457770 3.010316 0.869555
v 1.457770 2.407473 0.717625
v 1.429966 2.407473 0.684584
v 0.572560 3.380708 0.907346
v 0.888706 3.380708 0.907346
v -0.190480 3.962581 0.945028
v -0.190480 3.962581 0.642152
v 1.325466 3.563545 0.679834
v 1.339990 3.576453 0.658415
v 1.161760 3.949673 0.658415
v 1.339990 3.927038 0.658415
v 1.425465 3.772574 0.658415
v 1.452679 3.707231 0.658415
v 0.391729 3.728405 0.658415
v 0.363381 3.796103 0.658415
v 0.381781 3.962581 0.907346
v 1.153368 3.962581 0.679834
v 1.153368 3.962581 0.907346
v 1.325466 3.962195 0.907346
v 1.325466 3.962195 0.679834
v 1.434279 3.563545 0.907346
v 1.325466 3.563545 0.907346
v 0.353977 3.703463 0.907346
v 0.359238 3.729925 0.679834
v 0.359238 3.729925 0.907346
v 0.338473 3.945145 0.691377
v 0.338473 3.964145 0.724418
v 0.338473 3.964145 0.862762
v -0.160780 3.804894 0.724418
v -0.114352 3.804894 0.691377
v -0.142820 3.866672 0.691377
v 0.313291 3.866672 0.691377
v -0.160780 3.804894 0.862762
v -0.170624 3.866672 0.862762
v -0.170624 3.866672 0.724418
v -0.170624 3.398570 0.862762
v 0.352393 3.866672 0.724418
v 0.352393 3.866672 0.862762
v -0.334013 3.962817 0.642152
v -0.334013 3.962817 0.945028
v -0.492760 3.962581 0.642152
v -0.492760 3.962581 0.945028
v -0.166427 2.850857 0.943946
v -0.194230 2.828315 0.943946
v -0.193434 3.648429 0.943946
v -0.193434 3.648429 0.643234
v -0.868002 3.464349 0.610193
v 0.916510 2.850857 0.679834
v 0.916510 2.850857 0.907346
v 0.888706 2.831857 0.907346
v 0.888706 2.831857 0.679834
v -0.166427 3.404573 0.943946
v -0.894791 3.404573 0.643234
v -0.894791 3.404573 0.943946
v -0.493310 2.828315 0.643234
v -0.493310 2.868096 0.610193
v -0.566206 3.650708 0.643234
v -0.566206 3.631708 0.610193
v -0.493310 2.828315 0.943946
v -0.566206 3.650708 0.943946
v -0.840628 3.404573 0.610193
v -0.468083 3.611506 0.610193
v 0.506971 3.380708 0.679834
v 0.506971 3.361708 0.646793
v -0.144229 3.380708 0.907346
v 0.506971 3.380708 0.907346
v 0.489714 2.832115 0.907346
v 0.489714 2.832115 0.679834
v 0.489714 2.867917 0.646793
v -0.132404 2.947327 0.646793
v 0.861115 2.970671 0.646793
v 0.888706 2.918824 0.646793
v 0.888706 2.850857 0.646793
v 1.457770 2.890056 0.717625
v 1.429966 2.890056 0.684584
v 0.901680 2.820940 0.717625
v 0.929484 2.820940 0.684584
v 1.457770 2.890056 0.869555
v 0.901680 2.820940 0.869555
v 0.901680 2.775295 0.717625
v 0.929484 2.775295 0.684584
v 0.901680 2.775295 0.869555
v 0.901680 2.449148 0.717625
v 0.929484 2.449148 0.684584
v 1.453327 2.820940 0.869555
v 1.453327 2.820940 0.717625
v 0.901680 2.449148 0.869555
v 0.825565 1.971987 0.606318
v 0.387299 2.315265 0.619630
v 0.387299 2.315265 0.967550
v 0.447825 2.328195 0.967550
v 0.326775 2.328195 0.619630
v 0.326775 2.328195 0.967550
v -0.121909 1.961431 0.868261
v -0.121909 1.961431 0.718919
v -0.157834 2.546006 0.868261
v -0.130085 1.976397 0.684304
v -0.025704 2.507641 0.691878
v 0.156264 2.162284 0.685878
v -0.161209 1.996042 0.689806
v -0.348353 2.171771 0.685878
v 0.184067 2.162284 0.718919
v -0.376156 2.171771 0.718919
v -0.348353 1.961431 0.868261
v 0.189322 2.527006 0.868261
v 0.184067 2.162284 0.868261
v 0.189322 2.076316 0.868261
v -0.376156 1.980431 0.868261
v -0.376156 2.171771 0.868261
v -1.461823 2.722717 0.619630
v -1.410630 2.722717 0.586589
v -0.896136 2.820035 0.619630
v -0.932415 2.820035 0.586589
v -0.896136 2.820035 0.967550
v -1.462084 2.454255 0.967550
v -1.461823 2.722717 0.967550
v -0.891998 2.760428 0.967550
v 1.458030 2.428310 0.717625
v 1.458030 2.428310 0.869555
v 1.457770 2.407473 0.869555
v -0.891998 2.454255 0.967550
v -0.319182 2.832115 0.619630
v -0.319182 2.832115 0.967550
v 0.023284 2.546381 0.619630
v 0.023284 2.546381 0.967550
v -0.005921 2.546381 0.967550
v -0.005922 2.546381 0.619630
v 0.326266 2.542433 0.967550
v -0.172033 2.918824 0.907346
v 0.489468 1.967894 0.619630
v 0.489468 1.967894 0.967550
v 0.428943 1.962996 0.967550
v 0.825565 1.971987 0.980862
v 1.457770 2.775295 0.869555
v 1.457770 2.775295 0.717625
v 0.901680 2.342063 0.869555
v 0.901680 2.407473 0.869555
v 0.901680 2.407473 0.717625
v 0.901680 2.428310 0.869555
v 0.901680 2.428310 0.717625
v 0.929484 2.407473 0.684584
v 0.929484 2.428310 0.684584
v 1.395910 2.820940 0.684584
v 1.429966 2.775295 0.684584
v 1.429966 2.449148 0.684584
v 1.412886 2.428310 0.684584
v 1.457770 2.449148 0.717625
v 1.457770 2.449148 0.869555
v -0.468878 3.648073 0.943946
v -0.468878 3.648073 0.643234
v 1.462082 3.582545 0.907346
v 1.434279 3.962581 0.907346
v 1.434279 2.328195 0.967550
v 1.462082 2.309195 0.967550
v 1.462082 1.981996 0.967550
v 1.434279 1.962996 0.967550
v -0.363857 2.419464 0.907346
v 1.457770 2.342063 0.869555
v 1.457770 3.046613 0.967550
v 0.901680 3.046613 0.967550
v 1.457770 3.414924 0.967550
v 1.457770 3.414924 0.619630
v -0.703041 3.647415 0.945028
v 0.366277 3.945145 0.724418
v 0.366277 3.945145 0.862762
v -0.170624 3.945145 0.862762
v -0.170624 3.945145 0.724418
v 1.457770 3.366486 0.967550
v 0.189322 1.980431 0.868261
v -0.391660 1.962995 0.907346
v 0.946508 3.281070 0.586589
v 1.402624 3.414924 0.586589
v -1.458478 3.662406 0.607595
v -1.458478 3.662406 0.979585
v -1.458478 3.741258 0.979585
v -1.458478 3.741258 0.607595
v -1.430675 3.947825 0.574554
v -1.362069 3.929812 0.574554
v -1.284475 3.947825 0.574554
v -0.755165 3.947825 0.574554
v -0.755165 3.662406 0.574554
v -1.430675 3.662406 0.574554
v -1.430675 3.741258 0.574554
v -1.411544 3.849739 0.574554
v -1.430675 3.643406 0.607595
v -0.727361 3.662406 0.607595
v -0.755165 3.643406 0.607595
v -0.755165 3.966825 0.607595
v -0.727361 3.947825 0.607595
v -0.755165 3.966825 0.979585
v -1.284475 3.966825 0.607595
v -1.284475 3.966825 0.979585
v -0.755165 3.643406 0.979585
v -1.430675 3.643406 0.979585
v -0.727361 3.947825 0.979585
v -1.458478 3.947825 0.979585
v -1.430675 3.966825 0.979585
v -1.430675 3.966825 0.607595
v -1.458478 3.947825 0.607595
v -1.458825 3.849739 0.607595
v -1.458825 3.849739 0.979585
v -0.727361 3.662406 0.979585
v -1.362069 3.966825 0.607595
v -1.362069 3.966825 0.979585
v 0.354945 2.751632 0.687430
v 0.354945 2.751632 0.899750
v 0.352444 2.819264 0.899750
v 0.352444 2.819264 0.687430
v 0.356011 2.697446 0.687430
v 0.356012 2.697446 0.899750
v 0.904155 2.819264 0.687430
v 0.904155 2.819264 0.899750
v 0.905173 2.775807 0.899750
v 0.905173 2.775807 0.687430
v 0.380247 2.833745 0.899750
v 0.876351 2.833745 0.899750
v 0.876351 2.833745 0.687430
v 0.380247 2.833745 0.687430
v 0.876351 2.562098 0.654389
v 0.904155 2.562098 0.687430
v 0.876351 2.543098 0.687430
v 0.352444 2.562098 0.687430
v 0.380247 2.562098 0.654389
v 0.380247 2.543098 0.687430
v 0.876351 2.819264 0.654389
v 0.380247 2.819264 0.654389
v 0.352444 2.562098 0.899750
v 0.352444 2.661310 0.899750
v 0.352444 2.661310 0.687430
v 0.876351 2.543098 0.899750
v 0.380247 2.543098 0.899750
v 0.380247 2.661310 0.654389
v 0.876351 2.739670 0.654389
v 0.904155 2.739670 0.687430
v 0.411781 2.697446 0.654389
v 0.379536 2.751632 0.654389
v 0.859008 2.775807 0.654389
v 0.904155 2.739670 0.899750
v 0.904155 2.562098 0.899750
v -0.190480 3.666415 0.978069
v -0.190480 3.943581 0.978069
v -0.334013 3.930507 0.978069
v -0.492760 3.943581 0.978069
v -0.703041 3.943581 0.978069
v -0.703041 3.666415 0.978069
v 0.205726 1.962996 0.967550
v 0.513813 2.005810 0.995517
v 0.835275 1.993753 0.995603
v 1.434279 1.981996 1.000591
v 1.434279 2.309195 1.000591
v 0.447825 2.309195 1.000591
v 0.387299 2.296265 1.000591
v 0.326775 2.309195 1.000591
v 0.205726 2.309195 1.000591
v 0.205726 1.981996 1.000591
v 0.414411 1.978538 1.003777
v -0.391660 2.419464 0.940387
v -1.434281 2.419464 0.940387
v -1.413783 2.346362 0.940387
v -1.428243 2.263378 0.940387
v -1.434281 1.981995 0.940387
v -0.391660 1.981995 0.940387
v -0.403705 2.346362 0.940387
v 0.177923 1.981996 0.967550
v -0.194230 2.850857 0.976987
v -0.194230 3.404573 0.976987
v -0.026667 2.585750 1.000591
v 0.023284 2.569905 1.000591
v 0.326266 2.561433 1.000591
v 0.326266 2.813115 1.000591
v -0.207273 2.813115 1.000591
v -0.236478 2.798150 1.000591
v -0.319182 2.813115 1.000591
v -0.346790 2.813115 1.000591
v -0.346790 2.561433 1.000591
v -0.088625 2.561433 1.000591
v 1.452679 3.576453 0.928765
v 1.452679 3.949673 0.928765
v 0.363381 3.576453 0.928765
v 0.363381 3.949673 0.928765
v 0.338473 3.398570 0.895803
v -0.131836 3.408577 0.895733
v 0.929484 3.046613 1.000591
v 1.429966 3.046613 1.000591
v 0.929484 3.547755 1.000591
v 1.429966 3.547755 1.000591
v 0.888706 3.361708 0.940387
v -0.144229 2.850857 0.940387
v -0.144229 3.361708 0.940387
v -0.348353 1.980431 0.901302
v -0.348353 2.527006 0.901302
v 0.161519 2.527006 0.901302
v -0.919801 3.143561 1.000591
v -1.434281 3.143561 1.000591
v -0.919801 2.454255 1.000591
v -1.434281 2.454255 1.000591
v -0.868002 3.631708 0.976987
v -0.868002 2.850857 0.976987
v 0.929484 2.342063 0.902596
v 1.429966 2.342063 0.902596
v 0.929484 3.010316 0.902596
v 1.429966 3.010316 0.902596
v 1.452679 3.799978 0.928765
v 0.363381 3.701001 0.928765
v 1.161760 3.587611 0.928765
v -0.044497 3.922327 0.895803
v -0.142820 3.945145 0.895803
v 0.023948 3.414948 0.895824
v 0.338473 3.804894 0.895803
v 0.929484 3.329508 1.000591
v 1.429966 3.366486 1.000591
v -0.144229 2.918824 0.940387
v 0.351861 2.850857 0.940387
v 0.572560 3.361708 0.940387
v -0.157834 2.527006 0.901302
v -0.327920 2.257739 0.901302
v 0.161519 2.076316 0.901302
v 0.161519 1.980431 0.901302
v -0.919801 2.760428 1.000591
v -1.434281 2.782324 1.000591
v -0.738064 2.850857 0.976987
v -0.225901 3.464349 0.976987
v -0.194230 3.631708 0.976987
v -0.864092 3.206603 0.976987
v 0.929484 2.890056 0.902596
v 1.429966 2.407473 0.902596
v 1.339990 3.576453 0.928765
v 1.161760 3.949673 0.928765
v 0.363381 3.796103 0.928765
v 0.391729 3.728405 0.928765
v 1.452679 3.707231 0.928765
v 1.425465 3.772574 0.928765
v 1.339990 3.927038 0.928765
v 0.338473 3.945145 0.895803
v -0.114352 3.804894 0.895803
v 0.313291 3.866672 0.895803
v -0.142820 3.866672 0.895803
v -0.868002 3.464349 0.976987
v -0.493310 2.868096 0.976987
v -0.566206 3.631708 0.976987
v -0.468083 3.611506 0.976987
v -0.840628 3.404573 0.976987
v 0.506971 3.361708 0.940387
v 0.489714 2.867917 0.940387
v 0.888706 2.850857 0.940387
v 0.888706 2.918824 0.940387
v 0.861115 2.970671 0.940387
v -0.132404 2.947327 0.940387
v 1.429966 2.890056 0.902596
v 0.929484 2.820940 0.902596
v 0.929484 2.775295 0.902596
v 0.929484 2.449148 0.902596
v -0.130085 1.976397 0.902876
v -0.025704 2.507641 0.895302
v -0.348353 2.171771 0.901302
v -0.161209 1.996042 0.897374
v 0.156264 2.162284 0.901302
v -1.410630 2.722717 1.000591
v -0.932415 2.820035 1.000591
v 0.929484 2.407473 0.902596
v 1.412886 2.428310 0.902596
v 1.429966 2.449148 0.902596
v 1.429966 2.775295 0.902596
v 1.395910 2.820940 0.902596
v 0.929484 2.428310 0.902596
v 0.946509 3.281070 1.000591
v 1.402624 3.414924 1.000591
v -1.430675 3.947825 1.012626
v -1.411544 3.849739 1.012626
v -1.430675 3.741258 1.012626
v -1.430675 3.662406 1.012626
v -0.755165 3.662406 1.012626
v -0.755165 3.947825 1.012626
v -1.284475 3.947825 1.012626
v -1.362069 3.929812 1.012626
v 0.876351 2.562098 0.932791
v 0.380247 2.562098 0.932791
v 0.876351 2.819264 0.932791
v 0.380247 2.819264 0.932791
v 0.380247 2.661310 0.932791
v 0.876351 2.739670 0.932791
v 0.859008 2.775807 0.932791
v 0.379536 2.751632 0.932791
v 0.411781 2.697446 0.932791
v 0.888998 3.566755 0.873489
v 0.888998 3.566755 0.713691
v 0.768408 3.566755 0.713691
v 0.768408 3.566755 0.873489
v -1.456383 3.500815 0.642820
v -1.456383 3.500815 0.944360
v -1.456383 3.630156 0.944360
v -1.456383 3.630156 0.642820
v 0.359273 3.396833 0.713691
v 0.359273 3.396833 0.873489
v 0.359273 3.547755 0.873489
v 0.359273 3.547755 0.713691
v -0.879315 2.834864 0.718895
v -0.879315 2.834864 0.868285
v -0.396956 2.834864 0.868285
v -0.396956 2.834864 0.718895
v 0.520358 3.566755 0.873489
v 0.520358 3.566755 0.713691
v 0.387077 3.566755 0.713691
v 0.387077 3.566755 0.873489
v 0.902671 2.463406 0.642820
v 0.902671 2.463406 0.944360
v 0.901606 2.409221 0.944360
v 0.901606 2.409221 0.642820
v -0.907118 2.637421 0.718895
v -0.907118 2.637421 0.868285
v -0.907118 2.815864 0.868285
v -0.907118 2.815864 0.718895
v -0.369153 2.505937 0.718895
v -0.369153 2.505937 0.868285
v -0.369153 2.454255 0.868285
v -0.369153 2.454255 0.718895
v -0.879315 2.435255 0.868286
v -0.879315 2.435255 0.718894
v -0.396956 2.435255 0.718895
v -0.396956 2.435255 0.868285
v 0.188868 2.342063 0.642821
v 0.188869 2.342063 0.944359
v 0.188869 2.451445 0.944359
v 0.188868 2.451445 0.642821
v 0.187850 2.487582 0.642821
v 0.187850 2.487582 0.944359
v 0.188869 2.531039 0.944360
v 0.188868 2.531039 0.642820
v -1.456383 3.364026 0.642820
v -1.456383 3.364026 0.944360
v 0.877370 2.545519 0.944360
v 0.877370 2.545519 0.642820
v 0.216672 2.545519 0.642820
v 0.216672 2.545519 0.944360
v -1.456383 3.180246 0.642820
v -1.456383 3.180246 0.944360
v -1.151911 3.649156 0.944360
v -1.151911 3.649156 0.642820
v -1.428579 3.649156 0.642820
v -1.428579 3.649156 0.944360
v 0.387077 3.396833 0.680650
v 0.387077 3.377833 0.713691
v 0.916801 3.396833 0.713691
v 0.888998 3.377833 0.713691
v 0.888998 3.396833 0.680650
v 0.387077 3.547755 0.680650
v 0.916801 3.547755 0.713691
v 0.888998 3.547755 0.680650
v -0.396956 2.815864 0.685854
v -0.369153 2.815864 0.718895
v -0.879315 2.815864 0.685854
v -0.396956 2.454255 0.685854
v -0.907118 2.454255 0.718894
v -0.879315 2.454255 0.685854
v 0.216672 2.342063 0.609780
v 0.216672 2.323063 0.642821
v 0.905173 2.342063 0.642821
v 0.877370 2.323063 0.642821
v 0.877370 2.342063 0.609780
v 0.216672 2.531039 0.609780
v 0.905173 2.531039 0.642820
v 0.877370 2.531039 0.609779
v -1.428579 3.180246 0.609780
v -1.428579 3.161246 0.642820
v -0.890972 3.180246 0.642820
v -0.918774 3.161246 0.642820
v -0.918774 3.180246 0.609779
v -1.428579 3.630156 0.609779
v -0.918774 3.649156 0.642820
v -0.890972 3.630156 0.642820
v -0.918774 3.630156 0.609779
v 0.520358 3.377833 0.713691
v 0.520358 3.377833 0.873489
v 0.387077 3.377833 0.873489
v 0.916801 3.547755 0.873489
v 0.628256 3.396833 0.680650
v 0.628256 3.377833 0.713691
v 0.477646 3.535246 0.680650
v -0.369153 2.815864 0.868285
v -0.396956 2.505937 0.685854
v -0.879315 2.637421 0.685854
v 0.905173 2.373084 0.642820
v 0.905173 2.373084 0.944360
v 0.905173 2.342063 0.944359
v 0.877370 2.323063 0.944359
v 0.216672 2.323063 0.944359
v 0.905173 2.531039 0.944360
v 0.877370 2.373084 0.609780
v -1.233372 3.165665 0.642820
v -1.233372 3.165665 0.944360
v -1.428579 3.161246 0.944360
v -0.918774 3.649156 0.944360
v -0.890972 3.630156 0.944360
v -1.151911 3.630156 0.609779
v -1.032520 3.630156 0.609779
v -1.032520 3.649156 0.642820
v -0.918774 3.161246 0.944360
v -1.173677 3.161246 0.944360
v -1.173677 3.161246 0.642820
v -1.173677 3.180246 0.609779
v -1.233372 3.193714 0.609779
v -1.428579 3.364026 0.609779
v -1.404124 3.500815 0.609779
v -1.092215 3.605914 0.609779
v -0.890607 2.577940 0.718895
v -0.890607 2.577940 0.868285
v 0.628256 3.547755 0.680650
v 0.628256 3.566755 0.713691
v 0.628256 3.566755 0.873489
v 0.537443 3.404338 0.680650
v 0.768408 3.532744 0.680650
v -0.376393 2.685009 0.868285
v -0.376393 2.685009 0.718895
v -0.369153 2.577940 0.868285
v -0.369153 2.577940 0.718895
v -0.907118 2.454255 0.868286
v -0.907118 2.451166 0.868285
v -0.907118 2.451166 0.718895
v -0.879315 2.451166 0.685854
v -0.423235 2.685009 0.685854
v -0.396956 2.577940 0.685854
v -0.835956 2.577940 0.685854
v 0.216672 2.451445 0.609780
v 0.234015 2.487582 0.609780
v 0.878081 2.463406 0.609780
v 0.845836 2.409221 0.609780
v -1.092215 3.646930 0.944360
v -1.092215 3.646930 0.642820
v 0.888998 3.377833 0.873489
v 0.628256 3.377833 0.873489
v 0.916801 3.396833 0.873489
v -1.032520 3.649156 0.944360
v -0.890972 3.180246 0.944360
v 0.387077 3.396833 0.906530
v 0.888998 3.396833 0.906530
v 0.387077 3.547755 0.906530
v 0.888998 3.547755 0.906530
v -0.396956 2.815864 0.901326
v -0.879315 2.815864 0.901326
v -0.396956 2.454255 0.901326
v -0.879315 2.454255 0.901326
v 0.216672 2.342063 0.977400
v 0.877370 2.342063 0.977400
v 0.216672 2.531039 0.977400
v 0.877370 2.531039 0.977401
v -1.428579 3.180246 0.977400
v -0.918774 3.180246 0.977401
v -1.428579 3.630156 0.977401
v -0.918774 3.630156 0.977401
v 0.628256 3.396833 0.906530
v 0.477646 3.535246 0.906530
v -0.396956 2.505937 0.901326
v -0.879315 2.637421 0.901326
v 0.877370 2.373084 0.977400
v -1.151911 3.630156 0.977401
v -1.032520 3.630156 0.977401
v -1.092215 3.605914 0.977401
v -1.404124 3.500815 0.977401
v -1.428579 3.364026 0.977401
v -1.233372 3.193714 0.977401
v -1.173677 3.180246 0.977401
v 0.628256 3.547755 0.906530
v 0.768408 3.532744 0.906530
v 0.537443 3.404338 0.906530
v -0.879315 2.451166 0.901326
v -0.423235 2.685009 0.901326
v -0.835956 2.577940 0.901326
v -0.396956 2.577940 0.901326
v 0.216672 2.451445 0.977400
v 0.845836 2.409221 0.977400
v 0.878081 2.463406 0.977400
v 0.234016 2.487582 0.977400
vn 0.7651 0.0000 -0.6439
vn 0.0140 -0.9999 0.0000
vn -0.0000 -0.0000 -1.0000
vn -1.0000 0.0000 0.0000
vn 1.0000 0.0000 0.0000
vn 0.0080 -1.0000 -0.0000
vn -1.0000 -0.0022 0.0000
vn 0.0000 1.0000 0.0000
vn 0.0009 -1.0000 -0.0000
vn 0.0000 -1.0000 -0.0000
vn -0.9996 -0.0285 0.0000
vn -0.5642 -0.8256 0.0000
vn -0.0002 -0.0073 -1.0000
vn 0.9999 -0.0105 -0.0000
vn -0.9971 -0.0757 0.0000
vn 0.9984 -0.0570 0.0000
vn -0.0657 0.9978 -0.0000
vn -1.0000 0.0014 0.0000
vn -1.0000 0.0020 0.0000
vn 0.9992 0.0412 0.0000
vn -1.0000 -0.0085 0.0000
vn 0.9958 -0.0916 -0.0000
vn -0.5642 0.8256 0.0000
vn -0.5097 0.7458 -0.4289
vn -0.5097 -0.7458 -0.4289
vn 0.5646 -0.8253 -0.0099
vn 0.5642 -0.8256 -0.0129
vn 0.5638 -0.8258 -0.0108
vn 0.5642 0.8256 -0.0129
vn 0.5646 0.8253 -0.0099
vn 0.5638 0.8258 -0.0108
vn -0.5646 -0.8253 -0.0099
vn -0.5638 -0.8258 -0.0108
vn -0.5642 -0.8256 -0.0129
vn -0.5646 0.8253 -0.0099
vn -0.5642 0.8256 -0.0129
vn -0.5638 0.8258 -0.0108
vn 0.5097 -0.7458 -0.4289
vn -0.4164 -0.6093 -0.6748
vn 0.5097 0.7458 -0.4289
vn -0.5565 -0.6864 -0.4683
vn 0.5565 -0.6863 -0.4683
vn 0.5642 -0.8256 0.0000
vn -0.7651 0.0000 -0.6439
vn 0.9156 0.0000 -0.4020
vn -0.5646 -0.8253 0.0099
vn -0.5638 -0.8258 0.0108
vn -0.9156 0.0000 -0.4020
vn 0.0119 -0.8518 -0.5237
vn 0.0936 0.7434 -0.6622
vn -0.0217 -0.7787 -0.6271
vn 0.5642 0.8256 0.0000
vn -0.0000 -0.8669 -0.4985
vn -0.0000 0.8669 -0.4985
vn 1.0000 -0.0055 0.0000
vn -0.0105 -0.8957 -0.4445
vn -1.0000 0.0081 0.0000
vn -1.0000 0.0068 0.0000
vn -0.7396 0.0099 -0.6730
vn -0.9996 -0.0300 0.0000
vn 0.6784 -0.0382 -0.7337
vn -0.0220 -0.9998 0.0000
vn -0.7639 -0.0580 -0.6428
vn 0.0000 -0.8261 -0.5636
vn 0.6737 -0.0947 -0.7329
vn -0.7459 0.0046 -0.6661
vn 0.0000 -0.8565 -0.5162
vn -0.5638 0.8258 0.0108
vn -0.5646 0.8253 0.0099
vn 0.0011 1.0000 -0.0000
vn -0.0007 1.0000 0.0000
vn -0.0000 0.8565 -0.5162
vn -0.0525 -0.8392 -0.5413
vn 0.9909 0.1348 0.0000
vn -0.9968 -0.0802 0.0000
vn 0.0173 -0.7251 -0.6885
vn -0.0214 0.7331 -0.6797
vn -0.6138 0.0208 -0.7892
vn -0.0001 0.0000 -1.0000
vn -0.0041 -1.0000 -0.0000
vn -0.9875 -0.1574 0.0000
vn -0.9997 0.0242 0.0000
vn 0.9757 0.2193 0.0000
vn 0.0001 1.0000 -0.0000
vn 0.0016 1.0000 -0.0000
vn 0.6298 -0.7768 -0.0000
vn 0.5264 0.8502 0.0000
vn -0.6298 -0.7768 0.0000
vn 0.6540 0.2575 -0.7114
vn 0.9684 0.2494 -0.0000
vn -1.0000 -0.0072 0.0000
vn 0.0256 -0.7273 -0.6859
vn -0.0210 -0.7273 -0.6860
vn -0.0006 -1.0000 -0.0000
vn 0.0006 -1.0000 -0.0000
vn -0.7293 0.3026 -0.6137
vn -0.7650 -0.0218 -0.6437
vn 0.9979 -0.0641 0.0000
vn -0.0086 -0.7599 -0.6500
vn -0.2089 0.9779 0.0000
vn 0.1271 0.9919 0.0000
vn -0.0097 -0.8941 -0.4477
vn -0.0000 0.0020 -1.0000
vn 0.7651 -0.0110 -0.6438
vn 0.7643 0.0467 -0.6432
vn -0.7528 0.1789 -0.6335
vn 0.9999 -0.0144 -0.0000
vn 0.9981 0.0610 -0.0000
vn 0.6789 0.0077 -0.7342
vn -0.6364 -0.1276 -0.7607
vn 0.7178 -0.0186 -0.6960
vn 0.9999 -0.0128 0.0000
vn -1.0000 0.0010 0.0000
vn -1.0000 -0.0017 0.0000
vn 0.9976 0.0693 0.0000
vn -0.6414 0.0286 -0.7667
vn 0.7143 0.1004 -0.6926
vn 0.9999 -0.0125 0.0000
vn 1.0000 -0.0063 0.0000
vn 0.0232 0.9997 0.0000
vn 0.0477 -0.9989 -0.0000
vn -0.0172 -0.8408 -0.5411
vn -0.0130 -0.9999 -0.0000
vn -1.0000 0.0054 0.0000
vn -0.9237 0.3832 0.0000
vn 0.0807 -0.9967 -0.0000
vn 0.0122 -0.9999 -0.0000
vn 0.9953 0.0969 0.0000
vn 1.0000 0.0063 0.0000
vn 0.9999 0.0125 0.0000
vn 0.0271 0.9996 -0.0000
vn -0.9808 0.1950 0.0000
vn -0.0625 -0.9980 0.0000
vn 0.5646 0.8253 0.0099
vn 0.5638 0.8258 0.0108
vn 0.5638 -0.8258 0.0108
vn 0.5646 -0.8253 0.0099
vn -0.0035 1.0000 0.0000
vn 0.9847 -0.1742 0.0000
vn -0.0013 1.0000 -0.0000
vn 0.9986 0.0522 -0.0000
vn -1.0000 -0.0016 0.0000
vn -1.0000 0.0002 0.0000
vn -1.0000 0.0035 0.0000
vn -0.9996 -0.0283 0.0000
vn -0.9993 -0.0370 0.0000
vn -0.9998 -0.0197 0.0000
vn 0.9997 0.0234 0.0000
vn 0.4306 0.8267 -0.3623
vn -0.4306 0.8267 -0.3623
vn -0.4619 0.8869 -0.0000
vn -0.0000 0.9159 -0.4014
vn 0.4619 0.8869 0.0000
vn -0.9952 0.0982 0.0000
vn -0.7835 -0.0104 -0.6213
vn 0.9996 -0.0282 0.0000
vn 0.7651 0.0000 0.6439
vn 0.0000 0.0000 1.0000
vn -0.0002 -0.0073 1.0000
vn -0.5097 0.7458 0.4289
vn -0.5097 -0.7458 0.4289
vn 0.5642 -0.8256 0.0129
vn 0.5642 0.8256 0.0129
vn -0.5642 -0.8256 0.0129
vn -0.5642 0.8256 0.0129
vn 0.5097 -0.7458 0.4289
vn -0.4164 -0.6093 0.6748
vn 0.5097 0.7458 0.4289
vn -0.5565 -0.6864 0.4683
vn 0.5565 -0.6863 0.4683
vn -0.7651 0.0000 0.6439
vn 0.9156 0.0000 0.4020
vn -0.9156 0.0000 0.4020
vn 0.0119 -0.8518 0.5237
vn 0.0936 0.7434 0.6622
vn -0.0217 -0.7787 0.6271
vn 0.0000 -0.8669 0.4985
vn 0.0000 0.8669 0.4985
vn -0.0105 -0.8957 0.4445
vn -0.7396 0.0099 0.6730
vn 0.6784 -0.0382 0.7337
vn -0.7639 -0.0580 0.6428
vn 0.0000 -0.8261 0.5636
vn 0.6737 -0.0947 0.7329
vn -0.7459 0.0046 0.6661
vn 0.0000 -0.8565 0.5162
vn 0.0000 0.8565 0.5162
vn -0.0525 -0.8392 0.5413
vn 0.0173 -0.7251 0.6885
vn -0.0214 0.7331 0.6797
vn -0.6138 0.0208 0.7892
vn -0.0001 0.0000 1.0000
vn 0.6540 0.2575 0.7114
vn 0.0256 -0.7273 0.6859
vn -0.0210 -0.7273 0.6860
vn -0.7293 0.3026 0.6137
vn -0.7650 -0.0218 0.6437
vn -0.0086 -0.7599 0.6500
vn -0.0148 -0.9999 0.0000
vn 0.2089 0.9779 0.0000
vn -0.0097 -0.8941 0.4477
vn -0.0000 0.0020 1.0000
vn 0.7651 -0.0110 0.6438
vn 0.7643 0.0467 0.6432
vn -0.7528 0.1789 0.6335
vn 0.6789 0.0077 0.7342
vn -0.6364 -0.1276 0.7607
vn 0.7178 -0.0186 0.6960
vn -0.6414 0.0286 0.7667
vn 0.7143 0.1004 0.6926
vn -0.0172 -0.8408 0.5411
vn -0.9729 0.2312 0.0000
vn 0.4306 0.8267 0.3623
vn -0.4306 0.8267 0.3623
vn 0.0000 0.9159 0.4014
vn -0.7835 -0.0104 0.6213
vn 0.9996 -0.0283 0.0000
vn 0.9998 -0.0197 0.0000
vn -0.9997 0.0234 0.0000
vn -0.4305 0.8267 -0.3623
vn 0.4305 0.8267 -0.3623
vn 0.0436 0.7800 -0.6243
vn 0.0226 -0.9997 0.0000
vn 0.7652 -0.0000 -0.6438
vn -0.9636 -0.2675 0.0000
vn -0.0390 0.8059 -0.5908
vn 0.9993 -0.0370 0.0000
vn 0.9985 -0.0552 0.0000
vn 0.9977 0.0675 0.0000
vn 0.7651 0.0001 0.6439
vn 0.9952 0.0982 0.0000
vn 0.0373 0.9993 0.0000
vn -0.9916 0.1291 0.0000
vn -0.0373 0.9993 0.0000
vn -0.0738 -0.9973 0.0000
vn 0.7835 -0.0104 -0.6212
vn -0.9996 -0.0282 0.0000
vn -0.4305 0.8267 0.3623
vn 0.4305 0.8267 0.3623
vn 0.0436 0.7799 0.6243
vn 0.7652 0.0000 0.6438
vn -0.0390 0.8059 0.5908
vn 0.7651 0.0001 -0.6439
vn 0.7835 -0.0104 0.6212
vn 0.4813 0.7774 -0.4050
vn -0.0353 0.7894 -0.6129
vn -0.0663 0.6382 -0.7670
vn 0.6317 -0.0240 -0.7749
vn -0.0313 -0.7982 -0.6015
vn -0.0291 0.7781 -0.6275
vn -0.6611 -0.1242 -0.7400
vn -0.6354 -0.0601 -0.7698
vn 0.0444 0.6764 -0.7352
vn -0.6373 0.3976 -0.6602
vn 0.6254 -0.2742 -0.7305
vn 0.6458 0.1187 -0.7542
vn -0.7050 -0.1781 -0.6865
vn -0.6512 -0.2019 -0.7315
vn 0.6860 0.2169 -0.6945
vn 0.6922 -0.1723 -0.7008
vn 0.0319 0.7895 -0.6130
vn -0.1619 0.7305 -0.6634
vn 0.1619 0.7305 -0.6634
vn 0.0373 -0.8141 -0.5796
vn -0.1211 -0.8086 -0.5757
vn -0.6208 -0.1474 -0.7700
vn 0.0891 0.7629 -0.6404
vn -0.0167 -0.7696 -0.6383
vn 0.0483 -0.7688 -0.6376
vn 0.6217 0.1782 -0.7627
vn 0.0417 0.7794 -0.6252
vn -0.0310 -0.8195 -0.5723
vn 0.0219 -0.8261 -0.5632
vn -0.0485 0.7791 -0.6250
vn 0.6040 -0.1682 -0.7790
vn 0.5933 0.2502 -0.7651
vn -0.1821 0.8524 -0.4902
vn 0.1862 -0.7688 -0.6118
vn -0.0462 0.7162 -0.6964
vn 0.2704 0.7808 0.5632
vn 0.0735 0.7312 -0.6782
vn -0.6630 -0.1029 -0.7415
vn -0.5965 -0.3002 -0.7443
vn 0.6605 -0.0846 -0.7461
vn -0.6187 0.1461 -0.7720
vn 0.6593 0.1032 -0.7448
vn 0.0805 0.7888 -0.6093
vn -0.1480 -0.7392 -0.6571
vn 0.1406 -0.7197 -0.6799
vn -0.2230 0.7715 -0.5959
vn 0.5939 0.2884 -0.7511
vn 0.6234 -0.1916 -0.7581
vn -0.6588 0.1488 -0.7374
vn -0.0236 -0.5728 -0.8193
vn 0.1821 0.8524 -0.4902
vn 0.6480 -0.2615 -0.7153
vn 0.6480 0.2615 -0.7153
vn -0.6117 0.0370 -0.7902
vn -0.6432 0.0587 -0.7634
vn 0.6137 0.1732 -0.7703
vn -0.6728 0.0244 -0.7394
vn 0.6218 -0.0640 -0.7805
vn -0.6683 -0.1174 -0.7346
vn -0.6355 0.0568 -0.7700
vn 0.0996 0.7590 -0.6434
vn -0.6594 -0.0631 -0.7492
vn -0.6596 0.0571 -0.7494
vn -0.0882 0.7599 -0.6441
vn 0.6611 -0.1242 -0.7400
vn -0.5939 0.2884 -0.7511
vn -0.6234 -0.1916 -0.7581
vn 0.6588 0.1488 -0.7374
vn 0.4813 0.7774 0.4050
vn -0.0353 0.7894 0.6129
vn -0.0663 0.6382 0.7670
vn 0.6317 -0.0240 0.7749
vn -0.0313 -0.7982 0.6015
vn -0.0291 0.7781 0.6275
vn -0.6611 -0.1242 0.7400
vn -0.6354 -0.0601 0.7698
vn 0.0444 0.6764 0.7352
vn -0.6373 0.3976 0.6602
vn 0.6254 -0.2742 0.7305
vn 0.6458 0.1187 0.7542
vn -0.7050 -0.1781 0.6865
vn -0.6512 -0.2019 0.7315
vn 0.6860 0.2169 0.6945
vn 0.6922 -0.1723 0.7008
vn 0.0319 0.7895 0.6130
vn -0.1619 0.7305 0.6634
vn 0.1619 0.7305 0.6634
vn 0.0373 -0.8141 0.5796
vn -0.1211 -0.8086 0.5757
vn -0.6208 -0.1474 0.7700
vn 0.0891 0.7629 0.6404
vn -0.0167 -0.7696 0.6383
vn 0.0483 -0.7688 0.6376
vn 0.6217 0.1782 0.7627
vn 0.0417 0.7794 0.6252
vn -0.0310 -0.8195 0.5723
vn 0.0219 -0.8260 0.5632
vn -0.0485 0.7791 0.6250
vn 0.6040 -0.1682 0.7790
vn 0.5933 0.2502 0.7651
vn -0.1821 0.8524 0.4902
vn 0.1862 -0.7688 0.6118
vn -0.0462 0.7162 0.6964
vn 0.2704 0.7808 -0.5632
vn 0.0735 0.7312 0.6782
vn -0.6630 -0.1029 0.7415
vn -0.5965 -0.3002 0.7443
vn 0.6605 -0.0846 0.7461
vn -0.6187 0.1461 0.7720
vn 0.6593 0.1032 0.7447
vn 0.0805 0.7888 0.6093
vn -0.1480 -0.7392 0.6571
vn 0.1406 -0.7197 0.6799
vn -0.2230 0.7715 0.5959
vn 0.5939 0.2884 0.7511
vn 0.6234 -0.1916 0.7581
vn -0.6588 0.1488 0.7374
vn -0.0236 -0.5728 0.8193
vn 0.1821 0.8524 0.4902
vn 0.6480 -0.2615 0.7153
vn 0.6480 0.2615 0.7153
vn -0.6117 0.0370 0.7902
vn -0.6432 0.0587 0.7634
vn 0.6137 0.1732 0.7703
vn -0.6728 0.0244 0.7394
vn 0.6218 -0.0640 0.7805
vn -0.6683 -0.1174 0.7346
vn -0.6355 0.0568 0.7700
vn 0.0996 0.7590 0.6434
vn -0.6594 -0.0631 0.7492
vn -0.6596 0.0571 0.7494
vn -0.0882 0.7599 0.6441
vn 0.6611 -0.1242 0.7400
vn -0.5939 0.2884 0.7511
vn -0.6234 -0.1916 0.7581
vn 0.6588 0.1488 0.7374
usemtl Wall_Dark.005
s 1
f 873//381 874//381 875//381 876//381
f 877//382 878//382 879//382 880//382
f 874//383 873//383 881//383 882//383 883//383 884//383
f 885//384 886//384 887//384 888//384
f 889//385 890//385 891//385 892//385
f 893//386 894//386 895//386 896//386
f 897//384 898//384 899//384 900//384
f 901//387 902//387 903//384 904//384
f 905//388 906//388 907//388 908//388
f 909//389 910//389 911//390 912//390
f 913//391 914//391 915//391 916//391
f 917//392 918//392 919//392 920//392
f 921//393 922//393 923//393 924//393 925//393 926//393 927//393 928//393 929//393 930//393
f 931//388 932//388 933//388 934//388
f 935//394 936//394 937//394 938//394
f 939//383 940//383 941//383 942//383 943//383 944//383 945//383
f 946//395 947//395 948//395 949//395
f 950//396 951//396 952//396 953//396
f 954//388 955//388 956//388 957//388
f 958//390 959//390 960//390 961//390
f 962//397 963//397 964//397 965//397
f 966//398 967//398 968//399 969//399
f 970//400 971//400 972//400 973//400
f 974//401 975//401 976//384 977//384
f 978//402 979//402 980//402 981//402
f 982//381 983//381 984//381 985//381
f 986//390 987//390 988//390 989//390
f 990//403 908//403 907//403 991//403
f 992//383 993//383 994//383 995//383 996//383 997//383 998//383 999//383 1000//383 1001//383
f 1002//384 1003//384 1004//384 1005//384
f 1006//384 1007//384 1008//384 1009//384
f 1010//388 1011//388 1012//388 1013//388
f 882//404 1014//404 1015//404
f 1016//405 1017//405 881//405
f 1018//406 1019//407 1020//408
f 1021//409 1022//410 1023//411
f 880//412 1024//413 1025//414
f 1026//415 1027//416 888//417
f 876//418 1028//418 873//418
f 892//418 1029//418 1030//418
f 1031//419 1032//419 896//419
f 1033//405 1034//405 1035//405
f 1036//418 1037//418 1038//418
f 991//404 907//404 1039//404
f 906//420 1040//420 1041//420
f 1042//420 1043//420 1044//420
f 912//405 1045//405 1046//405
f 1047//404 1048//404 916//404
f 929//418 1049//418 1050//418
f 1051//420 1052//420 928//420
f 931//404 945//404 1053//404
f 942//405 920//405 919//405
f 934//420 1054//420 939//420
f 1055//418 941//418 938//418
f 1056//405 1057//405 923//405
f 1058//404 1059//404 924//404
f 1060//405 1061//405 1062//405
f 949//404 1063//404 1064//404
f 1065//420 1066//420 957//420
f 1067//420 1068//420 1069//420
f 904//404 1070//404 1071//404
f 1072//418 960//418 1073//418
f 959//405 1074//405 1075//405
f 1076//404 977//404 1077//404
f 1078//421 966//421 1079//421
f 982//422 985//422 1080//422
f 1000//418 1081//418 1082//418
f 1083//420 1084//420 999//420
f 989//405 1004//405 994//405
f 1003//404 1085//404 995//404
f 1086//405 1087//405 1088//405
f 1089//418 1090//418 1091//418
f 1009//404 1012//404 1092//404
f 1011//420 1093//420 1094//420
f 1095//385 876//385 875//385 1096//385
f 1017//384 1097//384 1098//384 1014//384
f 876//423 1095//423 1099//423 1028//423
f 1014//403 1098//403 1100//403 1015//403
f 882//424 881//424 1017//424 1014//424
f 1101//385 1102//385 1023//385 1103//385
f 1104//425 1021//425 1023//425 1102//425
f 879//426 1105//427 1024//413 880//412
f 1106//428 1025//428 1024//428 1107//428
f 877//429 880//429 1025//429 1108//429
f 1109//388 1110//388 1111//388 1112//388
f 1113//430 1114//430 1111//430 1110//430
f 891//423 1115//423 1029//423 892//423
f 1116//431 1030//431 1029//431 893//431
f 889//381 892//381 1030//381 1117//381
f 1037//390 1118//390 1119//390 1034//390
f 900//424 991//424 1039//424 1120//424
f 906//432 905//432 1121//432 1040//432
f 1122//381 1036//381 1038//381 1123//381
f 1033//433 1038//433 1037//433 1034//433
f 1041//434 1039//434 907//434 906//434
f 973//435 972//435 1044//435 1124//435
f 911//392 1125//392 1045//392 912//392
f 1126//424 1046//424 1045//424 1127//424
f 909//433 912//433 1046//433 1128//433
f 1129//434 1043//434 1042//434 1130//434
f 1131//436 1056//436 923//436 922//436
f 1059//403 1058//403 1132//403 1133//403
f 1134//434 1051//434 928//434 927//434
f 929//381 928//381 1052//381 1049//381
f 1135//437 1136//437 1137//438 1138//438
f 943//439 942//439 919//439 1137//439
f 1139//440 1053//440 1136//440 1135//440
f 940//441 939//441 1054//441 935//441
f 931//434 934//434 939//434 945//434
f 1055//433 920//433 942//433 941//433
f 924//424 923//424 1057//424 1058//424
f 1140//442 1141//442 1142//442 1143//442
f 948//403 1144//403 1063//403 949//403
f 1145//434 1064//434 1063//434 1146//434
f 946//443 949//443 1064//443 1147//443
f 1148//381 1149//381 1150//381 1151//381
f 1068//432 1152//432 1153//432 1069//432
f 1154//381 1072//381 1073//381 1155//381
f 903//403 1156//403 1070//403 904//403
f 901//424 904//424 1071//424 1157//424
f 1067//434 1071//434 1070//434 1068//434
f 1075//433 1073//433 960//433 959//433
f 965//388 964//388 1158//388 1083//388
f 1159//444 1078//444 1079//444 1160//444
f 1159//390 1161//390 1162//390 1078//390
f 977//403 976//403 1163//403 1077//403
f 1164//445 1165//445 980//445 979//445
f 1166//446 1079//446 966//446 969//446
f 1084//385 1167//385 1168//385 1081//385
f 986//433 989//433 994//433 993//433
f 1003//403 1002//403 1169//403 1085//403
f 965//434 1083//434 999//434 998//434
f 1000//381 999//381 1084//381 1081//381
f 995//424 994//424 1004//424 1003//424
f 1090//390 1170//390 1171//390 1087//390
f 1006//424 1009//424 1092//424 1172//424
f 1011//432 1010//432 1173//432 1093//432
f 1174//381 1089//381 1091//381 1175//381
f 1086//433 1091//433 1090//433 1087//433
f 1094//434 1092//434 1012//434 1011//434
f 1129//388 1176//388 1177//388 1043//388
f 1178//432 1096//432 875//432 1179//432
f 1018//447 1180//447 1181//447 1019//447
f 1182//383 1183//383 1021//383 1104//383 1184//383 1185//383 1019//383 1181//383 1108//383 1025//383 1106//383 1186//383 1187//383 1027//383
f 888//417 887//448 1188//449 1026//415
f 1189//450 1190//450 1191//451 1192//451
f 1018//390 1193//390 1194//390 1180//390
f 1026//452 1189//452 1182//452 1027//452
f 1180//453 877//453 1108//453 1181//453
f 1026//388 1188//388 1190//450 1189//450
f 1027//428 1187//428 885//428 888//428
f 1019//425 1185//425 951//425 1020//425
f 953//454 952//454 1102//454 1101//454
f 1024//384 1105//384 1195//384 1107//384
f 1196//455 1197//455 886//455 885//455
f 1032//456 1116//456 893//456 896//456
f 1198//457 1113//457 1110//457 1199//457
f 1200//388 1199//388 1110//388 1109//388
f 1031//458 1201//458 1202//458 1032//458
f 1116//459 1032//459 1202//459 1203//459 1114//459 1113//459 1198//459 1204//459 1117//459 1030//459
f 1029//460 1115//460 894//460 893//460
f 1201//461 1205//461 1206//461 1207//461
f 1031//462 1208//462 1205//462 1201//462
f 1209//463 1210//463 890//463 889//463
f 1211//464 1212//464 1178//465 1179//465
f 1015//434 1213//434 883//434 882//434
f 1028//433 1016//433 881//433 873//433
f 1213//451 1214//451 1212//464 1211//464
f 985//466 1215//466 1216//466 1080//466
f 1217//467 981//467 980//467 1218//467
f 1162//468 967//468 966//468 1078//468
f 1076//424 1219//424 974//424 977//424
f 983//469 1164//469 979//469 984//469
f 1220//423 1221//423 1222//423 1223//423
f 1224//470 984//470 979//470 978//470
f 1225//471 1226//471 975//401 974//401
f 1177//432 1124//432 1044//432 1043//432
f 1227//472 1159//472 1160//472 1228//472
f 1077//434 1229//434 1230//434 1076//434
f 1215//385 985//385 984//385 1224//385
f 1227//390 1231//390 1161//390 1159//390
f 1077//388 1163//388 1232//388 1229//388
f 1080//473 1227//473 1228//473 982//473
f 1079//383 1166//383 1233//383 1219//383 1076//383 1230//383 1234//383 1165//383 1164//383 983//383 982//383 1228//383 1160//383
f 1080//390 1216//390 1231//390 1227//390
f 1235//434 1129//434 1130//434 1236//434
f 916//403 915//403 1237//403 1047//403
f 1235//388 1238//388 1176//388 1129//388
f 1223//474 1222//474 1239//475 1240//475
f 1047//434 1235//434 1236//434 1048//434
f 1047//388 1237//388 1238//388 1235//388
f 1241//383 1128//383 1046//383 1126//383 1242//383 1048//383 1236//383 1130//383 1042//383 1243//383 1244//383 1245//383
f 1242//476 1126//476 1127//476 913//476
f 1245//381 1244//381 971//381 1220//381
f 1221//385 1220//385 971//385 970//385
f 1048//477 1242//477 913//477 916//477
f 1093//381 1246//381 1247//381 1094//381
f 1248//424 1006//424 1172//424 1249//424
f 1008//403 1013//403 1012//403 1009//403
f 1093//385 1173//385 1250//385 1246//385
f 1248//384 1251//384 1007//384 1006//384
f 1252//424 1248//424 1249//424 1253//424
f 1252//384 1254//384 1251//384 1248//384
f 1255//424 1252//424 1253//424 1256//424
f 1246//478 1250//478 1257//478 1258//478
f 1255//384 1259//384 1254//384 1252//384
f 1050//479 1260//479 930//479 929//479
f 1134//480 1261//480 1262//480 1263//480
f 1059//434 1264//434 925//434 924//434
f 1264//388 1059//388 1133//388 1265//388
f 1266//481 1267//481 1141//481 1140//481
f 1146//388 1268//388 955//388 954//388
f 1061//482 1269//482 1267//482 1062//482
f 1270//483 1066//483 1271//483 1151//483 1150//483 1272//483 1269//483 1061//483 1273//483 1147//483 1064//483 1145//483
f 1065//484 1274//484 1271//484 1066//484
f 1274//485 1148//485 1151//485 1271//485
f 1060//424 1275//424 1273//424 1061//424
f 1275//486 946//486 1147//486 1273//486
f 1276//390 1062//390 1267//390 1266//390
f 1065//487 1277//487 1278//487 1274//487
f 1274//488 1278//488 1279//488 1148//488
f 1060//384 1280//384 1281//384 1275//384
f 941//489 940//489 935//489 938//489
f 1282//490 901//490 1157//490 1283//490
f 1069//491 1284//491 1285//491 1067//491
f 1069//492 1153//492 1286//492 1284//492
f 1074//493 1287//493 1288//494 1282//494
f 1285//383 1155//383 1073//383 1075//383 1283//383 1157//383 1071//383 1067//383
f 1284//495 1286//495 1289//495 1154//495
f 1074//496 1282//496 1283//496 1075//496
f 1284//497 1154//497 1155//497 1285//497
f 1290//498 1291//498 1292//499 1174//499
f 959//392 958//392 1287//392 1074//392
f 1154//385 1289//385 1293//385 1072//385
f 988//392 1005//392 1004//392 989//392
f 1294//500 1295//500 963//500 962//500
f 1296//390 1297//390 1298//390 1299//390
f 1085//434 1294//434 996//434 995//434
f 1085//388 1169//388 1295//388 1294//388
f 1299//501 1298//501 987//501 986//501
f 1082//502 1296//502 1001//502 1000//502
f 1082//503 1300//503 1297//503 1296//503
f 1138//438 1137//438 919//504 918//504
f 1127//505 1301//505 914//505 913//505
f 1302//506 1303//506 1304//506 1131//506
f 1260//507 1305//507 1303//507 1302//507
f 1258//508 1257//508 1306//508 1307//508
f 1088//384 1308//384 1309//384 1310//384
f 1310//384 1309//384 1311//384 1312//384
f 1313//383 1314//383 1256//383 1253//383 1249//383 1172//383 1092//383 1094//383 1247//383 1315//383 1316//383 1317//383 1318//383 1175//383 1091//383 1086//383
f 1088//424 1310//424 1313//424 1086//424
f 1310//424 1312//424 1314//424 1313//424
f 1312//424 1255//424 1256//424 1314//424
f 1307//381 1319//381 1317//381 1316//381
f 1312//384 1311//384 1259//384 1255//384
f 1307//385 1306//385 1320//509 1319//509
f 1319//509 1320//509 1291//510 1290//510
f 1229//511 1232//511 1321//511 1322//511
f 1107//512 1195//512 1197//512 1196//512
f 1323//385 1020//385 951//385 950//385
f 1180//513 1194//513 878//513 877//513
f 1324//514 1103//515 1023//411 1022//410
f 1020//408 1323//516 1193//517 1018//406
f 1192//451 1191//451 1324//518 1022//518
f 1325//432 1326//432 1052//432 1051//432
f 1049//423 1327//423 1328//423 1050//423
f 1051//388 1134//388 1263//388 1325//388
f 1081//423 1168//423 1300//423 1082//423
f 1158//432 1167//432 1084//432 1083//432
f 933//432 1329//432 1054//432 934//432
f 1293//423 961//423 960//423 1072//423
f 1330//423 1170//423 1090//423 1089//423
f 1087//392 1171//392 1308//392 1088//392
f 1174//499 1292//499 1330//385 1089//385
f 1331//423 1118//423 1037//423 1036//423
f 1034//392 1119//392 1332//392 1035//392
f 1040//385 1121//385 1333//385 1334//385
f 1335//392 1097//392 1017//392 1016//392
f 1028//390 1099//390 1335//390 1016//390
f 1336//519 1337//519 1210//519 1209//519
f 896//392 895//392 1208//392 1031//392
f 1338//403 1112//403 1111//403 1339//403
f 1199//432 1200//432 1337//432 1336//432
f 1207//384 1206//384 1338//384 1339//384
f 969//399 968//399 1226//471 1225//471
f 1240//475 1239//475 910//389 909//389
f 1322//520 1321//520 1217//520 1218//520
f 1045//384 1125//384 1301//384 1127//384
f 1063//388 1144//388 1268//388 1146//388
f 1122//385 1340//385 1331//385 1036//385
f 957//432 956//432 1277//432 1065//432
f 1053//403 1139//403 932//403 931//403
f 1341//423 1143//423 1142//423 1149//423
f 1062//392 1276//392 1280//392 1060//392
f 938//423 937//423 1342//423 1055//423
f 1148//385 1279//385 1341//385 1149//385
f 1054//521 1329//521 936//521 935//521
f 1055//390 1342//390 917//390 920//390
f 1343//383 1120//383 1039//383 1041//383 1344//383 1123//383 1038//383 1033//383
f 900//384 899//384 990//384 991//384
f 1015//388 1100//388 1214//451 1213//451
f 1035//384 1332//384 898//384 897//384
f 1334//385 1333//385 1340//385 1122//385
f 1345//384 1346//384 1347//522 1348//522
f 1070//388 1156//388 1152//388 1068//388
f 1349//383 1350//383 1351//383 1352//383 1353//383 1354//383 1355//383 1356//383
f 1354//405 1357//405 1345//405
f 1358//418 1359//418 1353//418
f 1360//420 1361//420 1352//420
f 1362//388 1360//388 1363//388 1364//388
f 1359//390 1365//390 1366//390 1357//390
f 1360//432 1362//432 1367//432 1361//432
f 1357//392 1366//392 1346//392 1345//392
f 1354//433 1353//433 1359//433 1357//433
f 1368//403 1369//403 1370//403 1371//403
f 1372//523 1373//523 1368//524 1371//524
f 1345//424 1348//424 1355//424 1354//424
f 1361//381 1358//381 1353//381 1352//381
f 1348//522 1347//522 1373//523 1372//523
f 1374//423 1365//423 1359//423 1358//423
f 1361//385 1367//385 1374//385 1358//385
f 1364//388 1363//388 1375//388 1376//388
f 1377//525 1378//525 1379//526 1380//526
f 1352//434 1351//434 1363//434 1360//434
f 1376//388 1375//388 1370//388 1369//388
f 1381//527 1382//527 1378//525 1377//525
f 1383//528 1384//528 1385//528 1386//528
f 1387//388 1388//388 1389//388 1390//388
f 1391//418 1392//418 1393//418
f 1394//405 1395//405 1396//405
f 1383//529 1397//529 1389//529
f 1390//530 1398//530 1380//530
f 1394//384 1399//384 1400//384 1401//384
f 1393//390 1402//390 1403//390 1396//390
f 1380//531 1379//531 1387//531 1390//531
f 1401//424 1404//424 1395//424 1394//424
f 1391//433 1393//433 1396//433 1395//433
f 1398//532 1390//532 1389//532 1397//532
f 1392//381 1391//381 1405//381 1406//381
f 1384//533 1383//533 1389//533 1388//533
f 1401//534 1400//534 1382//534 1381//534
f 1405//383 1391//383 1395//383 1404//383 1407//383 1408//383 1398//383 1397//383 1409//383
f 1406//385 1410//385 1411//385 1392//385
f 1392//423 1411//423 1402//423 1393//423
f 1399//392 1394//392 1396//392 1403//392
f 1380//535 1398//535 1408//535 1377//535
f 1386//536 1385//536 1410//536 1406//536
f 1412//537 1095//537 1096//537 1413//537
f 1413//538 1414//538 1415//538 1416//538 1417//538 1412//538
f 1131//390 1304//390 1418//390 1056//390
f 1419//539 1420//539 1421//539 1422//539 1423//539 1424//539 1425//539 1426//539 1427//539 1428//539
f 1429//538 1430//538 1431//538 1432//538 1433//538 1434//538 1435//538
f 1132//384 1058//384 1057//384 1436//384
f 1437//537 1215//537 1224//537 1438//537
f 1439//538 1440//538 1441//538 1442//538 1443//538 1444//538 1445//538 1446//538 1447//538 1448//538
f 1416//540 1100//540 1098//540
f 1335//541 1417//541 1097//541
f 1193//517 1323//516 1449//542
f 1450//543 1103//515 1324//514
f 879//426 1451//544 1105//427
f 1188//449 887//448 1452//545
f 1095//546 1412//546 1099//546
f 891//546 1453//546 1115//546
f 1208//547 895//547 1454//547
f 1455//541 1332//541 1119//541
f 1331//546 1456//546 1118//546
f 990//540 1457//540 908//540
f 905//548 1458//548 1121//548
f 1459//548 1124//548 1177//548
f 911//541 1460//541 1125//541
f 1237//540 915//540 1461//540
f 1421//546 1328//546 1327//546
f 1325//548 1422//548 1326//548
f 932//540 1139//540 1430//540
f 1433//541 918//541 917//541
f 933//548 1429//548 1329//548
f 1342//546 937//546 1434//546
f 1418//541 1427//541 1436//541
f 1132//540 1426//540 1133//540
f 1280//541 1276//541 1462//541
f 948//540 1463//540 1144//540
f 1277//548 956//548 1464//548
f 1465//548 1153//548 1152//548
f 903//540 1466//540 1156//540
f 1293//546 1467//546 961//546
f 958//541 1468//541 1287//541
f 1469//540 1163//540 976//540
f 1162//549 1470//549 967//549
f 1437//550 1216//550 1215//550
f 1441//546 1300//546 1168//546
f 1158//548 1442//548 1167//548
f 988//541 1447//541 1005//541
f 1002//540 1446//540 1169//540
f 1471//541 1308//541 1171//541
f 1330//546 1472//546 1170//546
f 1008//540 1473//540 1013//540
f 1010//548 1474//548 1173//548
f 1416//551 1098//551 1097//551 1417//551
f 1475//552 1101//552 1103//552 1450//552
f 1476//553 1195//553 1105//553 1451//553
f 878//554 1477//554 1451//554 879//554
f 1478//555 1109//555 1112//555 1479//555
f 1480//556 894//556 1115//556 1453//556
f 890//537 1481//537 1453//537 891//537
f 899//551 1482//551 1457//551 990//551
f 1340//537 1483//537 1456//537 1331//537
f 1455//557 1119//557 1118//557 1456//557
f 1458//558 905//558 908//558 1457//558
f 1484//551 1301//551 1125//551 1460//551
f 910//557 1485//557 1460//557 911//557
f 1176//558 1486//558 1459//558 1177//558
f 1049//385 1052//385 1326//385 1327//385
f 1304//559 1428//559 1427//559 1418//559
f 1263//558 1423//558 1422//558 1325//558
f 1421//537 1327//537 1326//537 1422//537
f 1432//560 1138//560 918//560 1433//560
f 1435//561 936//561 1329//561 1429//561
f 932//558 1430//558 1429//558 933//558
f 1342//557 1434//557 1433//557 917//557
f 1426//551 1132//551 1436//551 1427//551
f 1282//494 1288//494 902//387 901//387
f 1487//558 1268//558 1144//558 1463//558
f 947//562 1488//562 1463//562 948//562
f 1279//537 1489//537 1490//537 1341//537
f 1289//537 1491//537 1467//537 1293//537
f 902//551 1492//551 1466//551 903//551
f 1465//558 1152//558 1156//558 1466//558
f 1468//557 958//557 961//557 1467//557
f 1161//563 1493//563 1470//563 1162//563
f 1494//564 978//564 981//564 1495//564
f 1496//565 968//565 967//565 1470//565
f 987//557 1448//557 1447//557 988//557
f 964//558 1443//558 1442//558 1158//558
f 1441//537 1168//537 1167//537 1442//537
f 1446//551 1002//551 1005//551 1447//551
f 1007//551 1497//551 1473//551 1008//551
f 1292//537 1498//537 1472//537 1330//537
f 1471//557 1171//557 1170//557 1472//557
f 1474//558 1010//558 1013//558 1473//558
f 1193//566 1449//566 1499//566 1194//566
f 1500//538 1452//538 1501//538 1502//538 1476//538 1451//538 1477//538 1499//538 1449//538 1503//538 1504//538 1475//538 1450//538 1505//538
f 1188//567 1452//567 1500//567 1190//567
f 1194//568 1499//568 1477//568 878//568
f 1452//553 887//553 886//553 1501//553
f 1449//552 1323//552 950//552 1503//552
f 1454//569 895//569 894//569 1480//569
f 1506//570 1200//570 1109//570 1478//570
f 1208//571 1454//571 1507//571 1205//571
f 1480//572 1453//572 1481//572 1508//572 1506//572 1478//572 1479//572 1509//572 1507//572 1454//572
f 1100//558 1416//558 1415//558 1214//558
f 1099//557 1412//557 1417//557 1335//557
f 1469//551 976//551 975//551 1510//551
f 1438//573 1224//573 978//573 1494//573
f 1231//574 1511//574 1493//574 1161//574
f 1163//558 1469//558 1512//558 1232//558
f 1216//575 1437//575 1511//575 1231//575
f 1470//538 1493//538 1511//538 1437//538 1438//538 1494//538 1495//538 1513//538 1512//538 1469//538 1510//538 1514//538 1496//538
f 1238//558 1515//558 1486//558 1176//558
f 1237//558 1461//558 1515//558 1238//558
f 1516//538 1517//538 1518//538 1519//538 1459//538 1486//538 1515//538 1461//538 1520//538 1484//538 1460//538 1485//538
f 1520//576 914//576 1301//576 1484//576
f 1517//537 1221//537 970//537 1518//537
f 1461//577 915//577 914//577 1520//577
f 1173//537 1474//537 1521//537 1250//537
f 1251//551 1522//551 1497//551 1007//551
f 1254//551 1523//551 1522//551 1251//551
f 1259//551 1524//551 1523//551 1254//551
f 1328//578 1421//578 1420//578 1305//578
f 1418//392 1436//392 1057//392 1056//392
f 1050//579 1328//579 1305//579 1260//579
f 1133//558 1426//558 1425//558 1265//558
f 1264//580 1265//580 1262//580 1261//580
f 1462//581 1276//581 1266//581 1525//581
f 1526//582 1487//582 1463//582 1488//582 1527//582 1462//582 1525//582 1528//582 1490//582 1489//582 1529//582 1464//582
f 1277//583 1464//583 1529//583 1278//583
f 1278//584 1529//584 1489//584 1279//584
f 1280//551 1462//551 1527//551 1281//551
f 1281//585 1527//585 1488//585 947//585
f 1434//586 937//586 936//586 1435//586
f 1288//587 1530//587 1492//587 902//587
f 1153//588 1465//588 1531//588 1286//588
f 1531//538 1465//538 1466//538 1492//538 1530//538 1468//538 1467//538 1491//538
f 1287//589 1468//589 1530//589 1288//589
f 1286//590 1531//590 1491//590 1289//590
f 1169//558 1446//558 1445//558 1295//558
f 1300//591 1441//591 1440//591 1297//591
f 1532//538 1471//538 1472//538 1498//538 1533//538 1534//538 1535//538 1536//538 1521//538 1474//538 1473//538 1497//538 1522//538 1523//538 1524//538 1537//538
f 1308//551 1471//551 1532//551 1309//551
f 1309//551 1532//551 1537//551 1311//551
f 1311//551 1537//551 1524//551 1259//551
f 1306//537 1535//537 1534//537 1320//537
f 1275//592 1281//592 947//592 946//592
f 1538//538 1455//538 1456//538 1483//538 1539//538 1458//538 1457//538 1482//538
f 1540//538 1541//538 1542//538 1543//538 1544//538 1545//538 1546//538 1547//538
f 1543//541 1346//541 1366//541
f 1374//546 1544//546 1365//546
f 1362//548 1545//548 1367//548
f 1543//557 1366//557 1365//557 1544//557
f 1346//551 1543//551 1542//551 1347//551
f 1367//537 1545//537 1544//537 1374//537
f 1545//558 1362//558 1364//558 1546//558
f 1548//546 1402//546 1411//546
f 1399//541 1403//541 1549//541
f 1384//593 1388//593 1550//593
f 1387//594 1379//594 1551//594
f 1400//551 1399//551 1549//551 1552//551
f 1548//557 1549//557 1403//557 1402//557
f 1551//595 1550//595 1388//595 1387//595
f 1411//537 1410//537 1553//537 1548//537
f 1553//538 1554//538 1550//538 1551//538 1555//538 1556//538 1552//538 1549//538 1548//538
f 1379//596 1378//596 1555//596 1551//596
usemtl Wall_Medium.005
f 1557//388 1558//388 1559//388 1560//388
f 1561//384 1562//384 1563//384 1564//384
f 1565//384 1566//384 1567//384 1568//384
f 1569//388 1570//388 1571//388 1572//388
f 1573//388 1574//388 1575//388 1576//388
f 1577//597 1578//597 1579//598 1580//598
f 1581//384 1582//384 1583//384 1584//384
f 1585//385 1586//385 1587//385 1588//385
f 1589//390 1590//390 1591//390 1592//390
f 1593//384 1594//384 1595//384 1596//384
f 1597//599 1598//599 1599//599 1600//599
f 1601//384 1602//384 1562//384 1561//384
f 1603//388 1604//388 1605//388 1606//388
f 1607//384 1608//384 1602//384 1601//384
f 1609//388 1610//388 1611//388 1612//388
f 1613//405 1614//405 1565//405
f 1615//418 1616//418 1617//418
f 1568//404 1575//404 1618//404
f 1558//420 1619//420 1620//420
f 1621//420 1572//420 1622//420
f 1584//404 1569//404 1623//404
f 1588//418 1591//418 1624//418
f 1590//405 1625//405 1626//405
f 1627//405 1628//405 1593//405
f 1629//418 1630//418 1631//418
f 1600//600 1605//600 1632//600
f 1604//601 1633//601 1634//601
f 1635//405 1636//405 1607//405
f 1637//418 1638//418 1639//418
f 1564//404 1611//404 1640//404
f 1641//420 1642//420 1643//420
f 1644//390 1645//390 1646//390 1614//390
f 1565//424 1568//424 1618//424 1613//424
f 1558//432 1557//432 1647//432 1619//432
f 1619//381 1615//381 1617//381 1620//381
f 1648//433 1617//433 1616//433 1649//433
f 1650//602 1618//602 1575//602 1574//602
f 1572//432 1571//432 1651//432 1622//432
f 1585//381 1588//381 1624//381 1652//381
f 1583//403 1570//403 1569//403 1584//403
f 1581//424 1584//424 1623//424 1653//424
f 1621//434 1623//434 1569//434 1572//434
f 1626//433 1624//433 1591//433 1590//433
f 1654//385 1655//385 1656//385 1629//385
f 1630//390 1657//390 1658//390 1628//390
f 1604//533 1603//533 1659//533 1633//533
f 1654//381 1629//381 1631//381 1660//381
f 1627//433 1631//433 1630//433 1628//433
f 1634//532 1632//532 1605//532 1604//532
f 1661//603 1662//603 1663//603 1636//603
f 1641//432 1664//432 1665//432 1642//432
f 1642//604 1637//604 1639//604 1643//604
f 1563//403 1612//403 1611//403 1564//403
f 1666//434 1640//434 1611//434 1610//434
f 1643//434 1667//434 1668//434 1641//434
f 1638//390 1669//390 1670//390 1671//390
f 1639//383 1672//383 1673//383 1635//383 1674//383 1675//383 1640//383 1666//383 1676//383 1667//383 1643//383
f 1677//605 1678//605 1582//605 1581//605
f 1679//606 1650//606 1574//606 1680//606
f 1560//388 1559//388 1680//388 1681//388
f 1648//383 1682//383 1613//383 1618//383 1650//383 1679//383 1683//383 1620//383 1617//383
f 1681//388 1680//388 1574//388 1573//388
f 1633//607 1659//607 1578//597 1577//597
f 1622//608 1651//608 1684//608 1685//608
f 1685//609 1684//609 1686//609 1687//609
f 1625//385 1688//385 1689//385 1690//385
f 1625//610 1690//610 1691//610 1626//610
f 1687//385 1686//385 1586//385 1585//385
f 1692//383 1693//383 1652//383 1624//383 1626//383 1691//383 1694//383 1653//383 1623//383 1621//383
f 1687//381 1585//381 1652//381 1693//381
f 1593//424 1596//424 1695//424 1627//424
f 1599//531 1606//531 1605//531 1600//531
f 1580//611 1579//611 1655//611 1654//611
f 1695//383 1696//383 1632//383 1634//383 1697//383 1698//383 1660//383 1631//383 1627//383
f 1587//423 1592//423 1591//423 1588//423
f 1699//612 1700//612 1610//612 1609//612
f 1628//392 1658//392 1594//392 1593//392
f 1656//423 1657//423 1630//423 1629//423
f 1690//613 1689//613 1678//613 1677//613
f 1616//390 1701//390 1702//390 1649//390
f 1649//390 1702//390 1645//390 1644//390
f 1567//403 1576//403 1575//403 1568//403
f 1703//423 1701//423 1616//423 1615//423
f 1614//392 1646//392 1566//392 1565//392
f 1619//385 1647//385 1703//385 1615//385
f 1704//614 1668//614 1700//614 1699//614
f 1664//388 1641//388 1668//388 1704//388
f 1671//615 1670//615 1662//615 1661//615
f 1705//423 1669//423 1638//423 1637//423
f 1636//392 1663//392 1608//392 1607//392
f 1642//385 1665//385 1705//385 1637//385
f 1633//616 1577//616 1697//616 1634//616
f 1596//617 1595//617 1598//617 1597//617
f 1672//433 1639//433 1638//433 1671//433
f 1607//424 1601//424 1674//424 1635//424
f 1706//541 1566//541 1646//541
f 1703//546 1707//546 1701//546
f 1567//540 1708//540 1576//540
f 1557//548 1709//548 1647//548
f 1710//548 1651//548 1571//548
f 1583//540 1711//540 1570//540
f 1587//546 1712//546 1592//546
f 1589//541 1713//541 1688//541
f 1714//541 1594//541 1658//541
f 1656//546 1715//546 1657//546
f 1599//618 1716//618 1606//618
f 1603//619 1717//619 1659//619
f 1718//541 1608//541 1663//541
f 1705//546 1719//546 1669//546
f 1563//540 1720//540 1612//540
f 1664//548 1721//548 1665//548
f 1566//551 1706//551 1708//551 1567//551
f 1647//537 1709//537 1707//537 1703//537
f 1722//557 1702//557 1701//557 1707//557
f 1723//620 1573//620 1576//620 1708//620
f 1586//537 1724//537 1712//537 1587//537
f 1582//551 1725//551 1711//551 1583//551
f 1710//558 1571//558 1570//558 1711//558
f 1713//557 1589//557 1592//557 1712//557
f 1655//537 1726//537 1715//537 1656//537
f 1714//557 1658//557 1657//557 1715//557
f 1717//595 1603//595 1606//595 1716//595
f 1665//621 1721//621 1719//621 1705//621
f 1727//558 1609//558 1612//558 1720//558
f 1721//558 1664//558 1704//558 1728//558
f 1719//538 1721//538 1728//538 1729//538 1727//538 1720//538 1730//538 1731//538 1718//538 1732//538 1733//538
f 1734//622 1681//622 1573//622 1723//622
f 1722//538 1707//538 1709//538 1735//538 1734//538 1723//538 1708//538 1706//538 1736//538
f 1688//623 1713//623 1737//623 1689//623
f 1738//538 1710//538 1711//538 1725//538 1739//538 1737//538 1713//538 1712//538 1724//538 1740//538
f 1686//537 1740//537 1724//537 1586//537
f 1594//551 1714//551 1741//551 1595//551
f 1741//538 1714//538 1715//538 1726//538 1742//538 1743//538 1717//538 1716//538 1744//538
f 1659//624 1717//624 1743//624 1578//624
f 1733//557 1670//557 1669//557 1719//557
f 1608//551 1718//551 1731//551 1602//551
f 1590//392 1589//392 1688//392 1625//392
usemtl Wall_Highlights.005
f 1179//420 875//420 874//420
f 1336//420 1198//420 1199//420
f 1114//404 1339//404 1111//404
f 1223//418 1245//418 1220//418
f 1150//418 1149//418 1142//418
f 1218//625 980//625 1165//625
f 1211//626 1179//626 874//626 884//626
f 1192//627 1022//627 1021//627 1183//627
f 1207//424 1339//424 1114//424 1203//424
f 1243//628 1042//628 1044//628 972//628
f 1272//629 1150//629 1142//629 1141//629
f 1322//630 1218//630 1165//630 1234//630
f 1597//631 1600//631 1632//631 1696//631
f 1561//632 1564//632 1640//632 1675//632
f 1189//633 1192//633 1183//633 1182//633
f 1186//634 1106//634 1107//634 1196//634
f 1184//635 1104//635 1102//635 952//635
f 1185//636 1184//636 952//636 951//636
f 1187//637 1186//637 1196//637 885//637
f 1201//638 1207//638 1203//638 1202//638
f 1209//639 889//639 1117//639 1204//639
f 1336//640 1209//640 1204//640 1198//640
f 1213//641 1211//641 884//641 883//641
f 1667//642 1676//642 1700//642 1668//642
f 1676//643 1666//643 1610//643 1700//643
f 1635//644 1673//644 1661//644 1636//644
f 1673//645 1672//645 1671//645 1661//645
f 1219//646 1233//646 1225//646 974//646
f 1229//647 1322//647 1234//647 1230//647
f 1223//648 1240//648 1241//648 1245//648
f 1240//649 909//649 1128//649 1241//649
f 1244//650 1243//650 972//650 971//650
f 1683//651 1679//651 1680//651 1559//651
f 1682//652 1648//652 1649//652 1644//652
f 1613//653 1682//653 1644//653 1614//653
f 1620//654 1683//654 1559//654 1558//654
f 1246//655 1258//655 1315//655 1247//655
f 1258//656 1307//656 1316//656 1315//656
f 1261//657 1134//657 927//657 926//657
f 1302//658 1131//658 922//658 921//658
f 1066//659 1270//659 954//659 957//659
f 1269//660 1272//660 1141//660 1267//660
f 1270//661 1145//661 1146//661 954//661
f 945//662 944//662 1136//662 1053//662
f 1677//663 1581//663 1653//663 1694//663
f 1622//664 1685//664 1692//664 1621//664
f 1690//665 1677//665 1694//665 1691//665
f 1685//666 1687//666 1693//666 1692//666
f 1294//667 962//667 997//667 996//667
f 1296//668 1299//668 992//668 1001//668
f 1299//669 986//669 993//669 992//669
f 962//670 965//670 998//670 997//670
f 1580//671 1654//671 1660//671 1698//671
f 1577//672 1580//672 1698//672 1697//672
f 1596//673 1597//673 1696//673 1695//673
f 1260//674 1302//674 921//674 930//674
f 1264//675 1261//675 926//675 925//675
f 1319//676 1290//676 1318//676 1317//676
f 1290//677 1174//677 1175//677 1318//677
f 1233//678 1166//678 969//678 1225//678
f 944//679 943//679 1137//679 1136//679
f 1334//680 1122//680 1123//680 1344//680
f 1035//681 897//681 1343//681 1033//681
f 1040//682 1334//682 1344//682 1041//682
f 897//683 900//683 1120//683 1343//683
f 1601//684 1561//684 1675//684 1674//684
f 1350//685 1349//685 1370//685 1375//685
f 1371//404 1370//404 1349//404
f 1372//686 1371//686 1349//686 1356//686
f 1348//687 1372//687 1356//687 1355//687
f 1351//688 1350//688 1375//688 1363//688
f 1386//689 1409//689 1397//689 1383//689
f 1381//690 1407//690 1404//690 1401//690
f 1377//691 1408//691 1407//691 1381//691
f 1406//692 1405//692 1409//692 1386//692
f 1178//548 1413//548 1096//548
f 1337//548 1200//548 1506//548
f 1479//540 1112//540 1338//540
f 1222//546 1221//546 1517//546
f 1490//546 1143//546 1341//546
f 1217//693 1495//693 981//693
f 1212//694 1414//694 1413//694 1178//694
f 1191//695 1505//695 1450//695 1324//695
f 1206//551 1509//551 1479//551 1338//551
f 1519//696 973//696 1124//696 1459//696
f 1528//697 1140//697 1143//697 1490//697
f 1321//698 1513//698 1495//698 1217//698
f 1598//699 1744//699 1716//699 1599//699
f 1562//700 1730//700 1720//700 1563//700
f 1190//701 1500//701 1505//701 1191//701
f 1502//702 1197//702 1195//702 1476//702
f 1504//703 953//703 1101//703 1475//703
f 1503//704 950//704 953//704 1504//704
f 1501//705 886//705 1197//705 1502//705
f 1205//706 1507//706 1509//706 1206//706
f 1210//707 1508//707 1481//707 890//707
f 1337//708 1506//708 1508//708 1210//708
f 1214//709 1415//709 1414//709 1212//709
f 1728//710 1704//710 1699//710 1729//710
f 1729//711 1699//711 1609//711 1727//711
f 1718//712 1663//712 1662//712 1732//712
f 1732//713 1662//713 1670//713 1733//713
f 1510//714 975//714 1226//714 1514//714
f 1232//715 1512//715 1513//715 1321//715
f 1222//716 1517//716 1516//716 1239//716
f 1239//717 1516//717 1485//717 910//717
f 1518//718 970//718 973//718 1519//718
f 1735//719 1560//719 1681//719 1734//719
f 1736//720 1645//720 1702//720 1722//720
f 1706//721 1646//721 1645//721 1736//721
f 1709//722 1557//722 1560//722 1735//722
f 1250//723 1521//723 1536//723 1257//723
f 1257//724 1536//724 1535//724 1306//724
f 1262//725 1424//725 1423//725 1263//725
f 1303//726 1419//726 1428//726 1304//726
f 1464//727 956//727 955//727 1526//727
f 1525//728 1266//728 1140//728 1528//728
f 1526//729 955//729 1268//729 1487//729
f 1430//730 1139//730 1135//730 1431//730
f 1678//731 1739//731 1725//731 1582//731
f 1651//732 1710//732 1738//732 1684//732
f 1689//733 1737//733 1739//733 1678//733
f 1684//734 1738//734 1740//734 1686//734
f 1295//735 1445//735 1444//735 963//735
f 1297//736 1440//736 1439//736 1298//736
f 1298//737 1439//737 1448//737 987//737
f 963//738 1444//738 1443//738 964//738
f 1579//739 1742//739 1726//739 1655//739
f 1578//740 1743//740 1742//740 1579//740
f 1595//741 1741//741 1744//741 1598//741
f 1305//742 1420//742 1419//742 1303//742
f 1265//743 1425//743 1424//743 1262//743
f 1320//744 1534//744 1533//744 1291//744
f 1291//745 1533//745 1498//745 1292//745
f 1514//746 1226//746 968//746 1496//746
f 1431//747 1135//747 1138//747 1432//747
f 1333//748 1539//748 1483//748 1340//748
f 1332//749 1455//749 1538//749 898//749
f 1121//750 1458//750 1539//750 1333//750
f 898//751 1538//751 1482//751 899//751
f 1602//752 1731//752 1730//752 1562//752
f 1547//753 1376//753 1369//753 1540//753
f 1368//540 1540//540 1369//540
f 1373//754 1541//754 1540//754 1368//754
f 1347//755 1542//755 1541//755 1373//755
f 1546//756 1364//756 1376//756 1547//756
f 1385//757 1384//757 1550//757 1554//757
f 1382//758 1400//758 1552//758 1556//758
f 1378//759 1382//759 1556//759 1555//759
f 1410//760 1385//760 1554//760 1553//760
o Wall_Modular_Cube.004
v 1.031204 4.801557 0.978068
v 1.436793 4.801557 0.978068
v 1.436793 4.820557 0.945027
v 1.031204 4.820557 0.945027
v 0.896437 5.719898 0.907346
v 0.896437 5.719898 0.679834
v 0.880670 5.192621 0.679834
v 0.880670 5.192621 0.907346
v 1.031204 4.451290 0.978068
v 1.436793 4.451290 0.978068
v 1.436793 4.594989 0.978068
v 1.417661 4.703471 0.978068
v 1.219798 5.173621 0.907345
v 1.219798 5.173621 0.679833
v 1.436793 5.173621 0.679833
v 1.436793 5.173621 0.907345
v 1.233846 5.182026 0.862761
v 1.233846 5.182026 0.724417
v 0.639255 5.182025 0.724418
v 0.639255 5.182025 0.862762
v 0.613348 4.944404 0.862762
v 0.613348 4.944404 0.724418
v 0.611451 4.834126 0.724418
v 0.611451 4.834126 0.862762
v 0.467312 5.547903 0.967550
v 0.467312 5.547903 0.619630
v 0.538193 5.547903 0.619630
v 0.538193 5.547903 0.967550
v -0.262524 3.932585 0.967550
v -0.262525 3.932585 0.619630
v 0.266089 3.932585 0.619629
v 0.266089 3.932585 0.967551
v 0.885367 5.908916 0.619630
v 0.885367 5.908916 0.967550
v 0.885367 5.566903 0.967550
v 0.885367 5.566903 0.619630
v -0.190041 5.172174 0.907346
v -0.190041 5.172174 0.679834
v -0.190041 4.833163 0.679834
v -0.190041 4.833163 0.907346
v -0.021069 4.822244 0.907346
v -0.021069 4.822244 0.679834
v 0.585313 4.814163 0.679834
v 0.585313 4.814163 0.907346
v -1.461484 3.951584 0.679834
v -1.433680 3.932585 0.679834
v -1.433680 3.932585 0.907346
v -1.461484 3.951584 0.907346
v -1.398831 5.282846 0.995517
v -1.438739 5.214919 1.003777
v -1.433679 5.072310 1.000591
v -0.954875 5.072310 1.000591
v -0.954875 5.155032 1.000591
v -0.973795 5.196392 1.000591
v -0.954875 5.237752 1.000591
v -0.954875 5.911862 1.000591
v -1.433679 5.911862 1.000591
v -1.416474 5.502523 0.995603
v -0.765710 3.951585 0.907346
v -0.765710 3.951585 0.679834
v -0.765710 4.664076 0.679834
v -0.765710 4.664076 0.907346
v -0.900486 4.685688 0.907346
v -0.900487 4.685688 0.679834
v -1.433680 4.683076 0.679834
v -1.433680 4.683076 0.907346
v -0.793513 4.664076 0.940387
v -0.900486 4.655846 0.940387
v -1.433680 4.664076 0.940387
v -1.433680 3.951584 0.940387
v -1.021921 3.955710 0.940387
v -0.900486 3.965591 0.940387
v -0.793513 3.951585 0.940387
v -1.030172 4.688634 0.868261
v -1.030172 4.688634 0.718919
v -0.636142 4.674672 0.718919
v -0.636142 4.674672 0.868261
v 1.094221 5.930862 0.679833
v 1.094221 5.930862 0.907345
v 1.186551 5.933323 0.907345
v 1.186551 5.933323 0.679833
v -0.608339 4.903018 0.868261
v -0.608339 4.903018 0.718919
v -0.608339 5.042100 0.718919
v -0.608339 5.042100 0.868261
v -0.770406 3.951585 0.619630
v -0.770405 3.951585 0.967550
v -0.770405 4.303163 0.967550
v -0.770406 4.303163 0.619630
v -0.192476 4.770123 0.967550
v -0.192476 4.770123 0.619630
v -0.189663 4.790081 0.619630
v -0.189663 4.790081 0.967550
v -0.162237 4.319561 0.943946
v -0.162237 4.319561 0.643234
v 0.358340 4.319907 0.643234
v 0.358340 4.319907 0.943946
v -0.062778 5.558037 0.679834
v -0.062778 5.558037 0.907346
v 0.013092 5.556577 0.907346
v 0.013092 5.556577 0.679834
v 0.735512 4.319561 0.943946
v 0.735512 4.319561 0.643234
v 0.980416 4.319561 0.643234
v 0.980416 4.319561 0.943946
v 0.735512 4.807474 0.643234
v 0.735512 4.807474 0.943946
v 0.980416 4.817994 0.943946
v 0.980416 4.817994 0.643234
v -0.162237 4.798994 0.976987
v 0.648039 4.798994 0.976987
v 0.648039 4.817994 0.943946
v -0.162237 4.817994 0.943946
v -0.613567 4.871161 0.967550
v -0.613567 4.871161 0.619630
v -0.613567 4.694739 0.619630
v -0.613567 4.694739 0.967550
v 0.857563 5.547903 0.619630
v 0.857564 5.547903 0.967550
v -0.550180 4.913501 1.000591
v -0.585764 4.871161 1.000591
v -0.585764 4.694739 1.000591
v -0.217467 4.694739 1.000591
v -0.217467 4.713605 1.000591
v -0.239366 4.770123 1.000591
v -0.217467 4.790081 1.000591
v -0.217467 5.154684 1.000591
v -0.585764 5.154684 1.000591
v -0.573366 4.947636 1.000591
v -0.217467 4.675740 0.619630
v -0.217467 4.675740 0.967550
v -0.585764 4.675740 0.967550
v -0.585764 4.675740 0.619630
v -0.104876 5.547903 0.869555
v -0.104876 5.547903 0.717625
v 0.071106 5.547903 0.717625
v 0.071106 5.547903 0.869555
v 0.098909 5.908916 0.717625
v 0.098909 5.908916 0.869555
v 0.098909 5.566903 0.869555
v 0.098909 5.566903 0.717625
v 1.436793 4.432290 0.945027
v 1.464596 4.451290 0.945027
v 1.003400 4.451290 0.945028
v 1.031204 4.432290 0.945027
v 0.880670 5.911863 0.907346
v 0.899559 5.924437 0.928765
v 0.908473 5.930862 0.907346
v 1.445707 5.924437 0.928764
v 1.464596 5.911863 0.907345
v 1.436793 5.930863 0.907345
v 0.908473 5.173621 0.907346
v 0.899559 5.180047 0.928765
v 1.464596 5.192621 0.907345
v 1.445707 5.180047 0.928764
v 1.003400 4.801557 0.945028
v 0.611451 5.163026 0.862762
v 0.639255 5.163026 0.895803
v 0.639255 4.815125 0.862762
v 0.653898 4.841631 0.895733
v 0.124221 5.566903 1.000591
v 0.096417 5.566903 0.967550
v 0.124221 5.547903 0.967550
v 0.124221 5.927916 0.967550
v 0.096417 5.908916 0.967550
v 0.124221 5.908916 1.000591
v 0.857564 5.566903 1.000591
v 0.857564 5.927916 0.967550
v 0.857564 5.908916 1.000591
v 0.585313 5.539037 0.940387
v 0.613117 5.539037 0.907346
v 0.585313 5.558037 0.907346
v -0.162237 4.814163 0.907346
v -0.162237 4.833163 0.940387
v 0.613117 4.833163 0.907346
v 0.585313 4.833163 0.940387
v -1.433679 5.930862 0.967550
v -1.461483 5.911862 0.967550
v -0.927071 5.911862 0.967550
v -0.954875 5.930862 0.967550
v -0.793513 3.932585 0.907346
v -0.793513 4.683076 0.907346
v -1.461484 4.664076 0.907346
v -1.461483 5.072310 0.967550
v -1.433679 5.053310 0.967550
v -0.954875 5.053310 0.967550
v -0.927071 5.072310 0.967550
v -1.435969 4.674672 0.868261
v -1.435969 4.693672 0.901302
v -1.463773 4.693672 0.868261
v -0.608339 4.693672 0.868261
v -0.636142 4.693672 0.901302
v -0.636142 5.061100 0.868261
v -0.636142 5.042100 0.901302
v 0.266089 4.303163 1.000591
v 0.293893 4.303163 0.967550
v 0.266089 4.322163 0.967550
v 0.293893 3.951585 0.967551
v 0.266089 3.951585 1.000591
v -0.742602 4.322163 0.967550
v -0.742602 4.303163 1.000591
v -0.742602 3.932585 0.967550
v -0.742602 3.951585 1.000591
v 0.980416 4.338561 0.976987
v 1.008219 4.338561 0.943946
v -0.195224 4.338561 0.943946
v -0.162237 4.338561 0.976987
v -0.195224 4.798994 0.943946
v -0.585764 5.173684 0.967550
v -0.613567 5.154684 0.967550
v -0.189663 5.154684 0.967550
v -0.217467 5.173684 0.967550
v -0.189663 4.694739 0.967550
v -0.906777 5.566903 0.902596
v -0.934581 5.566903 0.869555
v -0.906777 5.547903 0.869555
v -0.906777 5.927916 0.869555
v -0.934581 5.908916 0.869555
v -0.906777 5.908916 0.902596
v 0.071106 5.566903 0.902596
v 0.071106 5.927916 0.869555
v 0.071106 5.908916 0.902596
v 1.031204 4.820557 0.642151
v 1.436793 4.820557 0.642151
v 1.031204 4.432290 0.642151
v 1.436793 4.432290 0.642151
v 1.003400 4.801557 0.642152
v 1.464596 4.451290 0.642151
v 1.225272 5.930863 0.679833
v 1.225272 5.930863 0.907345
v 1.436793 5.930863 0.679833
v 1.226652 5.924437 0.928764
v 0.908473 5.173621 0.679834
v 1.081815 5.180047 0.928764
v 1.085418 5.173621 0.907345
v 0.915887 5.725633 0.928765
v 1.466885 4.890733 0.724417
v 1.466885 4.890733 0.862761
v 1.466885 4.834126 0.862761
v 1.466885 4.834126 0.724417
v 1.405691 4.901317 0.895802
v 1.439081 4.834126 0.895802
v 0.611451 5.163026 0.724418
v 0.663221 4.948090 0.895824
v 1.233846 5.163026 0.895802
v 0.096417 5.908916 0.619630
v 0.096417 5.566903 0.619630
v 0.538193 5.566903 1.000591
v 0.857563 5.927916 0.619630
v 0.592305 5.927916 0.967550
v 0.592305 5.908916 1.000591
v 0.585313 5.558037 0.679834
v -0.162237 4.814163 0.679834
v -0.062778 4.833163 0.940387
v -0.062778 4.814163 0.907346
v -0.162237 5.172174 0.940387
v 0.613117 5.322993 0.907346
v 0.585313 5.322993 0.940387
v -1.461483 5.224850 0.967550
v -0.954875 5.053310 0.619630
v -0.927071 5.072310 0.619630
v -0.927071 5.237752 0.967550
v -0.900486 3.934083 0.679834
v -0.900486 3.934083 0.907346
v -1.021921 3.933620 0.907346
v -1.021921 3.933620 0.679834
v -0.793513 3.932585 0.679834
v -1.452735 4.808204 0.718919
v -1.452735 4.808204 0.868261
v -1.463773 5.042100 0.868261
v -1.463773 5.042100 0.718919
v -0.608339 4.693672 0.718919
v -0.636142 4.823865 0.901302
v -0.608339 4.823865 0.868261
v -1.030172 4.707634 0.901302
v -1.295656 5.061100 0.868261
v -1.435969 5.061100 0.868261
v -1.435969 5.042100 0.901302
v -1.295656 5.042100 0.901302
v 0.293893 4.303163 0.619630
v 0.266089 4.322163 0.619630
v -0.294566 4.322163 0.967550
v -0.294566 4.303163 1.000591
v 0.293893 3.951585 0.619629
v -0.262524 3.951585 1.000591
v -0.189663 5.154684 0.619630
v -0.195224 4.427356 0.943946
v -0.162237 4.427356 0.976987
v -0.195224 4.427356 0.643234
v -0.195224 4.338561 0.643234
v 1.008219 4.338561 0.643234
v 0.735512 4.777350 0.976987
v 0.980416 4.798994 0.976987
v 0.358341 4.341233 0.976987
v -0.217467 5.173684 0.619630
v -0.585764 5.173684 0.619630
v -0.189663 4.694739 0.619630
v -0.934581 5.908916 0.717625
v -0.934581 5.566903 0.717625
v -0.104876 5.566903 0.902596
v 0.071106 5.927916 0.717625
v -0.811060 5.927916 0.869555
v -0.811060 5.908916 0.902596
v 0.613116 5.322993 0.679834
v 0.613116 5.539037 0.679834
v 1.464596 4.801557 0.642151
v 1.464596 4.801557 0.945027
v 0.880670 5.837503 0.907346
v 0.899559 5.847429 0.928765
v 1.445707 5.725633 0.928764
v 1.412584 5.847429 0.928764
v 1.186551 5.905840 0.928764
v 1.090932 5.924437 0.928764
v 1.121916 5.199419 0.928764
v 1.220982 5.180047 0.928764
v 1.464596 5.192621 0.679833
v 1.464596 5.719898 0.907345
v 1.464596 5.719898 0.679833
v 1.464031 5.837504 0.679833
v 1.464031 5.837504 0.907345
v 0.880670 5.911863 0.679834
v 0.880670 5.837503 0.679834
v 1.085418 5.173621 0.679833
v 1.124141 5.177216 0.907345
v 1.124141 5.177216 0.679833
v 1.439081 5.163026 0.895802
v 1.466885 5.163026 0.862761
v 1.466885 5.163026 0.724417
v 1.233846 4.821853 0.862761
v 1.233846 4.853580 0.895802
v 1.324248 4.834126 0.895802
v 1.324248 5.145817 0.895802
v 1.233846 4.821853 0.724417
v 1.324248 4.815125 0.724417
v 1.324248 4.815125 0.862761
v 0.639255 4.815125 0.724418
v 1.324248 5.172538 0.862761
v 1.324248 5.172538 0.724417
v 1.464942 4.703471 0.945027
v 1.464942 4.703471 0.642151
v 1.464596 4.594989 0.945027
v 1.464596 4.594989 0.642151
v -0.162237 4.817994 0.643234
v -0.195224 4.798994 0.643234
v 1.004884 4.799538 0.643234
v 1.004884 4.799538 0.943946
v 0.735512 4.338561 0.976987
v -0.162237 5.558037 0.907346
v -0.162237 5.558037 0.679834
v -0.190041 5.539037 0.679834
v -0.190041 5.539037 0.907346
v 0.648039 4.817994 0.643234
v 0.648039 4.320254 0.943946
v 0.648039 4.320254 0.643234
v -0.195224 4.594613 0.943946
v -0.137011 4.594613 0.976987
v 1.008219 4.544798 0.943946
v 0.980416 4.544798 0.976987
v -0.195224 4.594613 0.643234
v 1.008219 4.544798 0.643234
v 0.648039 4.357266 0.976987
v 0.950853 4.611852 0.976987
v 0.613117 5.278172 0.907346
v 0.585313 5.278172 0.940387
v 0.613116 4.833163 0.679834
v 0.613116 5.278172 0.679834
v -0.189663 5.266378 0.679834
v -0.189663 5.266378 0.907346
v -0.137273 5.266378 0.940387
v -0.021069 4.841244 0.940387
v 0.013092 5.520182 0.940387
v -0.062778 5.539037 0.940387
v -0.162237 5.539037 0.940387
v -0.104876 5.927916 0.869555
v -0.104876 5.908916 0.902596
v -0.206016 5.547903 0.869555
v -0.206016 5.566903 0.902596
v -0.104876 5.927916 0.717625
v -0.206016 5.547903 0.717625
v -0.272810 5.547903 0.869555
v -0.272810 5.566903 0.902596
v -0.272810 5.547903 0.717625
v -0.750075 5.547903 0.869555
v -0.750075 5.566903 0.902596
v -0.206016 5.924880 0.717625
v -0.206016 5.924880 0.869555
v -0.750075 5.547903 0.717625
v -1.448326 5.495887 0.980862
v -0.945992 5.196392 0.967550
v -0.945992 5.196392 0.619630
v -0.927071 5.237752 0.619630
v -0.927071 5.155032 0.967550
v -0.927071 5.155032 0.619630
v -1.463773 4.848415 0.718919
v -1.463773 4.848415 0.868261
v -0.608339 4.823865 0.718919
v -1.441872 4.842828 0.902876
v -0.664480 4.914158 0.895302
v -1.169856 5.038509 0.901302
v -1.413125 4.821559 0.897374
v -1.155973 4.693672 0.901302
v -1.169856 5.057509 0.868261
v -1.155973 4.674672 0.868261
v -1.463773 4.693672 0.718919
v -0.636142 5.061100 0.718919
v -1.169856 5.057509 0.718919
v -1.295656 5.061100 0.718919
v -1.435969 4.674672 0.718919
v -1.155973 4.674672 0.718919
v -0.349750 3.932763 0.967550
v -0.349750 3.967747 1.000591
v -0.207340 4.319335 0.967550
v -0.207340 4.294543 1.000591
v -0.207340 4.319335 0.619630
v -0.742602 3.932585 0.619630
v -0.349750 3.932763 0.619630
v -0.294566 4.322163 0.619630
v -0.780569 5.928093 0.869555
v -0.780569 5.928093 0.717625
v -0.811060 5.927916 0.717625
v -0.742602 4.322163 0.619630
v -0.189663 4.713605 0.967550
v -0.189663 4.713605 0.619630
v -0.607790 4.947636 0.967550
v -0.607790 4.947636 0.619630
v -0.607790 4.927678 0.619630
v -0.607790 4.927678 0.967550
v -0.613567 5.154684 0.619630
v -0.062778 4.814163 0.679834
v -1.454315 5.266211 0.967550
v -1.454315 5.266211 0.619630
v -1.461483 5.224850 0.619630
v -1.448326 5.495887 0.606318
v -0.272811 5.927916 0.717625
v -0.272810 5.927916 0.869555
v -0.906777 5.547903 0.717625
v -0.811060 5.547903 0.717625
v -0.811060 5.547903 0.869555
v -0.780569 5.547903 0.717625
v -0.780569 5.547903 0.869555
v -0.811060 5.566903 0.902596
v -0.780568 5.566903 0.902596
v -0.206016 5.885643 0.902596
v -0.272810 5.908916 0.902596
v -0.750075 5.908916 0.902596
v -0.780568 5.897243 0.902596
v -0.750075 5.927916 0.869555
v -0.750075 5.927916 0.717625
v 1.004363 4.611309 0.643234
v 1.004363 4.611309 0.943946
v 0.908473 5.930862 0.679834
v 1.464596 5.911863 0.679833
v -0.927071 5.911862 0.619630
v -0.954875 5.930862 0.619630
v -1.433679 5.930862 0.619630
v -1.461483 5.911862 0.619630
v -0.793513 4.683076 0.679834
v -0.906777 5.927916 0.717625
v 0.124221 5.927916 0.619630
v 0.124221 5.547903 0.619630
v 0.663186 5.927916 0.619630
v 0.663186 5.927916 0.967550
v 1.003400 4.451290 0.642152
v 1.439081 5.182026 0.862761
v 1.439081 5.182026 0.724417
v 1.439081 4.815125 0.724417
v 1.439081 4.815125 0.862761
v 0.592305 5.927916 0.619630
v -1.435969 5.061100 0.718919
v -1.461484 4.664076 0.679834
v 0.467312 5.578537 1.000591
v 0.663186 5.890231 1.000591
v 1.025337 3.935049 0.979585
v 1.025337 3.935049 0.607594
v 1.140725 3.935049 0.607594
v 1.140725 3.935049 0.979584
v 1.443003 3.954049 1.012625
v 1.416644 4.000932 1.012625
v 1.443003 4.053957 1.012625
v 1.443003 4.415670 1.012625
v 1.025337 4.415669 1.012625
v 1.025337 3.954049 1.012625
v 1.140725 3.954049 1.012625
v 1.299470 3.967122 1.012625
v 0.997534 3.954049 0.979585
v 1.025337 4.434669 0.979585
v 0.997534 4.415669 0.979585
v 1.470807 4.415670 0.979584
v 1.443003 4.434669 0.979584
v 1.470807 4.415670 0.607594
v 1.470807 4.053957 0.979584
v 1.470807 4.053957 0.607594
v 0.997534 4.415669 0.607594
v 0.997534 3.954049 0.607594
v 1.443003 4.434669 0.607594
v 1.443003 3.935049 0.607594
v 1.470807 3.954049 0.607594
v 1.470807 3.954049 0.979584
v 1.443003 3.935049 0.979584
v 1.299470 3.934812 0.979584
v 1.299470 3.934812 0.607594
v 1.025337 4.434669 0.607594
v 1.470807 4.000932 0.979584
v 1.470807 4.000932 0.607594
v -0.307437 5.174282 0.899750
v -0.307438 5.174282 0.687430
v -0.208469 5.172573 0.687430
v -0.208469 5.172573 0.899750
v -0.386730 5.175011 0.899750
v -0.386730 5.175011 0.687430
v -0.208469 5.549593 0.899750
v -0.208469 5.549593 0.687430
v -0.272061 5.550290 0.687430
v -0.272061 5.550290 0.899750
v -0.187278 5.191573 0.687430
v -0.187278 5.530593 0.687430
v -0.187278 5.530593 0.899750
v -0.187278 5.191573 0.899750
v -0.584791 5.530593 0.932791
v -0.584791 5.549593 0.899750
v -0.612594 5.530593 0.899750
v -0.584791 5.172573 0.899750
v -0.584791 5.191573 0.932791
v -0.612594 5.191573 0.899750
v -0.208469 5.530593 0.932791
v -0.208469 5.191573 0.932791
v -0.584791 5.172573 0.687430
v -0.439610 5.172573 0.687430
v -0.439610 5.172573 0.899750
v -0.612594 5.530593 0.687430
v -0.612594 5.191573 0.687430
v -0.439610 5.191573 0.932791
v -0.324942 5.530593 0.932791
v -0.324942 5.549593 0.899750
v -0.386730 5.213121 0.932791
v -0.307437 5.191087 0.932791
v -0.272061 5.518742 0.932791
v -0.324942 5.549593 0.687430
v -0.584791 5.549593 0.687430
v 1.031204 4.801557 0.609110
v 1.436793 4.801557 0.609110
v 1.417661 4.703471 0.609110
v 1.436793 4.594989 0.609110
v 1.436793 4.451290 0.609110
v 1.031204 4.451290 0.609110
v -1.461483 5.072310 0.619630
v -1.398831 5.282846 0.591663
v -1.416475 5.502523 0.591577
v -1.433679 5.911862 0.586589
v -0.954875 5.911862 0.586589
v -0.954875 5.237752 0.586589
v -0.973796 5.196392 0.586589
v -0.954875 5.155032 0.586589
v -0.954875 5.072310 0.586589
v -1.433679 5.072310 0.586589
v -1.438739 5.214919 0.583403
v -0.793513 4.664076 0.646793
v -0.793513 3.951585 0.646793
v -0.900486 3.965591 0.646793
v -1.021921 3.955710 0.646793
v -1.433680 3.951584 0.646793
v -1.433680 4.664076 0.646793
v -0.900487 4.655846 0.646793
v -1.433679 5.053310 0.619630
v -0.162237 4.798994 0.610193
v 0.648039 4.798994 0.610193
v -0.550180 4.913501 0.586589
v -0.573366 4.947636 0.586589
v -0.585764 5.154684 0.586589
v -0.217467 5.154684 0.586589
v -0.217467 4.790081 0.586589
v -0.239366 4.770123 0.586589
v -0.217467 4.713605 0.586589
v -0.217467 4.694739 0.586589
v -0.585764 4.694739 0.586589
v -0.585764 4.871161 0.586589
v 0.899558 5.924437 0.658415
v 1.445707 5.924437 0.658414
v 0.899558 5.180047 0.658415
v 1.445707 5.180047 0.658414
v 0.639255 5.163026 0.691377
v 0.653898 4.841631 0.691447
v 0.124221 5.566903 0.586589
v 0.124221 5.908916 0.586589
v 0.857563 5.566903 0.586589
v 0.857563 5.908916 0.586589
v 0.585313 5.539037 0.646793
v -0.162237 4.833163 0.646793
v 0.585313 4.833163 0.646793
v -1.435969 4.693672 0.685878
v -0.636142 4.693672 0.685878
v -0.636142 5.042100 0.685878
v 0.266089 4.303163 0.586589
v 0.266089 3.951585 0.586589
v -0.742602 4.303163 0.586589
v -0.742602 3.951585 0.586589
v 0.980416 4.338561 0.610193
v -0.162237 4.338561 0.610193
v -0.906778 5.566903 0.684584
v -0.906778 5.908916 0.684584
v 0.071106 5.566903 0.684584
v 0.071106 5.908916 0.684584
v 1.226652 5.924437 0.658414
v 1.081815 5.180047 0.658414
v 0.915886 5.725633 0.658415
v 1.405691 4.901317 0.691376
v 1.439081 4.834126 0.691376
v 0.663221 4.948090 0.691356
v 1.233846 5.163026 0.691376
v 0.538193 5.566903 0.586589
v 0.592305 5.908916 0.586589
v -0.062778 4.833163 0.646793
v -0.162237 5.172174 0.646793
v 0.585313 5.322993 0.646793
v -0.636142 4.823865 0.685878
v -1.030172 4.707634 0.685878
v -1.295656 5.042100 0.685878
v -1.435969 5.042100 0.685878
v -0.294566 4.303163 0.586589
v -0.262525 3.951585 0.586589
v -0.162237 4.427356 0.610193
v 0.735512 4.777350 0.610193
v 0.980416 4.798994 0.610193
v 0.358341 4.341233 0.610193
v -0.104876 5.566903 0.684584
v -0.811060 5.908916 0.684584
v 0.899558 5.847429 0.658415
v 1.445707 5.725633 0.658414
v 1.220982 5.180047 0.658414
v 1.121916 5.199419 0.658414
v 1.090932 5.924437 0.658414
v 1.186551 5.905840 0.658414
v 1.412584 5.847429 0.658414
v 1.439081 5.163026 0.691376
v 1.233846 4.853580 0.691376
v 1.324248 5.145817 0.691376
v 1.324248 4.834126 0.691376
v 0.735512 4.338561 0.610193
v -0.137011 4.594613 0.610193
v 0.980416 4.544798 0.610193
v 0.950853 4.611852 0.610193
v 0.648039 4.357266 0.610193
v 0.585313 5.278172 0.646793
v -0.137273 5.266378 0.646793
v -0.162237 5.539037 0.646793
v -0.062778 5.539037 0.646793
v 0.013092 5.520182 0.646793
v -0.021069 4.841244 0.646793
v -0.104876 5.908916 0.684584
v -0.206016 5.566903 0.684584
v -0.272810 5.566903 0.684584
v -0.750075 5.566903 0.684584
v -1.441872 4.842828 0.684304
v -0.664480 4.914158 0.691878
v -1.155973 4.693672 0.685878
v -1.413125 4.821559 0.689806
v -1.169856 5.038509 0.685878
v -0.349750 3.967747 0.586589
v -0.207340 4.294543 0.586589
v -0.811060 5.566903 0.684584
v -0.780569 5.897243 0.684584
v -0.750075 5.908916 0.684584
v -0.272810 5.908916 0.684584
v -0.206016 5.885643 0.684584
v -0.780569 5.566903 0.684584
v 0.467312 5.578537 0.586589
v 0.663186 5.890231 0.586589
v 1.443003 3.954049 0.574553
v 1.299470 3.967122 0.574553
v 1.140725 3.954049 0.574553
v 1.025337 3.954049 0.574553
v 1.025337 4.415669 0.574553
v 1.443003 4.415670 0.574553
v 1.443003 4.053957 0.574553
v 1.416644 4.000932 0.574553
v -0.584791 5.530593 0.654389
v -0.584791 5.191573 0.654389
v -0.208469 5.530593 0.654389
v -0.208469 5.191573 0.654389
v -0.439610 5.191573 0.654389
v -0.324942 5.530593 0.654389
v -0.272061 5.518742 0.654389
v -0.307438 5.191087 0.654389
v -0.386730 5.213121 0.654389
v 0.885367 5.539236 0.713691
v 0.885367 5.539236 0.873489
v 0.885367 5.456829 0.873489
v 0.885367 5.456829 0.713691
v 0.788874 3.936481 0.944360
v 0.788874 3.936481 0.642820
v 0.978144 3.936481 0.642820
v 0.978145 3.936481 0.944360
v 0.636713 5.177239 0.873489
v 0.636713 5.177239 0.713691
v 0.857564 5.177239 0.713691
v 0.857564 5.177239 0.873489
v -0.185640 4.330830 0.868285
v -0.185640 4.330830 0.718895
v -0.185641 4.660458 0.718895
v -0.185640 4.660458 0.868285
v 0.885367 5.287320 0.713691
v 0.885367 5.287320 0.873489
v 0.885367 5.196239 0.873489
v 0.885367 5.196239 0.713691
v -0.729211 5.548580 0.944360
v -0.729211 5.548580 0.642820
v -0.808502 5.547852 0.642820
v -0.808502 5.547852 0.944360
v -0.474567 4.311830 0.868285
v -0.474567 4.311830 0.718895
v -0.213444 4.311830 0.718895
v -0.213444 4.311830 0.868285
v -0.666974 4.679458 0.868285
v -0.666974 4.679458 0.718895
v -0.742602 4.679458 0.718895
v -0.742602 4.679458 0.868285
v -0.770405 4.330830 0.718894
v -0.770405 4.330830 0.868286
v -0.770406 4.660458 0.868285
v -0.770406 4.660458 0.718895
v -0.906777 5.060791 0.944359
v -0.906777 5.060791 0.642821
v -0.746714 5.060791 0.642821
v -0.746714 5.060791 0.944359
v -0.693833 5.060094 0.944359
v -0.693833 5.060094 0.642821
v -0.630241 5.060791 0.642820
v -0.630241 5.060791 0.944360
v 0.588705 3.936481 0.944360
v 0.588705 3.936481 0.642820
v -0.609052 5.531290 0.642820
v -0.609051 5.531290 0.944360
v -0.609051 5.079791 0.944360
v -0.609052 5.079791 0.642820
v 0.319772 3.936481 0.944360
v 0.319772 3.936481 0.642820
v 1.005948 4.144547 0.642820
v 1.005948 4.144547 0.944360
v 1.005948 3.955481 0.944360
v 1.005948 3.955481 0.642820
v 0.636713 5.196239 0.906530
v 0.608909 5.196239 0.873489
v 0.636713 5.558236 0.873489
v 0.608909 5.539236 0.873489
v 0.636713 5.539236 0.906530
v 0.857564 5.196239 0.906530
v 0.857564 5.558236 0.873489
v 0.857564 5.539236 0.906530
v -0.213444 4.660458 0.901326
v -0.213444 4.679458 0.868285
v -0.213444 4.330830 0.901326
v -0.742602 4.660458 0.901326
v -0.742602 4.311830 0.868286
v -0.742602 4.330830 0.901326
v -0.906777 5.079791 0.977400
v -0.934581 5.079791 0.944359
v -0.906777 5.550290 0.944359
v -0.934581 5.531290 0.944359
v -0.906777 5.531290 0.977400
v -0.630241 5.079791 0.977400
v -0.630241 5.550290 0.944360
v -0.630241 5.531290 0.977401
v 0.319772 3.955481 0.977400
v 0.291968 3.955481 0.944360
v 0.319772 4.322864 0.944360
v 0.291968 4.303864 0.944360
v 0.319772 4.303864 0.977401
v 0.978145 3.955481 0.977401
v 1.005948 4.303864 0.944360
v 0.978145 4.322864 0.944360
v 0.978145 4.303864 0.977401
v 0.608909 5.287320 0.873489
v 0.608909 5.287320 0.713691
v 0.608909 5.196239 0.713691
v 0.857564 5.558236 0.713691
v 0.636713 5.361053 0.906530
v 0.608909 5.361053 0.873489
v 0.839259 5.258132 0.906530
v -0.213444 4.679458 0.718895
v -0.666973 4.660458 0.901326
v -0.474567 4.330830 0.901326
v -0.861383 5.550290 0.944360
v -0.861383 5.550290 0.642820
v -0.906778 5.550290 0.642821
v -0.934581 5.531290 0.642821
v -0.934581 5.079791 0.642821
v -0.630241 5.550290 0.642820
v -0.861383 5.531290 0.977400
v 0.298435 4.088879 0.944360
v 0.298435 4.088879 0.642820
v 0.291968 3.955481 0.642820
v 1.005948 4.303864 0.642820
v 0.978144 4.322864 0.642820
v 0.978145 4.144547 0.977401
v 0.978145 4.226135 0.977401
v 1.005948 4.226135 0.944360
v 0.291968 4.303864 0.642820
v 0.291968 4.129673 0.642820
v 0.291968 4.129673 0.944360
v 0.319772 4.129673 0.977401
v 0.339480 4.088879 0.977401
v 0.588705 3.955481 0.977401
v 0.788874 3.972193 0.977401
v 0.942670 4.185341 0.977401
v -0.561608 4.323112 0.868285
v -0.561608 4.323112 0.718895
v 0.857564 5.361053 0.906530
v 0.885367 5.361053 0.873489
v 0.885367 5.361053 0.713691
v 0.647695 5.298995 0.906530
v 0.835597 5.456829 0.906530
v -0.404930 4.674510 0.718895
v -0.404930 4.674510 0.868285
v -0.561608 4.679458 0.718895
v -0.561608 4.679458 0.868285
v -0.742602 4.311830 0.718894
v -0.747122 4.311830 0.718895
v -0.747122 4.311830 0.868285
v -0.747122 4.330830 0.901326
v -0.404930 4.642499 0.901326
v -0.561608 4.660458 0.901326
v -0.561608 4.360459 0.901326
v -0.746714 5.079791 0.977400
v -0.693833 5.091642 0.977400
v -0.729211 5.531775 0.977400
v -0.808502 5.509740 0.977400
v 1.002691 4.185341 0.642820
v 1.002691 4.185341 0.944360
v 0.608909 5.539236 0.713691
v 0.608909 5.361053 0.713691
v 0.636713 5.558236 0.713691
v 1.005948 4.226135 0.642820
v 0.319772 4.322864 0.642820
v 0.636713 5.196239 0.680650
v 0.636713 5.539236 0.680650
v 0.857564 5.196239 0.680650
v 0.857563 5.539236 0.680650
v -0.213444 4.660458 0.685854
v -0.213444 4.330830 0.685854
v -0.742602 4.660458 0.685854
v -0.742602 4.330830 0.685854
v -0.906777 5.079791 0.609780
v -0.906778 5.531290 0.609780
v -0.630241 5.079791 0.609780
v -0.630241 5.531290 0.609779
v 0.319772 3.955481 0.609780
v 0.319772 4.303864 0.609779
v 0.978144 3.955481 0.609779
v 0.978144 4.303864 0.609779
v 0.636713 5.361053 0.680650
v 0.839258 5.258132 0.680650
v -0.666974 4.660458 0.685854
v -0.474567 4.330830 0.685854
v -0.861383 5.531290 0.609780
v 0.978144 4.144547 0.609779
v 0.978144 4.226135 0.609779
v 0.942670 4.185341 0.609779
v 0.788874 3.972193 0.609779
v 0.588705 3.955481 0.609779
v 0.339480 4.088879 0.609779
v 0.319772 4.129673 0.609779
v 0.857563 5.361053 0.680650
v 0.835597 5.456829 0.680650
v 0.647695 5.298995 0.680650
v -0.747122 4.330830 0.685854
v -0.404930 4.642499 0.685854
v -0.561608 4.360459 0.685854
v -0.561608 4.660458 0.685854
v -0.746714 5.079791 0.609780
v -0.808502 5.509740 0.609780
v -0.729211 5.531775 0.609780
v -0.693833 5.091642 0.609780
vn 0.0000 0.8669 0.4985
vn -0.9996 0.0299 0.0000
vn 0.0000 0.0000 1.0000
vn 0.0000 -1.0000 0.0000
vn -0.0000 1.0000 0.0000
vn -0.9999 0.0172 0.0000
vn -0.0010 -1.0000 0.0000
vn 1.0000 0.0000 -0.0000
vn -1.0000 0.0020 0.0000
vn -1.0000 -0.0000 0.0000
vn -0.0133 -0.9999 0.0000
vn -0.5642 -0.8256 0.0000
vn -0.0050 -0.0002 1.0000
vn -0.0049 1.0000 -0.0000
vn -0.0354 -0.9994 0.0000
vn -0.0266 0.9996 0.0000
vn 0.9902 -0.1395 -0.0000
vn 0.0007 -1.0000 -0.0000
vn 0.0009 -1.0000 -0.0000
vn 0.0192 0.9998 -0.0000
vn -0.0040 -1.0000 -0.0000
vn -0.0429 0.9991 -0.0000
vn 0.5642 -0.8256 -0.0000
vn 0.5097 -0.7458 0.4289
vn -0.5097 -0.7458 0.4289
vn -0.5637 0.8259 0.0099
vn -0.5642 0.8256 0.0129
vn -0.5645 0.8254 0.0109
vn 0.5642 0.8256 0.0129
vn 0.5637 0.8259 0.0099
vn 0.5645 0.8254 0.0109
vn -0.5637 -0.8259 0.0099
vn -0.5645 -0.8254 0.0108
vn -0.5642 -0.8256 0.0129
vn 0.5637 -0.8259 0.0099
vn 0.5642 -0.8256 0.0129
vn 0.5645 -0.8254 0.0109
vn -0.5097 0.7458 0.4289
vn -0.5097 0.7459 0.4289
vn -0.4164 -0.6093 0.6748
vn 0.5097 0.7458 0.4289
vn -0.4467 -0.7756 0.4460
vn -0.4467 0.7756 0.4460
vn -0.5097 -0.7459 0.4289
vn -0.5642 0.8256 0.0000
vn 0.0000 -0.8669 0.4985
vn 0.0000 0.9578 0.2874
vn -0.5637 -0.8259 -0.0099
vn -0.5645 -0.8254 -0.0108
vn 0.0000 -0.9578 0.2874
vn -0.7432 0.0222 0.6687
vn 0.6006 0.1620 0.7830
vn -0.6465 -0.0385 0.7619
vn 0.5642 0.8256 -0.0000
vn -0.7651 -0.0000 0.6439
vn 0.7651 0.0000 0.6439
vn -0.0026 1.0000 -0.0000
vn -0.8090 -0.0202 0.5875
vn 0.0038 -1.0000 0.0000
vn 0.0032 -1.0000 0.0000
vn 0.0053 -0.8492 0.5280
vn -0.0140 -0.9999 -0.0000
vn -0.0211 0.8040 0.5943
vn -0.9989 -0.0471 0.0000
vn -0.0307 -0.8665 0.4983
vn -0.7077 0.0000 0.7065
vn -0.0526 0.8014 0.5958
vn 0.0025 -0.8536 0.5209
vn -0.7500 0.0000 0.6614
vn 0.5645 -0.8254 -0.0109
vn 0.5637 -0.8259 -0.0099
vn 1.0000 0.0024 0.0000
vn 1.0000 -0.0014 0.0000
vn 0.7500 0.0000 0.6614
vn -0.7238 -0.0970 0.6832
vn 0.0000 -0.9578 0.2873
vn 0.0634 0.9980 0.0000
vn -0.0376 -0.9993 0.0000
vn -0.5839 0.0299 0.8113
vn 0.5929 -0.0371 0.8044
vn 0.0119 -0.7512 0.6600
vn 0.0000 -0.0001 1.0000
vn -1.0000 -0.0087 0.0000
vn -0.0742 -0.9972 0.0000
vn 0.0113 -0.9999 0.0000
vn 0.1044 0.9945 0.0000
vn 1.0000 0.0002 0.0000
vn 1.0000 0.0035 0.0000
vn 1.0000 -0.0016 0.0000
vn -0.4991 0.8665 0.0000
vn 0.6022 0.7984 0.0000
vn -0.4991 -0.8665 0.0000
vn 0.1460 0.7939 0.5902
vn 0.1194 0.9928 0.0000
vn -0.0034 -1.0000 -0.0000
vn -0.5862 0.0442 0.8090
vn -0.5864 -0.0362 0.8092
vn -1.0000 -0.0014 0.0000
vn -1.0000 0.0013 0.0000
vn 0.1656 -0.8549 0.4916
vn -0.0116 -0.8668 0.4985
vn -0.0300 0.9995 0.0000
vn -0.6241 -0.0151 0.7812
vn 0.9094 -0.4160 -0.0000
vn 0.9643 0.2647 0.0000
vn -0.8065 -0.0187 0.5910
vn 0.0014 -0.0000 1.0000
vn -0.0058 0.8669 0.4985
vn 0.0247 0.8666 0.4984
vn 0.0958 -0.8629 0.4962
vn -0.0067 1.0000 0.0000
vn 0.0285 0.9996 0.0000
vn 0.0042 0.8042 0.5944
vn -0.0723 -0.7724 0.6310
vn -0.0101 0.8335 0.5524
vn -0.0060 1.0000 -0.0000
vn 0.0005 -1.0000 0.0000
vn -0.0008 -1.0000 0.0000
vn 0.0324 0.9995 -0.0000
vn 0.0161 -0.7743 0.6326
vn 0.0546 0.8323 0.5516
vn -0.0058 1.0000 0.0000
vn -0.0029 1.0000 0.0000
vn 0.9988 0.0497 -0.0000
vn -0.9948 0.1017 0.0000
vn -0.7277 -0.0319 0.6852
vn -0.9996 -0.0279 0.0000
vn 0.0025 -1.0000 0.0000
vn 0.1902 -0.9817 -0.0000
vn -0.9853 0.1707 0.0000
vn -0.9997 0.0261 0.0000
vn 0.0454 0.9990 0.0000
vn 0.0029 1.0000 -0.0000
vn 0.0058 1.0000 0.0000
vn 0.9983 0.0579 0.0000
vn 0.0924 -0.9957 0.0000
vn -0.9911 -0.1329 0.0000
vn 0.5637 0.8259 -0.0099
vn 0.5645 0.8254 -0.0109
vn -0.5645 0.8254 -0.0109
vn -0.5637 0.8259 -0.0099
vn 1.0000 -0.0076 0.0000
vn -0.0823 0.9966 0.0000
vn 1.0000 -0.0028 0.0000
vn 0.0244 0.9997 -0.0000
vn -0.0007 -1.0000 0.0000
vn 0.0001 -1.0000 0.0000
vn 0.0017 -1.0000 0.0000
vn -0.0132 -0.9999 -0.0000
vn -0.0173 -0.9999 -0.0000
vn -0.0092 -1.0000 -0.0000
vn 0.0109 0.9999 -0.0000
vn 0.6137 0.6845 0.3936
vn 0.6137 -0.6844 0.3936
vn 0.6676 -0.7445 -0.0000
vn 0.8418 0.0000 0.5399
vn 0.6676 0.7445 0.0000
vn 0.0461 -0.9989 -0.0000
vn -0.0054 -0.8792 0.4764
vn -0.0132 0.9999 -0.0000
vn -0.0000 0.8669 -0.4985
vn -0.0000 0.0000 -1.0000
vn -0.0050 -0.0002 -1.0000
vn 0.5097 -0.7458 -0.4289
vn -0.5097 -0.7458 -0.4289
vn -0.5642 0.8256 -0.0129
vn 0.5642 0.8256 -0.0129
vn -0.5642 -0.8256 -0.0129
vn 0.5642 -0.8256 -0.0129
vn -0.5097 0.7458 -0.4289
vn -0.4164 -0.6093 -0.6748
vn 0.5097 0.7458 -0.4289
vn -0.4467 -0.7756 -0.4460
vn -0.4467 0.7756 -0.4460
vn -0.5097 -0.7459 -0.4289
vn 0.5097 -0.7459 -0.4289
vn -0.0000 -0.8669 -0.4985
vn 0.0000 0.9578 -0.2874
vn 0.0000 -0.9578 -0.2874
vn -0.7432 0.0222 -0.6687
vn 0.6006 0.1620 -0.7830
vn -0.6465 -0.0385 -0.7619
vn -0.7651 -0.0000 -0.6439
vn 0.7651 0.0000 -0.6439
vn -0.8090 -0.0202 -0.5875
vn 0.0053 -0.8492 -0.5280
vn -0.0211 0.8040 -0.5943
vn -0.0307 -0.8665 -0.4983
vn -0.7077 0.0000 -0.7065
vn -0.0526 0.8014 -0.5958
vn 0.0025 -0.8536 -0.5209
vn -0.7500 0.0000 -0.6614
vn 0.7500 0.0000 -0.6614
vn -0.7238 -0.0970 -0.6832
vn -0.5839 0.0299 -0.8113
vn 0.5929 -0.0371 -0.8044
vn 0.0119 -0.7512 -0.6600
vn -0.0000 -0.0001 -1.0000
vn 0.1460 0.7939 -0.5902
vn -0.5862 0.0442 -0.8090
vn -0.5864 -0.0362 -0.8092
vn 0.1656 -0.8549 -0.4916
vn -0.0116 -0.8668 -0.4985
vn -0.6241 -0.0151 -0.7812
vn -0.9995 -0.0316 0.0000
vn 0.9094 0.4160 -0.0000
vn -0.8065 -0.0187 -0.5909
vn 0.0014 -0.0000 -1.0000
vn -0.0058 0.8669 -0.4985
vn 0.0247 0.8666 -0.4984
vn 0.0958 -0.8629 -0.4962
vn 0.0042 0.8042 -0.5944
vn -0.0723 -0.7724 -0.6310
vn -0.0101 0.8335 -0.5524
vn 0.0161 -0.7743 -0.6326
vn 0.0546 0.8323 -0.5516
vn -0.7277 -0.0319 -0.6852
vn 0.1103 -0.9939 0.0000
vn 0.6137 0.6845 -0.3936
vn 0.6137 -0.6844 -0.3936
vn 0.8418 0.0000 -0.5399
vn -0.0054 -0.8792 -0.4764
vn -0.0092 1.0000 -0.0000
vn 0.0109 -0.9999 -0.0000
vn 0.6137 0.6844 0.3936
vn 0.5097 0.7459 0.4289
vn 0.6473 0.0775 0.7583
vn 0.8418 -0.0000 0.5398
vn -0.9988 0.0484 0.0000
vn -0.1286 -0.9917 -0.0000
vn 0.6802 -0.0705 0.7296
vn -0.0173 0.9999 -0.0000
vn -0.0258 0.9997 0.0000
vn 0.0316 0.9995 0.0000
vn 0.0001 0.8669 -0.4985
vn 0.0461 0.9989 -0.0000
vn 0.9968 0.0796 0.0000
vn 0.0607 -0.9982 0.0000
vn 0.9968 -0.0796 0.0000
vn -0.9877 -0.1566 0.0000
vn -0.0054 0.8792 0.4764
vn 0.6137 0.6844 -0.3936
vn -0.5097 0.7459 -0.4289
vn 0.5097 0.7459 -0.4289
vn 0.6473 0.0775 -0.7583
vn 0.8418 -0.0000 -0.5398
vn 0.6802 -0.0705 -0.7296
vn 0.0001 0.8669 0.4985
vn -0.0054 0.8792 -0.4764
vn 0.5473 0.7256 0.4172
vn 0.6594 -0.0631 0.7492
vn 0.4913 -0.1093 0.8641
vn -0.0136 0.7663 0.6424
vn -0.6707 -0.0564 0.7396
vn 0.6456 -0.0517 0.7619
vn -0.0695 -0.7924 0.6061
vn -0.0340 -0.7698 0.6374
vn 0.5308 0.0747 0.8442
vn 0.2314 -0.7940 0.5621
vn -0.1580 0.7718 0.6160
vn 0.0670 0.7798 0.6224
vn -0.0977 -0.8285 0.5513
vn -0.1141 -0.7881 0.6049
vn 0.1205 0.8164 0.5648
vn -0.0952 0.8186 0.5664
vn 0.6596 0.0571 0.7494
vn 0.5782 -0.2745 0.7684
vn 0.5782 0.2745 0.7684
vn -0.6909 0.0678 0.7198
vn -0.6760 -0.2169 0.7043
vn -0.0843 -0.7601 0.6443
vn 0.6236 0.1560 0.7660
vn -0.6357 -0.0295 0.7714
vn -0.6336 0.0852 0.7689
vn 0.1021 0.7623 0.6391
vn 0.6467 0.0742 0.7591
vn -0.6983 -0.0565 0.7136
vn -0.7074 0.0401 0.7057
vn 0.6461 -0.0861 0.7584
vn -0.0971 0.7467 0.6580
vn 0.1462 0.7422 0.6541
vn 0.7222 -0.3304 0.6077
vn -0.6172 0.3202 0.7187
vn 0.5732 -0.0792 0.8156
vn 0.6126 0.4543 -0.6467
vn 0.5884 0.1267 0.7986
vn -0.0575 -0.7932 0.6063
vn -0.1760 -0.7490 0.6387
vn -0.0473 0.7907 0.6104
vn 0.0836 -0.7583 0.6466
vn 0.0578 0.7903 0.6100
vn 0.6558 0.1434 0.7412
vn -0.5897 -0.2528 0.7670
vn -0.5693 0.2382 0.7869
vn 0.6130 -0.3795 0.6929
vn 0.1691 0.7457 0.6445
vn -0.1097 0.7644 0.6353
vn 0.0835 -0.7915 0.6054
vn -0.4308 -0.0381 0.9017
vn 0.7222 0.3304 0.6077
vn -0.1488 0.7894 0.5955
vn 0.1488 0.7894 0.5955
vn 0.0212 -0.7495 0.6617
vn 0.0331 -0.7762 0.6296
vn 0.0995 0.7552 0.6478
vn 0.0136 -0.7995 0.6005
vn -0.0365 0.7585 0.6506
vn -0.0655 -0.7979 0.5993
vn 0.0321 -0.7699 0.6374
vn 0.6181 0.1738 0.7667
vn -0.0353 -0.7894 0.6129
vn 0.0319 -0.7895 0.6130
vn 0.6201 -0.1541 0.7692
vn -0.0695 0.7924 0.6061
vn 0.1691 -0.7457 0.6445
vn -0.1097 -0.7644 0.6353
vn 0.0835 0.7915 0.6054
vn 0.5473 0.7256 -0.4172
vn 0.6594 -0.0631 -0.7492
vn 0.4913 -0.1093 -0.8641
vn -0.0136 0.7663 -0.6424
vn -0.6707 -0.0564 -0.7396
vn 0.6456 -0.0517 -0.7619
vn -0.0695 -0.7924 -0.6061
vn -0.0340 -0.7698 -0.6374
vn 0.5308 0.0747 -0.8442
vn 0.2314 -0.7940 -0.5621
vn -0.1580 0.7718 -0.6160
vn 0.0670 0.7798 -0.6224
vn -0.0977 -0.8285 -0.5513
vn -0.1141 -0.7881 -0.6049
vn 0.1205 0.8164 -0.5648
vn -0.0952 0.8186 -0.5664
vn 0.6596 0.0571 -0.7494
vn 0.5782 -0.2745 -0.7684
vn 0.5782 0.2745 -0.7684
vn -0.6909 0.0678 -0.7198
vn -0.6760 -0.2169 -0.7043
vn -0.0843 -0.7601 -0.6443
vn 0.6236 0.1560 -0.7660
vn -0.6357 -0.0295 -0.7714
vn -0.6336 0.0852 -0.7689
vn 0.1021 0.7624 -0.6391
vn 0.6467 0.0742 -0.7591
vn -0.6983 -0.0565 -0.7136
vn -0.7074 0.0401 -0.7057
vn 0.6461 -0.0861 -0.7584
vn -0.0971 0.7467 -0.6580
vn 0.1462 0.7422 -0.6541
vn 0.7222 -0.3304 -0.6077
vn -0.6172 0.3202 -0.7187
vn 0.5732 -0.0792 -0.8156
vn 0.6126 0.4543 0.6467
vn 0.5884 0.1267 -0.7986
vn -0.0575 -0.7932 -0.6063
vn -0.1760 -0.7491 -0.6387
vn -0.0473 0.7907 -0.6104
vn 0.0836 -0.7583 -0.6466
vn 0.0578 0.7903 -0.6100
vn 0.6558 0.1434 -0.7412
vn -0.5897 -0.2528 -0.7670
vn -0.5693 0.2382 -0.7869
vn 0.6130 -0.3795 -0.6929
vn 0.1691 0.7457 -0.6445
vn -0.1097 0.7644 -0.6353
vn 0.0835 -0.7915 -0.6054
vn -0.4308 -0.0381 -0.9017
vn 0.7222 0.3304 -0.6077
vn -0.1488 0.7894 -0.5955
vn 0.1488 0.7894 -0.5955
vn 0.0212 -0.7495 -0.6617
vn 0.0331 -0.7762 -0.6296
vn 0.0995 0.7552 -0.6478
vn 0.0136 -0.7995 -0.6005
vn -0.0365 0.7585 -0.6506
vn -0.0655 -0.7979 -0.5993
vn 0.0321 -0.7699 -0.6374
vn 0.6181 0.1738 -0.7667
vn -0.0353 -0.7894 -0.6129
vn 0.0319 -0.7895 -0.6130
vn 0.6201 -0.1541 -0.7692
vn -0.0695 0.7924 -0.6061
vn 0.1691 -0.7457 -0.6445
vn -0.1097 -0.7644 -0.6353
vn 0.0835 0.7915 -0.6054
usemtl Wall_Dark.004
s 1
f 1745//761 1746//761 1747//761 1748//761
f 1749//762 1750//762 1751//762 1752//762
f 1746//763 1745//763 1753//763 1754//763 1755//763 1756//763
f 1757//764 1758//764 1759//764 1760//764
f 1761//765 1762//765 1763//765 1764//765
f 1765//766 1766//766 1767//766 1768//766
f 1769//764 1770//764 1771//764 1772//764
f 1773//767 1774//767 1775//764 1776//764
f 1777//768 1778//768 1779//768 1780//768
f 1781//769 1782//769 1783//770 1784//770
f 1785//771 1786//771 1787//771 1788//771
f 1789//772 1790//772 1791//772 1792//772
f 1793//773 1794//773 1795//773 1796//773 1797//773 1798//773 1799//773 1800//773 1801//773 1802//773
f 1803//768 1804//768 1805//768 1806//768
f 1807//774 1808//774 1809//774 1810//774
f 1811//763 1812//763 1813//763 1814//763 1815//763 1816//763 1817//763
f 1818//775 1819//775 1820//775 1821//775
f 1822//776 1823//776 1824//776 1825//776
f 1826//768 1827//768 1828//768 1829//768
f 1830//770 1831//770 1832//770 1833//770
f 1834//777 1835//777 1836//777 1837//777
f 1838//778 1839//778 1840//779 1841//779
f 1842//780 1843//780 1844//780 1845//780
f 1846//781 1847//781 1848//764 1849//764
f 1850//782 1851//782 1852//782 1853//782
f 1854//761 1855//761 1856//761 1857//761
f 1858//770 1859//770 1860//770 1861//770
f 1862//783 1780//783 1779//783 1863//783
f 1864//763 1865//763 1866//763 1867//763 1868//763 1869//763 1870//763 1871//763 1872//763 1873//763
f 1874//764 1875//764 1876//764 1877//764
f 1878//764 1879//764 1880//764 1881//764
f 1882//768 1883//768 1884//768 1885//768
f 1754//784 1886//784 1887//784
f 1888//785 1889//785 1753//785
f 1890//786 1891//787 1892//788
f 1893//789 1894//790 1895//791
f 1752//792 1896//793 1897//794
f 1898//795 1899//796 1760//797
f 1748//798 1900//798 1745//798
f 1764//799 1901//799 1902//799
f 1903//800 1904//800 1768//800
f 1905//785 1906//785 1907//785
f 1908//798 1909//798 1910//798
f 1863//784 1779//784 1911//784
f 1778//801 1912//801 1913//801
f 1914//801 1915//801 1916//801
f 1784//785 1917//785 1918//785
f 1919//784 1920//784 1788//784
f 1801//798 1921//798 1922//798
f 1923//801 1924//801 1800//801
f 1803//784 1817//784 1925//784
f 1814//785 1792//785 1791//785
f 1806//801 1926//801 1811//801
f 1927//798 1813//798 1810//798
f 1928//785 1929//785 1795//785
f 1930//784 1931//784 1796//784
f 1932//785 1933//785 1934//785
f 1821//784 1935//784 1936//784
f 1937//801 1938//801 1829//801
f 1939//801 1940//801 1941//801
f 1776//784 1942//784 1943//784
f 1944//798 1832//798 1945//798
f 1831//785 1946//785 1947//785
f 1948//784 1849//784 1949//784
f 1950//802 1838//802 1951//802
f 1854//803 1857//803 1952//803
f 1872//798 1953//798 1954//798
f 1955//801 1956//801 1871//801
f 1861//804 1876//804 1866//804
f 1875//784 1957//784 1867//784
f 1958//785 1959//785 1960//785
f 1961//798 1962//798 1963//798
f 1881//784 1884//784 1964//784
f 1883//801 1965//801 1966//801
f 1967//765 1748//765 1747//765 1968//765
f 1889//764 1969//764 1970//764 1886//764
f 1748//805 1967//805 1971//805 1900//805
f 1886//783 1970//783 1972//783 1887//783
f 1754//806 1753//806 1889//806 1886//806
f 1973//765 1974//765 1895//765 1975//765
f 1976//807 1893//807 1895//807 1974//807
f 1751//808 1977//809 1896//793 1752//792
f 1978//810 1897//810 1896//810 1979//810
f 1749//811 1752//811 1897//811 1980//811
f 1981//768 1982//768 1983//768 1984//768
f 1985//812 1986//812 1983//812 1982//812
f 1763//805 1987//805 1901//805 1764//805
f 1988//813 1902//813 1901//813 1765//813
f 1761//761 1764//761 1902//761 1989//761
f 1909//770 1990//770 1991//770 1906//770
f 1772//806 1863//806 1911//806 1992//806
f 1778//814 1777//814 1993//814 1912//814
f 1994//761 1908//761 1910//761 1995//761
f 1905//815 1910//815 1909//815 1906//815
f 1913//816 1911//816 1779//816 1778//816
f 1845//817 1844//817 1916//817 1996//817
f 1783//772 1997//772 1917//772 1784//772
f 1998//806 1918//806 1917//806 1999//806
f 1781//815 1784//815 1918//815 2000//815
f 2001//816 1915//816 1914//816 2002//816
f 2003//818 1928//818 1795//818 1794//818
f 1931//783 1930//783 2004//783 2005//783
f 2006//816 1923//816 1800//816 1799//816
f 1801//761 1800//761 1924//761 1921//761
f 2007//819 2008//819 2009//820 2010//820
f 1815//821 1814//821 1791//821 2009//821
f 2011//822 1925//822 2008//822 2007//822
f 1812//823 1811//823 1926//823 1807//823
f 1803//816 1806//816 1811//816 1817//816
f 1927//815 1792//815 1814//815 1813//815
f 1796//806 1795//806 1929//806 1930//806
f 2012//824 2013//824 2014//824 2015//824
f 1820//783 2016//783 1935//783 1821//783
f 2017//816 1936//816 1935//816 2018//816
f 1818//825 1821//825 1936//825 2019//825
f 2020//761 2021//761 2022//761 2023//761
f 1940//814 2024//814 2025//814 1941//814
f 2026//761 1944//761 1945//761 2027//761
f 1775//783 2028//783 1942//783 1776//783
f 1773//806 1776//806 1943//806 2029//806
f 1939//816 1943//816 1942//816 1940//816
f 1947//815 1945//815 1832//815 1831//815
f 1837//768 1836//768 2030//768 1955//768
f 2031//826 1950//826 1951//826 2032//826
f 2031//770 2033//770 2034//770 1950//770
f 1849//783 1848//783 2035//783 1949//783
f 2036//827 2037//827 1852//827 1851//827
f 2038//828 1951//828 1838//828 1841//828
f 1956//765 2039//765 2040//765 1953//765
f 1858//815 1861//815 1866//815 1865//815
f 1875//783 1874//783 2041//783 1957//783
f 1837//816 1955//816 1871//816 1870//816
f 1872//761 1871//761 1956//761 1953//761
f 1867//806 1866//806 1876//806 1875//806
f 1962//770 2042//770 2043//770 1959//770
f 1878//806 1881//806 1964//806 2044//806
f 1883//814 1882//814 2045//814 1965//814
f 2046//761 1961//761 1963//761 2047//761
f 1958//815 1963//815 1962//815 1959//815
f 1966//816 1964//816 1884//816 1883//816
f 2001//768 2048//768 2049//768 1915//768
f 2050//814 1968//814 1747//814 2051//814
f 1890//829 2052//829 2053//829 1891//829
f 2054//763 2055//763 1893//763 1976//763 2056//763 2057//763 1891//763 2053//763 1980//763 1897//763 1978//763 2058//763 2059//763 1899//763
f 1760//797 1759//830 2060//831 1898//795
f 2061//832 2062//832 2063//833 2064//833
f 1890//770 2065//770 2066//770 2052//770
f 1898//834 2061//834 2054//834 1899//834
f 2052//835 1749//835 1980//835 2053//835
f 1898//768 2060//768 2062//832 2061//832
f 1899//836 2059//836 1757//836 1760//836
f 1891//807 2057//807 1823//807 1892//807
f 1825//837 1824//837 1974//837 1973//837
f 1896//764 1977//764 2067//764 1979//764
f 2068//838 2069//838 1758//838 1757//838
f 1904//839 1988//839 1765//839 1768//839
f 2070//840 1985//840 1982//840 2071//840
f 2072//768 2071//768 1982//768 1981//768
f 1903//841 2073//841 2074//841 1904//841
f 1988//842 1904//842 2074//842 2075//842 1986//842 1985//842 2070//842 2076//842 1989//842 1902//842
f 1901//843 1987//843 1766//843 1765//843
f 2073//844 2077//844 2078//844 2079//844
f 1903//845 2080//845 2077//845 2073//845
f 2081//846 2082//846 1762//846 1761//846
f 2083//847 2084//847 2050//848 2051//848
f 1887//816 2085//816 1755//816 1754//816
f 1900//815 1888//815 1753//815 1745//815
f 2085//849 2086//849 2084//847 2083//847
f 1857//850 2087//850 2088//850 1952//850
f 2089//851 1853//851 1852//851 2090//851
f 2034//852 1839//852 1838//852 1950//852
f 1948//806 2091//806 1846//806 1849//806
f 1855//853 2036//853 1851//853 1856//853
f 2092//805 2093//805 2094//805 2095//805
f 2096//854 1856//854 1851//854 1850//854
f 2097//855 2098//855 1847//781 1846//781
f 2049//814 1996//814 1916//814 1915//814
f 2099//856 2031//856 2032//856 2100//856
f 1949//816 2101//816 2102//816 1948//816
f 2087//765 1857//765 1856//765 2096//765
f 2099//770 2103//770 2033//770 2031//770
f 1949//768 2035//768 2104//768 2101//768
f 1952//857 2099//857 2100//857 1854//857
f 1951//763 2038//763 2105//763 2091//763 1948//763 2102//763 2106//763 2037//763 2036//763 1855//763 1854//763 2100//763 2032//763
f 1952//770 2088//770 2103//770 2099//770
f 2107//816 2001//816 2002//816 2108//816
f 1788//783 1787//783 2109//783 1919//783
f 2107//768 2110//768 2048//768 2001//768
f 2095//858 2094//858 2111//859 2112//859
f 1919//816 2107//816 2108//816 1920//816
f 1919//768 2109//768 2110//768 2107//768
f 2113//763 2000//763 1918//763 1998//763 2114//763 1920//763 2108//763 2002//763 1914//763 2115//763 2116//763 2117//763
f 2114//860 1998//860 1999//860 1785//860
f 2117//761 2116//761 1843//761 2092//761
f 2093//765 2092//765 1843//765 1842//765
f 1920//861 2114//861 1785//861 1788//861
f 1965//761 2118//761 2119//761 1966//761
f 2120//806 1878//806 2044//806 2121//806
f 1880//783 1885//783 1884//783 1881//783
f 1965//765 2045//765 2122//765 2118//765
f 2120//764 2123//764 1879//764 1878//764
f 2124//806 2120//806 2121//806 2125//806
f 2124//764 2126//764 2123//764 2120//764
f 2127//806 2124//806 2125//806 2128//806
f 2118//862 2122//862 2129//862 2130//862
f 2127//764 2131//764 2126//764 2124//764
f 1922//863 2132//863 1802//863 1801//863
f 2006//864 2133//864 2134//864 2135//864
f 1931//816 2136//816 1797//816 1796//816
f 2136//768 1931//768 2005//768 2137//768
f 2138//865 2139//865 2013//865 2012//865
f 2018//768 2140//768 1827//768 1826//768
f 1933//866 2141//866 2139//866 1934//866
f 2142//867 1938//867 2143//867 2023//867 2022//867 2144//867 2141//867 1933//867 2145//867 2019//867 1936//867 2017//867
f 1937//868 2146//868 2143//868 1938//868
f 2146//869 2020//869 2023//869 2143//869
f 1932//806 2147//806 2145//806 1933//806
f 2147//870 1818//870 2019//870 2145//870
f 2148//770 1934//770 2139//770 2138//770
f 1937//871 2149//871 2150//871 2146//871
f 2146//872 2150//872 2151//872 2020//872
f 1932//764 2152//764 2153//764 2147//764
f 1813//873 1812//873 1807//873 1810//873
f 2154//874 1773//874 2029//874 2155//874
f 1941//875 2156//875 2157//875 1939//875
f 1941//876 2025//876 2158//876 2156//876
f 1946//877 2159//877 2160//878 2154//878
f 2157//763 2027//763 1945//763 1947//763 2155//763 2029//763 1943//763 1939//763
f 2156//879 2158//879 2161//879 2026//879
f 1946//880 2154//880 2155//880 1947//880
f 2156//881 2026//881 2027//881 2157//881
f 2162//882 2163//882 2164//883 2046//883
f 1831//772 1830//772 2159//772 1946//772
f 2026//765 2161//765 2165//765 1944//765
f 1860//772 1877//772 1876//772 1861//772
f 2166//884 2167//884 1835//884 1834//884
f 2168//770 2169//770 2170//770 2171//770
f 1957//816 2166//816 1868//816 1867//816
f 1957//768 2041//768 2167//768 2166//768
f 2171//885 2170//885 1859//885 1858//885
f 1954//886 2168//886 1873//886 1872//886
f 1954//887 2172//887 2169//887 2168//887
f 2010//820 2009//820 1791//888 1790//888
f 1999//889 2173//889 1786//889 1785//889
f 2174//890 2175//890 2176//890 2003//890
f 2132//891 2177//891 2175//891 2174//891
f 2130//892 2129//892 2178//892 2179//892
f 1960//764 2180//764 2181//764 2182//764
f 2182//764 2181//764 2183//764 2184//764
f 2185//763 2186//763 2128//763 2125//763 2121//763 2044//763 1964//763 1966//763 2119//763 2187//763 2188//763 2189//763 2190//763 2047//763 1963//763 1958//763
f 1960//806 2182//806 2185//806 1958//806
f 2182//806 2184//806 2186//806 2185//806
f 2184//806 2127//806 2128//806 2186//806
f 2179//761 2191//761 2189//761 2188//761
f 2184//764 2183//764 2131//764 2127//764
f 2179//765 2178//765 2192//893 2191//893
f 2191//893 2192//893 2163//894 2162//894
f 2101//895 2104//895 2193//895 2194//895
f 1979//896 2067//896 2069//896 2068//896
f 2195//765 1892//765 1823//765 1822//765
f 2052//897 2066//897 1750//897 1749//897
f 2196//898 1975//899 1895//791 1894//790
f 1892//788 2195//900 2065//901 1890//786
f 2064//833 2063//833 2196//902 1894//902
f 2197//814 2198//814 1924//814 1923//814
f 1921//805 2199//805 2200//805 1922//805
f 1923//768 2006//768 2135//768 2197//768
f 1953//805 2040//805 2172//805 1954//805
f 2030//814 2039//814 1956//814 1955//814
f 1805//814 2201//814 1926//814 1806//814
f 2165//805 1833//805 1832//805 1944//805
f 2202//805 2042//805 1962//805 1961//805
f 1959//772 2043//772 2180//772 1960//772
f 2046//883 2164//883 2202//765 1961//765
f 2203//805 1990//805 1909//805 1908//805
f 1906//772 1991//772 2204//772 1907//772
f 1912//765 1993//765 2205//765 2206//765
f 2207//772 1969//772 1889//772 1888//772
f 1900//770 1971//770 2207//770 1888//770
f 2208//903 2209//903 2082//903 2081//903
f 1768//772 1767//772 2080//772 1903//772
f 2210//783 1984//783 1983//783 2211//783
f 2071//814 2072//814 2209//814 2208//814
f 2079//764 2078//764 2210//764 2211//764
f 1841//779 1840//779 2098//855 2097//855
f 2112//859 2111//859 1782//769 1781//769
f 2194//904 2193//904 2089//904 2090//904
f 1917//764 1997//764 2173//764 1999//764
f 1935//768 2016//768 2140//768 2018//768
f 1994//765 2212//765 2203//765 1908//765
f 1829//814 1828//814 2149//814 1937//814
f 1925//783 2011//783 1804//783 1803//783
f 2213//805 2015//805 2014//805 2021//805
f 1934//772 2148//772 2152//772 1932//772
f 1810//805 1809//805 2214//805 1927//805
f 2020//765 2151//765 2213//765 2021//765
f 1926//905 2201//905 1808//905 1807//905
f 1927//770 2214//770 1789//770 1792//770
f 2215//763 1992//763 1911//763 1913//763 2216//763 1995//763 1910//763 1905//763
f 1772//764 1771//764 1862//764 1863//764
f 1887//768 1972//768 2086//849 2085//849
f 1907//764 2204//764 1770//764 1769//764
f 2206//765 2205//765 2212//765 1994//765
f 2217//764 2218//764 2219//906 2220//906
f 1942//768 2028//768 2024//768 1940//768
f 2221//763 2222//763 2223//763 2224//763 2225//763 2226//763 2227//763 2228//763
f 2226//785 2229//785 2217//785
f 2230//798 2231//798 2225//798
f 2232//801 2233//801 2224//801
f 2234//768 2232//768 2235//768 2236//768
f 2231//770 2237//770 2238//770 2229//770
f 2232//814 2234//814 2239//814 2233//814
f 2229//772 2238//772 2218//772 2217//772
f 2226//815 2225//815 2231//815 2229//815
f 2240//783 2241//783 2242//783 2243//783
f 2244//907 2245//907 2240//908 2243//908
f 2217//806 2220//806 2227//806 2226//806
f 2233//761 2230//761 2225//761 2224//761
f 2220//906 2219//906 2245//907 2244//907
f 2246//805 2237//805 2231//805 2230//805
f 2233//765 2239//765 2246//765 2230//765
f 2236//768 2235//768 2247//768 2248//768
f 2249//909 2250//909 2251//910 2252//910
f 2224//816 2223//816 2235//816 2232//816
f 2248//768 2247//768 2242//768 2241//768
f 2253//911 2254//911 2250//909 2249//909
f 2255//912 2256//912 2257//912 2258//912
f 2259//768 2260//768 2261//768 2262//768
f 2263//798 2264//798 2265//798
f 2266//785 2267//785 2268//785
f 2255//913 2269//913 2261//913
f 2262//914 2270//914 2252//914
f 2266//764 2271//764 2272//764 2273//764
f 2265//770 2274//770 2275//770 2268//770
f 2252//915 2251//915 2259//915 2262//915
f 2273//806 2276//806 2267//806 2266//806
f 2263//815 2265//815 2268//815 2267//815
f 2270//916 2262//916 2261//916 2269//916
f 2264//761 2263//761 2277//761 2278//761
f 2256//917 2255//917 2261//917 2260//917
f 2273//918 2272//918 2254//918 2253//918
f 2277//763 2263//763 2267//763 2276//763 2279//763 2280//763 2270//763 2269//763 2281//763
f 2278//765 2282//765 2283//765 2264//765
f 2264//805 2283//805 2274//805 2265//805
f 2271//772 2266//772 2268//772 2275//772
f 2252//919 2270//919 2280//919 2249//919
f 2258//920 2257//920 2282//920 2278//920
f 2284//921 1967//921 1968//921 2285//921
f 2285//922 2286//922 2287//922 2288//922 2289//922 2284//922
f 2003//770 2176//770 2290//770 1928//770
f 2291//923 2292//923 2293//923 2294//923 2295//923 2296//923 2297//923 2298//923 2299//923 2300//923
f 2301//922 2302//922 2303//922 2304//922 2305//922 2306//922 2307//922
f 2004//764 1930//764 1929//764 2308//764
f 2309//921 2087//921 2096//921 2310//921
f 2311//922 2312//922 2313//922 2314//922 2315//922 2316//922 2317//922 2318//922 2319//922 2320//922
f 2288//924 1972//924 1970//924
f 2207//925 2289//925 1969//925
f 2065//901 2195//900 2321//926
f 2322//927 1975//899 2196//898
f 1751//808 2323//928 1977//809
f 2060//831 1759//830 2324//929
f 1967//930 2284//930 1971//930
f 1763//930 2325//930 1987//930
f 2080//931 1767//931 2326//931
f 2327//925 2204//925 1991//925
f 2203//930 2328//930 1990//930
f 1862//924 2329//924 1780//924
f 1777//932 2330//932 1993//932
f 2331//932 1996//932 2049//932
f 1783//925 2332//925 1997//925
f 2109//924 1787//924 2333//924
f 2293//930 2200//930 2199//930
f 2197//932 2294//932 2198//932
f 1804//924 2011//924 2302//924
f 2305//925 1790//925 1789//925
f 1805//932 2301//932 2201//932
f 2214//930 1809//930 2306//930
f 2290//925 2299//925 2308//925
f 2004//924 2298//924 2005//924
f 2152//925 2148//925 2334//925
f 1820//924 2335//924 2016//924
f 2149//932 1828//932 2336//932
f 2337//932 2025//932 2024//932
f 1775//924 2338//924 2028//924
f 2165//930 2339//930 1833//930
f 1830//925 2340//925 2159//925
f 2341//924 2035//924 1848//924
f 2034//933 2342//933 1839//933
f 2309//934 2088//934 2087//934
f 2313//930 2172//930 2040//930
f 2030//932 2314//932 2039//932
f 1860//935 2319//935 1877//935
f 1874//936 2318//936 2041//936
f 2343//925 2180//925 2043//925
f 2202//930 2344//930 2042//930
f 1880//924 2345//924 1885//924
f 1882//932 2346//932 2045//932
f 2288//937 1970//937 1969//937 2289//937
f 2347//938 1973//938 1975//938 2322//938
f 2348//939 2067//939 1977//939 2323//939
f 1750//940 2349//940 2323//940 1751//940
f 2350//941 1981//941 1984//941 2351//941
f 2352//942 1766//942 1987//942 2325//942
f 1762//921 2353//921 2325//921 1763//921
f 1771//937 2354//937 2329//937 1862//937
f 2212//921 2355//921 2328//921 2203//921
f 2327//943 1991//943 1990//943 2328//943
f 2330//944 1777//944 1780//944 2329//944
f 2356//937 2173//937 1997//937 2332//937
f 1782//943 2357//943 2332//943 1783//943
f 2048//944 2358//944 2331//944 2049//944
f 1921//765 1924//765 2198//765 2199//765
f 2176//945 2300//945 2299//945 2290//945
f 2135//944 2295//944 2294//944 2197//944
f 2293//921 2199//921 2198//921 2294//921
f 2304//946 2010//946 1790//946 2305//946
f 2307//947 1808//947 2201//947 2301//947
f 1804//944 2302//944 2301//944 1805//944
f 2214//943 2306//943 2305//943 1789//943
f 2298//937 2004//937 2308//937 2299//937
f 2154//878 2160//878 1774//767 1773//767
f 2359//944 2140//944 2016//944 2335//944
f 1819//948 2360//948 2335//948 1820//948
f 2151//921 2361//921 2362//921 2213//921
f 2161//921 2363//921 2339//921 2165//921
f 1774//937 2364//937 2338//937 1775//937
f 2337//944 2024//944 2028//944 2338//944
f 2340//943 1830//943 1833//943 2339//943
f 2033//949 2365//949 2342//949 2034//949
f 2366//950 1850//950 1853//950 2367//950
f 2368//951 1840//951 1839//951 2342//951
f 1859//943 2320//943 2319//943 1860//943
f 1836//944 2315//944 2314//944 2030//944
f 2313//921 2040//921 2039//921 2314//921
f 2318//937 1874//937 1877//937 2319//937
f 1879//937 2369//937 2345//937 1880//937
f 2164//921 2370//921 2344//921 2202//921
f 2343//943 2043//943 2042//943 2344//943
f 2346//944 1882//944 1885//944 2345//944
f 2065//952 2321//952 2371//952 2066//952
f 2372//922 2324//922 2373//922 2374//922 2348//922 2323//922 2349//922 2371//922 2321//922 2375//922 2376//922 2347//922 2322//922 2377//922
f 2060//953 2324//953 2372//953 2062//953
f 2066//954 2371//954 2349//954 1750//954
f 2324//939 1759//939 1758//939 2373//939
f 2321//938 2195//938 1822//938 2375//938
f 2326//955 1767//955 1766//955 2352//955
f 2378//956 2072//956 1981//956 2350//956
f 2080//957 2326//957 2379//957 2077//957
f 2352//958 2325//958 2353//958 2380//958 2378//958 2350//958 2351//958 2381//958 2379//958 2326//958
f 1972//944 2288//944 2287//944 2086//944
f 1971//943 2284//943 2289//943 2207//943
f 2341//937 1848//937 1847//937 2382//937
f 2310//959 2096//959 1850//959 2366//959
f 2103//960 2383//960 2365//960 2033//960
f 2035//944 2341//944 2384//944 2104//944
f 2088//961 2309//961 2383//961 2103//961
f 2342//922 2365//922 2383//922 2309//922 2310//922 2366//922 2367//922 2385//922 2384//922 2341//922 2382//922 2386//922 2368//922
f 2110//944 2387//944 2358//944 2048//944
f 2109//944 2333//944 2387//944 2110//944
f 2388//922 2389//922 2390//922 2391//922 2331//922 2358//922 2387//922 2333//922 2392//922 2356//922 2332//922 2357//922
f 2392//962 1786//962 2173//962 2356//962
f 2389//921 2093//921 1842//921 2390//921
f 2333//963 1787//963 1786//963 2392//963
f 2045//921 2346//921 2393//921 2122//921
f 2123//937 2394//937 2369//937 1879//937
f 2126//937 2395//937 2394//937 2123//937
f 2131//937 2396//937 2395//937 2126//937
f 2200//964 2293//964 2292//964 2177//964
f 2290//772 2308//772 1929//772 1928//772
f 1922//965 2200//965 2177//965 2132//965
f 2005//944 2298//944 2297//944 2137//944
f 2136//966 2137//966 2134//966 2133//966
f 2334//967 2148//967 2138//967 2397//967
f 2398//968 2359//968 2335//968 2360//968 2399//968 2334//968 2397//968 2400//968 2362//968 2361//968 2401//968 2336//968
f 2149//969 2336//969 2401//969 2150//969
f 2150//970 2401//970 2361//970 2151//970
f 2152//937 2334//937 2399//937 2153//937
f 2153//971 2399//971 2360//971 1819//971
f 2306//972 1809//972 1808//972 2307//972
f 2160//973 2402//973 2364//973 1774//973
f 2025//974 2337//974 2403//974 2158//974
f 2403//922 2337//922 2338//922 2364//922 2402//922 2340//922 2339//922 2363//922
f 2159//975 2340//975 2402//975 2160//975
f 2158//976 2403//976 2363//976 2161//976
f 2041//944 2318//944 2317//944 2167//944
f 2172//977 2313//977 2312//977 2169//977
f 2404//922 2343//922 2344//922 2370//922 2405//922 2406//922 2407//922 2408//922 2393//922 2346//922 2345//922 2369//922 2394//922 2395//922 2396//922 2409//922
f 2180//937 2343//937 2404//937 2181//937
f 2181//937 2404//937 2409//937 2183//937
f 2183//937 2409//937 2396//937 2131//937
f 2178//921 2407//921 2406//921 2192//921
f 2147//978 2153//978 1819//978 1818//978
f 2410//922 2327//922 2328//922 2355//922 2411//922 2330//922 2329//922 2354//922
f 2412//922 2413//922 2414//922 2415//922 2416//922 2417//922 2418//922 2419//922
f 2415//925 2218//925 2238//925
f 2246//930 2416//930 2237//930
f 2234//932 2417//932 2239//932
f 2415//943 2238//943 2237//943 2416//943
f 2218//937 2415//937 2414//937 2219//937
f 2239//921 2417//921 2416//921 2246//921
f 2417//944 2234//944 2236//944 2418//944
f 2420//930 2274//930 2283//930
f 2271//925 2275//925 2421//925
f 2256//979 2260//979 2422//979
f 2259//980 2251//980 2423//980
f 2272//937 2271//937 2421//937 2424//937
f 2420//943 2421//943 2275//943 2274//943
f 2423//981 2422//981 2260//981 2259//981
f 2283//921 2282//921 2425//921 2420//921
f 2425//922 2426//922 2422//922 2423//922 2427//922 2428//922 2424//922 2421//922 2420//922
f 2251//982 2250//982 2427//982 2423//982
usemtl Wall_Medium.004
f 2429//768 2430//768 2431//768 2432//768
f 2433//764 2434//764 2435//764 2436//764
f 2437//764 2438//764 2439//764 2440//764
f 2441//768 2442//768 2443//768 2444//768
f 2445//768 2446//768 2447//768 2448//768
f 2449//920 2450//920 2451//983 2452//983
f 2453//764 2454//764 2455//764 2456//764
f 2457//765 2458//765 2459//765 2460//765
f 2461//770 2462//770 2463//770 2464//770
f 2465//764 2466//764 2467//764 2468//764
f 2469//984 2470//984 2471//984 2472//984
f 2473//764 2474//764 2434//764 2433//764
f 2475//768 2476//768 2477//768 2478//768
f 2479//764 2480//764 2474//764 2473//764
f 2481//768 2482//768 2483//768 2484//768
f 2485//785 2486//785 2437//785
f 2487//798 2488//798 2489//798
f 2440//784 2447//784 2490//784
f 2430//801 2491//801 2492//801
f 2493//801 2444//801 2494//801
f 2456//784 2441//784 2495//784
f 2460//798 2463//798 2496//798
f 2462//785 2497//785 2498//785
f 2499//785 2500//785 2465//785
f 2501//798 2502//798 2503//798
f 2472//914 2477//914 2504//914
f 2476//985 2505//985 2506//985
f 2507//785 2508//785 2479//785
f 2509//799 2510//799 2511//799
f 2436//784 2483//784 2512//784
f 2513//986 2514//986 2515//986
f 2516//770 2517//770 2518//770 2486//770
f 2437//806 2440//806 2490//806 2485//806
f 2430//814 2429//814 2519//814 2491//814
f 2491//761 2487//761 2489//761 2492//761
f 2520//815 2489//815 2488//815 2521//815
f 2522//987 2490//987 2447//987 2446//987
f 2444//814 2443//814 2523//814 2494//814
f 2457//761 2460//761 2496//761 2524//761
f 2455//783 2442//783 2441//783 2456//783
f 2453//806 2456//806 2495//806 2525//806
f 2493//816 2495//816 2441//816 2444//816
f 2498//815 2496//815 2463//815 2462//815
f 2526//765 2527//765 2528//765 2501//765
f 2502//770 2529//770 2530//770 2500//770
f 2476//917 2475//917 2531//917 2505//917
f 2526//761 2501//761 2503//761 2532//761
f 2499//815 2503//815 2502//815 2500//815
f 2506//988 2504//988 2477//988 2476//988
f 2533//989 2534//989 2535//989 2508//989
f 2513//814 2536//814 2537//814 2514//814
f 2514//761 2509//761 2511//761 2515//761
f 2435//783 2484//783 2483//783 2436//783
f 2538//816 2512//816 2483//816 2482//816
f 2515//816 2539//816 2540//816 2513//816
f 2510//770 2541//770 2542//770 2543//770
f 2511//763 2544//763 2545//763 2507//763 2546//763 2547//763 2512//763 2538//763 2548//763 2539//763 2515//763
f 2549//990 2550//990 2454//990 2453//990
f 2551//991 2522//991 2446//991 2552//991
f 2432//768 2431//768 2552//768 2553//768
f 2520//763 2554//763 2485//763 2490//763 2522//763 2551//763 2555//763 2492//763 2489//763
f 2553//768 2552//768 2446//768 2445//768
f 2505//992 2531//992 2450//920 2449//920
f 2494//993 2523//993 2556//993 2557//993
f 2557//994 2556//994 2558//994 2559//994
f 2497//765 2560//765 2561//765 2562//765
f 2497//995 2562//995 2563//995 2498//995
f 2559//765 2558//765 2458//765 2457//765
f 2564//763 2565//763 2524//763 2496//763 2498//763 2563//763 2566//763 2525//763 2495//763 2493//763
f 2559//761 2457//761 2524//761 2565//761
f 2465//806 2468//806 2567//806 2499//806
f 2471//915 2478//915 2477//915 2472//915
f 2452//996 2451//996 2527//996 2526//996
f 2567//763 2568//763 2504//763 2506//763 2569//763 2570//763 2532//763 2503//763 2499//763
f 2459//805 2464//805 2463//805 2460//805
f 2571//997 2572//997 2482//997 2481//997
f 2500//772 2530//772 2466//772 2465//772
f 2528//805 2529//805 2502//805 2501//805
f 2562//998 2561//998 2550//998 2549//998
f 2488//770 2573//770 2574//770 2521//770
f 2521//770 2574//770 2517//770 2516//770
f 2439//783 2448//783 2447//783 2440//783
f 2575//805 2573//805 2488//805 2487//805
f 2486//772 2518//772 2438//772 2437//772
f 2491//765 2519//765 2575//765 2487//765
f 2576//999 2540//999 2572//999 2571//999
f 2536//768 2513//768 2540//768 2576//768
f 2543//1000 2542//1000 2534//1000 2533//1000
f 2577//805 2541//805 2510//805 2509//805
f 2508//772 2535//772 2480//772 2479//772
f 2514//765 2537//765 2577//765 2509//765
f 2505//1001 2449//1001 2569//1001 2506//1001
f 2468//909 2467//909 2470//909 2469//909
f 2544//815 2511//815 2510//815 2543//815
f 2479//806 2473//806 2546//806 2507//806
f 2578//925 2438//925 2518//925
f 2575//930 2579//930 2573//930
f 2439//924 2580//924 2448//924
f 2429//932 2581//932 2519//932
f 2582//932 2523//932 2443//932
f 2455//924 2583//924 2442//924
f 2459//930 2584//930 2464//930
f 2461//925 2585//925 2560//925
f 2586//925 2466//925 2530//925
f 2528//930 2587//930 2529//930
f 2471//980 2588//980 2478//980
f 2475//1002 2589//1002 2531//1002
f 2590//925 2480//925 2535//925
f 2577//1003 2591//1003 2541//1003
f 2435//924 2592//924 2484//924
f 2536//1004 2593//1004 2537//1004
f 2438//937 2578//937 2580//937 2439//937
f 2519//921 2581//921 2579//921 2575//921
f 2594//943 2574//943 2573//943 2579//943
f 2595//1005 2445//1005 2448//1005 2580//1005
f 2458//921 2596//921 2584//921 2459//921
f 2454//937 2597//937 2583//937 2455//937
f 2582//944 2443//944 2442//944 2583//944
f 2585//943 2461//943 2464//943 2584//943
f 2527//921 2598//921 2587//921 2528//921
f 2586//943 2530//943 2529//943 2587//943
f 2589//1006 2475//1006 2478//1006 2588//1006
f 2537//921 2593//921 2591//921 2577//921
f 2599//944 2481//944 2484//944 2592//944
f 2593//944 2536//944 2576//944 2600//944
f 2591//922 2593//922 2600//922 2601//922 2599//922 2592//922 2602//922 2603//922 2590//922 2604//922 2605//922
f 2606//1007 2553//1007 2445//1007 2595//1007
f 2594//922 2579//922 2581//922 2607//922 2606//922 2595//922 2580//922 2578//922 2608//922
f 2560//1008 2585//1008 2609//1008 2561//1008
f 2610//922 2582//922 2583//922 2597//922 2611//922 2609//922 2585//922 2584//922 2596//922 2612//922
f 2558//921 2612//921 2596//921 2458//921
f 2466//937 2586//937 2613//937 2467//937
f 2613//922 2586//922 2587//922 2598//922 2614//922 2615//922 2589//922 2588//922 2616//922
f 2531//1009 2589//1009 2615//1009 2450//1009
f 2605//943 2542//943 2541//943 2591//943
f 2480//937 2590//937 2603//937 2474//937
f 2462//772 2461//772 2560//772 2497//772
usemtl Wall_Highlights.004
f 2051//801 1747//801 1746//801
f 2208//801 2070//801 2071//801
f 1986//784 2211//784 1983//784
f 2095//798 2117//798 2092//798
f 2022//798 2021//798 2014//798
f 2090//1010 1852//1010 2037//1010
f 2083//1011 2051//1011 1746//1011 1756//1011
f 2064//1012 1894//1012 1893//1012 2055//1012
f 2079//806 2211//806 1986//806 2075//806
f 2115//1013 1914//1013 1916//1013 1844//1013
f 2144//1014 2022//1014 2014//1014 2013//1014
f 2194//1015 2090//1015 2037//1015 2106//1015
f 2469//1016 2472//1016 2504//1016 2568//1016
f 2433//1017 2436//1017 2512//1017 2547//1017
f 2061//1018 2064//1018 2055//1018 2054//1018
f 2058//1019 1978//1019 1979//1019 2068//1019
f 2056//1020 1976//1020 1974//1020 1824//1020
f 2057//1021 2056//1021 1824//1021 1823//1021
f 2059//1022 2058//1022 2068//1022 1757//1022
f 2073//1023 2079//1023 2075//1023 2074//1023
f 2081//1024 1761//1024 1989//1024 2076//1024
f 2208//1025 2081//1025 2076//1025 2070//1025
f 2085//1026 2083//1026 1756//1026 1755//1026
f 2539//1027 2548//1027 2572//1027 2540//1027
f 2548//1028 2538//1028 2482//1028 2572//1028
f 2507//1029 2545//1029 2533//1029 2508//1029
f 2545//1030 2544//1030 2543//1030 2533//1030
f 2091//1031 2105//1031 2097//1031 1846//1031
f 2101//1032 2194//1032 2106//1032 2102//1032
f 2095//1033 2112//1033 2113//1033 2117//1033
f 2112//1034 1781//1034 2000//1034 2113//1034
f 2116//1035 2115//1035 1844//1035 1843//1035
f 2555//1036 2551//1036 2552//1036 2431//1036
f 2554//1037 2520//1037 2521//1037 2516//1037
f 2485//1038 2554//1038 2516//1038 2486//1038
f 2492//1039 2555//1039 2431//1039 2430//1039
f 2118//1040 2130//1040 2187//1040 2119//1040
f 2130//1041 2179//1041 2188//1041 2187//1041
f 2133//1042 2006//1042 1799//1042 1798//1042
f 2174//1043 2003//1043 1794//1043 1793//1043
f 1938//1044 2142//1044 1826//1044 1829//1044
f 2141//1045 2144//1045 2013//1045 2139//1045
f 2142//1046 2017//1046 2018//1046 1826//1046
f 1817//1047 1816//1047 2008//1047 1925//1047
f 2549//1048 2453//1048 2525//1048 2566//1048
f 2494//1049 2557//1049 2564//1049 2493//1049
f 2562//1050 2549//1050 2566//1050 2563//1050
f 2557//1051 2559//1051 2565//1051 2564//1051
f 2166//1052 1834//1052 1869//1052 1868//1052
f 2168//1053 2171//1053 1864//1053 1873//1053
f 2171//1054 1858//1054 1865//1054 1864//1054
f 1834//1055 1837//1055 1870//1055 1869//1055
f 2452//1056 2526//1056 2532//1056 2570//1056
f 2449//1057 2452//1057 2570//1057 2569//1057
f 2468//1058 2469//1058 2568//1058 2567//1058
f 2132//1059 2174//1059 1793//1059 1802//1059
f 2136//1060 2133//1060 1798//1060 1797//1060
f 2191//1061 2162//1061 2190//1061 2189//1061
f 2162//1062 2046//1062 2047//1062 2190//1062
f 2105//1063 2038//1063 1841//1063 2097//1063
f 1816//1064 1815//1064 2009//1064 2008//1064
f 2206//1065 1994//1065 1995//1065 2216//1065
f 1907//1066 1769//1066 2215//1066 1905//1066
f 1912//1067 2206//1067 2216//1067 1913//1067
f 1769//1068 1772//1068 1992//1068 2215//1068
f 2473//1069 2433//1069 2547//1069 2546//1069
f 2222//1070 2221//1070 2242//1070 2247//1070
f 2243//784 2242//784 2221//784
f 2244//1071 2243//1071 2221//1071 2228//1071
f 2220//1072 2244//1072 2228//1072 2227//1072
f 2223//1073 2222//1073 2247//1073 2235//1073
f 2258//1074 2281//1074 2269//1074 2255//1074
f 2253//1075 2279//1075 2276//1075 2273//1075
f 2249//1076 2280//1076 2279//1076 2253//1076
f 2278//1077 2277//1077 2281//1077 2258//1077
f 2050//932 2285//932 1968//932
f 2209//932 2072//932 2378//932
f 2351//924 1984//924 2210//924
f 2094//930 2093//930 2389//930
f 2362//930 2015//930 2213//930
f 2089//1078 2367//1078 1853//1078
f 2084//1079 2286//1079 2285//1079 2050//1079
f 2063//1080 2377//1080 2322//1080 2196//1080
f 2078//937 2381//937 2351//937 2210//937
f 2391//1081 1845//1081 1996//1081 2331//1081
f 2400//1082 2012//1082 2015//1082 2362//1082
f 2193//1083 2385//1083 2367//1083 2089//1083
f 2470//1084 2616//1084 2588//1084 2471//1084
f 2434//1085 2602//1085 2592//1085 2435//1085
f 2062//1086 2372//1086 2377//1086 2063//1086
f 2374//1087 2069//1087 2067//1087 2348//1087
f 2376//1088 1825//1088 1973//1088 2347//1088
f 2375//1089 1822//1089 1825//1089 2376//1089
f 2373//1090 1758//1090 2069//1090 2374//1090
f 2077//1091 2379//1091 2381//1091 2078//1091
f 2082//1092 2380//1092 2353//1092 1762//1092
f 2209//1093 2378//1093 2380//1093 2082//1093
f 2086//1094 2287//1094 2286//1094 2084//1094
f 2600//1095 2576//1095 2571//1095 2601//1095
f 2601//1096 2571//1096 2481//1096 2599//1096
f 2590//1097 2535//1097 2534//1097 2604//1097
f 2604//1098 2534//1098 2542//1098 2605//1098
f 2382//1099 1847//1099 2098//1099 2386//1099
f 2104//1100 2384//1100 2385//1100 2193//1100
f 2094//1101 2389//1101 2388//1101 2111//1101
f 2111//1102 2388//1102 2357//1102 1782//1102
f 2390//1103 1842//1103 1845//1103 2391//1103
f 2607//1104 2432//1104 2553//1104 2606//1104
f 2608//1105 2517//1105 2574//1105 2594//1105
f 2578//1106 2518//1106 2517//1106 2608//1106
f 2581//1107 2429//1107 2432//1107 2607//1107
f 2122//1108 2393//1108 2408//1108 2129//1108
f 2129//1109 2408//1109 2407//1109 2178//1109
f 2134//1110 2296//1110 2295//1110 2135//1110
f 2175//1111 2291//1111 2300//1111 2176//1111
f 2336//1112 1828//1112 1827//1112 2398//1112
f 2397//1113 2138//1113 2012//1113 2400//1113
f 2398//1114 1827//1114 2140//1114 2359//1114
f 2302//1115 2011//1115 2007//1115 2303//1115
f 2550//1116 2611//1116 2597//1116 2454//1116
f 2523//1117 2582//1117 2610//1117 2556//1117
f 2561//1118 2609//1118 2611//1118 2550//1118
f 2556//1119 2610//1119 2612//1119 2558//1119
f 2167//1120 2317//1120 2316//1120 1835//1120
f 2169//1121 2312//1121 2311//1121 2170//1121
f 2170//1122 2311//1122 2320//1122 1859//1122
f 1835//1123 2316//1123 2315//1123 1836//1123
f 2451//1124 2614//1124 2598//1124 2527//1124
f 2450//1125 2615//1125 2614//1125 2451//1125
f 2467//1126 2613//1126 2616//1126 2470//1126
f 2177//1127 2292//1127 2291//1127 2175//1127
f 2137//1128 2297//1128 2296//1128 2134//1128
f 2192//1129 2406//1129 2405//1129 2163//1129
f 2163//1130 2405//1130 2370//1130 2164//1130
f 2386//1131 2098//1131 1840//1131 2368//1131
f 2303//1132 2007//1132 2010//1132 2304//1132
f 2205//1133 2411//1133 2355//1133 2212//1133
f 2204//1134 2327//1134 2410//1134 1770//1134
f 1993//1135 2330//1135 2411//1135 2205//1135
f 1770//1136 2410//1136 2354//1136 1771//1136
f 2474//1137 2603//1137 2602//1137 2434//1137
f 2419//1138 2248//1138 2241//1138 2412//1138
f 2240//924 2412//924 2241//924
f 2245//1139 2413//1139 2412//1139 2240//1139
f 2219//1140 2414//1140 2413//1140 2245//1140
f 2418//1141 2236//1141 2248//1141 2419//1141
f 2257//1142 2256//1142 2422//1142 2426//1142
f 2254//1143 2272//1143 2424//1143 2428//1143
f 2250//1144 2254//1144 2428//1144 2427//1144
f 2282//1145 2257//1145 2426//1145 2425//1145
o Floor_Modular_Cube.001
v 0.433881 -0.002548 0.435211
v 0.433881 -0.188798 0.435211
v 0.414881 -0.188798 0.416211
v 0.414881 -0.002548 0.416211
v 0.427122 -0.189447 0.584240
v 0.446122 -0.189447 0.603240
v 0.446122 -0.001899 0.603240
v 0.427122 -0.001899 0.584240
v 0.786383 -0.000875 0.601409
v 0.786383 -0.190472 0.601409
v 0.448063 -0.190471 0.600030
v 0.448063 -0.000875 0.600030
v 0.414881 0.008212 0.878094
v 0.414881 0.008212 0.980603
v 0.433881 -0.002548 0.980603
v 0.433881 -0.002548 0.878094
v 0.429063 -0.000875 0.831779
v 0.429063 -0.190471 0.831779
v 0.429063 -0.190471 0.980066
v 0.429063 -0.000875 0.980066
v 0.406800 0.008212 0.849592
v 0.425800 -0.002548 0.849592
v -0.997333 -0.011948 0.709718
v -0.997333 -0.179398 0.709718
v -0.997333 -0.179398 0.831878
v -0.997333 -0.011948 0.831878
v 0.427122 -0.001899 0.317555
v 0.427122 -0.189447 0.317555
v 0.427122 -0.189447 0.365993
v 0.427122 -0.001899 0.365993
v 0.975401 -0.189448 0.603240
v 0.975401 -0.001899 0.603240
v -0.163392 0.018731 -0.133322
v -0.163392 -0.210077 -0.133322
v -0.143434 -0.210077 -0.131400
v -0.143434 0.018731 -0.131400
v 0.094742 -0.000875 -0.131658
v 0.094742 -0.190471 -0.131658
v -0.244270 -0.190471 -0.131658
v -0.244270 -0.000875 -0.131658
v -0.255189 -0.000875 -0.016188
v -0.255189 -0.190471 -0.016188
v -0.263270 -0.190471 0.398193
v -0.263270 -0.000875 0.398193
v -0.981930 -0.190470 -0.999972
v -0.997333 -0.190470 -0.981520
v -0.997333 -0.000875 -0.981520
v -0.981929 -0.000875 -0.999972
v -0.997333 -0.190470 -0.700137
v -0.997333 -0.000875 -0.700137
v -0.981930 -0.000875 -0.348485
v -0.981930 -0.190471 -0.348485
v -0.269438 -0.190471 -0.348485
v -0.269438 -0.000875 -0.348485
v -0.247827 -0.000875 -0.617153
v -0.247827 -0.190471 -0.617153
v -0.250438 -0.190471 -0.981520
v -0.250438 -0.000875 -0.981520
v -0.269438 0.009885 -0.367485
v -0.277669 0.009885 -0.617153
v -0.269438 0.009885 -0.981520
v -0.981930 0.009885 -0.981520
v -0.977804 0.009885 -0.700137
v -0.967923 0.009885 -0.617153
v -0.981930 0.009885 -0.367485
v -0.249890 -0.013603 -0.705776
v -0.249890 -0.177743 -0.705776
v -0.258843 -0.177743 -0.436509
v -0.258843 -0.013603 -0.436509
v -0.030496 -0.013603 -0.417509
v -0.030496 -0.177743 -0.417509
v 0.417449 -0.177743 -0.417509
v 0.417449 -0.013603 -0.417509
v 0.429244 -0.190471 -0.044691
v 0.429245 -0.000875 -0.044691
v 0.427784 -0.000875 0.007156
v 0.427784 -0.190471 0.007156
v -0.813467 0.011044 -0.352362
v -0.813468 -0.202389 -0.352362
v -0.980827 -0.202389 -0.352362
v -0.980826 0.011044 -0.352362
v -0.258843 -0.013603 -0.791744
v -0.258843 -0.177743 -0.791744
v -0.813468 -0.202389 0.135551
v -0.813468 0.011044 0.135551
v -0.980826 0.011044 0.146072
v -0.980827 -0.202389 0.146072
v -0.277478 0.021804 0.127072
v -0.753691 0.021804 0.127072
v -0.753691 0.011044 0.146072
v -0.277478 0.011044 0.146072
v -0.062354 0.018731 -0.421082
v -0.062354 -0.210077 -0.421082
v -0.238775 -0.210077 -0.421082
v -0.238775 0.018731 -0.421082
v -0.020014 0.029491 -0.377765
v -0.062354 0.029491 -0.402082
v -0.238775 0.029491 -0.402082
v -0.238775 0.029491 -0.150400
v -0.219909 0.029491 -0.150400
v -0.163392 0.029491 -0.165365
v -0.143434 0.029491 -0.150400
v 0.407769 0.029491 -0.150400
v 0.407769 0.029491 -0.402082
v 0.014121 0.029491 -0.393610
v -0.257775 -0.210077 -0.150400
v -0.257775 0.018731 -0.150400
v -0.257775 0.018731 -0.402082
v -0.257775 -0.210077 -0.402082
v -0.211756 0.008212 0.826247
v -0.230611 0.008212 0.435211
v -0.253627 -0.002548 0.435211
v -0.252167 -0.002548 0.826247
v -0.132853 -0.002548 1.000606
v -0.132853 -0.188798 1.000606
v -0.038649 -0.188798 1.000606
v -0.038649 -0.002548 1.000606
v 0.978348 -0.000875 0.600030
v 0.990922 0.006100 0.612938
v 1.007484 -0.000875 0.619030
v 0.990922 0.006100 0.986158
v 0.978348 -0.000875 1.000606
v 1.007484 -0.000875 0.980066
v 0.429063 -0.000875 0.619030
v 0.449473 0.006100 0.612938
v 0.448063 -0.000875 1.000606
v 0.449473 0.006100 0.986158
v -0.038649 0.008212 0.980603
v -0.132853 0.008212 0.963543
v -0.230611 -0.002548 1.000606
v -0.230611 0.008212 0.980603
v -0.230611 0.008212 0.878094
v -0.253628 -0.002548 0.878094
v 0.446122 0.008861 0.083098
v 0.446122 -0.001899 0.064098
v 0.427122 -0.001899 0.083098
v 1.007484 -0.001899 0.083098
v 0.975401 -0.001899 0.064098
v 0.975401 0.008861 0.083098
v 0.446122 0.008861 0.584240
v 1.007484 -0.001899 0.584240
v 0.975401 0.008861 0.584240
v 0.410244 -0.000875 -0.131658
v 0.410244 0.009885 -0.112658
v 0.429245 -0.000875 -0.112658
v 0.410244 0.009885 0.398193
v 0.410244 -0.000875 0.417193
v 0.429244 -0.000875 0.398193
v -0.263270 -0.000875 -0.112658
v -0.244270 0.009885 -0.112658
v -0.244270 -0.000875 0.417193
v -0.244270 0.009885 0.398193
v -0.997333 -0.000875 -0.367485
v -0.250438 -0.000875 -0.367485
v -0.269438 -0.000875 -0.999972
v -0.258843 -0.013603 -0.983084
v -0.239843 -0.002843 -0.983084
v -0.239843 -0.013603 -0.999972
v 0.415412 -0.002844 -0.983084
v 0.434412 -0.013603 -0.983084
v 0.415412 -0.013603 -0.999972
v -0.239843 -0.013603 -0.417509
v -0.239843 -0.002843 -0.436509
v 0.434412 -0.013603 -0.436509
v 0.415412 -0.002843 -0.436509
v -0.980826 0.021804 -0.333362
v -0.997333 0.011044 -0.333362
v -0.254936 0.011044 -0.333362
v -0.277478 0.011044 -0.352362
v -0.277478 0.021804 -0.333362
v -0.997333 0.011044 0.127615
v -0.980826 0.021804 0.127072
v -0.254936 0.011044 0.127072
v 0.426769 0.018731 -0.402082
v 0.407769 0.018731 -0.421082
v 0.407769 0.018731 -0.131400
v 0.426769 0.018731 -0.150400
v -0.238775 0.018731 -0.131400
v 0.433881 -0.188799 0.878094
v 0.425800 -0.188798 0.849592
v 0.414881 -0.002548 1.000606
v -0.144647 -0.002548 0.416211
v -0.144647 -0.188798 0.416211
v -0.189467 -0.188798 0.416211
v -0.189467 -0.002548 0.416211
v 0.414881 0.008212 0.435211
v -0.230611 -0.002548 0.416211
v -0.189467 0.008212 0.435211
v 1.007484 -0.190472 0.835520
v 1.007484 -0.000875 0.835520
v 1.007484 -0.190472 0.980066
v 0.990922 0.006100 0.836463
v 0.429063 -0.190471 0.619030
v 0.449473 0.006100 0.737486
v 0.429063 -0.000875 0.739948
v 0.792118 0.006100 0.624096
v 0.903989 -0.000875 1.000606
v 0.913914 0.006100 0.963523
v 1.007484 -0.190472 0.745964
v 1.007484 -0.000875 0.745964
v 1.007484 -0.000875 0.809059
v 1.007484 -0.190472 0.809059
v 0.414881 -0.188799 1.000606
v 0.433881 -0.188799 0.980603
v 0.975401 -0.189448 0.064098
v 0.446122 -0.189447 0.064098
v 0.446122 0.008861 0.365993
v 1.007484 -0.189448 0.584240
v 1.007484 -0.001899 0.402971
v 0.975401 0.008861 0.402971
v 0.429244 -0.190471 0.398193
v 0.391389 0.009885 0.007156
v -0.263270 -0.190471 -0.112658
v -0.244270 0.009885 -0.044691
v -0.263270 -0.000875 -0.044691
v 0.094742 0.009885 -0.112658
v 0.245560 -0.000875 0.417193
v 0.245560 0.009885 0.398193
v -0.997333 -0.190470 -0.617153
v -0.997333 -0.000875 -0.617153
v -0.997333 -0.190470 -0.367485
v -0.055581 -0.177743 -0.999972
v -0.055581 -0.013603 -0.999972
v 0.415412 -0.177743 -0.999972
v -0.042224 -0.004122 -0.967473
v -0.239843 -0.177743 -0.417509
v -0.109649 -0.002843 -0.436509
v -0.109649 -0.013603 -0.417509
v -0.230890 -0.002843 -0.705776
v 0.434412 -0.013603 -0.887199
v 0.415412 -0.002844 -0.887199
v 0.407769 -0.210077 -0.131400
v -0.997333 0.011044 -0.060614
v -0.960624 0.021804 -0.060071
v -0.254936 0.011044 -0.244567
v -0.277478 0.021804 -0.244567
v -0.254936 -0.202390 -0.244567
v -0.254936 -0.202390 -0.333362
v -0.997333 -0.202389 -0.333362
v -0.813467 0.021804 0.105429
v -0.555721 0.021804 -0.330690
v -0.555721 0.011044 -0.352015
v 0.426769 -0.210077 -0.150400
v 0.426769 -0.210077 -0.402082
v -0.238775 -0.210077 -0.131400
v 0.245560 -0.190471 0.417193
v 0.410244 -0.190471 0.417193
v -0.253628 -0.188798 0.980603
v -0.253628 -0.002548 0.980603
v -0.253628 -0.188798 0.878094
v 0.786383 -0.000875 1.000606
v 0.792118 0.006100 0.986158
v 0.903989 -0.000875 0.600030
v 0.913914 0.006100 0.612938
v 0.972325 0.006100 0.809059
v 0.990922 0.006100 0.743716
v 0.468845 0.006100 0.764890
v 0.449473 0.006100 0.832588
v 0.448063 -0.190471 1.000606
v 0.786383 -0.190472 1.000606
v 0.903989 -0.190472 1.000606
v 0.978348 -0.190472 0.600030
v 0.903989 -0.190472 0.600030
v 0.432658 -0.000875 0.766410
v 0.429063 -0.190471 0.739948
v 0.432658 -0.190471 0.766410
v -0.252167 -0.188798 0.826247
v -0.253627 -0.188798 0.435211
v -0.277478 -0.202390 -0.352362
v -0.555721 -0.202390 -0.352015
v -0.230611 -0.188798 0.416211
v -0.144647 0.008212 0.435211
v -0.230611 -0.188798 1.000606
v -0.277478 -0.202390 0.146072
v -0.254936 -0.202390 0.127072
v -0.997333 -0.202389 0.127615
v -0.813467 0.021804 -0.333362
v 0.429244 -0.190471 -0.112658
v 0.410244 -0.190471 -0.131658
v -0.753691 -0.202389 0.146072
v -0.753691 0.011044 -0.351669
v -0.753691 -0.202389 -0.351669
v -0.753691 0.021804 -0.314656
v -0.254936 0.011044 -0.077310
v -0.294717 0.021804 -0.077310
v -0.997333 0.011044 -0.127125
v -0.980826 0.021804 -0.127125
v -0.254936 -0.202390 -0.077310
v -0.997333 -0.202389 -0.127125
v 0.200739 -0.000875 0.417193
v 0.200739 0.009885 0.398193
v 0.188946 -0.000875 -0.131400
v 0.188946 0.009885 -0.095598
v -0.244270 -0.190471 0.417193
v 0.200739 -0.190471 0.417193
v 0.188946 -0.190471 -0.131400
v -0.236189 0.009885 -0.016188
v 0.410244 0.009885 -0.044691
v -0.019356 -0.004797 -0.455874
v -0.090686 -0.002331 -0.987118
v -0.085099 -0.013603 -0.999972
v -0.085099 -0.177743 -0.999972
v -0.109649 -0.177743 -0.417509
v 0.411820 -0.002843 -0.801231
v -0.239843 -0.002843 -0.791744
v 0.430820 -0.013603 -0.801231
v -0.239843 -0.177743 -0.999972
v 0.434412 -0.177743 -0.436509
v 0.430820 -0.177743 -0.801231
v 0.434412 -0.177743 -0.887199
v -0.258843 -0.177743 -0.983084
v -0.263270 -0.190471 -0.044691
v -0.219909 0.018731 -0.131400
v 0.014121 0.018731 -0.417134
v -0.005837 0.018731 -0.417134
v -0.219909 -0.210077 -0.131400
v 0.014121 -0.210077 -0.417134
v -0.005837 -0.210077 -0.417134
v 0.407769 -0.210077 -0.421082
v -0.997333 -0.202389 -0.060614
v 1.007484 -0.190472 0.619030
v 0.978348 -0.190472 1.000606
v 1.007484 -0.189448 0.083098
v 0.427122 -0.189447 0.083098
v 1.007484 -0.189448 0.451409
v 1.007484 -0.001899 0.451409
v 1.007484 -0.189448 0.402971
v 0.434412 -0.177743 -0.983084
v -0.269438 -0.190471 -0.999972
v -0.250438 -0.190471 -0.367485
v 0.956716 0.008861 0.451409
v 0.457756 0.008861 0.317555
v -0.932583 -0.002069 0.966297
v -0.979466 -0.002069 0.984310
v -0.979466 -0.012829 1.000606
v -0.932583 -0.012829 1.000606
v -0.879558 -0.002069 0.984310
v -0.269986 -0.002069 0.984310
v -0.269986 -0.001188 0.709718
v -0.979466 -0.001188 0.709718
v -0.979466 -0.001188 0.831878
v -0.966393 -0.001188 0.940360
v -0.979466 -0.011948 0.690718
v -0.250986 -0.011948 0.709718
v -0.269986 -0.011948 0.690718
v -0.997333 -0.012829 0.984310
v -0.269986 -0.012829 1.000606
v -0.250986 -0.012829 0.984310
v -0.269986 -0.178517 1.000606
v -0.879558 -0.012829 1.000606
v -0.879558 -0.178517 1.000606
v -0.269986 -0.179398 0.690718
v -0.979466 -0.179398 0.690718
v -0.997333 -0.011948 0.940360
v -0.250986 -0.178517 0.984310
v -0.997333 -0.178517 0.984310
v -0.979466 -0.178517 1.000606
v -0.997333 -0.179398 0.940360
v -0.250986 -0.179398 0.709718
v -0.932583 -0.178517 1.000606
v 0.921675 -0.003349 0.068410
v 0.921674 -0.187998 0.068410
v 0.989307 -0.187998 0.070119
v 0.989307 -0.003349 0.070119
v 0.867489 -0.003349 0.067681
v 0.867489 -0.187998 0.067681
v 0.989307 -0.003349 -0.454775
v 0.989307 -0.187998 -0.454775
v 0.945850 -0.187998 -0.455471
v 0.945850 -0.003349 -0.455471
v 1.007484 -0.187998 0.051119
v 1.007484 -0.187998 -0.435775
v 1.007484 -0.003349 -0.435775
v 1.007484 -0.003349 0.051119
v 0.441797 0.007411 -0.435775
v 0.441797 -0.003349 -0.454775
v 0.422797 -0.003349 -0.435775
v 0.441797 -0.003349 0.070119
v 0.441797 0.007411 0.051119
v 0.422797 -0.003349 0.051119
v 0.989307 0.007411 -0.435775
v 0.989307 0.007411 0.051119
v 0.441797 -0.187998 0.070119
v 0.831352 -0.187998 0.070119
v 0.831353 -0.003349 0.070119
v 0.422797 -0.187997 -0.435775
v 0.422797 -0.187998 0.051119
v 0.945850 0.007411 -0.423923
v 0.831353 0.007411 0.051119
v 0.867489 0.007411 0.029570
v 0.909713 0.007411 -0.435775
v 0.909713 -0.003349 -0.454775
v 0.921675 0.007411 0.051605
v 0.424365 -0.000875 -0.912570
v 0.424365 -0.190471 -0.912570
v 0.432446 -0.190471 -0.884068
v 0.432446 -0.000875 -0.884068
v 0.909713 -0.187998 -0.454775
v 0.441797 -0.187997 -0.454775
v 0.888375 -0.000875 -0.450687
v 0.888374 -0.190472 -0.450687
v 0.933195 -0.190472 -0.450687
v 0.933195 -0.000875 -0.450687
v 0.424365 -0.190471 -0.469687
v 0.424365 -0.000875 -0.469687
v 0.782377 -0.000875 -0.999972
v 0.443365 -0.000875 -0.999972
v 0.443365 0.009885 -0.980537
v 0.782377 0.009885 -0.980537
v 0.974339 -0.000875 -0.999972
v 0.876581 -0.000875 -0.999972
v 0.876581 0.009885 -0.963478
v 0.974339 0.009885 -0.980537
v 0.443365 -0.000875 -0.450687
v 0.888375 0.009885 -0.469687
v 0.443365 0.009885 -0.469687
v 1.007484 -0.000875 -0.980537
v 1.007484 -0.190472 -0.980537
v 0.974339 -0.190471 -0.999972
v 0.443365 -0.190471 -0.999972
v 0.424365 -0.190471 -0.980537
v 0.424365 -0.000875 -0.980537
v 0.974339 0.009885 -0.469687
v 0.974339 -0.000875 -0.450687
v 1.007484 -0.000875 -0.469687
v 0.974339 -0.190472 -0.450687
v 1.007484 -0.190472 -0.469687
v 1.007484 -0.190472 -0.860723
v 1.007484 -0.000875 -0.860723
v 0.876581 -0.190471 -0.999972
v 0.443365 -0.190471 -0.450687
v 0.443365 0.009885 -0.912570
v 0.933195 0.009885 -0.469687
v 0.955484 0.009885 -0.860723
v -0.248402 -0.000875 0.603391
v -0.248402 -0.190471 0.603391
v -0.256483 -0.190471 0.574888
v -0.256483 -0.000875 0.574888
v 0.782377 -0.190471 -0.999972
v 0.451446 0.009885 -0.884068
v 0.974339 0.009885 -0.912570
v 1.007484 -0.000875 -0.912570
v 1.007484 -0.190472 -0.912570
v -0.606414 -0.000875 0.690358
v -0.606414 -0.190471 0.690358
v -0.267402 -0.190471 0.690358
v -0.267402 -0.000875 0.690358
v -0.248402 -0.190471 0.160507
v -0.248402 -0.000875 0.160507
v -0.973276 -0.000875 0.690358
v -0.973276 0.009885 0.671358
v -0.997333 -0.000875 0.671358
v -0.973276 0.009885 0.160507
v -0.973276 -0.000875 0.141508
v -0.997333 -0.000875 0.160507
v -0.248402 -0.000875 0.671358
v -0.267402 0.009885 0.671358
v -0.267402 -0.000875 0.141508
v -0.267402 0.009885 0.160507
v -0.997333 -0.190470 0.551544
v -0.997333 -0.000875 0.551544
v -0.997333 -0.190470 0.160507
v -0.954421 0.009885 0.551544
v -0.248402 -0.190471 0.671358
v -0.267402 0.009885 0.603391
v -0.606414 0.009885 0.671358
v -0.757232 -0.000875 0.141508
v -0.757232 0.009885 0.160507
v -0.757232 -0.190471 0.141508
v -0.973276 -0.190470 0.141508
v -0.997333 -0.190470 0.671358
v -0.973276 -0.190470 0.690358
v -0.712411 -0.000875 0.141508
v -0.712411 0.009885 0.160507
v -0.700618 -0.000875 0.690100
v -0.700618 0.009885 0.654298
v -0.267402 -0.190471 0.141508
v -0.712411 -0.190471 0.141508
v -0.700618 -0.190471 0.690100
v -0.275483 0.009885 0.574888
v -0.973276 0.009885 0.603391
v -0.997333 -0.000875 0.603391
v -0.997333 -0.190470 0.603391
v 0.414881 -0.199558 0.878094
v 0.414881 -0.199558 0.980603
v 0.406800 -0.199558 0.849592
v -0.269438 -0.201231 -0.367485
v -0.981930 -0.201230 -0.367485
v -0.967923 -0.201230 -0.617153
v -0.977805 -0.201230 -0.700137
v -0.981930 -0.201230 -0.981520
v -0.269438 -0.201231 -0.981520
v -0.277669 -0.201231 -0.617153
v -0.277478 -0.213150 0.127072
v -0.753691 -0.213149 0.127072
v -0.020014 -0.220837 -0.377765
v 0.014121 -0.220837 -0.393610
v 0.407769 -0.220837 -0.402082
v 0.407769 -0.220837 -0.150400
v -0.143434 -0.220837 -0.150400
v -0.163392 -0.220837 -0.165365
v -0.219909 -0.220837 -0.150400
v -0.238775 -0.220837 -0.150400
v -0.238775 -0.220837 -0.402082
v -0.062354 -0.220837 -0.402082
v -0.211756 -0.199558 0.826247
v -0.230611 -0.199558 0.435211
v 0.990922 -0.197447 0.612938
v 0.990922 -0.197447 0.986158
v 0.449473 -0.197447 0.612938
v 0.449473 -0.197447 0.986158
v -0.132853 -0.199558 0.963543
v -0.038649 -0.199558 0.980603
v -0.230611 -0.199558 0.980603
v -0.230611 -0.199558 0.878094
v 0.446122 -0.200207 0.083098
v 0.975401 -0.200207 0.083098
v 0.446122 -0.200207 0.584240
v 0.975401 -0.200208 0.584240
v 0.410244 -0.201231 -0.112658
v 0.410244 -0.201231 0.398193
v -0.244270 -0.201231 -0.112658
v -0.244270 -0.201231 0.398193
v -0.239843 -0.188502 -0.983084
v 0.415412 -0.188503 -0.983084
v -0.239843 -0.188503 -0.436509
v 0.415412 -0.188503 -0.436509
v -0.980827 -0.213149 -0.333362
v -0.277478 -0.213150 -0.333362
v -0.980827 -0.213149 0.127072
v 0.414881 -0.199558 0.435211
v -0.189467 -0.199558 0.435211
v 0.990922 -0.197447 0.836463
v 0.449473 -0.197447 0.737486
v 0.792118 -0.197447 0.624096
v 0.913914 -0.197447 0.963523
v 0.446122 -0.200207 0.365993
v 0.975401 -0.200207 0.402971
v 0.391389 -0.201231 0.007156
v -0.244270 -0.201231 -0.044691
v 0.094742 -0.201231 -0.112658
v 0.245560 -0.201231 0.398193
v -0.042224 -0.187224 -0.967473
v -0.109649 -0.188503 -0.436509
v -0.230890 -0.188503 -0.705776
v 0.415412 -0.188503 -0.887199
v -0.960624 -0.213149 -0.060071
v -0.277478 -0.213150 -0.244567
v -0.813468 -0.213149 0.105429
v -0.555721 -0.213150 -0.330690
v 0.792118 -0.197447 0.986158
v 0.913914 -0.197447 0.612938
v 0.449473 -0.197447 0.832588
v 0.468845 -0.197447 0.764890
v 0.990922 -0.197447 0.743716
v 0.972325 -0.197447 0.809059
v -0.144647 -0.199558 0.435211
v -0.813468 -0.213149 -0.333362
v -0.753691 -0.213149 -0.314656
v -0.294717 -0.213150 -0.077310
v -0.980827 -0.213149 -0.127125
v 0.200739 -0.201231 0.398193
v 0.188946 -0.201231 -0.095598
v 0.410244 -0.201231 -0.044691
v -0.236189 -0.201231 -0.016188
v -0.019356 -0.186549 -0.455874
v -0.090686 -0.189015 -0.987118
v -0.239843 -0.188502 -0.791744
v 0.411820 -0.188503 -0.801231
v 0.956716 -0.200207 0.451409
v 0.457756 -0.200207 0.317555
v -0.932583 -0.189277 0.966297
v -0.979466 -0.189276 0.984310
v -0.966393 -0.190158 0.940360
v -0.979466 -0.190158 0.831878
v -0.979466 -0.190157 0.709718
v -0.269986 -0.190158 0.709718
v -0.269986 -0.189277 0.984310
v -0.879558 -0.189277 0.984310
v 0.441797 -0.198757 -0.435775
v 0.441797 -0.198757 0.051119
v 0.989307 -0.198758 -0.435775
v 0.989307 -0.198758 0.051119
v 0.945850 -0.198758 -0.423923
v 0.831352 -0.198758 0.051119
v 0.867489 -0.198758 0.029570
v 0.909713 -0.198758 -0.435775
v 0.921674 -0.198758 0.051605
v 0.782377 -0.201231 -0.980537
v 0.443365 -0.201231 -0.980537
v 0.974339 -0.201231 -0.980537
v 0.876581 -0.201231 -0.963478
v 0.443365 -0.201231 -0.469687
v 0.888374 -0.201231 -0.469687
v 0.974339 -0.201231 -0.469687
v 0.443365 -0.201231 -0.912570
v 0.933195 -0.201231 -0.469687
v 0.955483 -0.201231 -0.860723
v 0.974339 -0.201231 -0.912570
v 0.451446 -0.201231 -0.884068
v -0.973276 -0.201230 0.671358
v -0.973276 -0.201230 0.160507
v -0.267402 -0.201231 0.671358
v -0.267402 -0.201231 0.160507
v -0.954421 -0.201230 0.551544
v -0.267402 -0.201231 0.603391
v -0.606414 -0.201231 0.671358
v -0.757232 -0.201230 0.160507
v -0.712411 -0.201230 0.160507
v -0.700618 -0.201231 0.654298
v -0.973276 -0.201230 0.603391
v -0.275483 -0.201231 0.574888
vn 0.7071 0.0000 -0.7071
vn -0.7071 0.0000 0.7071
vn 0.0041 0.0000 -1.0000
vn 0.4928 0.8702 0.0000
vn -1.0000 0.0000 0.0000
vn 0.4880 0.8618 -0.1384
vn 0.0000 0.0000 1.0000
vn -0.0959 0.0000 0.9954
vn 0.0014 0.0000 -1.0000
vn 0.0000 0.0000 -1.0000
vn -0.9998 0.0000 -0.0195
vn -0.7677 0.0000 -0.6408
vn 1.0000 0.0000 -0.0072
vn -0.0000 1.0000 0.0000
vn -0.9994 0.0000 -0.0332
vn 0.9996 -0.0000 0.0282
vn 0.0058 -0.0000 -1.0000
vn -0.9946 0.0000 0.1036
vn 0.0627 -0.0000 0.9980
vn 0.0000 0.8702 0.4928
vn -0.3213 0.9469 0.0083
vn 0.4755 0.4922 -0.7291
vn 0.4822 0.5475 0.6839
vn -0.4012 0.8235 -0.4012
vn -0.3971 0.8411 0.3673
vn -0.0319 0.9352 0.3527
vn 0.0308 0.9352 0.3527
vn -0.3207 0.9451 -0.0628
vn -0.4420 0.7805 -0.4420
vn 0.2801 0.8353 -0.4731
vn -0.4420 0.7805 0.4420
vn 0.2801 0.8353 0.4731
vn 0.4420 0.7805 -0.4420
vn 0.4420 0.7805 0.4420
vn -0.5194 0.7436 0.4211
vn -0.5167 0.7396 -0.4313
vn 0.4394 0.7760 -0.4525
vn -0.4310 0.7610 -0.4849
vn 0.4310 0.7610 -0.4848
vn 0.4511 0.7965 0.4027
vn -0.4934 0.7569 -0.4286
vn 0.3836 0.8036 -0.4551
vn -0.4826 0.7621 0.4316
vn 0.3836 0.8036 0.4551
vn 0.9621 0.0000 -0.2728
vn 0.0000 0.8807 0.4737
vn 0.4463 0.7881 0.4239
vn 0.0000 0.8702 -0.4928
vn 1.0000 0.0000 0.0000
vn 0.3881 0.9216 0.0000
vn -0.7071 0.0000 -0.7071
vn -0.3234 0.9463 0.0000
vn 0.0067 0.9306 -0.3661
vn -0.0368 0.9685 0.2461
vn 0.7251 0.0000 0.6887
vn -0.4928 0.8702 0.0000
vn 0.5096 0.0000 0.8604
vn 0.3180 0.9481 0.0000
vn 1.0000 0.0000 -0.0037
vn 0.3621 0.9321 -0.0094
vn -0.5245 0.8514 0.0038
vn 0.4032 0.9151 -0.0007
vn 0.4032 0.9151 -0.0045
vn 0.0000 0.8639 -0.5037
vn -0.0076 0.9260 -0.3774
vn -0.4927 0.8700 -0.0164
vn 0.4927 0.8702 0.0000
vn -0.3748 0.9269 -0.0202
vn 0.4308 0.9025 0.0000
vn -0.7549 0.0000 -0.6558
vn 0.0385 0.9153 0.4010
vn -0.0026 0.8822 -0.4708
vn 0.0254 0.9630 0.2684
vn 0.0000 0.8798 -0.4754
vn -0.7341 0.0000 0.6791
vn -0.0059 0.0000 -1.0000
vn 0.0000 0.9005 0.4348
vn -0.0187 0.9337 -0.3577
vn -0.2316 0.9678 0.0987
vn 0.2579 0.9621 -0.0890
vn -0.9985 0.0000 -0.0549
vn 0.2587 0.9652 0.0375
vn -0.2396 0.9700 -0.0414
vn -0.4235 0.9059 0.0000
vn -0.9996 0.0000 -0.0282
vn -1.0000 0.0000 0.0037
vn 0.4928 0.8701 0.0096
vn -0.0012 0.0000 -1.0000
vn -0.0015 0.0000 -1.0000
vn -0.6366 0.0000 -0.7712
vn -0.6560 0.0000 0.7548
vn -0.3807 0.8144 0.4381
vn 0.6445 0.0000 0.7646
vn -0.7454 0.0000 0.6666
vn 0.6445 0.0000 -0.7646
vn -0.1073 0.9107 0.3990
vn -0.1733 0.0000 0.9849
vn 0.0049 -0.0000 -1.0000
vn 0.7071 0.0000 0.7071
vn 0.0581 0.9319 -0.3580
vn 0.3263 0.9451 0.0168
vn -0.5461 0.8377 0.0000
vn 0.3264 0.9451 -0.0138
vn -0.3748 0.9254 0.0567
vn -0.0143 0.9307 -0.3655
vn 0.0008 0.0000 -1.0000
vn 0.0336 0.9303 -0.3653
vn -0.4880 0.8618 0.1384
vn -0.4928 0.8701 -0.0096
vn 0.3612 0.9298 0.0708
vn -0.0091 0.9469 0.3215
vn 0.1290 0.8932 -0.4308
vn -0.0093 0.8027 -0.5963
vn 0.0487 0.9424 0.3309
vn -0.0000 1.0000 0.0007
vn 0.4928 0.8701 -0.0049
vn 0.4927 0.8700 0.0206
vn -0.4921 0.8690 0.0513
vn 1.0000 0.0000 -0.0098
vn 0.9991 0.0000 0.0417
vn 0.4032 0.9151 0.0031
vn -0.4329 0.9014 -0.0121
vn -0.9621 0.0000 0.2728
vn 0.0579 0.9199 0.3878
vn -0.1003 0.9342 -0.3423
vn 0.0340 0.0000 0.9994
vn -0.0050 0.0000 -1.0000
vn 0.0928 0.9413 -0.3245
vn 0.0697 0.0000 -0.9976
vn -0.0071 0.8922 -0.4515
vn -0.1622 0.9093 0.3833
vn -0.0100 0.0000 -0.9999
vn -0.0143 0.9381 -0.3461
vn -0.9909 0.0000 0.1346
vn -0.0117 0.0000 -0.9999
vn 0.5762 0.0000 0.8173
vn 0.5462 0.0000 -0.8376
vn 0.5096 0.0000 -0.8604
vn -0.3768 0.8060 -0.4565
vn 0.7460 0.0000 0.6660
vn -0.7768 0.0000 0.6297
vn 0.6643 0.0000 -0.7474
vn -0.6643 0.0000 -0.7474
vn 0.6967 0.0000 -0.7174
vn 0.9999 0.0000 0.0105
vn -0.4024 0.9151 0.0240
vn 0.2511 0.9667 0.0484
vn -0.3978 0.9174 0.0099
vn 0.9998 0.0000 0.0195
vn 0.2514 0.9677 -0.0177
vn -0.3973 0.9164 -0.0477
vn 0.0750 0.9177 0.3902
vn 0.0005 1.0000 0.0032
vn -0.4642 0.7707 -0.4365
vn -0.4490 0.7456 0.4923
vn 0.4273 0.7545 0.4982
vn -0.4031 0.9142 -0.0416
vn 0.6510 0.0000 0.7591
vn -0.7285 0.0000 -0.6851
vn -0.6739 0.0000 0.7388
vn -0.4033 0.9147 0.0243
vn -0.5159 0.8566 0.0000
vn 0.4928 0.8701 0.0028
vn -0.0194 -0.0000 0.9998
vn -0.0253 -0.0000 0.9997
vn -0.0663 0.9182 0.3905
vn 0.0000 0.8345 0.5510
vn -0.0135 -0.0000 0.9999
vn 0.0160 0.0000 -0.9999
vn 0.4579 0.7736 -0.4381
vn 0.4579 0.7736 0.4381
vn -0.0502 0.9189 -0.3912
vn 0.7226 -0.0000 0.6913
vn 0.5094 0.8605 0.0000
vn 0.1162 0.9294 0.3502
vn 0.7226 0.0000 -0.6913
vn 0.0673 -0.0000 0.9977
vn -0.0764 0.9283 0.3638
vn 0.0604 0.9184 -0.3910
vn -0.0047 0.8571 0.5151
vn -0.0193 0.0000 -0.9998
vn 0.0000 0.8749 -0.4844
vn -0.0313 0.9328 -0.3589
vn 0.5058 0.0000 -0.8626
vn -0.7151 0.0000 -0.6991
vn 0.2718 0.8374 0.4742
vn 0.0325 0.9328 -0.3589
vn 0.4973 0.0000 0.8676
vn -0.4440 0.7839 -0.4340
vn 0.2732 0.8416 -0.4659
vn 0.2450 0.9695 -0.0059
vn 0.3088 0.9511 0.0000
vn 0.2448 0.9686 0.0445
vn -0.0014 0.0000 1.0000
vn -0.3627 0.8109 0.4592
vn -0.3627 0.8109 -0.4592
vn -0.3059 0.9520 0.0074
vn 0.0000 0.8701 -0.4928
vn -0.6198 0.0000 0.7848
vn -0.6198 0.0000 -0.7848
vn 0.0116 0.9307 0.3655
vn 0.0009 0.0000 1.0000
vn -0.0009 0.0000 1.0000
vn -0.0336 0.9303 0.3653
vn -0.4083 0.9129 0.0000
vn -0.3055 0.9506 -0.0555
vn 0.4927 -0.8702 -0.0000
vn 0.4880 -0.8618 -0.1384
vn -0.0000 -1.0000 -0.0000
vn -0.0000 -0.8702 0.4928
vn -0.3213 -0.9469 0.0083
vn 0.4755 -0.4922 -0.7291
vn 0.4822 -0.5475 0.6839
vn -0.4012 -0.8235 -0.4012
vn -0.3971 -0.8411 0.3673
vn -0.0319 -0.9352 0.3527
vn 0.0308 -0.9352 0.3527
vn -0.3207 -0.9451 -0.0628
vn -0.4420 -0.7805 -0.4420
vn 0.2801 -0.8353 -0.4730
vn -0.4420 -0.7805 0.4420
vn 0.2801 -0.8353 0.4730
vn 0.4420 -0.7805 -0.4420
vn 0.4420 -0.7805 0.4420
vn -0.5194 -0.7436 0.4211
vn -0.5167 -0.7396 -0.4313
vn 0.4394 -0.7760 -0.4525
vn -0.4310 -0.7610 -0.4849
vn 0.4310 -0.7610 -0.4849
vn 0.4511 -0.7965 0.4027
vn -0.4934 -0.7569 -0.4286
vn 0.3836 -0.8036 -0.4551
vn -0.4826 -0.7621 0.4316
vn 0.3836 -0.8036 0.4551
vn -0.0000 -0.8807 0.4737
vn 0.4463 -0.7881 0.4239
vn 0.0000 -0.8702 -0.4928
vn 0.3881 -0.9216 0.0000
vn -0.3234 -0.9463 0.0000
vn 0.0067 -0.9306 -0.3661
vn -0.0368 -0.9685 0.2461
vn -0.4928 -0.8702 0.0000
vn 0.3179 -0.9481 0.0000
vn 0.3621 -0.9321 -0.0094
vn -0.5245 -0.8514 0.0038
vn 0.4032 -0.9151 -0.0007
vn 0.4032 -0.9151 -0.0045
vn -0.0000 -0.8639 -0.5037
vn -0.0076 -0.9260 -0.3775
vn -0.4927 -0.8700 -0.0164
vn 0.4928 -0.8702 0.0000
vn -0.3748 -0.9269 -0.0202
vn 0.4308 -0.9025 0.0000
vn 0.0385 -0.9153 0.4010
vn -0.0026 -0.8822 -0.4708
vn 0.0254 -0.9630 0.2684
vn 0.0000 -0.8798 -0.4754
vn -0.0000 -0.9005 0.4348
vn -0.0187 -0.9337 -0.3577
vn -0.2316 -0.9678 0.0988
vn 0.2579 -0.9621 -0.0890
vn 0.2587 -0.9652 0.0375
vn -0.2396 -0.9700 -0.0414
vn -0.4235 -0.9059 0.0000
vn 0.4928 -0.8701 0.0096
vn -0.3807 -0.8144 0.4381
vn -0.1073 -0.9107 0.3990
vn 0.0581 -0.9319 -0.3580
vn 0.3263 -0.9451 0.0168
vn -0.5461 -0.8377 0.0000
vn 0.3264 -0.9451 -0.0138
vn -0.3748 -0.9254 0.0567
vn -0.0143 -0.9307 -0.3655
vn 0.0336 -0.9303 -0.3653
vn -0.4880 -0.8618 0.1384
vn -0.4928 -0.8701 -0.0096
vn 0.3612 -0.9298 0.0708
vn -0.0091 -0.9469 0.3215
vn 0.1290 -0.8932 -0.4308
vn -0.0093 -0.8027 -0.5963
vn 0.0487 -0.9424 0.3309
vn -0.0000 -1.0000 0.0007
vn 0.4928 -0.8701 -0.0049
vn 0.4927 -0.8700 0.0206
vn -0.4927 -0.8702 0.0000
vn -0.4921 -0.8690 0.0512
vn 0.4032 -0.9151 0.0031
vn -0.4329 -0.9014 -0.0121
vn 0.0579 -0.9199 0.3878
vn -0.1003 -0.9342 -0.3423
vn 0.0928 -0.9413 -0.3245
vn -0.0071 -0.8922 -0.4515
vn -0.1622 -0.9093 0.3833
vn -0.0143 -0.9381 -0.3461
vn -0.3768 -0.8060 -0.4565
vn -0.4024 -0.9151 0.0240
vn 0.2511 -0.9668 0.0484
vn -0.3978 -0.9174 0.0099
vn 0.2514 -0.9677 -0.0177
vn -0.3973 -0.9164 -0.0477
vn 0.0750 -0.9177 0.3902
vn 0.0005 -1.0000 0.0032
vn -0.4641 -0.7708 -0.4365
vn -0.4490 -0.7457 0.4923
vn 0.4273 -0.7545 0.4982
vn -0.4031 -0.9142 -0.0416
vn -0.4033 -0.9147 0.0243
vn -0.5159 -0.8567 -0.0000
vn 0.4928 -0.8701 0.0028
vn -0.0663 -0.9182 0.3905
vn 0.0000 -0.8345 0.5510
vn -0.4420 -0.7806 0.4420
vn 0.4579 -0.7736 -0.4381
vn 0.4579 -0.7736 0.4381
vn -0.0502 -0.9189 -0.3912
vn 0.5094 -0.8605 -0.0000
vn 0.1162 -0.9294 0.3502
vn -0.0764 -0.9283 0.3638
vn 0.0604 -0.9184 -0.3910
vn -0.0047 -0.8571 0.5151
vn 0.0000 -0.8749 -0.4844
vn -0.0313 -0.9328 -0.3589
vn 0.2718 -0.8374 0.4742
vn 0.0325 -0.9328 -0.3589
vn -0.4440 -0.7839 -0.4340
vn 0.2732 -0.8416 -0.4659
vn 0.0000 -0.8702 0.4927
vn 0.2450 -0.9695 -0.0059
vn 0.3087 -0.9511 0.0000
vn 0.2448 -0.9686 0.0445
vn -0.3627 -0.8109 0.4592
vn -0.3627 -0.8109 -0.4592
vn -0.3059 -0.9520 0.0074
vn 0.0116 -0.9307 0.3655
vn -0.0336 -0.9303 0.3653
vn -0.4083 -0.9129 0.0000
vn -0.3055 -0.9506 -0.0555
usemtl Grey_Floor.001
s 1
f 2617//1146 2618//1146 2619//1146 2620//1146
f 2621//1147 2622//1147 2623//1147 2624//1147
f 2625//1148 2626//1148 2627//1148 2628//1148
f 2629//1149 2630//1149 2631//1149 2632//1149
f 2633//1150 2634//1150 2635//1150 2636//1150
f 2637//1151 2629//1151 2632//1151 2638//1151
f 2639//1150 2640//1150 2641//1150 2642//1150
f 2643//1150 2644//1150 2645//1150 2646//1150
f 2647//1152 2648//1152 2623//1152 2622//1152
f 2649//1153 2650//1153 2651//1153 2652//1153
f 2653//1154 2654//1154 2655//1155 2656//1155
f 2657//1156 2658//1156 2659//1156 2660//1156
f 2661//1157 2662//1157 2663//1157 2664//1157
f 2665//1150 2666//1150 2663//1150 2662//1150
f 2667//1152 2668//1152 2669//1152 2670//1152
f 2671//1158 2672//1158 2673//1158 2674//1158
f 2675//1159 2676//1159 2677//1159 2678//1159 2679//1159 2680//1159 2681//1159
f 2682//1160 2683//1160 2684//1160 2685//1160
f 2686//1152 2687//1152 2688//1152 2689//1152
f 2690//1161 2691//1161 2692//1161 2693//1161
f 2694//1162 2695//1162 2696//1155 2697//1155
f 2698//1163 2699//1163 2683//1163 2682//1163
f 2700//1164 2701//1164 2702//1164 2703//1164
f 2704//1165 2705//1165 2706//1165 2707//1165
f 2708//1155 2709//1155 2710//1155 2711//1155
f 2712//1159 2713//1159 2714//1159 2715//1159 2716//1159 2717//1159 2718//1159 2719//1159 2720//1159 2721//1159
f 2722//1150 2723//1150 2724//1150 2725//1150
f 2726//1166 2727//1166 2728//1166 2729//1166
f 2730//1152 2731//1152 2732//1152 2733//1152
f 2734//1167 2735//1167 2736//1167
f 2737//1168 2738//1168 2739//1168
f 2628//1169 2740//1169 2741//1169
f 2742//1170 2743//1170 2636//1170
f 2730//1171 2733//1171 2744//1171 2745//1171
f 2746//1172 2730//1172 2745//1172 2747//1172
f 2748//1173 2726//1173 2729//1173 2749//1173
f 2750//1174 2751//1174 2752//1174
f 2753//1175 2754//1175 2755//1175
f 2624//1176 2623//1176 2756//1176
f 2648//1177 2757//1177 2758//1177
f 2759//1178 2760//1178 2761//1178
f 2762//1179 2763//1179 2764//1179
f 2656//1174 2765//1174 2766//1174
f 2767//1176 2768//1176 2660//1176
f 2667//1180 2681//1180 2769//1180
f 2678//1181 2664//1181 2663//1181
f 2670//1179 2770//1179 2675//1179
f 2771//1182 2677//1182 2674//1182
f 2772//1183 2773//1183 2774//1183
f 2775//1184 2776//1184 2777//1184
f 2685//1176 2778//1176 2779//1176
f 2780//1185 2781//1185 2689//1185
f 2782//1186 2697//1186 2783//1186
f 2784//1187 2785//1187 2786//1187
f 2787//1188 2702//1188 2788//1188
f 2704//1189 2707//1189 2789//1189
f 2720//1178 2790//1178 2791//1178
f 2792//1179 2793//1179 2719//1179
f 2711//1174 2724//1174 2714//1174
f 2723//1176 2794//1176 2715//1176
f 2632//1190 2795//1190 2796//1190 2638//1190
f 2733//1191 2797//1191 2630//1191 2744//1191
f 2798//1155 2799//1155 2800//1155 2801//1155
f 2620//1178 2802//1178 2617//1178
f 2797//1192 2631//1192 2630//1192
f 2801//1193 2803//1193 2727//1193 2804//1193
f 2805//1194 2806//1194 2739//1194 2807//1194
f 2808//1195 2737//1195 2739//1195 2806//1195
f 2627//1196 2809//1196 2740//1196 2628//1196
f 2810//1197 2741//1197 2740//1197 2811//1197
f 2625//1198 2628//1198 2741//1198 2812//1198
f 2813//1199 2738//1199 2737//1199 2814//1199
f 2815//1194 2816//1194 2817//1194 2818//1194
f 2819//1200 2820//1200 2631//1200 2797//1200
f 2754//1155 2821//1155 2822//1155 2751//1155
f 2646//1201 2624//1201 2756//1201 2823//1201
f 2648//1202 2647//1202 2824//1202 2757//1202
f 2825//1203 2753//1203 2755//1203 2826//1203
f 2750//1193 2755//1193 2754//1193 2751//1193
f 2758//1165 2756//1165 2623//1165 2648//1165
f 2693//1204 2692//1204 2764//1204 2827//1204
f 2828//1205 2762//1205 2764//1205 2692//1205
f 2655//1196 2829//1196 2765//1196 2656//1196
f 2830//1201 2766//1201 2765//1201 2831//1201
f 2653//1193 2656//1193 2766//1193 2832//1193
f 2833//1165 2763//1165 2762//1165 2834//1165
f 2835//1150 2836//1150 2666//1150 2665//1150
f 2679//1206 2678//1206 2663//1206 2666//1206
f 2837//1150 2769//1150 2836//1150 2835//1150
f 2676//1207 2675//1208 2770//1208 2671//1207
f 2667//1165 2670//1165 2675//1165 2681//1165
f 2771//1209 2664//1209 2678//1209 2677//1209
f 2838//1155 2839//1155 2777//1155 2840//1155
f 2841//1210 2775//1210 2777//1210 2839//1210
f 2684//1147 2842//1147 2778//1147 2685//1147
f 2843//1165 2779//1165 2778//1165 2844//1165
f 2682//1211 2685//1211 2779//1211 2845//1211
f 2846//1212 2776//1212 2775//1212 2847//1212
f 2652//1152 2651//1152 2848//1152 2792//1152
f 2849//1213 2787//1213 2788//1213 2850//1213
f 2851//1214 2784//1214 2786//1214 2852//1214
f 2851//1194 2853//1194 2854//1194 2784//1194
f 2697//1215 2696//1215 2855//1215 2783//1215
f 2856//1216 2788//1216 2702//1216 2701//1216
f 2857//1217 2786//1217 2785//1217 2858//1217
f 2793//1194 2859//1194 2860//1194 2790//1194
f 2708//1193 2711//1193 2714//1193 2713//1193
f 2723//1147 2722//1147 2861//1147 2794//1147
f 2652//1165 2792//1165 2719//1165 2718//1165
f 2720//1149 2719//1149 2793//1149 2790//1149
f 2715//1201 2714//1201 2724//1201 2723//1201
f 2833//1152 2862//1152 2863//1152 2763//1152
f 2864//1150 2865//1150 2749//1150 2866//1150
f 2867//1218 2813//1218 2814//1218 2868//1218
f 2734//1219 2869//1219 2870//1219 2735//1219
f 2868//1159 2814//1159 2737//1159 2808//1159 2871//1159 2872//1159 2735//1159 2870//1159 2812//1159 2741//1159 2810//1159 2873//1159 2874//1159 2743//1159
f 2636//1220 2635//1220 2875//1220 2742//1220
f 2867//1152 2876//1152 2877//1152 2813//1152
f 2734//1155 2878//1155 2879//1221 2869//1221
f 2742//1222 2867//1222 2868//1222 2743//1222
f 2869//1223 2625//1223 2812//1223 2870//1223
f 2742//1152 2875//1152 2876//1152 2867//1152
f 2743//1197 2874//1197 2633//1197 2636//1197
f 2873//1224 2810//1224 2811//1224 2880//1224
f 2735//1195 2872//1195 2816//1195 2736//1195
f 2871//1225 2808//1225 2806//1225 2817//1225
f 2818//1194 2817//1194 2806//1194 2805//1194
f 2740//1150 2809//1150 2881//1150 2811//1150
f 2880//1226 2882//1226 2634//1226 2633//1226
f 2872//1227 2871//1227 2817//1227 2816//1227
f 2874//1228 2873//1228 2880//1228 2633//1228
f 2747//1229 2748//1229 2749//1229 2865//1229
f 2866//1230 2749//1230 2729//1230 2883//1230
f 2883//1231 2729//1231 2728//1231 2884//1231
f 2802//1232 2637//1232 2638//1232 2617//1232
f 2631//1194 2820//1194 2795//1194 2632//1194
f 2785//1233 2885//1233 2886//1234 2858//1234
f 2887//1235 2884//1235 2728//1235 2803//1235
f 2745//1159 2744//1159 2630//1159 2629//1159 2637//1159 2802//1159 2888//1159 2804//1159 2727//1159 2726//1159 2748//1159 2747//1159
f 2620//1155 2619//1155 2799//1155 2798//1155
f 2733//1152 2732//1152 2819//1152 2797//1152
f 2798//1193 2801//1193 2804//1193 2888//1193
f 2865//1236 2864//1236 2889//1236 2746//1236
f 2746//1237 2747//1237 2865//1237
f 2707//1238 2890//1238 2891//1238 2789//1238
f 2892//1239 2703//1239 2702//1239 2787//1239
f 2854//1240 2885//1240 2785//1240 2784//1240
f 2782//1193 2893//1193 2694//1193 2697//1193
f 2705//1241 2856//1241 2701//1241 2706//1241
f 2761//1146 2894//1146 2895//1146 2759//1146
f 2896//1242 2706//1242 2701//1242 2700//1242
f 2897//1243 2898//1243 2695//1162 2694//1162
f 2863//1244 2827//1244 2764//1244 2763//1244
f 2893//1245 2899//1245 2897//1245 2694//1245
f 2900//1246 2851//1246 2852//1246 2901//1246
f 2783//1247 2902//1247 2903//1247 2782//1247
f 2890//1152 2707//1152 2706//1152 2896//1152
f 2900//1194 2904//1194 2853//1194 2851//1194
f 2783//1150 2855//1150 2905//1150 2902//1150
f 2789//1248 2900//1248 2901//1248 2704//1248
f 2786//1159 2857//1159 2899//1159 2893//1159 2782//1159 2903//1159 2850//1159 2788//1159 2856//1159 2705//1159 2704//1159 2901//1159 2852//1159
f 2902//1249 2849//1249 2850//1249 2903//1249
f 2789//1194 2891//1194 2904//1194 2900//1194
f 2906//1165 2833//1165 2834//1165 2907//1165
f 2759//1250 2908//1250 2909//1250 2760//1250
f 2660//1147 2659//1147 2910//1147 2767//1147
f 2906//1152 2911//1152 2862//1152 2833//1152
f 2759//1233 2895//1233 2912//1251 2908//1251
f 2767//1165 2906//1165 2907//1165 2768//1165
f 2908//1252 2653//1252 2832//1252 2909//1252
f 2767//1152 2910//1152 2911//1152 2906//1152
f 2909//1159 2832//1159 2766//1159 2830//1159 2913//1159 2768//1159 2907//1159 2834//1159 2762//1159 2828//1159 2914//1159 2760//1159
f 2913//1253 2830//1253 2831//1253 2657//1253
f 2760//1149 2914//1149 2691//1149 2761//1149
f 2894//1194 2761//1194 2691//1194 2690//1194
f 2768//1254 2913//1254 2657//1254 2660//1254
f 2914//1255 2828//1255 2692//1255 2691//1255
f 2801//1155 2800//1155 2887//1155 2803//1155
f 2781//1256 2915//1256 2686//1256 2689//1256
f 2916//1257 2841//1257 2839//1257 2917//1257
f 2918//1155 2917//1155 2839//1155 2838//1155
f 2844//1152 2919//1152 2687//1152 2686//1152
f 2773//1258 2916//1258 2917//1258 2774//1258
f 2915//1259 2843//1259 2844//1259 2686//1259
f 2915//1260 2781//1260 2920//1260 2847//1260 2775//1260 2841//1260 2916//1260 2773//1260 2921//1260 2845//1260 2779//1260 2843//1260
f 2780//1261 2922//1261 2920//1261 2781//1261
f 2922//1262 2846//1262 2847//1262 2920//1262
f 2772//1201 2698//1201 2921//1201 2773//1201
f 2698//1263 2682//1263 2845//1263 2921//1263
f 2923//1155 2774//1155 2917//1155 2918//1155
f 2780//1264 2924//1264 2925//1264 2922//1264
f 2922//1265 2925//1265 2926//1265 2846//1265
f 2772//1150 2927//1150 2699//1150 2698//1150
f 2677//1266 2676//1207 2671//1207 2674//1266
f 2681//1267 2680//1267 2836//1267 2769//1267
f 2831//1268 2928//1268 2658//1268 2657//1268
f 2929//1269 2649//1269 2717//1269 2716//1269
f 2930//1270 2931//1270 2712//1270 2721//1270
f 2710//1196 2725//1196 2724//1196 2711//1196
f 2929//1271 2932//1271 2650//1271 2649//1271
f 2930//1272 2933//1272 2934//1155 2931//1155
f 2794//1165 2929//1165 2716//1165 2715//1165
f 2931//1273 2708//1273 2713//1273 2712//1273
f 2794//1152 2861//1152 2932//1152 2929//1152
f 2931//1274 2934//1274 2709//1274 2708//1274
f 2791//1275 2930//1275 2721//1275 2720//1275
f 2649//1276 2652//1276 2718//1276 2717//1276
f 2791//1277 2935//1277 2933//1272 2930//1272
f 2902//1150 2905//1150 2936//1150 2849//1150
f 2899//1278 2857//1278 2858//1278 2897//1278
f 2811//1279 2881//1279 2882//1279 2880//1279
f 2937//1194 2736//1194 2816//1194 2815//1194
f 2869//1221 2879//1221 2626//1280 2625//1280
f 2938//1281 2807//1281 2739//1281 2738//1281
f 2736//1282 2937//1282 2878//1282 2734//1282
f 2813//1152 2877//1152 2938//1152 2738//1152
f 2790//1146 2860//1146 2935//1146 2791//1146
f 2848//1244 2859//1244 2793//1244 2792//1244
f 2939//1283 2821//1283 2754//1283 2753//1283
f 2751//1196 2822//1196 2940//1196 2752//1196
f 2757//1194 2824//1194 2941//1194 2942//1194
f 2727//1284 2803//1284 2728//1284
f 2746//1152 2889//1152 2731//1152 2730//1152
f 2620//1193 2798//1193 2888//1193 2802//1193
f 2858//1234 2886//1234 2898//1243 2897//1243
f 2908//1251 2912//1251 2654//1154 2653//1154
f 2849//1150 2936//1150 2892//1150 2787//1150
f 2765//1150 2829//1150 2928//1150 2831//1150
f 2778//1152 2842//1152 2919//1152 2844//1152
f 2825//1194 2943//1194 2939//1194 2753//1194
f 2689//1285 2688//1285 2924//1285 2780//1285
f 2769//1286 2837//1286 2668//1286 2667//1286
f 2944//1287 2840//1287 2777//1287 2776//1287
f 2774//1288 2923//1288 2927//1288 2772//1288
f 2674//1289 2673//1289 2945//1289 2771//1289
f 2846//1194 2926//1194 2944//1194 2776//1194
f 2770//1290 2946//1290 2672//1290 2671//1290
f 2771//1155 2945//1155 2661//1155 2664//1155
f 2680//1291 2679//1291 2666//1291 2836//1291
f 2942//1292 2825//1292 2826//1292 2947//1292
f 2752//1293 2643//1293 2948//1293 2750//1293
f 2948//1159 2823//1159 2756//1159 2758//1159 2947//1159 2826//1159 2755//1159 2750//1159
f 2646//1150 2645//1150 2621//1150 2624//1150
f 2638//1294 2796//1294 2618//1294 2617//1294
f 2752//1150 2940//1150 2644//1150 2643//1150
f 2757//1295 2942//1295 2947//1295 2758//1295
f 2643//1296 2646//1296 2823//1296 2948//1296
f 2942//1194 2941//1194 2943//1194 2825//1194
f 2949//1297 2950//1297 2951//1297 2952//1297
f 2950//1298 2949//1298 2953//1298 2954//1298 2955//1298 2956//1298 2957//1298 2958//1298
f 2956//1299 2959//1299 2639//1299
f 2960//1178 2961//1178 2955//1178
f 2962//1300 2951//1300 2950//1300
f 2963//1301 2964//1301 2954//1301
f 2965//1152 2963//1152 2966//1152 2967//1152
f 2961//1155 2968//1155 2969//1155 2959//1155
f 2970//1302 2962//1302 2950//1302 2958//1302
f 2963//1303 2965//1303 2971//1303 2964//1303
f 2959//1304 2969//1304 2640//1304 2639//1304
f 2956//1193 2955//1193 2961//1193 2959//1193
f 2972//1305 2973//1305 2951//1305 2962//1305
f 2970//1150 2974//1150 2972//1150 2962//1150
f 2642//1306 2970//1306 2958//1306 2957//1306
f 2639//1307 2642//1307 2957//1307 2956//1307
f 2964//1308 2960//1308 2955//1308 2954//1308
f 2642//1150 2641//1150 2974//1150 2970//1150
f 2975//1146 2968//1146 2961//1146 2960//1146
f 2964//1194 2971//1194 2975//1194 2960//1194
f 2967//1152 2966//1152 2952//1152 2976//1152
f 2977//1309 2978//1309 2979//1310 2980//1310
f 2953//1311 2949//1311 2952//1311 2966//1311
f 2954//1312 2953//1312 2966//1312 2963//1312
f 2976//1152 2952//1152 2951//1152 2973//1152
f 2981//1313 2982//1313 2978//1309 2977//1309
f 2983//1314 2984//1314 2985//1314 2986//1314
f 2987//1194 2988//1194 2989//1194 2990//1194
f 2991//1174 2992//1174 2993//1174
f 2994//1176 2995//1176 2996//1176
f 2983//1315 2997//1315 2989//1315
f 2990//1316 2998//1316 2980//1316
f 2994//1152 2999//1152 3000//1152 3001//1152
f 2993//1150 3002//1150 3003//1150 2996//1150
f 2986//1317 3004//1317 2997//1317 2983//1317
f 2980//1318 2979//1318 2987//1318 2990//1318
f 3001//1165 3005//1165 2995//1165 2994//1165
f 2991//1201 2993//1201 2996//1201 2995//1201
f 2998//1319 2990//1319 2989//1319 2997//1319
f 2981//1320 3006//1320 3005//1320 3001//1320
f 2992//1193 2991//1193 3007//1193 3008//1193
f 2984//1321 2983//1321 2989//1321 2988//1321
f 3001//1322 3000//1322 2982//1322 2981//1322
f 3007//1159 2991//1159 2995//1159 3005//1159 3006//1159 3009//1159 2998//1159 2997//1159 3004//1159
f 3010//1268 3011//1268 3012//1268 3013//1268
f 2977//1323 3009//1323 3006//1323 2981//1323
f 3008//1324 3007//1324 3004//1324 2986//1324
f 3008//1155 3014//1155 3015//1155 2992//1155
f 2992//1196 3015//1196 3002//1196 2993//1196
f 2999//1147 2994//1147 2996//1147 3003//1147
f 2980//1325 2998//1325 3009//1325 2977//1325
f 2986//1326 2985//1326 3014//1326 3008//1326
f 3016//1152 3017//1152 3018//1152 3019//1152
f 3013//1156 3012//1156 3020//1156 3021//1156
f 3022//1327 3023//1327 3024//1327 3025//1327
f 3026//1328 3027//1328 3028//1328 3029//1328
f 3030//1165 3016//1165 3031//1165 3032//1165
f 3033//1329 3034//1329 3035//1329 3026//1329
f 3036//1330 3037//1330 3038//1330 3023//1330
f 3039//1331 3040//1331 3041//1331
f 3027//1332 3022//1332 3025//1332 3028//1332
f 3042//1333 3043//1333 3041//1333 3040//1333
f 3023//1334 3038//1334 3024//1334
f 3044//1194 3045//1194 3041//1194 3043//1194
f 3026//1155 3035//1155 3046//1155 3027//1155
f 3019//1152 3018//1152 3042//1152 3040//1152
f 3026//1335 3029//1335 3033//1335
f 3021//1147 3020//1147 3047//1147 3030//1147
f 3030//1176 3032//1176 3021//1176
f 3048//1201 3024//1201 3038//1201 3010//1201
f 3019//1165 3040//1165 3039//1165 3049//1165
f 3050//1336 3039//1336 3041//1336 3045//1336
f 3016//1165 3019//1165 3049//1165 3031//1165
f 3051//1190 3052//1190 3053//1190 3054//1190
f 3022//1155 3055//1155 3036//1155 3023//1155
f 3030//1152 3047//1152 3017//1152 3016//1152
f 3028//1159 3025//1159 3024//1159 3048//1159 3056//1159 3032//1159 3031//1159 3049//1159 3039//1159 3050//1159 3057//1159 3029//1159
f 3056//1253 3048//1253 3010//1253 3013//1253
f 3029//1337 3057//1337 3058//1337 3033//1337
f 3034//1194 3033//1194 3058//1194 3059//1194
f 3032//1254 3056//1254 3013//1254 3021//1254
f 3057//1338 3050//1338 3045//1338 3058//1338
f 3059//1194 3058//1194 3045//1194 3044//1194
f 3027//1155 3046//1155 3055//1155 3022//1155
f 3038//1150 3037//1150 3011//1150 3010//1150
f 3060//1339 3061//1339 3062//1152 3063//1152
f 3054//1294 3053//1294 3064//1294 3065//1294
f 3066//1340 3067//1340 3068//1340
f 3069//1341 3070//1341 3071//1341
f 3063//1179 3072//1179 3073//1179
f 3074//1178 3075//1178 3065//1178
f 3076//1150 3077//1150 3071//1150 3078//1150
f 3079//1342 3069//1342 3071//1342 3077//1342
f 3062//1244 3080//1244 3072//1244 3063//1244
f 3081//1149 3073//1149 3072//1149 3051//1149
f 3060//1165 3063//1165 3073//1165 3082//1165
f 3083//1343 3070//1343 3069//1343 3084//1343
f 3083//1155 3085//1155 3086//1155 3070//1155
f 3068//1344 3087//1344 3088//1344 3066//1344
f 3086//1345 3078//1345 3071//1345 3070//1345
f 3089//1343 3083//1343 3084//1343 3090//1343
f 3066//1346 3091//1346 3092//1346 3067//1346
f 3065//1146 3064//1146 3093//1146 3074//1146
f 3089//1155 3094//1155 3085//1155 3083//1155
f 3066//1347 3088//1347 3095//1348 3091//1348
f 3074//1343 3089//1343 3090//1343 3075//1343
f 3091//1349 3060//1349 3082//1349 3092//1349
f 3074//1155 3093//1155 3094//1155 3089//1155
f 3092//1159 3082//1159 3073//1159 3081//1159 3096//1159 3075//1159 3090//1159 3084//1159 3069//1159 3079//1159 3097//1159 3067//1159
f 3096//1151 3081//1151 3051//1151 3054//1151
f 3067//1350 3097//1350 3098//1350 3068//1350
f 3087//1150 3068//1150 3098//1150 3099//1150
f 3075//1232 3096//1232 3054//1232 3065//1232
f 3097//1351 3079//1351 3077//1351 3098//1351
f 3099//1150 3098//1150 3077//1150 3076//1150
f 3091//1348 3095//1348 3061//1339 3060//1339
f 3072//1194 3080//1194 3052//1194 3051//1194
f 3100//1352 2795//1352 2820//1352 3101//1352
f 3102//1353 2796//1353 2795//1353 3100//1353
f 3103//1354 3104//1354 3105//1354 3106//1354 3107//1354 3108//1354 3109//1354
f 3110//1355 2890//1355 2896//1355 3111//1355
f 3112//1354 3113//1354 3114//1354 3115//1354 3116//1354 3117//1354 3118//1354 3119//1354 3120//1354 3121//1354
f 3122//1356 2883//1356 2884//1356 3123//1356
f 2878//1357 2937//1357 3124//1357
f 3125//1358 2807//1358 2938//1358
f 2627//1359 3126//1359 2809//1359
f 2875//1360 2635//1360 3127//1360
f 2731//1361 3128//1361 3129//1361 2732//1361
f 2889//1362 3130//1362 3128//1362 2731//1362
f 3131//1363 2866//1363 2883//1363 3122//1363
f 3132//1364 2940//1364 2822//1364
f 2939//1365 3133//1365 2821//1365
f 2621//1366 3134//1366 2622//1366
f 2647//1367 3135//1367 2824//1367
f 2895//1368 2894//1368 3136//1368
f 3137//1369 2827//1369 2863//1369
f 2655//1364 3138//1364 2829//1364
f 2910//1366 2659//1366 3139//1366
f 2668//1370 2837//1370 3104//1370
f 3107//1371 2662//1371 2661//1371
f 2669//1369 3103//1369 2946//1369
f 2945//1372 2673//1372 3108//1372
f 2927//1373 2923//1373 3140//1373
f 3141//1374 2840//1374 2944//1374
f 2684//1366 3142//1366 2842//1366
f 2924//1375 2688//1375 3143//1375
f 3144//1376 2855//1376 2696//1376
f 2854//1377 3145//1377 2885//1377
f 2892//1378 3146//1378 2703//1378
f 3110//1379 2891//1379 2890//1379
f 3114//1368 2935//1368 2860//1368
f 2848//1369 3115//1369 2859//1369
f 2710//1364 3120//1364 2725//1364
f 2722//1366 3119//1366 2861//1366
f 2732//1380 3129//1380 3101//1380 2819//1380
f 2619//1368 2618//1368 3147//1368
f 2819//1381 3101//1381 2820//1381
f 2800//1382 3148//1382 3123//1382 2887//1382
f 3149//1383 2805//1383 2807//1383 3125//1383
f 3150//1384 2881//1384 2809//1384 3126//1384
f 2626//1385 3151//1385 3126//1385 2627//1385
f 2877//1386 3152//1386 3125//1386 2938//1386
f 2645//1387 3153//1387 3134//1387 2621//1387
f 2943//1388 3154//1388 3133//1388 2939//1388
f 3132//1382 2822//1382 2821//1382 3133//1382
f 3135//1355 2647//1355 2622//1355 3134//1355
f 3155//1389 2693//1389 2827//1389 3137//1389
f 3156//1387 2928//1387 2829//1387 3138//1387
f 2654//1382 3157//1382 3138//1382 2655//1382
f 2862//1355 3158//1355 3137//1355 2863//1355
f 3106//1390 2665//1390 2662//1390 3107//1390
f 3109//1391 2672//1391 2946//1392 3103//1392
f 2668//1355 3104//1355 3103//1355 2669//1355
f 2945//1393 3108//1393 3107//1393 2661//1393
f 3159//1394 2838//1394 2840//1394 3141//1394
f 3160//1355 2919//1355 2842//1355 3142//1355
f 2683//1395 3161//1395 3142//1395 2684//1395
f 2926//1396 3162//1396 3141//1396 2944//1396
f 2936//1397 3163//1397 3146//1397 2892//1397
f 2853//1398 3164//1398 3145//1398 2854//1398
f 3165//1399 2700//1399 2703//1399 3146//1399
f 3166//1400 2886//1400 2885//1400 3145//1400
f 2709//1382 3121//1382 3120//1382 2710//1382
f 2651//1355 3116//1355 3115//1355 2848//1355
f 3114//1396 2860//1396 2859//1396 3115//1396
f 3119//1387 2722//1387 2725//1387 3120//1387
f 2876//1401 3167//1401 3152//1401 2877//1401
f 2878//1402 3124//1402 3168//1402 2879//1402
f 3167//1354 3127//1354 3169//1354 3170//1354 3150//1354 3126//1354 3151//1354 3168//1354 3124//1354 3171//1354 3172//1354 3149//1354 3125//1354 3152//1354
f 2875//1403 3127//1403 3167//1403 2876//1403
f 2879//1404 3168//1404 3151//1404 2626//1404
f 3127//1384 2635//1384 2634//1384 3169//1384
f 3170//1405 2882//1405 2881//1405 3150//1405
f 3124//1383 2937//1383 2815//1383 3171//1383
f 3172//1406 2818//1406 2805//1406 3149//1406
f 3171//1407 2815//1407 2818//1407 3172//1407
f 3169//1408 2634//1408 2882//1408 3170//1408
f 3130//1409 2864//1409 2866//1409 3131//1409
f 3147//1410 2618//1410 2796//1410 3102//1410
f 3128//1354 3130//1354 3131//1354 3122//1354 3123//1354 3148//1354 3173//1354 3147//1354 3102//1354 3100//1354 3101//1354 3129//1354
f 2799//1382 3173//1382 3148//1382 2800//1382
f 2889//1411 2864//1411 3130//1411
f 3144//1382 2696//1382 2695//1382 3174//1382
f 3111//1412 2896//1412 2700//1412 3165//1412
f 3174//1413 2695//1413 2898//1413 3175//1413
f 2904//1414 3176//1414 3164//1414 2853//1414
f 2855//1415 3144//1415 3177//1415 2905//1415
f 2891//1416 3110//1416 3176//1416 2904//1416
f 3145//1354 3164//1354 3176//1354 3110//1354 3111//1354 3165//1354 3146//1354 3163//1354 3177//1354 3144//1354 3174//1354 3175//1354 3166//1354
f 2905//1417 3177//1417 3163//1417 2936//1417
f 2911//1355 3178//1355 3158//1355 2862//1355
f 2895//1418 3136//1418 3179//1418 2912//1418
f 2910//1355 3139//1355 3178//1355 2911//1355
f 2912//1419 3179//1419 3157//1419 2654//1419
f 3179//1354 3136//1354 3180//1354 3155//1354 3137//1354 3158//1354 3178//1354 3139//1354 3181//1354 3156//1354 3138//1354 3157//1354
f 3181//1420 2658//1420 2928//1420 3156//1420
f 3136//1396 2894//1396 2690//1396 3180//1396
f 3139//1421 2659//1421 2658//1421 3181//1421
f 3180//1422 2690//1422 2693//1422 3155//1422
f 3143//1423 2688//1423 2687//1423 3182//1423
f 3183//1424 2918//1424 2838//1424 3159//1424
f 3140//1425 2923//1425 2918//1425 3183//1425
f 3182//1426 2687//1426 2919//1426 3160//1426
f 3182//1427 3160//1427 3142//1427 3161//1427 3184//1427 3140//1427 3183//1427 3159//1427 3141//1427 3162//1427 3185//1427 3143//1427
f 2924//1428 3143//1428 3185//1428 2925//1428
f 2925//1429 3185//1429 3162//1429 2926//1429
f 2927//1430 3140//1430 3184//1430 2699//1430
f 2699//1431 3184//1431 3161//1431 2683//1431
f 3108//1432 2673//1432 2672//1391 3109//1391
f 3104//1433 2837//1433 2835//1433 3105//1433
f 2932//1434 3118//1434 3117//1434 2650//1434
f 2933//1435 3113//1435 3112//1435 2934//1435
f 2861//1355 3119//1355 3118//1355 2932//1355
f 2934//1436 3112//1436 3121//1436 2709//1436
f 2935//1437 3114//1437 3113//1437 2933//1437
f 2650//1438 3117//1438 3116//1438 2651//1438
f 3175//1439 2898//1439 2886//1439 3166//1439
f 3123//1440 2884//1440 2887//1440
f 2619//1382 3147//1382 3173//1382 2799//1382
f 3105//1441 2835//1441 2665//1441 3106//1441
f 2941//1442 3186//1442 3154//1442 2943//1442
f 2940//1443 3132//1443 3187//1443 2644//1443
f 3187//1354 3132//1354 3133//1354 3154//1354 3186//1354 3135//1354 3134//1354 3153//1354
f 2824//1444 3135//1444 3186//1444 2941//1444
f 2644//1445 3187//1445 3153//1445 2645//1445
f 3188//1446 2976//1446 2973//1446 3189//1446
f 3189//1447 3190//1447 3191//1447 3192//1447 3193//1447 3194//1447 3195//1447 3188//1447
f 3192//1448 2640//1448 2969//1448
f 2975//1368 3193//1368 2968//1368
f 2972//1449 3189//1449 2973//1449
f 2965//1450 3194//1450 2971//1450
f 2974//1451 3190//1451 3189//1451 2972//1451
f 3192//1382 2969//1382 2968//1382 3193//1382
f 2641//1452 3191//1452 3190//1452 2974//1452
f 2640//1453 3192//1453 3191//1453 2641//1453
f 2971//1454 3194//1454 3193//1454 2975//1454
f 3195//1455 2967//1455 2976//1455 3188//1455
f 3194//1456 2965//1456 2967//1456 3195//1456
f 3196//1364 3002//1364 3015//1364
f 2999//1457 3003//1457 3197//1457
f 2984//1458 2988//1458 3198//1458
f 2987//1459 2979//1459 3199//1459
f 2985//1460 2984//1460 3198//1460 3200//1460
f 3000//1355 2999//1355 3197//1355 3201//1355
f 3196//1387 3197//1387 3003//1387 3002//1387
f 3199//1461 3198//1461 2988//1461 2987//1461
f 2982//1462 3000//1462 3201//1462 3202//1462
f 3015//1382 3014//1382 3203//1382 3196//1382
f 3203//1354 3200//1354 3198//1354 3199//1354 3204//1354 3202//1354 3201//1354 3197//1354 3196//1354
f 2978//1463 2982//1463 3202//1463 3204//1463
f 3014//1464 2985//1464 3200//1464 3203//1464
f 2979//1465 2978//1465 3204//1465 3199//1465
f 3055//1466 3205//1466 3206//1466 3036//1466
f 3035//1467 3207//1467 3208//1467 3046//1467
f 3047//1355 3209//1355 3210//1355 3017//1355
f 3211//1468 3043//1468 3042//1468
f 3046//1469 3208//1469 3205//1469 3055//1469
f 3036//1470 3206//1470 3037//1470
f 3035//1471 3034//1471 3207//1471
f 3047//1366 3020//1366 3209//1366
f 3212//1387 3011//1387 3037//1387 3206//1387
f 3018//1472 3213//1472 3211//1472 3042//1472
f 3214//1473 3044//1473 3043//1473 3211//1473
f 3017//1355 3210//1355 3213//1472 3018//1472
f 3208//1354 3207//1354 3215//1354 3214//1354 3211//1354 3213//1354 3210//1354 3209//1354 3216//1354 3212//1354 3206//1354 3205//1354
f 3216//1420 3012//1420 3011//1420 3212//1420
f 3207//1474 3034//1474 3059//1474 3215//1474
f 3209//1421 3020//1421 3012//1421 3216//1421
f 3215//1475 3059//1475 3044//1475 3214//1475
f 3088//1476 3087//1476 3217//1476
f 3218//1477 3078//1477 3086//1477
f 3062//1369 3219//1369 3080//1369
f 3093//1368 3064//1368 3220//1368
f 3221//1478 3076//1478 3078//1478 3218//1478
f 3222//1396 3052//1396 3080//1396 3219//1396
f 3061//1355 3223//1355 3219//1355 3062//1355
f 3085//1382 3224//1382 3218//1382 3086//1382
f 3094//1382 3225//1382 3224//1382 3085//1382
f 3088//1479 3217//1479 3226//1479 3095//1479
f 3093//1382 3220//1382 3225//1382 3094//1382
f 3095//1480 3226//1480 3223//1480 3061//1480
f 3226//1354 3217//1354 3227//1354 3221//1354 3218//1354 3224//1354 3225//1354 3220//1354 3228//1354 3222//1354 3219//1354 3223//1354
f 3228//1353 3053//1353 3052//1353 3222//1353
f 3217//1481 3087//1481 3099//1481 3227//1481
f 3220//1410 3064//1410 3053//1410 3228//1410
f 3227//1482 3099//1482 3076//1482 3221//1482
f 2669//1244 2946//1244 2770//1244 2670//1244
