# Blender v3.0.1 OBJ File: ''
# www.blender.org
mtllib quat_end.mtl
o Wall_Modular_Cube.001
v 0.619795 1.681634 0.178859
v 0.619795 1.958800 0.178859
v 0.652836 1.958800 0.152485
v 0.652836 1.681634 0.152485
v 0.690518 1.589539 -1.095879
v 0.918030 1.589539 -1.095879
v 0.918030 1.578764 -0.363972
v 0.690518 1.578764 -0.363972
v 0.619795 1.681634 0.665060
v 0.619795 1.958800 0.665060
v 0.619795 1.958800 0.465593
v 0.619795 1.945726 0.315011
v 0.690518 1.810513 -0.337599
v 0.918030 1.810513 -0.337599
v 0.918030 1.958800 -0.337599
v 0.690518 1.958800 -0.337599
v 0.735102 1.820113 -0.349266
v 0.873446 1.820113 -0.349266
v 0.873446 1.413789 -0.349266
v 0.735102 1.413789 -0.349266
v 0.735102 1.396085 -0.019425
v 0.873446 1.396085 -0.019425
v 0.873446 1.394789 0.133650
v 0.735102 1.394789 0.133650
v 0.630314 1.296289 -0.857135
v 0.978234 1.296289 -0.857135
v 0.978234 1.344727 -0.857135
v 0.630314 1.344727 -0.857135
v 0.630314 0.797543 1.385068
v 0.978234 0.797543 1.385068
v 0.978235 1.158780 1.385068
v 0.630313 1.158780 1.385068
v 0.978234 1.581974 -1.358253
v 0.630314 1.581974 -1.358253
v 0.630314 1.581974 -0.883509
v 0.978234 1.581974 -0.883509
v 0.690518 0.847076 -0.335591
v 0.918030 0.847076 -0.335591
v 0.918030 0.847076 0.134987
v 0.690518 0.847076 0.134987
v 0.690518 0.962546 0.150143
v 0.918030 0.962546 0.150143
v 0.918030 1.376927 0.161361
v 0.690518 1.376927 0.161361
v 0.918030 -0.021786 1.358694
v 0.918030 -0.002786 1.385068
v 0.690518 -0.002786 1.385068
v 0.690518 -0.021786 1.358694
v 0.602347 0.021029 -0.489214
v 0.594087 -0.006243 -0.394924
v 0.597273 -0.002785 -0.196972
v 0.597273 0.324414 -0.196972
v 0.597273 0.324414 -0.311796
v 0.597273 0.311484 -0.369207
v 0.597273 0.324414 -0.426619
v 0.597273 0.324414 -1.362343
v 0.597273 -0.002785 -1.362343
v 0.602261 0.008972 -0.794145
v 0.690518 0.453683 1.358694
v 0.918030 0.453683 1.358694
v 0.918030 0.453683 0.369693
v 0.690518 0.453683 0.369693
v 0.690518 0.361581 0.339695
v 0.918030 0.361581 0.339695
v 0.918030 -0.002786 0.343319
v 0.690518 -0.002786 0.343319
v 0.657477 0.434683 0.369693
v 0.657477 0.361581 0.381118
v 0.657477 -0.002786 0.369693
v 0.657477 -0.002786 1.358694
v 0.657477 0.278597 1.352967
v 0.657477 0.361581 1.339251
v 0.657477 0.434683 1.358694
v 0.729603 0.272958 0.335604
v 0.878945 0.272958 0.335604
v 0.878945 0.542225 0.354986
v 0.729603 0.542225 0.354986
v 0.918030 1.724698 -1.388717
v 0.690518 1.724698 -1.388717
v 0.690518 1.787793 -1.392132
v 0.918030 1.787793 -1.392132
v 0.729603 0.561225 0.038021
v 0.878945 0.561225 0.038021
v 0.878945 0.561225 -0.155037
v 0.729603 0.561225 -0.155037
v 0.978234 0.450474 1.358694
v 0.630314 0.450474 1.358694
v 0.630314 0.450474 0.870673
v 0.978234 0.450474 0.870673
v 0.630314 0.845412 0.222492
v 0.978234 0.845412 0.222492
v 0.978234 0.847334 0.194788
v 0.630314 0.847334 0.194788
v 0.653918 0.866076 0.847911
v 0.954630 0.866076 0.847911
v 0.954630 1.221821 0.847431
v 0.653918 1.221821 0.847431
v 0.918030 0.934043 -0.871202
v 0.690518 0.934043 -0.871202
v 0.690518 0.985890 -0.869175
v 0.918030 0.985890 -0.869175
v 0.653918 1.479568 0.847911
v 0.954630 1.479568 0.847911
v 0.954630 1.646927 0.847911
v 0.653918 1.646927 0.847911
v 0.954630 1.479568 0.170645
v 0.653918 1.479568 0.170645
v 0.653918 1.646927 0.156043
v 0.954630 1.646927 0.156043
v 0.620877 0.866076 0.182416
v 0.620877 1.419792 0.182416
v 0.653918 1.419792 0.156043
v 0.653918 0.866076 0.156043
v 0.630314 0.557652 0.082242
v 0.978234 0.557652 0.082242
v 0.978234 0.557652 0.327130
v 0.630314 0.557652 0.327130
v 0.978234 1.562974 -0.857135
v 0.630314 1.562974 -0.857135
v 0.597273 0.600969 0.023471
v 0.597273 0.576652 0.082242
v 0.597273 0.576652 0.327130
v 0.597273 0.828334 0.327130
v 0.597273 0.828334 0.300942
v 0.597273 0.813369 0.222492
v 0.597273 0.828334 0.194788
v 0.597273 0.828334 -0.311312
v 0.597273 0.576652 -0.311312
v 0.597273 0.585124 -0.023912
v 0.978234 0.828334 0.353504
v 0.630314 0.828334 0.353504
v 0.630314 0.576652 0.353504
v 0.978234 0.576652 0.353504
v 0.728309 0.905275 -0.857135
v 0.880239 0.905275 -0.857135
v 0.880239 1.025535 -0.857135
v 0.728309 1.025535 -0.857135
v 0.880239 1.044535 -1.358253
v 0.728309 1.044535 -1.358253
v 0.728309 1.044535 -0.883509
v 0.880239 1.044535 -0.883509
v 0.652836 1.958800 0.691434
v 0.652836 1.977800 0.665060
v 0.652836 1.662634 0.665060
v 0.652836 1.681634 0.691434
v 0.690518 1.578764 -1.362343
v 0.669099 1.591672 -1.379797
v 0.690518 1.597764 -1.388717
v 0.669099 1.964892 -1.379797
v 0.690518 1.977800 -1.362343
v 0.690518 1.958800 -1.388717
v 0.690518 1.597764 -0.337599
v 0.669099 1.591672 -0.346519
v 0.690518 1.977800 -0.363972
v 0.669099 1.964892 -0.346519
v 0.652836 1.662634 0.178859
v 0.735102 1.394789 -0.322892
v 0.702061 1.413789 -0.322892
v 0.735102 1.413789 0.160024
v 0.702131 1.423796 0.123231
v 0.597273 1.061832 -0.883509
v 0.630314 1.042832 -0.883509
v 0.630314 1.061832 -0.857135
v 0.630314 1.061832 -1.384626
v 0.630314 1.042832 -1.358253
v 0.597273 1.061832 -1.358253
v 0.597273 1.562974 -0.883509
v 0.630314 1.562974 -1.384626
v 0.597273 1.562974 -1.358253
v 0.657477 1.376927 -0.844828
v 0.690518 1.395927 -0.844828
v 0.690518 1.376927 -0.871202
v 0.690518 0.866076 0.161361
v 0.657477 0.866076 0.134987
v 0.690518 1.395927 0.134987
v 0.657477 1.376927 0.134987
v 0.630314 -0.002785 -1.388717
v 0.630314 -0.021785 -1.362343
v 0.630314 0.343414 -1.362343
v 0.630314 0.324414 -1.388717
v 0.690518 0.434683 1.385068
v 0.690518 0.434683 0.343319
v 0.690518 -0.021786 0.369693
v 0.630314 -0.021785 -0.196972
v 0.630314 -0.002785 -0.170598
v 0.630314 0.324414 -0.170598
v 0.630314 0.343414 -0.196972
v 0.729603 -0.004350 0.354986
v 0.696562 -0.004350 0.328613
v 0.729603 -0.023350 0.328613
v 0.729603 0.561225 0.328613
v 0.696562 0.542225 0.328613
v 0.729603 0.542225 -0.181411
v 0.696562 0.542225 -0.155037
v 0.597273 1.158780 0.870673
v 0.630314 1.177780 0.870673
v 0.630314 1.158780 0.844300
v 0.630313 1.177780 1.358694
v 0.597273 1.158780 1.358694
v 0.630314 0.469474 0.844300
v 0.597273 0.469474 0.870673
v 0.630314 0.469474 1.385068
v 0.597273 0.469474 1.358694
v 0.620877 1.646927 0.821538
v 0.653918 1.665927 0.821538
v 0.653918 0.843534 0.821538
v 0.620877 0.866076 0.821538
v 0.653918 0.843534 0.182416
v 0.630314 0.576652 -0.337686
v 0.630314 0.557652 -0.311312
v 0.630314 0.847334 -0.311312
v 0.630314 0.828334 -0.337686
v 0.630314 0.847334 0.327130
v 0.695268 0.357282 -0.883509
v 0.728309 0.338282 -0.883509
v 0.728309 0.357282 -0.857135
v 0.728309 0.357282 -1.384626
v 0.728309 0.338282 -1.358253
v 0.695268 0.357282 -1.358253
v 0.695268 1.025535 -0.883509
v 0.728309 1.025535 -1.384626
v 0.695268 1.025535 -1.358253
v 0.955712 1.681634 0.152485
v 0.955712 1.958800 0.152485
v 0.955712 1.681634 0.691434
v 0.955712 1.958800 0.691434
v 0.955712 1.662634 0.178859
v 0.955712 1.977800 0.665060
v 0.918030 1.814254 -1.388717
v 0.690518 1.814254 -1.388717
v 0.918030 1.958800 -1.388717
v 0.669099 1.815197 -1.379797
v 0.918030 1.597764 -0.337599
v 0.669099 1.716220 -0.346519
v 0.690518 1.718682 -0.337599
v 0.669099 1.602830 -1.103840
v 0.873446 1.979364 0.055075
v 0.735102 1.979364 0.055075
v 0.735102 1.979364 0.133650
v 0.873446 1.979364 0.133650
v 0.702061 1.937546 0.040383
v 0.702061 1.960364 0.133650
v 0.873446 1.394789 -0.322892
v 0.702040 1.430167 -0.024542
v 0.702061 1.820113 -0.322892
v 0.978234 1.042832 -1.358253
v 0.978234 1.042832 -0.883509
v 0.597273 1.344727 -0.883509
v 0.978234 1.562974 -1.384626
v 0.630314 1.381705 -1.384626
v 0.597273 1.381705 -1.358253
v 0.918030 1.376927 -0.871202
v 0.918030 0.866076 0.161361
v 0.657477 0.934043 0.134987
v 0.690518 0.934043 0.161361
v 0.657477 0.866076 -0.335591
v 0.690518 1.395927 -0.544940
v 0.657477 1.376927 -0.544940
v 0.630314 -0.021785 -0.408709
v 0.978234 0.324414 -0.170598
v 0.978234 0.343414 -0.196972
v 0.630314 0.343414 -0.426619
v 0.918030 0.361581 1.382989
v 0.690518 0.361581 1.382989
v 0.690518 0.278597 1.383630
v 0.918030 0.278597 1.383630
v 0.918030 0.434683 1.385068
v 0.878945 -0.015807 0.169632
v 0.729603 -0.015807 0.169632
v 0.729603 -0.023350 -0.155037
v 0.878945 -0.023350 -0.155037
v 0.878945 0.561225 0.328613
v 0.696562 0.542225 0.147892
v 0.729603 0.561225 0.147892
v 0.696562 0.272958 0.309231
v 0.729603 0.091535 -0.181411
v 0.729603 -0.004350 -0.181411
v 0.696562 -0.004350 -0.155037
v 0.696562 0.091535 -0.155037
v 0.978234 1.177780 0.870673
v 0.978234 1.158780 0.844300
v 0.630314 0.775647 0.844300
v 0.597273 0.775647 0.870673
v 0.978235 1.177780 1.358694
v 0.597273 0.797543 1.358694
v 0.978234 0.847334 -0.311312
v 0.653918 0.843534 0.698283
v 0.620877 0.866076 0.698283
v 0.954630 0.843534 0.698283
v 0.954630 0.843534 0.821538
v 0.954630 1.665927 0.821538
v 0.620877 1.479568 0.212459
v 0.620877 1.646927 0.182416
v 0.620877 1.221822 0.817829
v 0.978234 0.828334 -0.337686
v 0.978234 0.576652 -0.337686
v 0.978234 0.847334 0.327130
v 0.880239 0.338282 -1.358253
v 0.880239 0.338282 -0.883509
v 0.695268 0.905275 -0.883509
v 0.880239 1.025535 -1.384626
v 0.728309 0.422692 -1.384626
v 0.695268 0.422692 -1.358253
v 0.918030 1.395927 -0.544940
v 0.918030 1.395927 -0.844828
v 0.955712 1.977800 0.178859
v 0.652836 1.977800 0.178859
v 0.690518 1.578764 -1.259126
v 0.669099 1.591672 -1.272903
v 0.669099 1.964892 -1.103840
v 0.669099 1.942257 -1.272903
v 0.669099 1.787793 -1.353983
v 0.669099 1.722450 -1.379797
v 0.669099 1.743624 -0.373409
v 0.669099 1.811322 -0.346519
v 0.918030 1.977800 -0.363972
v 0.690518 1.977800 -1.095879
v 0.918030 1.977800 -1.095879
v 0.918030 1.977414 -1.259126
v 0.690518 1.977414 -1.259126
v 0.918030 1.578764 -1.362343
v 0.918030 1.578764 -1.259126
v 0.918030 1.718682 -0.337599
v 0.690518 1.745144 -0.342589
v 0.918030 1.745144 -0.342589
v 0.702061 1.960364 -0.322892
v 0.735102 1.979364 -0.322892
v 0.873446 1.979364 -0.322892
v 0.735102 1.820113 0.150686
v 0.702061 1.820113 0.106646
v 0.702061 1.881891 0.133650
v 0.702061 1.881891 -0.299004
v 0.873446 1.820113 0.150686
v 0.873446 1.881891 0.160024
v 0.735102 1.881891 0.160024
v 0.873446 1.413789 0.160024
v 0.735102 1.881891 -0.336095
v 0.873446 1.881891 -0.336095
v 0.652836 1.978036 0.315011
v 0.955712 1.978036 0.315011
v 0.652836 1.977800 0.465593
v 0.955712 1.977800 0.465593
v 0.954630 0.866076 0.156043
v 0.954630 0.843534 0.182416
v 0.954630 1.663648 0.181661
v 0.653918 1.663648 0.181661
v 0.620877 1.479568 0.821538
v 0.690518 0.866076 -0.871202
v 0.918030 0.866076 -0.871202
v 0.918030 0.847076 -0.844828
v 0.690518 0.847076 -0.844828
v 0.954630 1.419792 0.156043
v 0.653918 1.419792 0.846950
v 0.954630 1.419792 0.846950
v 0.653918 0.843534 0.466115
v 0.620877 0.883315 0.466115
v 0.653918 1.665927 0.535263
v 0.620877 1.646927 0.535263
v 0.954630 0.843534 0.466115
v 0.954630 1.665927 0.535263
v 0.620877 1.419792 0.795572
v 0.620877 1.626725 0.442186
v 0.690518 1.395927 -0.482725
v 0.657477 1.376927 -0.482725
v 0.918030 1.395927 0.134987
v 0.918030 1.395927 -0.482725
v 0.918030 0.847334 -0.466355
v 0.690518 0.847334 -0.466355
v 0.657477 0.883136 -0.466355
v 0.657477 0.962546 0.123770
v 0.657477 0.985890 -0.818656
v 0.657477 0.934043 -0.844828
v 0.657477 0.866076 -0.844828
v 0.728309 0.905275 -1.384626
v 0.695268 0.905275 -1.358253
v 0.728309 0.836159 -0.857135
v 0.695268 0.836159 -0.883509
v 0.880239 0.905275 -1.384626
v 0.880239 0.836159 -0.857135
v 0.728309 0.790514 -0.857135
v 0.695268 0.790514 -0.883509
v 0.880239 0.790514 -0.857135
v 0.728309 0.464367 -0.857135
v 0.695268 0.464367 -0.883509
v 0.880239 0.836159 -1.380412
v 0.728309 0.836159 -1.380412
v 0.880239 0.464367 -0.857135
v 0.617002 -0.012794 -0.784933
v 0.630314 0.330484 -0.369207
v 0.978234 0.330484 -0.369207
v 0.978234 0.343414 -0.426619
v 0.630314 0.343414 -0.311796
v 0.978234 0.343414 -0.311796
v 0.878945 -0.023350 0.113814
v 0.729603 -0.023350 0.113814
v 0.878945 0.561225 0.147892
v 0.694988 -0.008384 0.121570
v 0.702562 0.522860 0.022557
v 0.696562 0.177503 -0.150053
v 0.700490 0.011261 0.151093
v 0.696562 0.186990 0.328613
v 0.729603 0.177503 -0.176426
v 0.729603 0.186990 0.354986
v 0.878945 -0.023350 0.328613
v 0.878945 0.542225 -0.181411
v 0.878945 0.177503 -0.176426
v 0.878945 0.091535 -0.181411
v 0.878945 -0.004350 0.354986
v 0.878945 0.186990 0.354986
v 0.630314 0.737936 1.384821
v 0.597273 0.737936 1.336260
v 0.630314 0.835254 0.848225
v 0.597273 0.835254 0.882639
v 0.978234 0.835254 0.848225
v 0.978234 0.469474 1.385068
v 0.978234 0.737936 1.384821
v 0.978234 0.775647 0.844300
v 0.728309 0.443529 -1.384873
v 0.880239 0.443529 -1.384873
v 0.880239 0.422692 -1.384626
v 0.978234 0.469474 0.844300
v 0.630314 0.847334 0.300942
v 0.978234 0.847334 0.300942
v 0.630314 0.561600 -0.023912
v 0.978234 0.561600 -0.023912
v 0.978234 0.561600 0.003792
v 0.630314 0.561600 0.003792
v 0.978234 0.557652 -0.311312
v 0.918030 0.934043 0.161361
v 0.630314 -0.016887 -0.466122
v 0.978234 -0.016887 -0.466122
v 0.978234 -0.021785 -0.408709
v 0.991546 -0.012794 -0.784933
v 0.880239 0.790514 -1.384626
v 0.728309 0.790514 -1.384626
v 0.880239 0.357282 -0.857135
v 0.880239 0.422692 -0.857135
v 0.728309 0.422692 -0.857135
v 0.880239 0.443529 -0.857135
v 0.728309 0.443529 -0.857135
v 0.695268 0.422692 -0.883509
v 0.695268 0.443529 -0.883509
v 0.695268 0.836159 -1.325948
v 0.695268 0.790514 -1.358253
v 0.695268 0.464367 -1.358253
v 0.695268 0.443529 -1.342051
v 0.728309 0.464367 -1.384626
v 0.880239 0.464367 -1.384626
v 0.954630 1.663292 0.442940
v 0.653918 1.663292 0.442940
v 0.918030 1.597764 -1.388717
v 0.918030 1.977800 -1.362343
v 0.978234 0.343414 -1.362343
v 0.978234 0.324414 -1.388717
v 0.978234 -0.002785 -1.388717
v 0.978234 -0.021785 -1.362343
v 0.918030 0.434683 0.343319
v 0.880239 0.357282 -1.384626
v 0.978234 1.061832 -1.384626
v 0.978234 1.061832 -0.857135
v 0.978234 1.430143 -1.384626
v 0.630314 1.430143 -1.384626
v 0.955712 1.662634 0.665060
v 0.735102 1.960364 -0.349266
v 0.873446 1.960364 -0.349266
v 0.873446 1.960364 0.160024
v 0.735102 1.960364 0.160024
v 0.978234 1.381705 -1.384626
v 0.878945 -0.004350 -0.181411
v 0.918030 -0.021786 0.369693
v 0.597273 1.296289 -0.899657
v 0.597273 1.430143 -1.332316
v 0.618279 1.677625 1.381648
v 0.990269 1.677625 1.381648
v 0.990269 1.756477 1.381648
v 0.618279 1.756477 1.381648
v 0.585238 1.963044 1.355274
v 0.585238 1.945031 1.290196
v 0.585238 1.963044 1.216593
v 0.585238 1.963044 0.714504
v 0.585238 1.677625 0.714504
v 0.585238 1.677625 1.355274
v 0.585238 1.756477 1.355274
v 0.585238 1.864958 1.337128
v 0.618279 1.658625 1.355274
v 0.618279 1.677625 0.688130
v 0.618279 1.658625 0.714504
v 0.618279 1.982044 0.714504
v 0.618279 1.963044 0.688130
v 0.990269 1.982044 0.714504
v 0.618279 1.982044 1.216593
v 0.990269 1.982044 1.216593
v 0.990269 1.658625 0.714504
v 0.990269 1.658625 1.355274
v 0.990269 1.963044 0.688130
v 0.990269 1.963044 1.381648
v 0.990269 1.982044 1.355274
v 0.618279 1.982044 1.355274
v 0.618279 1.963044 1.381648
v 0.618279 1.864958 1.381977
v 0.990269 1.864958 1.381977
v 0.990269 1.677625 0.688130
v 0.618279 1.982044 1.290196
v 0.990269 1.982044 1.290196
v 0.698114 0.766851 -0.338516
v 0.910434 0.766851 -0.338516
v 0.910434 0.834483 -0.336144
v 0.698114 0.834483 -0.336144
v 0.698114 0.712665 -0.339528
v 0.910434 0.712665 -0.339528
v 0.698114 0.834483 -0.859482
v 0.910434 0.834483 -0.859482
v 0.910434 0.791026 -0.860448
v 0.698114 0.791026 -0.860448
v 0.910434 0.848964 -0.362518
v 0.910434 0.848964 -0.833108
v 0.698114 0.848964 -0.833108
v 0.698114 0.848964 -0.362518
v 0.665073 0.577317 -0.833108
v 0.698114 0.577317 -0.859482
v 0.698114 0.558317 -0.833108
v 0.698114 0.577317 -0.336144
v 0.665073 0.577317 -0.362518
v 0.698114 0.558317 -0.362518
v 0.665073 0.834483 -0.833108
v 0.665073 0.834483 -0.362518
v 0.910434 0.577317 -0.336144
v 0.910434 0.676529 -0.336144
v 0.698114 0.676529 -0.336144
v 0.910434 0.558317 -0.833108
v 0.910434 0.558317 -0.362518
v 0.665073 0.676529 -0.362518
v 0.665073 0.754889 -0.833108
v 0.698114 0.754889 -0.859482
v 0.665073 0.712665 -0.392430
v 0.665073 0.766851 -0.361843
v 0.665073 0.791026 -0.816657
v 0.910434 0.754889 -0.859482
v 0.910434 0.577317 -0.859482
v 0.988753 1.681634 0.178859
v 0.988753 1.958800 0.178859
v 0.988753 1.945726 0.315011
v 0.988753 1.958800 0.465593
v 0.988753 1.958800 0.665060
v 0.988753 1.681634 0.665060
v 0.978234 -0.021785 -0.196972
v 1.006201 0.021029 -0.489214
v 1.006287 0.008972 -0.794145
v 1.011275 -0.002785 -1.362343
v 1.011275 0.324414 -1.362343
v 1.011275 0.324414 -0.426619
v 1.011275 0.311484 -0.369207
v 1.011275 0.324414 -0.311796
v 1.011275 0.324414 -0.196972
v 1.011275 -0.002785 -0.196972
v 1.014461 -0.006243 -0.394924
v 0.951071 0.434683 0.369693
v 0.951071 0.434683 1.358694
v 0.951071 0.361581 1.339251
v 0.951071 0.278597 1.352967
v 0.951071 -0.002786 1.358694
v 0.951071 -0.002786 0.369693
v 0.951071 0.361581 0.381118
v 0.978234 -0.002785 -0.170598
v 0.987671 0.866076 0.182416
v 0.987671 1.419792 0.182416
v 1.011275 0.600969 0.023471
v 1.011275 0.585124 -0.023912
v 1.011275 0.576652 -0.311312
v 1.011275 0.828334 -0.311312
v 1.011275 0.828334 0.194788
v 1.011275 0.813369 0.222492
v 1.011275 0.828334 0.300942
v 1.011275 0.828334 0.327130
v 1.011275 0.576652 0.327130
v 1.011275 0.576652 0.082242
v 0.939449 1.591672 -1.379797
v 0.939449 1.964892 -1.379797
v 0.939449 1.591672 -0.346519
v 0.939449 1.964892 -0.346519
v 0.906487 1.413789 -0.322892
v 0.906417 1.423796 0.123231
v 1.011275 1.061832 -0.883509
v 1.011275 1.061832 -1.358253
v 1.011275 1.562974 -0.883509
v 1.011275 1.562974 -1.358253
v 0.951071 1.376927 -0.844828
v 0.951071 0.866076 0.134987
v 0.951071 1.376927 0.134987
v 0.911986 -0.004350 0.328613
v 0.911986 0.542225 0.328613
v 0.911986 0.542225 -0.155037
v 1.011275 1.158780 0.870673
v 1.011275 1.158780 1.358694
v 1.011275 0.469474 0.870673
v 1.011275 0.469474 1.358694
v 0.987671 1.646927 0.821538
v 0.987671 0.866076 0.821538
v 0.913280 0.357282 -0.883509
v 0.913280 0.357282 -1.358253
v 0.913280 1.025535 -0.883509
v 0.913280 1.025535 -1.358253
v 0.939449 1.815197 -1.379797
v 0.939449 1.716220 -0.346519
v 0.939449 1.602830 -1.103840
v 0.906487 1.937546 0.040383
v 0.906487 1.960364 0.133650
v 0.906508 1.430167 -0.024542
v 0.906487 1.820113 -0.322892
v 1.011275 1.344727 -0.883509
v 1.011275 1.381705 -1.358253
v 0.951071 0.934043 0.134987
v 0.951071 0.866076 -0.335591
v 0.951071 1.376927 -0.544940
v 0.911986 0.542225 0.147892
v 0.911986 0.272958 0.309231
v 0.911986 0.091535 -0.155037
v 0.911986 -0.004350 -0.155037
v 1.011275 0.775647 0.870673
v 1.011275 0.797543 1.358694
v 0.987671 0.866076 0.698283
v 0.987671 1.479568 0.212459
v 0.987671 1.646927 0.182416
v 0.987671 1.221822 0.817829
v 0.913280 0.905275 -0.883509
v 0.913280 0.422692 -1.358253
v 0.939449 1.591672 -1.272903
v 0.939449 1.964892 -1.103840
v 0.939449 1.811322 -0.346519
v 0.939449 1.743624 -0.373409
v 0.939449 1.722450 -1.379797
v 0.939449 1.787793 -1.353983
v 0.939449 1.942257 -1.272903
v 0.906487 1.960364 -0.322892
v 0.906487 1.820113 0.106646
v 0.906487 1.881891 -0.299004
v 0.906487 1.881891 0.133650
v 0.987671 1.479568 0.821538
v 0.987671 0.883315 0.466115
v 0.987671 1.646927 0.535263
v 0.987671 1.626725 0.442186
v 0.987671 1.419792 0.795572
v 0.951071 1.376927 -0.482725
v 0.951071 0.883136 -0.466355
v 0.951071 0.866076 -0.844828
v 0.951071 0.934043 -0.844828
v 0.951071 0.985890 -0.818656
v 0.951071 0.962546 0.123770
v 0.913280 0.905275 -1.358253
v 0.913280 0.836159 -0.883509
v 0.913280 0.790514 -0.883509
v 0.913280 0.464367 -0.883509
v 0.913560 -0.008384 0.121570
v 0.905986 0.522860 0.022557
v 0.911986 0.186990 0.328613
v 0.908058 0.011261 0.151093
v 0.911986 0.177503 -0.150053
v 1.011275 0.737936 1.336260
v 1.011275 0.835254 0.882639
v 0.913280 0.422692 -0.883509
v 0.913280 0.443529 -1.342051
v 0.913280 0.464367 -1.358253
v 0.913280 0.790514 -1.358253
v 0.913280 0.836159 -1.325948
v 0.913280 0.443529 -0.883509
v 1.011275 1.296289 -0.899657
v 1.011275 1.430143 -1.332316
v 1.023310 1.963044 1.355274
v 1.023310 1.864958 1.337128
v 1.023310 1.756477 1.355274
v 1.023310 1.677625 1.355274
v 1.023310 1.677625 0.714504
v 1.023310 1.963044 0.714504
v 1.023310 1.963044 1.216593
v 1.023310 1.945031 1.290196
v 0.943475 0.577317 -0.833108
v 0.943475 0.577317 -0.362518
v 0.943475 0.834483 -0.833108
v 0.943475 0.834483 -0.362518
v 0.943475 0.676529 -0.362518
v 0.943475 0.754889 -0.833108
v 0.943475 0.791026 -0.816657
v 0.943475 0.766851 -0.361843
v 0.943475 0.712665 -0.392430
v 0.884173 1.581974 -0.845104
v 0.724375 1.581974 -0.845104
v 0.724375 1.581974 -0.730716
v 0.884173 1.581974 -0.730716
v 0.653504 1.516034 1.379660
v 0.955044 1.516034 1.379660
v 0.955044 1.645375 1.379660
v 0.653504 1.645375 1.379660
v 0.724375 1.412052 -0.342622
v 0.884173 1.412052 -0.342622
v 0.884173 1.562974 -0.342622
v 0.724375 1.562974 -0.342622
v 0.729579 0.850083 0.832269
v 0.878969 0.850083 0.832269
v 0.878969 0.850083 0.374717
v 0.729579 0.850083 0.374717
v 0.884173 1.581974 -0.495423
v 0.724375 1.581974 -0.495423
v 0.724375 1.581974 -0.368996
v 0.884173 1.581974 -0.368996
v 0.653504 0.478625 -0.858075
v 0.955044 0.478625 -0.858075
v 0.955044 0.424440 -0.857064
v 0.653504 0.424440 -0.857064
v 0.729579 0.652640 0.858643
v 0.878969 0.652640 0.858643
v 0.878969 0.831083 0.858643
v 0.729579 0.831083 0.858643
v 0.729579 0.521156 0.348343
v 0.878969 0.521156 0.348343
v 0.878969 0.469474 0.348343
v 0.729579 0.469474 0.348343
v 0.878970 0.450474 0.832269
v 0.729578 0.450474 0.832269
v 0.729579 0.450474 0.374717
v 0.878969 0.450474 0.374717
v 0.653505 0.357282 -0.180981
v 0.955043 0.357282 -0.180981
v 0.955043 0.466664 -0.180981
v 0.653505 0.466664 -0.180981
v 0.653505 0.502801 -0.180015
v 0.955043 0.502801 -0.180015
v 0.955044 0.546258 -0.180981
v 0.653504 0.546258 -0.180981
v 0.653504 1.379245 1.379660
v 0.955044 1.379245 1.379660
v 0.955044 0.560738 -0.834075
v 0.653504 0.560738 -0.834075
v 0.653504 0.560738 -0.207354
v 0.955044 0.560738 -0.207354
v 0.653504 1.195465 1.379660
v 0.955044 1.195465 1.379660
v 0.955044 1.664375 1.090846
v 0.653504 1.664375 1.090846
v 0.653504 1.664375 1.353286
v 0.955044 1.664375 1.353286
v 0.691334 1.412052 -0.368996
v 0.724375 1.393052 -0.368996
v 0.724375 1.412052 -0.871478
v 0.724375 1.393052 -0.845104
v 0.691334 1.412052 -0.845104
v 0.691334 1.562974 -0.368996
v 0.724375 1.562974 -0.871478
v 0.691334 1.562974 -0.845104
v 0.696538 0.831083 0.374717
v 0.729579 0.831083 0.348343
v 0.696538 0.831083 0.832269
v 0.696538 0.469474 0.374717
v 0.729578 0.469474 0.858643
v 0.696538 0.469474 0.832269
v 0.620464 0.357282 -0.207354
v 0.653505 0.338282 -0.207354
v 0.653505 0.357282 -0.860448
v 0.653505 0.338282 -0.834075
v 0.620464 0.357282 -0.834075
v 0.620464 0.546258 -0.207354
v 0.653504 0.546258 -0.860448
v 0.620463 0.546258 -0.834075
v 0.620464 1.195465 1.353286
v 0.653504 1.176465 1.353286
v 0.653504 1.195465 0.843327
v 0.653504 1.176465 0.869699
v 0.620463 1.195465 0.869699
v 0.620463 1.645375 1.353286
v 0.653504 1.664375 0.869699
v 0.653504 1.645375 0.843327
v 0.620463 1.645375 0.869699
v 0.724375 1.393052 -0.495423
v 0.884173 1.393052 -0.495423
v 0.884173 1.393052 -0.368996
v 0.884173 1.562974 -0.871478
v 0.691334 1.412052 -0.597772
v 0.724375 1.393052 -0.597772
v 0.691334 1.550465 -0.454907
v 0.878969 0.831083 0.348343
v 0.696538 0.521156 0.374717
v 0.696538 0.652640 0.832269
v 0.653504 0.388303 -0.860448
v 0.955044 0.388303 -0.860448
v 0.955043 0.357282 -0.860448
v 0.955043 0.338282 -0.834075
v 0.955043 0.338282 -0.207354
v 0.955044 0.546258 -0.860448
v 0.620464 0.388303 -0.834075
v 0.653504 1.180884 1.168118
v 0.955044 1.180884 1.168118
v 0.955044 1.176465 1.353286
v 0.955044 1.664375 0.869699
v 0.955044 1.645375 0.843327
v 0.620463 1.645375 1.090846
v 0.620463 1.645375 0.977595
v 0.653504 1.664375 0.977595
v 0.955044 1.176465 0.869699
v 0.955044 1.176465 1.111493
v 0.653504 1.176465 1.111493
v 0.620463 1.195465 1.111493
v 0.620463 1.208933 1.168118
v 0.620463 1.379245 1.353286
v 0.620463 1.516034 1.330089
v 0.620463 1.621133 1.034221
v 0.729579 0.593159 0.842981
v 0.878969 0.593159 0.842981
v 0.691334 1.562974 -0.597772
v 0.724375 1.581974 -0.597772
v 0.884173 1.581974 -0.597772
v 0.691334 1.419557 -0.511629
v 0.691334 1.547963 -0.730716
v 0.878969 0.700228 0.355211
v 0.729579 0.700228 0.355211
v 0.878969 0.593159 0.348343
v 0.729579 0.593159 0.348343
v 0.878970 0.469474 0.858643
v 0.878969 0.466385 0.858643
v 0.729579 0.466385 0.858643
v 0.696538 0.466385 0.832269
v 0.696538 0.700228 0.399644
v 0.696538 0.593159 0.374717
v 0.696538 0.593159 0.791140
v 0.620464 0.466664 -0.207354
v 0.620464 0.502801 -0.223806
v 0.620464 0.478625 -0.834749
v 0.620464 0.424440 -0.804163
v 0.955044 1.662149 1.034221
v 0.653504 1.662149 1.034221
v 0.884173 1.393052 -0.845104
v 0.884173 1.393052 -0.597772
v 0.884173 1.412052 -0.871478
v 0.955044 1.664375 0.977595
v 0.955044 1.195465 0.843327
v 0.917214 1.412052 -0.368996
v 0.917214 1.412052 -0.845104
v 0.917214 1.562974 -0.368996
v 0.917214 1.562974 -0.845104
v 0.912010 0.831083 0.374717
v 0.912010 0.831083 0.832269
v 0.912010 0.469474 0.374717
v 0.912010 0.469474 0.832269
v 0.988084 0.357282 -0.207354
v 0.988084 0.357282 -0.834075
v 0.988084 0.546258 -0.207354
v 0.988085 0.546258 -0.834075
v 0.988084 1.195465 1.353286
v 0.988085 1.195465 0.869699
v 0.988085 1.645375 1.353286
v 0.988085 1.645375 0.869699
v 0.917214 1.412052 -0.597772
v 0.917214 1.550465 -0.454907
v 0.912010 0.521156 0.374717
v 0.912010 0.652640 0.832269
v 0.988084 0.388303 -0.834075
v 0.988085 1.645375 1.090846
v 0.988085 1.645375 0.977595
v 0.988085 1.621133 1.034221
v 0.988085 1.516034 1.330089
v 0.988085 1.379245 1.353286
v 0.988085 1.208933 1.168118
v 0.988085 1.195465 1.111493
v 0.917214 1.562974 -0.597772
v 0.917214 1.547963 -0.730716
v 0.917214 1.419557 -0.511629
v 0.912010 0.466385 0.832269
v 0.912010 0.700228 0.399644
v 0.912010 0.593159 0.791140
v 0.912010 0.593159 0.374717
v 0.988084 0.466664 -0.207354
v 0.988084 0.424440 -0.804163
v 0.988084 0.478625 -0.834749
v 0.988084 0.502801 -0.223806
vn -0.6238 0.0000 -0.7816
vn 0.0000 -0.9999 -0.0147
vn -1.0000 -0.0000 0.0000
vn 0.0000 0.0000 1.0000
vn 0.0000 0.0000 -1.0000
vn 0.0000 -1.0000 -0.0085
vn 0.0000 -0.0021 1.0000
vn 0.0000 1.0000 0.0000
vn 0.0000 -1.0000 -0.0010
vn 0.0000 -1.0000 0.0000
vn 0.0000 -0.0271 0.9996
vn 0.0000 -0.8114 0.5845
vn -1.0000 -0.0073 0.0002
vn 0.0000 -0.0099 -1.0000
vn 0.0000 -0.0718 0.9974
vn 0.0000 -0.0540 -0.9985
vn -0.0000 0.9976 0.0692
vn 0.0000 0.0014 1.0000
vn 0.0000 0.0019 1.0000
vn 0.0000 0.0391 -0.9992
vn 0.0000 -0.0080 1.0000
vn 0.0000 -0.0869 -0.9962
vn 0.0000 0.8114 0.5845
vn -0.4228 0.7353 0.5297
vn -0.4228 -0.7353 0.5297
vn -0.0099 -0.8111 -0.5849
vn -0.0127 -0.8113 -0.5845
vn -0.0108 -0.8115 -0.5842
vn -0.0127 0.8113 -0.5845
vn -0.0099 0.8111 -0.5849
vn -0.0108 0.8115 -0.5842
vn -0.0099 -0.8111 0.5849
vn -0.0108 -0.8115 0.5842
vn -0.0126 -0.8113 0.5845
vn -0.0099 0.8111 0.5848
vn -0.0127 0.8113 0.5845
vn -0.0108 0.8115 0.5842
vn -0.4228 -0.7353 -0.5297
vn -0.6684 -0.6035 0.4348
vn -0.4228 0.7353 -0.5297
vn -0.4604 -0.6748 0.5768
vn -0.4604 -0.6748 -0.5768
vn 0.0000 -0.8114 -0.5845
vn -0.6238 0.0000 0.7816
vn -0.3844 0.0000 -0.9231
vn 0.0099 -0.8111 0.5849
vn 0.0108 -0.8115 0.5842
vn -0.3844 0.0000 0.9231
vn -0.5237 -0.8518 -0.0125
vn -0.6619 0.7430 -0.0987
vn -0.6270 -0.7787 0.0228
vn 0.0000 0.8114 -0.5845
vn -0.4985 -0.8669 0.0000
vn -0.4985 0.8669 0.0000
vn 0.0000 -0.0052 -1.0000
vn -0.4445 -0.8957 0.0110
vn 0.0000 0.0077 1.0000
vn 0.0000 0.0064 1.0000
vn -0.6534 0.0096 0.7570
vn 0.0000 -0.0284 0.9996
vn -0.7156 -0.0372 -0.6975
vn 0.0000 -0.9997 0.0232
vn -0.6229 -0.0562 0.7803
vn -0.6238 -0.0000 0.7815
vn -0.5636 -0.8261 0.0000
vn -0.7150 -0.0924 -0.6930
vn -0.6463 0.0045 0.7630
vn -0.5162 -0.8565 0.0000
vn 0.0108 0.8115 0.5842
vn 0.0099 0.8111 0.5848
vn 0.0000 1.0000 -0.0012
vn 0.0000 1.0000 0.0007
vn -0.5162 0.8565 -0.0000
vn -0.5412 -0.8390 0.0554
vn 0.0000 0.1280 -0.9918
vn 0.0000 -0.0761 0.9971
vn -0.6884 -0.7251 -0.0183
vn -0.6797 0.7331 0.0226
vn -0.7731 0.0204 0.6339
vn -1.0000 0.0000 0.0001
vn 0.0000 -1.0000 0.0043
vn 0.0000 -0.1495 0.9888
vn 0.0000 0.0230 0.9997
vn 0.0000 0.2085 -0.9780
vn 0.0000 1.0000 -0.0001
vn 0.0000 1.0000 -0.0017
vn 0.0000 1.0000 0.0008
vn 0.0000 -0.7602 -0.6497
vn 0.0000 0.8374 -0.5466
vn 0.0000 -0.7602 0.6497
vn -0.6950 0.2515 -0.6736
vn 0.0000 0.2373 -0.9714
vn 0.0000 -0.0068 1.0000
vn -0.6859 -0.7272 -0.0270
vn -0.6859 -0.7273 0.0221
vn 0.0000 -1.0000 0.0007
vn 0.0000 -1.0000 -0.0006
vn -0.5963 0.2940 0.7470
vn -0.6237 -0.0212 0.7814
vn 0.0000 -0.0609 -0.9981
vn -0.6500 -0.7599 0.0090
vn 0.0000 0.9756 0.2197
vn 0.0000 0.9910 -0.1339
vn -0.4477 -0.8941 0.0102
vn -1.0000 0.0020 0.0000
vn -0.6238 -0.0107 -0.7815
vn -0.6232 0.0453 -0.7807
vn -0.6144 0.1735 0.7697
vn 0.0000 -0.0137 -0.9999
vn 0.0000 0.0579 -0.9983
vn -0.7161 0.0075 -0.6980
vn -0.7442 -0.1249 0.6562
vn -0.6769 -0.0181 -0.7359
vn 0.0000 -0.0121 -0.9999
vn 0.0000 0.0009 1.0000
vn 0.0000 -0.0016 1.0000
vn -0.0000 0.0657 -0.9978
vn -0.7497 0.0279 0.6612
vn -0.6738 0.0976 -0.7325
vn 0.0000 -0.0119 -0.9999
vn 0.0000 -0.0059 -1.0000
vn 0.0000 0.9997 -0.0245
vn 0.0000 -0.9987 -0.0503
vn -0.5411 -0.8408 0.0182
vn -0.0000 -0.9999 0.0137
vn 0.0000 0.0051 1.0000
vn -0.0000 0.3662 0.9305
vn 0.0000 -0.9964 -0.0850
vn 0.0000 -0.9999 -0.0128
vn 0.0000 0.0919 -0.9958
vn 0.0000 0.0059 -1.0000
vn 0.0000 0.0119 -0.9999
vn 0.0000 0.9996 -0.0285
vn 0.0000 0.1853 0.9827
vn 0.0000 -0.9978 0.0659
vn 0.0099 0.8111 -0.5849
vn 0.0108 0.8115 -0.5842
vn 0.0108 -0.8115 -0.5842
vn 0.0099 -0.8111 -0.5849
vn 0.0000 1.0000 0.0037
vn 0.0000 -0.1655 -0.9862
vn 0.0000 1.0000 0.0014
vn 0.0000 0.0495 -0.9988
vn 0.0000 -0.0015 1.0000
vn 0.0000 0.0002 1.0000
vn 0.0000 0.0034 1.0000
vn 0.0000 -0.0269 0.9996
vn 0.0000 -0.0351 0.9994
vn 0.0000 -0.0187 0.9998
vn 0.0000 0.0222 -0.9998
vn -0.3586 0.8183 -0.4493
vn -0.3586 0.8183 0.4493
vn 0.0000 0.8766 0.4813
vn -0.4014 0.9159 0.0000
vn 0.0000 0.8766 -0.4813
vn 0.0000 0.0932 0.9956
vn -0.6010 -0.0100 0.7992
vn 0.0000 -0.0267 -0.9996
vn 0.6238 0.0000 -0.7816
vn 1.0000 0.0000 0.0000
vn 1.0000 -0.0073 0.0002
vn 0.4228 0.7353 0.5297
vn 0.4228 -0.7353 0.5297
vn 0.0127 -0.8113 -0.5845
vn 0.0127 0.8113 -0.5845
vn 0.0126 -0.8113 0.5845
vn 0.0127 0.8113 0.5845
vn 0.4228 -0.7353 -0.5297
vn 0.6684 -0.6035 0.4348
vn 0.4228 0.7353 -0.5297
vn 0.4604 -0.6748 0.5768
vn 0.4604 -0.6748 -0.5768
vn 0.6238 0.0000 0.7816
vn 0.3844 0.0000 -0.9231
vn 0.3844 0.0000 0.9231
vn 0.5237 -0.8518 -0.0125
vn 0.6619 0.7431 -0.0987
vn 0.6270 -0.7787 0.0228
vn 0.4985 -0.8669 0.0000
vn 0.4985 0.8669 0.0000
vn 0.4445 -0.8957 0.0110
vn 0.6534 0.0096 0.7570
vn 0.7156 -0.0372 -0.6975
vn 0.6229 -0.0562 0.7803
vn 0.6238 -0.0000 0.7815
vn 0.5636 -0.8261 0.0000
vn 0.7150 -0.0924 -0.6930
vn 0.6463 0.0045 0.7630
vn 0.5162 -0.8565 0.0000
vn 0.5162 0.8565 0.0000
vn 0.5412 -0.8390 0.0554
vn 0.3844 0.0000 0.9232
vn 0.6884 -0.7251 -0.0183
vn 0.6797 0.7331 0.0226
vn 0.7731 0.0204 0.6339
vn 1.0000 0.0000 0.0001
vn 0.6950 0.2515 -0.6736
vn 0.6859 -0.7272 -0.0270
vn 0.6859 -0.7273 0.0221
vn 0.5963 0.2940 0.7470
vn 0.6237 -0.0212 0.7814
vn 0.6500 -0.7599 0.0090
vn 0.0000 -0.9999 0.0156
vn 0.0000 0.9756 -0.2197
vn 0.4477 -0.8941 0.0102
vn 1.0000 0.0020 0.0000
vn 0.6238 -0.0107 -0.7815
vn 0.6232 0.0453 -0.7807
vn 0.6144 0.1735 0.7697
vn 0.7161 0.0075 -0.6980
vn 0.7442 -0.1249 0.6562
vn 0.6769 -0.0181 -0.7359
vn 0.7497 0.0279 0.6612
vn 0.6738 0.0976 -0.7325
vn 0.5411 -0.8408 0.0182
vn 0.0000 0.2199 0.9755
vn 0.3586 0.8183 -0.4493
vn 0.3586 0.8183 0.4493
vn 0.4014 0.9159 0.0000
vn 0.6010 -0.0100 0.7992
vn 0.0000 -0.0269 -0.9996
vn 0.0000 -0.0186 -0.9998
vn 0.0000 0.0222 0.9998
vn -0.6243 0.7799 -0.0459
vn -0.6238 0.0000 -0.7815
vn 0.0000 -0.9997 -0.0239
vn 0.0000 -0.2546 0.9670
vn -0.5907 0.8058 0.0411
vn 0.0000 -0.0351 -0.9994
vn 0.0000 -0.0524 -0.9986
vn 0.0000 0.0640 -0.9979
vn 0.6238 0.0001 -0.7815
vn 0.0000 0.0932 -0.9956
vn 0.0000 0.9992 -0.0393
vn 0.0000 0.1226 0.9925
vn 0.0000 0.9992 0.0393
vn 0.0000 -0.9970 0.0778
vn -0.6010 -0.0100 -0.7992
vn 0.0000 -0.0267 0.9996
vn 0.6243 0.7799 -0.0459
vn 0.6238 0.0000 -0.7815
vn 0.5907 0.8058 0.0411
vn -0.6238 0.0001 -0.7815
vn 0.6010 -0.0100 -0.7992
vn 0.6239 -0.0000 0.7815
vn -0.3999 0.7675 -0.5010
vn -0.6129 0.7893 0.0372
vn -0.7668 0.6380 0.0699
vn -0.7582 -0.0235 -0.6516
vn -0.6015 -0.7982 0.0330
vn -0.6274 0.7781 0.0307
vn -0.7226 -0.1213 0.6805
vn -0.7531 -0.0588 0.6553
vn -0.7351 0.6763 -0.0469
vn -0.6457 0.3889 0.6571
vn -0.7151 -0.2684 -0.6454
vn -0.7373 0.1161 -0.6655
vn -0.6683 -0.1733 0.7235
vn -0.7148 -0.1973 0.6709
vn -0.6770 0.2114 -0.7049
vn -0.6828 -0.1679 -0.7110
vn -0.6129 0.7894 -0.0337
vn -0.6625 0.7294 0.1705
vn -0.6625 0.7294 -0.1705
vn -0.5795 -0.8140 -0.0393
vn -0.5753 -0.8080 0.1276
vn -0.7540 -0.1443 0.6408
vn -0.6401 0.7625 -0.0939
vn -0.6383 -0.7696 0.0176
vn -0.6375 -0.7687 -0.0509
vn -0.7468 0.1745 -0.6418
vn -0.6251 0.7793 -0.0440
vn -0.5723 -0.8194 0.0326
vn -0.5632 -0.8260 -0.0230
vn -0.6249 0.7790 0.0511
vn -0.7636 -0.1649 -0.6242
vn -0.7505 0.2454 -0.6135
vn -0.4893 0.8508 0.1916
vn -0.6106 -0.7673 -0.1960
vn -0.6963 0.7161 0.0487
vn 0.5610 0.7776 -0.2839
vn -0.6780 0.7310 -0.0775
vn -0.7240 -0.1005 0.6824
vn -0.7300 -0.2944 0.6168
vn -0.7286 -0.0826 -0.6800
vn -0.7560 0.1431 0.6387
vn -0.7274 0.1008 -0.6788
vn -0.6091 0.7885 -0.0849
vn -0.6563 -0.7383 0.1558
vn -0.6791 -0.7189 -0.1481
vn -0.5943 0.7693 0.2345
vn -0.7368 0.2829 -0.6141
vn -0.7422 -0.1876 -0.6434
vn -0.7202 0.1453 0.6783
vn -0.8193 -0.5728 0.0249
vn -0.4893 0.8508 -0.1916
vn -0.6992 -0.2556 -0.6677
vn -0.6992 0.2556 -0.6677
vn -0.7743 0.0363 0.6318
vn -0.7464 0.0574 0.6630
vn -0.7547 0.1697 -0.6338
vn -0.7215 0.0238 0.6920
vn -0.7643 -0.0627 -0.6419
vn -0.7169 -0.1146 0.6877
vn -0.7532 0.0556 0.6554
vn -0.6430 0.7586 -0.1050
vn -0.7317 -0.0617 0.6789
vn -0.7319 0.0558 0.6791
vn -0.6438 0.7595 0.0929
vn -0.7226 -0.1213 -0.6805
vn -0.7367 0.2829 0.6141
vn -0.7422 -0.1876 0.6434
vn -0.7202 0.1453 -0.6783
vn 0.3999 0.7675 -0.5010
vn 0.6129 0.7893 0.0372
vn 0.7668 0.6380 0.0699
vn 0.7582 -0.0235 -0.6516
vn 0.6015 -0.7982 0.0330
vn 0.6274 0.7781 0.0307
vn 0.7226 -0.1213 0.6805
vn 0.7531 -0.0588 0.6553
vn 0.7351 0.6763 -0.0469
vn 0.6457 0.3889 0.6571
vn 0.7151 -0.2684 -0.6454
vn 0.7373 0.1161 -0.6655
vn 0.6683 -0.1733 0.7235
vn 0.7148 -0.1973 0.6709
vn 0.6770 0.2114 -0.7049
vn 0.6828 -0.1679 -0.7110
vn 0.6129 0.7894 -0.0337
vn 0.6625 0.7294 0.1705
vn 0.6625 0.7294 -0.1705
vn 0.5796 -0.8140 -0.0393
vn 0.5753 -0.8080 0.1276
vn 0.7540 -0.1443 0.6408
vn 0.6401 0.7625 -0.0939
vn 0.6383 -0.7696 0.0176
vn 0.6375 -0.7687 -0.0509
vn 0.7468 0.1745 -0.6418
vn 0.6251 0.7793 -0.0440
vn 0.5723 -0.8194 0.0326
vn 0.5632 -0.8260 -0.0230
vn 0.6249 0.7790 0.0511
vn 0.7636 -0.1649 -0.6242
vn 0.7505 0.2454 -0.6135
vn 0.4893 0.8508 0.1916
vn 0.6106 -0.7673 -0.1960
vn 0.6963 0.7161 0.0487
vn -0.5610 0.7776 -0.2839
vn 0.6780 0.7310 -0.0775
vn 0.7240 -0.1005 0.6824
vn 0.7300 -0.2944 0.6168
vn 0.7286 -0.0826 -0.6800
vn 0.7560 0.1431 0.6387
vn 0.7274 0.1008 -0.6788
vn 0.6091 0.7885 -0.0849
vn 0.6563 -0.7383 0.1558
vn 0.6791 -0.7189 -0.1481
vn 0.5943 0.7693 0.2345
vn 0.7368 0.2829 -0.6141
vn 0.7422 -0.1876 -0.6434
vn 0.7202 0.1453 0.6783
vn 0.8193 -0.5728 0.0249
vn 0.4893 0.8508 -0.1916
vn 0.6992 -0.2556 -0.6677
vn 0.6992 0.2556 -0.6677
vn 0.7743 0.0363 0.6318
vn 0.7464 0.0574 0.6630
vn 0.7547 0.1697 -0.6338
vn 0.7215 0.0238 0.6920
vn 0.7643 -0.0627 -0.6419
vn 0.7169 -0.1146 0.6877
vn 0.7532 0.0556 0.6554
vn 0.6430 0.7586 -0.1050
vn 0.7317 -0.0617 0.6789
vn 0.7319 0.0558 0.6791
vn 0.6438 0.7595 0.0929
vn 0.7226 -0.1213 -0.6805
vn 0.7367 0.2829 0.6141
vn 0.7422 -0.1876 0.6434
vn 0.7202 0.1453 -0.6783
usemtl Wall_Dark.001
s 1
f 1//1 2//1 3//1 4//1
f 5//2 6//2 7//2 8//2
f 2//3 1//3 9//3 10//3 11//3 12//3
f 13//4 14//4 15//4 16//4
f 17//5 18//5 19//5 20//5
f 21//6 22//6 23//6 24//6
f 25//4 26//4 27//4 28//4
f 29//7 30//7 31//4 32//4
f 33//8 34//8 35//8 36//8
f 37//9 38//9 39//10 40//10
f 41//11 42//11 43//11 44//11
f 45//12 46//12 47//12 48//12
f 49//13 50//13 51//13 52//13 53//13 54//13 55//13 56//13 57//13 58//13
f 59//8 60//8 61//8 62//8
f 63//14 64//14 65//14 66//14
f 67//3 68//3 69//3 70//3 71//3 72//3 73//3
f 74//15 75//15 76//15 77//15
f 78//16 79//16 80//16 81//16
f 82//8 83//8 84//8 85//8
f 86//10 87//10 88//10 89//10
f 90//17 91//17 92//17 93//17
f 94//18 95//18 96//19 97//19
f 98//20 99//20 100//20 101//20
f 102//21 103//21 104//4 105//4
f 106//22 107//22 108//22 109//22
f 110//1 111//1 112//1 113//1
f 114//10 115//10 116//10 117//10
f 118//23 36//23 35//23 119//23
f 120//3 121//3 122//3 123//3 124//3 125//3 126//3 127//3 128//3 129//3
f 130//4 131//4 132//4 133//4
f 134//4 135//4 136//4 137//4
f 138//8 139//8 140//8 141//8
f 10//24 142//24 143//24
f 144//25 145//25 9//25
f 146//26 147//27 148//28
f 149//29 150//30 151//31
f 8//32 152//33 153//34
f 154//35 155//36 16//37
f 4//38 156//38 1//38
f 20//38 157//38 158//38
f 159//39 160//39 24//39
f 161//25 162//25 163//25
f 164//38 165//38 166//38
f 119//24 35//24 167//24
f 34//40 168//40 169//40
f 170//40 171//40 172//40
f 40//25 173//25 174//25
f 175//24 176//24 44//24
f 57//38 177//38 178//38
f 179//40 180//40 56//40
f 59//24 73//24 181//24
f 70//25 48//25 47//25
f 62//40 182//40 67//40
f 183//38 69//38 66//38
f 184//25 185//25 51//25
f 186//24 187//24 52//24
f 188//25 189//25 190//25
f 77//24 191//24 192//24
f 193//40 194//40 85//40
f 195//40 196//40 197//40
f 32//24 198//24 199//24
f 200//38 88//38 201//38
f 87//25 202//25 203//25
f 204//24 105//24 205//24
f 206//41 94//41 207//41
f 110//42 113//42 208//42
f 128//38 209//38 210//38
f 211//40 212//40 127//40
f 117//25 132//25 122//25
f 131//24 213//24 123//24
f 214//25 215//25 216//25
f 217//38 218//38 219//38
f 137//24 140//24 220//24
f 139//40 221//40 222//40
f 223//5 4//5 3//5 224//5
f 145//4 225//4 226//4 142//4
f 4//43 223//43 227//43 156//43
f 142//23 226//23 228//23 143//23
f 10//44 9//44 145//44 142//44
f 229//5 230//5 151//5 231//5
f 232//45 149//45 151//45 230//45
f 7//46 233//47 152//33 8//32
f 234//48 153//48 152//48 235//48
f 5//49 8//49 153//49 236//49
f 237//8 238//8 239//8 240//8
f 241//50 242//50 239//50 238//50
f 19//43 243//43 157//43 20//43
f 244//51 158//51 157//51 21//51
f 17//1 20//1 158//1 245//1
f 165//10 246//10 247//10 162//10
f 28//44 119//44 167//44 248//44
f 34//52 33//52 249//52 168//52
f 250//1 164//1 166//1 251//1
f 161//53 166//53 165//53 162//53
f 169//54 167//54 35//54 34//54
f 101//55 100//55 172//55 252//55
f 39//12 253//12 173//12 40//12
f 254//44 174//44 173//44 255//44
f 37//53 40//53 174//53 256//53
f 257//54 171//54 170//54 258//54
f 259//56 184//56 51//56 50//56
f 187//23 186//23 260//23 261//23
f 262//54 179//54 56//54 55//54
f 57//1 56//1 180//1 177//1
f 263//57 264//57 265//58 266//58
f 71//59 70//59 47//59 265//59
f 267//60 181//60 264//60 263//60
f 68//61 67//61 182//61 63//61
f 59//54 62//54 67//54 73//54
f 183//53 48//53 70//53 69//53
f 52//44 51//44 185//44 186//44
f 268//62 269//62 270//62 271//62
f 76//23 272//23 191//23 77//23
f 273//54 192//54 191//54 274//54
f 74//63 77//63 192//63 275//63
f 276//1 277//1 278//1 279//1
f 196//52 280//52 281//52 197//52
f 282//1 200//1 201//1 283//1
f 31//23 284//23 198//23 32//23
f 29//64 32//64 199//64 285//64
f 195//54 199//54 198//54 196//54
f 203//53 201//53 88//53 87//53
f 93//8 92//8 286//8 211//8
f 287//65 206//65 207//65 288//65
f 287//10 289//10 290//10 206//10
f 105//23 104//23 291//23 205//23
f 292//66 293//66 108//66 107//66
f 294//67 207//67 94//67 97//67
f 212//5 295//5 296//5 209//5
f 114//53 117//53 122//53 121//53
f 131//23 130//23 297//23 213//23
f 93//54 211//54 127//54 126//54
f 128//1 127//1 212//1 209//1
f 123//44 122//44 132//44 131//44
f 218//10 298//10 299//10 215//10
f 134//44 137//44 220//44 300//44
f 139//52 138//52 301//52 221//52
f 302//1 217//1 219//1 303//1
f 214//53 219//53 218//53 215//53
f 222//54 220//54 140//54 139//54
f 257//8 304//8 305//8 171//8
f 306//52 224//52 3//52 307//52
f 146//68 308//68 309//68 147//68
f 310//3 311//3 149//3 232//3 312//3 313//3 147//3 309//3 236//3 153//3 234//3 314//3 315//3 155//3
f 16//37 15//69 316//70 154//35
f 317//71 318//71 319//72 320//72
f 146//10 321//10 322//10 308//10
f 154//73 317//73 310//73 155//73
f 308//74 5//74 236//74 309//74
f 154//8 316//8 318//71 317//71
f 155//48 315//48 13//48 16//48
f 147//45 313//45 79//45 148//45
f 81//75 80//75 230//75 229//75
f 152//4 233//4 323//4 235//4
f 324//76 325//76 14//76 13//76
f 160//77 244//77 21//77 24//77
f 326//78 241//78 238//78 327//78
f 328//8 327//8 238//8 237//8
f 159//79 329//79 330//79 160//79
f 244//80 160//80 330//80 331//80 242//80 241//80 326//80 332//80 245//80 158//80
f 157//81 243//81 22//81 21//81
f 329//82 333//82 334//82 335//82
f 159//83 336//83 333//83 329//83
f 337//84 338//84 18//84 17//84
f 339//85 340//85 306//86 307//86
f 143//54 341//54 11//54 10//54
f 156//53 144//53 9//53 1//53
f 341//87 342//87 340//85 339//85
f 113//88 343//88 344//88 208//88
f 345//89 109//89 108//89 346//89
f 290//90 95//90 94//90 206//90
f 204//44 347//44 102//44 105//44
f 111//91 292//91 107//91 112//91
f 348//43 349//43 350//43 351//43
f 352//92 112//92 107//92 106//92
f 353//93 354//93 103//21 102//21
f 305//52 252//52 172//52 171//52
f 355//94 287//94 288//94 356//94
f 205//54 357//54 358//54 204//54
f 343//5 113//5 112//5 352//5
f 355//10 359//10 289//10 287//10
f 205//8 291//8 360//8 357//8
f 208//95 355//95 356//95 110//95
f 207//3 294//3 361//3 347//3 204//3 358//3 362//3 293//3 292//3 111//3 110//3 356//3 288//3
f 208//10 344//10 359//10 355//10
f 363//54 257//54 258//54 364//54
f 44//23 43//23 365//23 175//23
f 363//8 366//8 304//8 257//8
f 351//96 350//96 367//97 368//97
f 175//54 363//54 364//54 176//54
f 175//8 365//8 366//8 363//8
f 369//3 256//3 174//3 254//3 370//3 176//3 364//3 258//3 170//3 371//3 372//3 373//3
f 370//98 254//98 255//98 41//98
f 373//1 372//1 99//1 348//1
f 349//5 348//5 99//5 98//5
f 176//99 370//99 41//99 44//99
f 221//1 374//1 375//1 222//1
f 376//44 134//44 300//44 377//44
f 136//23 141//23 140//23 137//23
f 221//5 301//5 378//5 374//5
f 376//4 379//4 135//4 134//4
f 380//44 376//44 377//44 381//44
f 380//4 382//4 379//4 376//4
f 383//44 380//44 381//44 384//44
f 374//100 378//100 385//100 386//100
f 383//4 387//4 382//4 380//4
f 178//101 388//101 58//101 57//101
f 262//102 389//102 390//102 391//102
f 187//54 392//54 53//54 52//54
f 392//8 187//8 261//8 393//8
f 394//103 395//103 269//103 268//103
f 274//8 396//8 83//8 82//8
f 189//104 397//104 395//104 190//104
f 398//105 194//105 399//105 279//105 278//105 400//105 397//105 189//105 401//105 275//105 192//105 273//105
f 193//106 402//106 399//106 194//106
f 402//107 276//107 279//107 399//107
f 188//44 403//44 401//44 189//44
f 403//108 74//108 275//108 401//108
f 404//10 190//10 395//10 394//10
f 193//109 405//109 406//109 402//109
f 402//110 406//110 407//110 276//110
f 188//4 408//4 409//4 403//4
f 69//111 68//111 63//111 66//111
f 410//112 29//112 285//112 411//112
f 197//113 412//113 413//113 195//113
f 197//114 281//114 414//114 412//114
f 202//115 415//115 416//116 410//116
f 413//3 283//3 201//3 203//3 411//3 285//3 199//3 195//3
f 412//117 414//117 417//117 282//117
f 202//118 410//118 411//118 203//118
f 412//119 282//119 283//119 413//119
f 418//120 419//120 420//121 302//121
f 87//12 86//12 415//12 202//12
f 282//5 417//5 421//5 200//5
f 116//12 133//12 132//12 117//12
f 422//122 423//122 91//122 90//122
f 424//10 425//10 426//10 427//10
f 213//54 422//54 124//54 123//54
f 213//8 297//8 423//8 422//8
f 427//123 426//123 115//123 114//123
f 210//124 424//124 129//124 128//124
f 210//125 428//125 425//125 424//125
f 266//58 265//58 47//126 46//126
f 255//127 429//127 42//127 41//127
f 430//128 431//128 432//128 259//128
f 388//129 433//129 431//129 430//129
f 386//130 385//130 434//130 435//130
f 216//4 436//4 437//4 438//4
f 438//4 437//4 439//4 440//4
f 441//3 442//3 384//3 381//3 377//3 300//3 220//3 222//3 375//3 443//3 444//3 445//3 446//3 303//3 219//3 214//3
f 216//44 438//44 441//44 214//44
f 438//44 440//44 442//44 441//44
f 440//44 383//44 384//44 442//44
f 435//1 447//1 445//1 444//1
f 440//4 439//4 387//4 383//4
f 435//5 434//5 448//131 447//131
f 447//131 448//131 419//132 418//132
f 357//133 360//133 449//133 450//133
f 235//134 323//134 325//134 324//134
f 451//5 148//5 79//5 78//5
f 308//135 322//135 6//135 5//135
f 452//136 231//137 151//31 150//30
f 148//28 451//138 321//139 146//26
f 320//72 319//72 452//140 150//140
f 453//52 454//52 180//52 179//52
f 177//43 455//43 456//43 178//43
f 179//8 262//8 391//8 453//8
f 209//43 296//43 428//43 210//43
f 286//52 295//52 212//52 211//52
f 61//52 457//52 182//52 62//52
f 421//43 89//43 88//43 200//43
f 458//43 298//43 218//43 217//43
f 215//12 299//12 436//12 216//12
f 302//121 420//121 458//5 217//5
f 459//43 246//43 165//43 164//43
f 162//12 247//12 460//12 163//12
f 168//5 249//5 461//5 462//5
f 463//12 225//12 145//12 144//12
f 156//10 227//10 463//10 144//10
f 464//141 465//141 338//141 337//141
f 24//12 23//12 336//12 159//12
f 466//23 240//23 239//23 467//23
f 327//52 328//52 465//52 464//52
f 335//4 334//4 466//4 467//4
f 97//19 96//19 354//93 353//93
f 368//97 367//97 38//9 37//9
f 450//142 449//142 345//142 346//142
f 173//4 253//4 429//4 255//4
f 191//8 272//8 396//8 274//8
f 250//5 468//5 459//5 164//5
f 85//52 84//52 405//52 193//52
f 181//23 267//23 60//23 59//23
f 469//43 271//43 270//43 277//43
f 190//12 404//12 408//12 188//12
f 66//43 65//43 470//43 183//43
f 276//5 407//5 469//5 277//5
f 182//143 457//143 64//143 63//143
f 183//10 470//10 45//10 48//10
f 471//3 248//3 167//3 169//3 472//3 251//3 166//3 161//3
f 28//4 27//4 118//4 119//4
f 143//8 228//8 342//87 341//87
f 163//4 460//4 26//4 25//4
f 462//5 461//5 468//5 250//5
f 473//4 474//4 475//144 476//144
f 198//8 284//8 280//8 196//8
f 477//3 478//3 479//3 480//3 481//3 482//3 483//3 484//3
f 482//25 485//25 473//25
f 486//38 487//38 481//38
f 488//40 489//40 480//40
f 490//8 488//8 491//8 492//8
f 487//10 493//10 494//10 485//10
f 488//52 490//52 495//52 489//52
f 485//12 494//12 474//12 473//12
f 482//53 481//53 487//53 485//53
f 496//23 497//23 498//23 499//23
f 500//145 501//145 496//146 499//146
f 473//44 476//44 483//44 482//44
f 489//1 486//1 481//1 480//1
f 476//144 475//144 501//145 500//145
f 502//43 493//43 487//43 486//43
f 489//5 495//5 502//5 486//5
f 492//8 491//8 503//8 504//8
f 505//147 506//147 507//148 508//148
f 480//54 479//54 491//54 488//54
f 504//8 503//8 498//8 497//8
f 509//149 510//149 506//147 505//147
f 511//150 512//150 513//150 514//150
f 515//8 516//8 517//8 518//8
f 519//38 520//38 521//38
f 522//25 523//25 524//25
f 511//151 525//151 517//151
f 518//152 526//152 508//152
f 522//4 527//4 528//4 529//4
f 521//10 530//10 531//10 524//10
f 508//153 507//153 515//153 518//153
f 529//44 532//44 523//44 522//44
f 519//53 521//53 524//53 523//53
f 526//154 518//154 517//154 525//154
f 520//1 519//1 533//1 534//1
f 512//155 511//155 517//155 516//155
f 529//156 528//156 510//156 509//156
f 533//3 519//3 523//3 532//3 535//3 536//3 526//3 525//3 537//3
f 534//5 538//5 539//5 520//5
f 520//43 539//43 530//43 521//43
f 527//12 522//12 524//12 531//12
f 508//157 526//157 536//157 505//157
f 514//158 513//158 538//158 534//158
f 540//159 223//159 224//159 541//159
f 541//160 542//160 543//160 544//160 545//160 540//160
f 259//10 432//10 546//10 184//10
f 547//161 548//161 549//161 550//161 551//161 552//161 553//161 554//161 555//161 556//161
f 557//160 558//160 559//160 560//160 561//160 562//160 563//160
f 260//4 186//4 185//4 564//4
f 565//159 343//159 352//159 566//159
f 567//160 568//160 569//160 570//160 571//160 572//160 573//160 574//160 575//160 576//160
f 544//162 228//162 226//162
f 463//163 545//163 225//163
f 321//139 451//138 577//164
f 578//165 231//137 452//136
f 7//46 579//166 233//47
f 316//70 15//69 580//167
f 223//168 540//168 227//168
f 19//168 581//168 243//168
f 336//169 23//169 582//169
f 583//163 460//163 247//163
f 459//168 584//168 246//168
f 118//162 585//162 36//162
f 33//170 586//170 249//170
f 587//170 252//170 305//170
f 39//163 588//163 253//163
f 365//162 43//162 589//162
f 549//168 456//168 455//168
f 453//170 550//170 454//170
f 60//162 267//162 558//162
f 561//163 46//163 45//163
f 61//170 557//170 457//170
f 470//168 65//168 562//168
f 546//163 555//163 564//163
f 260//162 554//162 261//162
f 408//163 404//163 590//163
f 76//162 591//162 272//162
f 405//170 84//170 592//170
f 593//170 281//170 280//170
f 31//162 594//162 284//162
f 421//168 595//168 89//168
f 86//163 596//163 415//163
f 597//162 291//162 104//162
f 290//171 598//171 95//171
f 565//172 344//172 343//172
f 569//168 428//168 296//168
f 286//170 570//170 295//170
f 116//163 575//163 133//163
f 130//162 574//162 297//162
f 599//163 436//163 299//163
f 458//168 600//168 298//168
f 136//162 601//162 141//162
f 138//170 602//170 301//170
f 544//173 226//173 225//173 545//173
f 603//174 229//174 231//174 578//174
f 604//175 323//175 233//175 579//175
f 6//176 605//176 579//176 7//176
f 606//177 237//177 240//177 607//177
f 608//178 22//178 243//178 581//178
f 18//159 609//159 581//159 19//159
f 27//173 610//173 585//173 118//173
f 468//159 611//159 584//159 459//159
f 583//179 247//179 246//179 584//179
f 586//180 33//180 36//180 585//180
f 612//173 429//173 253//173 588//173
f 38//179 613//179 588//179 39//179
f 304//180 614//180 587//180 305//180
f 177//5 180//5 454//5 455//5
f 432//181 556//181 555//181 546//181
f 391//180 551//180 550//180 453//180
f 549//159 455//159 454//159 550//159
f 560//182 266//182 46//182 561//182
f 563//183 64//183 457//183 557//183
f 60//180 558//180 557//180 61//180
f 470//179 562//179 561//179 45//179
f 554//173 260//173 564//173 555//173
f 410//116 416//116 30//7 29//7
f 615//180 396//180 272//180 591//180
f 75//184 616//184 591//184 76//184
f 407//159 617//159 618//159 469//159
f 417//159 619//159 595//159 421//159
f 30//185 620//185 594//185 31//185
f 593//180 280//180 284//180 594//180
f 596//179 86//179 89//179 595//179
f 289//186 621//186 598//186 290//186
f 622//187 106//187 109//187 623//187
f 624//188 96//188 95//188 598//188
f 115//179 576//179 575//179 116//179
f 92//180 571//180 570//180 286//180
f 569//159 296//159 295//159 570//159
f 574//173 130//173 133//173 575//173
f 135//173 625//173 601//173 136//173
f 420//159 626//159 600//159 458//159
f 599//179 299//179 298//179 600//179
f 602//180 138//180 141//180 601//180
f 321//189 577//189 627//189 322//189
f 628//160 580//160 629//160 630//160 604//160 579//160 605//160 627//160 577//160 631//160 632//160 603//160 578//160 633//160
f 316//190 580//190 628//190 318//190
f 322//191 627//191 605//191 6//191
f 580//192 15//192 14//192 629//192
f 577//174 451//174 78//174 631//174
f 582//193 23//193 22//193 608//193
f 634//194 328//194 237//194 606//194
f 336//195 582//195 635//195 333//195
f 608//196 581//196 609//196 636//196 634//196 606//196 607//196 637//196 635//196 582//196
f 228//180 544//180 543//180 342//180
f 227//179 540//179 545//179 463//179
f 597//173 104//173 103//173 638//173
f 566//197 352//197 106//197 622//197
f 359//198 639//198 621//198 289//198
f 291//180 597//180 640//180 360//180
f 344//199 565//199 639//199 359//199
f 598//160 621//160 639//160 565//160 566//160 622//160 623//160 641//160 640//160 597//160 638//160 642//160 624//160
f 366//180 643//180 614//180 304//180
f 365//180 589//180 643//180 366//180
f 644//160 645//160 646//160 647//160 587//160 614//160 643//160 589//160 648//160 612//160 588//160 613//160
f 648//200 42//200 429//200 612//200
f 645//159 349//159 98//159 646//159
f 589//201 43//201 42//201 648//201
f 301//159 602//159 649//159 378//159
f 379//173 650//173 625//173 135//173
f 382//173 651//173 650//173 379//173
f 387//173 652//173 651//173 382//173
f 456//202 549//202 548//202 433//202
f 546//12 564//12 185//12 184//12
f 178//203 456//203 433//203 388//203
f 261//180 554//180 553//180 393//180
f 392//204 393//204 390//204 389//204
f 590//205 404//205 394//205 653//205
f 654//206 615//206 591//206 616//206 655//206 590//206 653//206 656//206 618//206 617//206 657//206 592//206
f 405//207 592//207 657//207 406//207
f 406//208 657//208 617//208 407//208
f 408//173 590//173 655//173 409//173
f 409//209 655//209 616//209 75//209
f 562//210 65//210 64//210 563//210
f 416//211 658//211 620//211 30//211
f 281//212 593//212 659//212 414//212
f 659//160 593//160 594//160 620//160 658//160 596//160 595//160 619//160
f 415//213 596//213 658//213 416//213
f 414//214 659//214 619//214 417//214
f 297//180 574//180 573//180 423//180
f 428//215 569//215 568//215 425//215
f 660//160 599//160 600//160 626//160 661//160 662//160 663//160 664//160 649//160 602//160 601//160 625//160 650//160 651//160 652//160 665//160
f 436//173 599//173 660//173 437//173
f 437//173 660//173 665//173 439//173
f 439//173 665//173 652//173 387//173
f 434//159 663//159 662//159 448//159
f 403//216 409//216 75//216 74//216
f 666//160 583//160 584//160 611//160 667//160 586//160 585//160 610//160
f 668//160 669//160 670//160 671//160 672//160 673//160 674//160 675//160
f 671//163 474//163 494//163
f 502//168 672//168 493//168
f 490//170 673//170 495//170
f 671//179 494//179 493//179 672//179
f 474//173 671//173 670//173 475//173
f 495//159 673//159 672//159 502//159
f 673//180 490//180 492//180 674//180
f 676//168 530//168 539//168
f 527//163 531//163 677//163
f 512//217 516//217 678//217
f 515//218 507//218 679//218
f 528//173 527//173 677//173 680//173
f 676//179 677//179 531//179 530//179
f 679//219 678//219 516//219 515//219
f 539//159 538//159 681//159 676//159
f 681//160 682//160 678//160 679//160 683//160 684//160 680//160 677//160 676//160
f 507//220 506//220 683//220 679//220
usemtl Wall_Medium.001
f 685//8 686//8 687//8 688//8
f 689//4 690//4 691//4 692//4
f 693//4 694//4 695//4 696//4
f 697//8 698//8 699//8 700//8
f 701//8 702//8 703//8 704//8
f 705//221 706//221 707//222 708//222
f 709//4 710//4 711//4 712//4
f 713//5 714//5 715//5 716//5
f 717//10 718//10 719//10 720//10
f 721//4 722//4 723//4 724//4
f 725//223 726//223 727//223 728//223
f 729//4 730//4 690//4 689//4
f 731//8 732//8 733//8 734//8
f 735//4 736//4 730//4 729//4
f 737//8 738//8 739//8 740//8
f 741//25 742//25 693//25
f 743//38 744//38 745//38
f 696//24 703//24 746//24
f 686//40 747//40 748//40
f 749//40 700//40 750//40
f 712//24 697//24 751//24
f 716//38 719//38 752//38
f 718//25 753//25 754//25
f 755//25 756//25 721//25
f 757//38 758//38 759//38
f 728//152 733//152 760//152
f 732//151 761//151 762//151
f 763//25 764//25 735//25
f 765//38 766//38 767//38
f 692//24 739//24 768//24
f 769//40 770//40 771//40
f 772//10 773//10 774//10 742//10
f 693//44 696//44 746//44 741//44
f 686//52 685//52 775//52 747//52
f 747//1 743//1 745//1 748//1
f 776//53 745//53 744//53 777//53
f 778//224 746//224 703//224 702//224
f 700//52 699//52 779//52 750//52
f 713//1 716//225 752//225 780//1
f 711//23 698//23 697//23 712//23
f 709//44 712//44 751//44 781//44
f 749//54 751//54 697//54 700//54
f 754//53 752//53 719//53 718//53
f 782//5 783//5 784//5 757//5
f 758//10 785//10 786//10 756//10
f 732//155 731//155 787//155 761//155
f 782//225 757//225 759//225 788//225
f 755//53 759//53 758//53 756//53
f 762//154 760//154 733//154 732//154
f 789//226 790//226 791//226 764//226
f 769//52 792//52 793//52 770//52
f 770//1 765//1 767//1 771//1
f 691//23 740//23 739//23 692//23
f 794//54 768//54 739//54 738//54
f 771//54 795//54 796//54 769//54
f 766//10 797//10 798//10 799//10
f 767//3 800//3 801//3 763//3 802//3 803//3 768//3 794//3 804//3 795//3 771//3
f 805//227 806//227 710//227 709//227
f 807//228 778//228 702//228 808//228
f 688//8 687//8 808//8 809//8
f 776//3 810//3 741//3 746//3 778//3 807//3 811//3 748//3 745//3
f 809//8 808//8 702//8 701//8
f 761//229 787//229 706//221 705//221
f 750//230 779//230 812//230 813//230
f 813//231 812//231 814//231 815//231
f 753//5 816//5 817//5 818//5
f 753//232 818//232 819//232 754//232
f 815//5 814//5 714//5 713//5
f 820//3 821//3 780//3 752//3 754//3 819//3 822//3 781//3 751//3 749//3
f 815//1 713//1 780//1 821//1
f 721//44 724//44 823//44 755//44
f 727//153 734//153 733//153 728//153
f 708//233 707//233 783//233 782//233
f 823//3 824//3 760//3 762//3 825//3 826//3 788//3 759//3 755//3
f 715//43 720//43 719//43 716//43
f 827//234 828//234 738//234 737//234
f 756//12 786//12 722//12 721//12
f 784//43 785//43 758//43 757//43
f 818//235 817//235 806//235 805//235
f 744//10 829//10 830//10 777//10
f 777//10 830//10 773//10 772//10
f 695//23 704//23 703//23 696//23
f 831//43 829//43 744//43 743//43
f 742//12 774//12 694//12 693//12
f 747//5 775//5 831//5 743//5
f 832//236 796//236 828//236 827//236
f 792//8 769//8 796//8 832//8
f 799//237 798//237 790//237 789//237
f 833//43 797//43 766//43 765//43
f 764//12 791//12 736//12 735//12
f 770//5 793//5 833//5 765//5
f 761//238 705//238 825//238 762//238
f 724//239 723//239 726//239 725//239
f 800//53 767//53 766//53 799//53
f 735//64 729//64 802//64 763//64
f 834//163 694//163 774//163
f 831//168 835//168 829//168
f 695//162 836//162 704//162
f 685//170 837//170 775//170
f 838//170 779//170 699//170
f 711//162 839//162 698//162
f 715//168 840//168 720//168
f 717//163 841//163 816//163
f 842//163 722//163 786//163
f 784//168 843//168 785//168
f 727//218 844//218 734//218
f 731//217 845//217 787//217
f 846//163 736//163 791//163
f 833//168 847//168 797//168
f 691//162 848//162 740//162
f 792//170 849//170 793//170
f 694//173 834//173 836//173 695//173
f 775//159 837//159 835//159 831//159
f 850//179 830//179 829//179 835//179
f 851//240 701//240 704//240 836//240
f 714//159 852//159 840//241 715//241
f 710//173 853//173 839//173 711//173
f 838//180 699//180 698//180 839//180
f 841//179 717//179 720//179 840//179
f 783//241 854//241 843//241 784//241
f 842//179 786//179 785//179 843//179
f 845//219 731//219 734//219 844//219
f 793//159 849//159 847//159 833//159
f 855//180 737//180 740//180 848//180
f 849//180 792//180 832//180 856//180
f 847//160 849//160 856//160 857//160 855//160 848//160 858//160 859//160 846//160 860//160 861//160
f 862//242 809//242 701//242 851//242
f 850//160 835//160 837//160 863//160 862//160 851//160 836//160 834//160 864//160
f 816//243 841//243 865//243 817//243
f 866//160 838//160 839//160 853//160 867//160 865//160 841//160 840//160 852//160 868//160
f 814//159 868//159 852//159 714//159
f 722//173 842//173 869//173 723//173
f 869//160 842//160 843//160 854//160 870//160 871//160 845//160 844//160 872//160
f 787//244 845//244 871//244 706//244
f 861//179 798//179 797//179 847//179
f 736//245 846//245 859//245 730//245
f 718//12 717//12 816//12 753//12
usemtl Wall_Highlights.001
f 307//40 3//40 2//40
f 464//40 326//40 327//40
f 242//24 467//24 239//24
f 351//38 373//38 348//38
f 278//38 277//38 270//38
f 346//246 108//246 293//246
f 339//247 307//247 2//247 12//247
f 320//248 150//248 149//248 311//248
f 335//44 467//44 242//44 331//44
f 371//249 170//249 172//249 100//249
f 400//250 278//250 270//250 269//250
f 450//251 346//251 293//251 362//251
f 725//252 728//252 760//252 824//252
f 689//253 692//253 768//253 803//253
f 317//254 320//254 311//254 310//254
f 314//255 234//255 235//255 324//255
f 312//256 232//256 230//256 80//256
f 313//257 312//257 80//257 79//257
f 315//258 314//258 324//258 13//258
f 329//259 335//259 331//259 330//259
f 337//260 17//260 245//260 332//260
f 464//261 337//261 332//261 326//261
f 341//262 339//262 12//262 11//262
f 795//263 804//263 828//263 796//263
f 804//264 794//264 738//264 828//264
f 763//265 801//265 789//265 764//265
f 801//266 800//266 799//266 789//266
f 347//267 361//267 353//267 102//267
f 357//268 450//268 362//268 358//268
f 351//269 368//269 369//269 373//269
f 368//270 37//270 256//270 369//270
f 372//271 371//271 100//271 99//271
f 811//272 807//272 808//272 687//272
f 810//273 776//273 777//273 772//273
f 741//274 810//274 772//274 742//274
f 748//275 811//275 687//275 686//275
f 374//276 386//276 443//276 375//276
f 386//277 435//277 444//277 443//277
f 389//278 262//278 55//278 54//278
f 430//279 259//279 50//279 49//279
f 194//280 398//280 82//280 85//280
f 397//281 400//281 269//281 395//281
f 398//282 273//282 274//282 82//282
f 73//283 72//283 264//283 181//283
f 805//284 709//284 781//284 822//284
f 750//285 813//285 820//285 749//285
f 818//286 805//286 822//286 819//286
f 813//287 815//287 821//287 820//287
f 422//288 90//288 125//288 124//288
f 424//289 427//289 120//289 129//289
f 427//290 114//290 121//290 120//290
f 90//291 93//291 126//291 125//291
f 708//292 782//292 788//292 826//292
f 705//293 708//293 826//293 825//293
f 724//294 725//294 824//294 823//294
f 388//295 430//295 49//295 58//295
f 392//296 389//296 54//296 53//296
f 447//297 418//297 446//297 445//297
f 418//298 302//298 303//298 446//298
f 361//299 294//299 97//299 353//299
f 72//300 71//300 265//300 264//300
f 462//301 250//301 251//301 472//301
f 163//302 25//302 471//302 161//302
f 168//303 462//303 472//303 169//303
f 25//304 28//304 248//304 471//304
f 729//305 689//305 803//305 802//305
f 478//306 477//306 498//306 503//306
f 499//24 498//24 477//24
f 500//307 499//307 477//307 484//307
f 476//308 500//308 484//308 483//308
f 479//309 478//309 503//309 491//309
f 514//310 537//310 525//310 511//310
f 509//311 535//311 532//311 529//311
f 505//312 536//312 535//312 509//312
f 534//313 533//313 537//313 514//313
f 306//170 541//170 224//170
f 465//170 328//170 634//170
f 607//162 240//162 466//162
f 350//168 349//168 645//168
f 618//168 271//168 469//168
f 345//314 623//314 109//314
f 340//315 542//315 541//315 306//315
f 319//316 633//316 578//316 452//316
f 334//173 637//173 607//173 466//173
f 647//317 101//317 252//317 587//317
f 656//318 268//318 271//318 618//318
f 449//319 641//319 623//319 345//319
f 726//320 872//320 844//320 727//320
f 690//321 858//321 848//321 691//321
f 318//322 628//322 633//322 319//322
f 630//323 325//323 323//323 604//323
f 632//324 81//324 229//324 603//324
f 631//325 78//325 81//325 632//325
f 629//326 14//326 325//326 630//326
f 333//327 635//327 637//327 334//327
f 338//328 636//328 609//328 18//328
f 465//329 634//329 636//329 338//329
f 342//330 543//330 542//330 340//330
f 856//331 832//331 827//331 857//331
f 857//332 827//332 737//332 855//332
f 846//333 791//333 790//333 860//333
f 860//334 790//334 798//334 861//334
f 638//335 103//335 354//335 642//335
f 360//336 640//336 641//336 449//336
f 350//337 645//337 644//337 367//337
f 367//338 644//338 613//338 38//338
f 646//339 98//339 101//339 647//339
f 863//340 688//340 809//340 862//340
f 864//341 773//341 830//341 850//341
f 834//342 774//342 773//342 864//342
f 837//343 685//343 688//343 863//343
f 378//344 649//344 664//344 385//344
f 385//345 664//345 663//345 434//345
f 390//346 552//346 551//346 391//346
f 431//347 547//347 556//347 432//347
f 592//348 84//348 83//348 654//348
f 653//349 394//349 268//349 656//349
f 654//350 83//350 396//350 615//350
f 558//351 267//351 263//351 559//351
f 806//352 867//352 853//352 710//352
f 779//353 838//353 866//353 812//353
f 817//354 865//354 867//354 806//354
f 812//355 866//355 868//355 814//355
f 423//356 573//356 572//356 91//356
f 425//357 568//357 567//357 426//357
f 426//358 567//358 576//358 115//358
f 91//359 572//359 571//359 92//359
f 707//360 870//360 854//360 783//360
f 706//361 871//361 870//361 707//361
f 723//362 869//362 872//362 726//362
f 433//363 548//363 547//363 431//363
f 393//364 553//364 552//364 390//364
f 448//365 662//365 661//365 419//365
f 419//366 661//366 626//366 420//366
f 642//367 354//367 96//367 624//367
f 559//368 263//368 266//368 560//368
f 461//369 667//369 611//369 468//369
f 460//370 583//370 666//370 26//370
f 249//371 586//371 667//371 461//371
f 26//372 666//372 610//372 27//372
f 730//373 859//373 858//373 690//373
f 675//374 504//374 497//374 668//374
f 496//162 668//162 497//162
f 501//375 669//375 668//375 496//375
f 475//376 670//376 669//376 501//376
f 674//377 492//377 504//377 675//377
f 513//378 512//378 678//378 682//378
f 510//379 528//379 680//379 684//379
f 506//380 510//380 684//380 683//380
f 538//381 513//381 682//381 681//381
o Wall_Modular_Cube.002
v 0.619795 3.666415 0.178859
v 0.619795 3.943581 0.178859
v 0.652836 3.943581 0.152485
v 0.652836 3.666415 0.152485
v 0.690518 3.574320 -1.095879
v 0.918030 3.574320 -1.095879
v 0.918030 3.563545 -0.363972
v 0.690518 3.563545 -0.363972
v 0.619795 3.666415 0.665060
v 0.619795 3.943581 0.665060
v 0.619795 3.943581 0.465593
v 0.619795 3.930507 0.315011
v 0.690518 3.795294 -0.337599
v 0.918030 3.795294 -0.337599
v 0.918030 3.943581 -0.337599
v 0.690518 3.943581 -0.337599
v 0.735102 3.804894 -0.349266
v 0.873446 3.804894 -0.349266
v 0.873446 3.398570 -0.349266
v 0.735102 3.398570 -0.349266
v 0.735102 3.380866 -0.019425
v 0.873446 3.380866 -0.019425
v 0.873446 3.379570 0.133650
v 0.735102 3.379570 0.133650
v 0.630314 3.281070 -0.857135
v 0.978234 3.281070 -0.857135
v 0.978234 3.329508 -0.857135
v 0.630314 3.329508 -0.857135
v 0.630314 2.782324 1.385068
v 0.978234 2.782324 1.385068
v 0.978235 3.143561 1.385068
v 0.630313 3.143561 1.385068
v 0.978234 3.566755 -1.358253
v 0.630314 3.566755 -1.358253
v 0.630314 3.566755 -0.883509
v 0.978234 3.566755 -0.883509
v 0.690518 2.831857 -0.335591
v 0.918030 2.831857 -0.335591
v 0.918030 2.831857 0.134987
v 0.690518 2.831857 0.134987
v 0.690518 2.947327 0.150143
v 0.918030 2.947327 0.150143
v 0.918030 3.361708 0.161361
v 0.690518 3.361708 0.161361
v 0.918030 1.962995 1.358694
v 0.918030 1.981995 1.385068
v 0.690518 1.981995 1.385068
v 0.690518 1.962995 1.358694
v 0.602347 2.005810 -0.489214
v 0.594087 1.978538 -0.394924
v 0.597273 1.981996 -0.196972
v 0.597273 2.309195 -0.196972
v 0.597273 2.309195 -0.311796
v 0.597273 2.296265 -0.369207
v 0.597273 2.309195 -0.426619
v 0.597273 2.309195 -1.362343
v 0.597273 1.981996 -1.362343
v 0.602261 1.993753 -0.794145
v 0.690518 2.438464 1.358694
v 0.918030 2.438464 1.358694
v 0.918030 2.438464 0.369693
v 0.690518 2.438464 0.369693
v 0.690518 2.346362 0.339695
v 0.918030 2.346362 0.339695
v 0.918030 1.981995 0.343319
v 0.690518 1.981995 0.343319
v 0.657477 2.419464 0.369693
v 0.657477 2.346362 0.381118
v 0.657477 1.981995 0.369693
v 0.657477 1.981995 1.358694
v 0.657477 2.263378 1.352967
v 0.657477 2.346362 1.339251
v 0.657477 2.419464 1.358694
v 0.729603 2.257739 0.335604
v 0.878945 2.257739 0.335604
v 0.878945 2.527006 0.354986
v 0.729603 2.527006 0.354986
v 0.918030 3.709479 -1.388717
v 0.690518 3.709479 -1.388717
v 0.690518 3.772574 -1.392132
v 0.918030 3.772574 -1.392132
v 0.729603 2.546006 0.038021
v 0.878945 2.546006 0.038021
v 0.878945 2.546006 -0.155037
v 0.729603 2.546006 -0.155037
v 0.978234 2.435255 1.358694
v 0.630314 2.435255 1.358694
v 0.630314 2.435255 0.870673
v 0.978234 2.435255 0.870673
v 0.630314 2.830193 0.222492
v 0.978234 2.830193 0.222492
v 0.978234 2.832115 0.194788
v 0.630314 2.832115 0.194788
v 0.653918 2.850857 0.847911
v 0.954630 2.850857 0.847911
v 0.954630 3.206602 0.847431
v 0.653918 3.206602 0.847431
v 0.918030 2.918824 -0.871202
v 0.690518 2.918824 -0.871202
v 0.690518 2.970671 -0.869175
v 0.918030 2.970671 -0.869175
v 0.653918 3.464349 0.847911
v 0.954630 3.464349 0.847911
v 0.954630 3.631708 0.847911
v 0.653918 3.631708 0.847911
v 0.954630 3.464349 0.170645
v 0.653918 3.464349 0.170645
v 0.653918 3.631708 0.156043
v 0.954630 3.631708 0.156043
v 0.620877 2.850857 0.182416
v 0.620877 3.404573 0.182416
v 0.653918 3.404573 0.156043
v 0.653918 2.850857 0.156043
v 0.630314 2.542433 0.082242
v 0.978234 2.542433 0.082242
v 0.978234 2.542433 0.327130
v 0.630314 2.542433 0.327130
v 0.978234 3.547755 -0.857135
v 0.630314 3.547755 -0.857135
v 0.597273 2.585750 0.023471
v 0.597273 2.561433 0.082242
v 0.597273 2.561433 0.327130
v 0.597273 2.813115 0.327130
v 0.597273 2.813115 0.300942
v 0.597273 2.798150 0.222492
v 0.597273 2.813115 0.194788
v 0.597273 2.813115 -0.311312
v 0.597273 2.561433 -0.311312
v 0.597273 2.569905 -0.023912
v 0.978234 2.813115 0.353504
v 0.630314 2.813115 0.353504
v 0.630314 2.561433 0.353504
v 0.978234 2.561433 0.353504
v 0.728309 2.890056 -0.857135
v 0.880239 2.890056 -0.857135
v 0.880239 3.010316 -0.857135
v 0.728309 3.010316 -0.857135
v 0.880239 3.029316 -1.358253
v 0.728309 3.029316 -1.358253
v 0.728309 3.029316 -0.883509
v 0.880239 3.029316 -0.883509
v 0.652836 3.943581 0.691434
v 0.652836 3.962581 0.665060
v 0.652836 3.647415 0.665060
v 0.652836 3.666415 0.691434
v 0.690518 3.563545 -1.362343
v 0.669099 3.576453 -1.379797
v 0.690518 3.582545 -1.388717
v 0.669099 3.949673 -1.379797
v 0.690518 3.962581 -1.362343
v 0.690518 3.943581 -1.388717
v 0.690518 3.582545 -0.337599
v 0.669099 3.576453 -0.346519
v 0.690518 3.962581 -0.363972
v 0.669099 3.949673 -0.346519
v 0.652836 3.647415 0.178859
v 0.735102 3.379570 -0.322892
v 0.702061 3.398570 -0.322892
v 0.735102 3.398570 0.160024
v 0.702131 3.408577 0.123231
v 0.597273 3.046613 -0.883509
v 0.630314 3.027613 -0.883509
v 0.630314 3.046613 -0.857135
v 0.630314 3.046613 -1.384626
v 0.630314 3.027613 -1.358253
v 0.597273 3.046613 -1.358253
v 0.597273 3.547755 -0.883509
v 0.630314 3.547755 -1.384626
v 0.597273 3.547755 -1.358253
v 0.657477 3.361708 -0.844828
v 0.690518 3.380708 -0.844828
v 0.690518 3.361708 -0.871202
v 0.690518 2.850857 0.161361
v 0.657477 2.850857 0.134987
v 0.690518 3.380708 0.134987
v 0.657477 3.361708 0.134987
v 0.630314 1.981996 -1.388717
v 0.630314 1.962996 -1.362343
v 0.630314 2.328195 -1.362343
v 0.630314 2.309195 -1.388717
v 0.690518 2.419464 1.385068
v 0.690518 2.419464 0.343319
v 0.690518 1.962995 0.369693
v 0.630314 1.962996 -0.196972
v 0.630314 1.981996 -0.170598
v 0.630314 2.309195 -0.170598
v 0.630314 2.328195 -0.196972
v 0.729603 1.980431 0.354986
v 0.696562 1.980431 0.328613
v 0.729603 1.961431 0.328613
v 0.729603 2.546006 0.328613
v 0.696562 2.527006 0.328613
v 0.729603 2.527006 -0.181411
v 0.696562 2.527006 -0.155037
v 0.597273 3.143561 0.870673
v 0.630314 3.162561 0.870673
v 0.630314 3.143561 0.844300
v 0.630313 3.162561 1.358694
v 0.597273 3.143561 1.358694
v 0.630314 2.454255 0.844300
v 0.597273 2.454255 0.870673
v 0.630314 2.454255 1.385068
v 0.597273 2.454255 1.358694
v 0.620877 3.631708 0.821538
v 0.653918 3.650708 0.821538
v 0.653918 2.828315 0.821538
v 0.620877 2.850857 0.821538
v 0.653918 2.828315 0.182416
v 0.630314 2.561433 -0.337686
v 0.630314 2.542433 -0.311312
v 0.630314 2.832115 -0.311312
v 0.630314 2.813115 -0.337686
v 0.630314 2.832115 0.327130
v 0.695268 2.342063 -0.883509
v 0.728309 2.323063 -0.883509
v 0.728309 2.342063 -0.857135
v 0.728309 2.342063 -1.384626
v 0.728309 2.323063 -1.358253
v 0.695268 2.342063 -1.358253
v 0.695268 3.010316 -0.883509
v 0.728309 3.010316 -1.384626
v 0.695268 3.010316 -1.358253
v 0.955712 3.666415 0.152485
v 0.955712 3.943581 0.152485
v 0.955712 3.666415 0.691434
v 0.955712 3.943581 0.691434
v 0.955712 3.647415 0.178859
v 0.955712 3.962581 0.665060
v 0.918030 3.799035 -1.388717
v 0.690518 3.799035 -1.388717
v 0.918030 3.943581 -1.388717
v 0.669099 3.799978 -1.379797
v 0.918030 3.582545 -0.337599
v 0.669099 3.701001 -0.346519
v 0.690518 3.703463 -0.337599
v 0.669099 3.587611 -1.103840
v 0.873446 3.964145 0.055075
v 0.735102 3.964145 0.055075
v 0.735102 3.964145 0.133650
v 0.873446 3.964145 0.133650
v 0.702061 3.922327 0.040383
v 0.702061 3.945145 0.133650
v 0.873446 3.379570 -0.322892
v 0.702040 3.414948 -0.024542
v 0.702061 3.804894 -0.322892
v 0.978234 3.027613 -1.358253
v 0.978234 3.027613 -0.883509
v 0.597273 3.329508 -0.883509
v 0.978234 3.547755 -1.384626
v 0.630314 3.366486 -1.384626
v 0.597273 3.366486 -1.358253
v 0.918030 3.361708 -0.871202
v 0.918030 2.850857 0.161361
v 0.657477 2.918824 0.134987
v 0.690518 2.918824 0.161361
v 0.657477 2.850857 -0.335591
v 0.690518 3.380708 -0.544940
v 0.657477 3.361708 -0.544940
v 0.630314 1.962996 -0.408709
v 0.978234 2.309195 -0.170598
v 0.978234 2.328195 -0.196972
v 0.630314 2.328195 -0.426619
v 0.918030 2.346362 1.382989
v 0.690518 2.346362 1.382989
v 0.690518 2.263378 1.383630
v 0.918030 2.263378 1.383630
v 0.918030 2.419464 1.385068
v 0.878945 1.968974 0.169632
v 0.729603 1.968974 0.169632
v 0.729603 1.961431 -0.155037
v 0.878945 1.961431 -0.155037
v 0.878945 2.546006 0.328613
v 0.696562 2.527006 0.147892
v 0.729603 2.546006 0.147892
v 0.696562 2.257739 0.309231
v 0.729603 2.076316 -0.181411
v 0.729603 1.980431 -0.181411
v 0.696562 1.980431 -0.155037
v 0.696562 2.076316 -0.155037
v 0.978234 3.162561 0.870673
v 0.978234 3.143561 0.844300
v 0.630314 2.760428 0.844300
v 0.597273 2.760428 0.870673
v 0.978235 3.162561 1.358694
v 0.597273 2.782324 1.358694
v 0.978234 2.832115 -0.311312
v 0.653918 2.828315 0.698283
v 0.620877 2.850857 0.698283
v 0.954630 2.828315 0.698283
v 0.954630 2.828315 0.821538
v 0.954630 3.650708 0.821538
v 0.620877 3.464349 0.212459
v 0.620877 3.631708 0.182416
v 0.620877 3.206603 0.817829
v 0.978234 2.813115 -0.337686
v 0.978234 2.561433 -0.337686
v 0.978234 2.832115 0.327130
v 0.880239 2.323063 -1.358253
v 0.880239 2.323063 -0.883509
v 0.695268 2.890056 -0.883509
v 0.880239 3.010316 -1.384626
v 0.728309 2.407473 -1.384626
v 0.695268 2.407473 -1.358253
v 0.918030 3.380708 -0.544940
v 0.918030 3.380708 -0.844828
v 0.955712 3.962581 0.178859
v 0.652836 3.962581 0.178859
v 0.690518 3.563545 -1.259126
v 0.669099 3.576453 -1.272903
v 0.669099 3.949673 -1.103840
v 0.669099 3.927038 -1.272903
v 0.669099 3.772574 -1.353983
v 0.669099 3.707231 -1.379797
v 0.669099 3.728405 -0.373409
v 0.669099 3.796103 -0.346519
v 0.918030 3.962581 -0.363972
v 0.690518 3.962581 -1.095879
v 0.918030 3.962581 -1.095879
v 0.918030 3.962195 -1.259126
v 0.690518 3.962195 -1.259126
v 0.918030 3.563545 -1.362343
v 0.918030 3.563545 -1.259126
v 0.918030 3.703463 -0.337599
v 0.690518 3.729925 -0.342589
v 0.918030 3.729925 -0.342589
v 0.702061 3.945145 -0.322892
v 0.735102 3.964145 -0.322892
v 0.873446 3.964145 -0.322892
v 0.735102 3.804894 0.150686
v 0.702061 3.804894 0.106646
v 0.702061 3.866672 0.133650
v 0.702061 3.866672 -0.299004
v 0.873446 3.804894 0.150686
v 0.873446 3.866672 0.160024
v 0.735102 3.866672 0.160024
v 0.873446 3.398570 0.160024
v 0.735102 3.866672 -0.336095
v 0.873446 3.866672 -0.336095
v 0.652836 3.962817 0.315011
v 0.955712 3.962817 0.315011
v 0.652836 3.962581 0.465593
v 0.955712 3.962581 0.465593
v 0.954630 2.850857 0.156043
v 0.954630 2.828315 0.182416
v 0.954630 3.648429 0.181661
v 0.653918 3.648429 0.181661
v 0.620877 3.464349 0.821538
v 0.690518 2.850857 -0.871202
v 0.918030 2.850857 -0.871202
v 0.918030 2.831857 -0.844828
v 0.690518 2.831857 -0.844828
v 0.954630 3.404573 0.156043
v 0.653918 3.404573 0.846950
v 0.954630 3.404573 0.846950
v 0.653918 2.828315 0.466115
v 0.620877 2.868096 0.466115
v 0.653918 3.650708 0.535263
v 0.620877 3.631708 0.535263
v 0.954630 2.828315 0.466115
v 0.954630 3.650708 0.535263
v 0.620877 3.404573 0.795572
v 0.620877 3.611506 0.442186
v 0.690518 3.380708 -0.482725
v 0.657477 3.361708 -0.482725
v 0.918030 3.380708 0.134987
v 0.918030 3.380708 -0.482725
v 0.918030 2.832115 -0.466355
v 0.690518 2.832115 -0.466355
v 0.657477 2.867917 -0.466355
v 0.657477 2.947327 0.123770
v 0.657477 2.970671 -0.818656
v 0.657477 2.918824 -0.844828
v 0.657477 2.850857 -0.844828
v 0.728309 2.890056 -1.384626
v 0.695268 2.890056 -1.358253
v 0.728309 2.820940 -0.857135
v 0.695268 2.820940 -0.883509
v 0.880239 2.890056 -1.384626
v 0.880239 2.820940 -0.857135
v 0.728309 2.775295 -0.857135
v 0.695268 2.775295 -0.883509
v 0.880239 2.775295 -0.857135
v 0.728309 2.449148 -0.857135
v 0.695268 2.449148 -0.883509
v 0.880239 2.820940 -1.380412
v 0.728309 2.820940 -1.380412
v 0.880239 2.449148 -0.857135
v 0.617002 1.971987 -0.784933
v 0.630314 2.315265 -0.369207
v 0.978234 2.315265 -0.369207
v 0.978234 2.328195 -0.426619
v 0.630314 2.328195 -0.311796
v 0.978234 2.328195 -0.311796
v 0.878945 1.961431 0.113814
v 0.729603 1.961431 0.113814
v 0.878945 2.546006 0.147892
v 0.694988 1.976397 0.121570
v 0.702562 2.507641 0.022557
v 0.696562 2.162284 -0.150053
v 0.700490 1.996042 0.151093
v 0.696562 2.171771 0.328613
v 0.729603 2.162284 -0.176426
v 0.729603 2.171771 0.354986
v 0.878945 1.961431 0.328613
v 0.878945 2.527006 -0.181411
v 0.878945 2.162284 -0.176426
v 0.878945 2.076316 -0.181411
v 0.878945 1.980431 0.354986
v 0.878945 2.171771 0.354986
v 0.630314 2.722717 1.384821
v 0.597273 2.722717 1.336260
v 0.630314 2.820035 0.848225
v 0.597273 2.820035 0.882639
v 0.978234 2.820035 0.848225
v 0.978234 2.454255 1.385068
v 0.978234 2.722717 1.384821
v 0.978234 2.760428 0.844300
v 0.728309 2.428310 -1.384873
v 0.880239 2.428310 -1.384873
v 0.880239 2.407473 -1.384626
v 0.978234 2.454255 0.844300
v 0.630314 2.832115 0.300942
v 0.978234 2.832115 0.300942
v 0.630314 2.546381 -0.023912
v 0.978234 2.546381 -0.023912
v 0.978234 2.546381 0.003792
v 0.630314 2.546381 0.003792
v 0.978234 2.542433 -0.311312
v 0.918030 2.918824 0.161361
v 0.630314 1.967894 -0.466122
v 0.978234 1.967894 -0.466122
v 0.978234 1.962996 -0.408709
v 0.991546 1.971987 -0.784933
v 0.880239 2.775295 -1.384626
v 0.728309 2.775295 -1.384626
v 0.880239 2.342063 -0.857135
v 0.880239 2.407473 -0.857135
v 0.728309 2.407473 -0.857135
v 0.880239 2.428310 -0.857135
v 0.728309 2.428310 -0.857135
v 0.695268 2.407473 -0.883509
v 0.695268 2.428310 -0.883509
v 0.695268 2.820940 -1.325948
v 0.695268 2.775295 -1.358253
v 0.695268 2.449148 -1.358253
v 0.695268 2.428310 -1.342051
v 0.728309 2.449148 -1.384626
v 0.880239 2.449148 -1.384626
v 0.954630 3.648073 0.442940
v 0.653918 3.648073 0.442940
v 0.918030 3.582545 -1.388717
v 0.918030 3.962581 -1.362343
v 0.978234 2.328195 -1.362343
v 0.978234 2.309195 -1.388717
v 0.978234 1.981996 -1.388717
v 0.978234 1.962996 -1.362343
v 0.918030 2.419464 0.343319
v 0.880239 2.342063 -1.384626
v 0.978234 3.046613 -1.384626
v 0.978234 3.046613 -0.857135
v 0.978234 3.414924 -1.384626
v 0.630314 3.414924 -1.384626
v 0.955712 3.647415 0.665060
v 0.735102 3.945145 -0.349266
v 0.873446 3.945145 -0.349266
v 0.873446 3.945145 0.160024
v 0.735102 3.945145 0.160024
v 0.978234 3.366486 -1.384626
v 0.878945 1.980431 -0.181411
v 0.918030 1.962995 0.369693
v 0.597273 3.281070 -0.899657
v 0.597273 3.414924 -1.332316
v 0.618279 3.662406 1.381648
v 0.990269 3.662406 1.381648
v 0.990269 3.741258 1.381648
v 0.618279 3.741258 1.381648
v 0.585238 3.947825 1.355274
v 0.585238 3.929812 1.290196
v 0.585238 3.947825 1.216593
v 0.585238 3.947825 0.714504
v 0.585238 3.662406 0.714504
v 0.585238 3.662406 1.355274
v 0.585238 3.741258 1.355274
v 0.585238 3.849739 1.337128
v 0.618279 3.643406 1.355274
v 0.618279 3.662406 0.688130
v 0.618279 3.643406 0.714504
v 0.618279 3.966825 0.714504
v 0.618279 3.947825 0.688130
v 0.990269 3.966825 0.714504
v 0.618279 3.966825 1.216593
v 0.990269 3.966825 1.216593
v 0.990269 3.643406 0.714504
v 0.990269 3.643406 1.355274
v 0.990269 3.947825 0.688130
v 0.990269 3.947825 1.381648
v 0.990269 3.966825 1.355274
v 0.618279 3.966825 1.355274
v 0.618279 3.947825 1.381648
v 0.618279 3.849739 1.381977
v 0.990269 3.849739 1.381977
v 0.990269 3.662406 0.688130
v 0.618279 3.966825 1.290196
v 0.990269 3.966825 1.290196
v 0.698114 2.751632 -0.338516
v 0.910434 2.751632 -0.338516
v 0.910434 2.819264 -0.336144
v 0.698114 2.819264 -0.336144
v 0.698114 2.697446 -0.339528
v 0.910434 2.697446 -0.339528
v 0.698114 2.819264 -0.859482
v 0.910434 2.819264 -0.859482
v 0.910434 2.775807 -0.860448
v 0.698114 2.775807 -0.860448
v 0.910434 2.833745 -0.362518
v 0.910434 2.833745 -0.833108
v 0.698114 2.833745 -0.833108
v 0.698114 2.833745 -0.362518
v 0.665073 2.562098 -0.833108
v 0.698114 2.562098 -0.859482
v 0.698114 2.543098 -0.833108
v 0.698114 2.562098 -0.336144
v 0.665073 2.562098 -0.362518
v 0.698114 2.543098 -0.362518
v 0.665073 2.819264 -0.833108
v 0.665073 2.819264 -0.362518
v 0.910434 2.562098 -0.336144
v 0.910434 2.661310 -0.336144
v 0.698114 2.661310 -0.336144
v 0.910434 2.543098 -0.833108
v 0.910434 2.543098 -0.362518
v 0.665073 2.661310 -0.362518
v 0.665073 2.739670 -0.833108
v 0.698114 2.739670 -0.859482
v 0.665073 2.697446 -0.392430
v 0.665073 2.751632 -0.361843
v 0.665073 2.775807 -0.816657
v 0.910434 2.739670 -0.859482
v 0.910434 2.562098 -0.859482
v 0.988753 3.666415 0.178859
v 0.988753 3.943581 0.178859
v 0.988753 3.930507 0.315011
v 0.988753 3.943581 0.465593
v 0.988753 3.943581 0.665060
v 0.988753 3.666415 0.665060
v 0.978234 1.962996 -0.196972
v 1.006201 2.005810 -0.489214
v 1.006287 1.993753 -0.794145
v 1.011275 1.981996 -1.362343
v 1.011275 2.309195 -1.362343
v 1.011275 2.309195 -0.426619
v 1.011275 2.296265 -0.369207
v 1.011275 2.309195 -0.311796
v 1.011275 2.309195 -0.196972
v 1.011275 1.981996 -0.196972
v 1.014461 1.978538 -0.394924
v 0.951071 2.419464 0.369693
v 0.951071 2.419464 1.358694
v 0.951071 2.346362 1.339251
v 0.951071 2.263378 1.352967
v 0.951071 1.981995 1.358694
v 0.951071 1.981995 0.369693
v 0.951071 2.346362 0.381118
v 0.978234 1.981996 -0.170598
v 0.987671 2.850857 0.182416
v 0.987671 3.404573 0.182416
v 1.011275 2.585750 0.023471
v 1.011275 2.569905 -0.023912
v 1.011275 2.561433 -0.311312
v 1.011275 2.813115 -0.311312
v 1.011275 2.813115 0.194788
v 1.011275 2.798150 0.222492
v 1.011275 2.813115 0.300942
v 1.011275 2.813115 0.327130
v 1.011275 2.561433 0.327130
v 1.011275 2.561433 0.082242
v 0.939449 3.576453 -1.379797
v 0.939449 3.949673 -1.379797
v 0.939449 3.576453 -0.346519
v 0.939449 3.949673 -0.346519
v 0.906487 3.398570 -0.322892
v 0.906417 3.408577 0.123231
v 1.011275 3.046613 -0.883509
v 1.011275 3.046613 -1.358253
v 1.011275 3.547755 -0.883509
v 1.011275 3.547755 -1.358253
v 0.951071 3.361708 -0.844828
v 0.951071 2.850857 0.134987
v 0.951071 3.361708 0.134987
v 0.911986 1.980431 0.328613
v 0.911986 2.527006 0.328613
v 0.911986 2.527006 -0.155037
v 1.011275 3.143561 0.870673
v 1.011275 3.143561 1.358694
v 1.011275 2.454255 0.870673
v 1.011275 2.454255 1.358694
v 0.987671 3.631708 0.821538
v 0.987671 2.850857 0.821538
v 0.913280 2.342063 -0.883509
v 0.913280 2.342063 -1.358253
v 0.913280 3.010316 -0.883509
v 0.913280 3.010316 -1.358253
v 0.939449 3.799978 -1.379797
v 0.939449 3.701001 -0.346519
v 0.939449 3.587611 -1.103840
v 0.906487 3.922327 0.040383
v 0.906487 3.945145 0.133650
v 0.906508 3.414948 -0.024542
v 0.906487 3.804894 -0.322892
v 1.011275 3.329508 -0.883509
v 1.011275 3.366486 -1.358253
v 0.951071 2.918824 0.134987
v 0.951071 2.850857 -0.335591
v 0.951071 3.361708 -0.544940
v 0.911986 2.527006 0.147892
v 0.911986 2.257739 0.309231
v 0.911986 2.076316 -0.155037
v 0.911986 1.980431 -0.155037
v 1.011275 2.760428 0.870673
v 1.011275 2.782324 1.358694
v 0.987671 2.850857 0.698283
v 0.987671 3.464349 0.212459
v 0.987671 3.631708 0.182416
v 0.987671 3.206603 0.817829
v 0.913280 2.890056 -0.883509
v 0.913280 2.407473 -1.358253
v 0.939449 3.576453 -1.272903
v 0.939449 3.949673 -1.103840
v 0.939449 3.796103 -0.346519
v 0.939449 3.728405 -0.373409
v 0.939449 3.707231 -1.379797
v 0.939449 3.772574 -1.353983
v 0.939449 3.927038 -1.272903
v 0.906487 3.945145 -0.322892
v 0.906487 3.804894 0.106646
v 0.906487 3.866672 -0.299004
v 0.906487 3.866672 0.133650
v 0.987671 3.464349 0.821538
v 0.987671 2.868096 0.466115
v 0.987671 3.631708 0.535263
v 0.987671 3.611506 0.442186
v 0.987671 3.404573 0.795572
v 0.951071 3.361708 -0.482725
v 0.951071 2.867917 -0.466355
v 0.951071 2.850857 -0.844828
v 0.951071 2.918824 -0.844828
v 0.951071 2.970671 -0.818656
v 0.951071 2.947327 0.123770
v 0.913280 2.890056 -1.358253
v 0.913280 2.820940 -0.883509
v 0.913280 2.775295 -0.883509
v 0.913280 2.449148 -0.883509
v 0.913560 1.976397 0.121570
v 0.905986 2.507641 0.022557
v 0.911986 2.171771 0.328613
v 0.908058 1.996042 0.151093
v 0.911986 2.162284 -0.150053
v 1.011275 2.722717 1.336260
v 1.011275 2.820035 0.882639
v 0.913280 2.407473 -0.883509
v 0.913280 2.428310 -1.342051
v 0.913280 2.449148 -1.358253
v 0.913280 2.775295 -1.358253
v 0.913280 2.820940 -1.325948
v 0.913280 2.428310 -0.883509
v 1.011275 3.281070 -0.899657
v 1.011275 3.414924 -1.332316
v 1.023310 3.947825 1.355274
v 1.023310 3.849739 1.337128
v 1.023310 3.741258 1.355274
v 1.023310 3.662406 1.355274
v 1.023310 3.662406 0.714504
v 1.023310 3.947825 0.714504
v 1.023310 3.947825 1.216593
v 1.023310 3.929812 1.290196
v 0.943475 2.562098 -0.833108
v 0.943475 2.562098 -0.362518
v 0.943475 2.819264 -0.833108
v 0.943475 2.819264 -0.362518
v 0.943475 2.661310 -0.362518
v 0.943475 2.739670 -0.833108
v 0.943475 2.775807 -0.816657
v 0.943475 2.751632 -0.361843
v 0.943475 2.697446 -0.392430
v 0.884173 3.566755 -0.845104
v 0.724375 3.566755 -0.845104
v 0.724375 3.566755 -0.730716
v 0.884173 3.566755 -0.730716
v 0.653504 3.500815 1.379660
v 0.955044 3.500815 1.379660
v 0.955044 3.630156 1.379660
v 0.653504 3.630156 1.379660
v 0.724375 3.396833 -0.342622
v 0.884173 3.396833 -0.342622
v 0.884173 3.547755 -0.342622
v 0.724375 3.547755 -0.342622
v 0.729579 2.834864 0.832269
v 0.878969 2.834864 0.832269
v 0.878969 2.834864 0.374717
v 0.729579 2.834864 0.374717
v 0.884173 3.566755 -0.495423
v 0.724375 3.566755 -0.495423
v 0.724375 3.566755 -0.368996
v 0.884173 3.566755 -0.368996
v 0.653504 2.463406 -0.858075
v 0.955044 2.463406 -0.858075
v 0.955044 2.409221 -0.857064
v 0.653504 2.409221 -0.857064
v 0.729579 2.637421 0.858643
v 0.878969 2.637421 0.858643
v 0.878969 2.815864 0.858643
v 0.729579 2.815864 0.858643
v 0.729579 2.505937 0.348343
v 0.878969 2.505937 0.348343
v 0.878969 2.454255 0.348343
v 0.729579 2.454255 0.348343
v 0.878970 2.435255 0.832269
v 0.729578 2.435255 0.832269
v 0.729579 2.435255 0.374717
v 0.878969 2.435255 0.374717
v 0.653505 2.342063 -0.180981
v 0.955043 2.342063 -0.180981
v 0.955043 2.451445 -0.180981
v 0.653505 2.451445 -0.180981
v 0.653505 2.487582 -0.180015
v 0.955043 2.487582 -0.180015
v 0.955044 2.531039 -0.180981
v 0.653504 2.531039 -0.180981
v 0.653504 3.364026 1.379660
v 0.955044 3.364026 1.379660
v 0.955044 2.545519 -0.834075
v 0.653504 2.545519 -0.834075
v 0.653504 2.545519 -0.207354
v 0.955044 2.545519 -0.207354
v 0.653504 3.180246 1.379660
v 0.955044 3.180246 1.379660
v 0.955044 3.649156 1.090846
v 0.653504 3.649156 1.090846
v 0.653504 3.649156 1.353286
v 0.955044 3.649156 1.353286
v 0.691334 3.396833 -0.368996
v 0.724375 3.377833 -0.368996
v 0.724375 3.396833 -0.871478
v 0.724375 3.377833 -0.845104
v 0.691334 3.396833 -0.845104
v 0.691334 3.547755 -0.368996
v 0.724375 3.547755 -0.871478
v 0.691334 3.547755 -0.845104
v 0.696538 2.815864 0.374717
v 0.729579 2.815864 0.348343
v 0.696538 2.815864 0.832269
v 0.696538 2.454255 0.374717
v 0.729578 2.454255 0.858643
v 0.696538 2.454255 0.832269
v 0.620464 2.342063 -0.207354
v 0.653505 2.323063 -0.207354
v 0.653505 2.342063 -0.860448
v 0.653505 2.323063 -0.834075
v 0.620464 2.342063 -0.834075
v 0.620464 2.531039 -0.207354
v 0.653504 2.531039 -0.860448
v 0.620463 2.531039 -0.834075
v 0.620464 3.180246 1.353286
v 0.653504 3.161246 1.353286
v 0.653504 3.180246 0.843327
v 0.653504 3.161246 0.869699
v 0.620463 3.180246 0.869699
v 0.620463 3.630156 1.353286
v 0.653504 3.649156 0.869699
v 0.653504 3.630156 0.843327
v 0.620463 3.630156 0.869699
v 0.724375 3.377833 -0.495423
v 0.884173 3.377833 -0.495423
v 0.884173 3.377833 -0.368996
v 0.884173 3.547755 -0.871478
v 0.691334 3.396833 -0.597772
v 0.724375 3.377833 -0.597772
v 0.691334 3.535246 -0.454907
v 0.878969 2.815864 0.348343
v 0.696538 2.505937 0.374717
v 0.696538 2.637421 0.832269
v 0.653504 2.373084 -0.860448
v 0.955044 2.373084 -0.860448
v 0.955043 2.342063 -0.860448
v 0.955043 2.323063 -0.834075
v 0.955043 2.323063 -0.207354
v 0.955044 2.531039 -0.860448
v 0.620464 2.373084 -0.834075
v 0.653504 3.165665 1.168118
v 0.955044 3.165665 1.168118
v 0.955044 3.161246 1.353286
v 0.955044 3.649156 0.869699
v 0.955044 3.630156 0.843327
v 0.620463 3.630156 1.090846
v 0.620463 3.630156 0.977595
v 0.653504 3.649156 0.977595
v 0.955044 3.161246 0.869699
v 0.955044 3.161246 1.111493
v 0.653504 3.161246 1.111493
v 0.620463 3.180246 1.111493
v 0.620463 3.193714 1.168118
v 0.620463 3.364026 1.353286
v 0.620463 3.500815 1.330089
v 0.620463 3.605914 1.034221
v 0.729579 2.577940 0.842981
v 0.878969 2.577940 0.842981
v 0.691334 3.547755 -0.597772
v 0.724375 3.566755 -0.597772
v 0.884173 3.566755 -0.597772
v 0.691334 3.404338 -0.511629
v 0.691334 3.532744 -0.730716
v 0.878969 2.685009 0.355211
v 0.729579 2.685009 0.355211
v 0.878969 2.577940 0.348343
v 0.729579 2.577940 0.348343
v 0.878970 2.454255 0.858643
v 0.878969 2.451166 0.858643
v 0.729579 2.451166 0.858643
v 0.696538 2.451166 0.832269
v 0.696538 2.685009 0.399644
v 0.696538 2.577940 0.374717
v 0.696538 2.577940 0.791140
v 0.620464 2.451445 -0.207354
v 0.620464 2.487582 -0.223806
v 0.620464 2.463406 -0.834749
v 0.620464 2.409221 -0.804163
v 0.955044 3.646930 1.034221
v 0.653504 3.646930 1.034221
v 0.884173 3.377833 -0.845104
v 0.884173 3.377833 -0.597772
v 0.884173 3.396833 -0.871478
v 0.955044 3.649156 0.977595
v 0.955044 3.180246 0.843327
v 0.917214 3.396833 -0.368996
v 0.917214 3.396833 -0.845104
v 0.917214 3.547755 -0.368996
v 0.917214 3.547755 -0.845104
v 0.912010 2.815864 0.374717
v 0.912010 2.815864 0.832269
v 0.912010 2.454255 0.374717
v 0.912010 2.454255 0.832269
v 0.988084 2.342063 -0.207354
v 0.988084 2.342063 -0.834075
v 0.988084 2.531039 -0.207354
v 0.988085 2.531039 -0.834075
v 0.988084 3.180246 1.353286
v 0.988085 3.180246 0.869699
v 0.988085 3.630156 1.353286
v 0.988085 3.630156 0.869699
v 0.917214 3.396833 -0.597772
v 0.917214 3.535246 -0.454907
v 0.912010 2.505937 0.374717
v 0.912010 2.637421 0.832269
v 0.988084 2.373084 -0.834075
v 0.988085 3.630156 1.090846
v 0.988085 3.630156 0.977595
v 0.988085 3.605914 1.034221
v 0.988085 3.500815 1.330089
v 0.988085 3.364026 1.353286
v 0.988085 3.193714 1.168118
v 0.988085 3.180246 1.111493
v 0.917214 3.547755 -0.597772
v 0.917214 3.532744 -0.730716
v 0.917214 3.404338 -0.511629
v 0.912010 2.451166 0.832269
v 0.912010 2.685009 0.399644
v 0.912010 2.577940 0.791140
v 0.912010 2.577940 0.374717
v 0.988084 2.451445 -0.207354
v 0.988084 2.409221 -0.804163
v 0.988084 2.463406 -0.834749
v 0.988084 2.487582 -0.223806
vn -0.6238 0.0000 -0.7816
vn 0.0000 -0.9999 -0.0147
vn -1.0000 -0.0000 0.0000
vn 0.0000 0.0000 1.0000
vn 0.0000 0.0000 -1.0000
vn 0.0000 -1.0000 -0.0085
vn 0.0000 -0.0021 1.0000
vn 0.0000 1.0000 0.0000
vn 0.0000 -1.0000 -0.0010
vn 0.0000 -1.0000 0.0000
vn 0.0000 -0.0271 0.9996
vn 0.0000 -0.8114 0.5845
vn -1.0000 -0.0073 0.0002
vn 0.0000 -0.0099 -1.0000
vn 0.0000 -0.0718 0.9974
vn 0.0000 -0.0540 -0.9985
vn -0.0000 0.9976 0.0692
vn 0.0000 0.0014 1.0000
vn 0.0000 0.0019 1.0000
vn 0.0000 0.0391 -0.9992
vn 0.0000 -0.0080 1.0000
vn 0.0000 -0.0869 -0.9962
vn 0.0000 0.8114 0.5845
vn -0.4228 0.7353 0.5297
vn -0.4228 -0.7353 0.5297
vn -0.0099 -0.8111 -0.5848
vn -0.0127 -0.8113 -0.5845
vn -0.0108 -0.8115 -0.5842
vn -0.0127 0.8113 -0.5845
vn -0.0099 0.8111 -0.5849
vn -0.0108 0.8115 -0.5842
vn -0.0099 -0.8111 0.5849
vn -0.0108 -0.8115 0.5842
vn -0.0126 -0.8113 0.5845
vn -0.0099 0.8111 0.5848
vn -0.0127 0.8113 0.5845
vn -0.0108 0.8115 0.5842
vn -0.4228 -0.7353 -0.5297
vn -0.6684 -0.6035 0.4348
vn -0.4228 0.7353 -0.5297
vn -0.4604 -0.6748 0.5768
vn -0.4604 -0.6748 -0.5768
vn 0.0000 -0.8114 -0.5845
vn -0.6238 0.0000 0.7816
vn -0.3844 0.0000 -0.9231
vn 0.0099 -0.8111 0.5849
vn 0.0108 -0.8115 0.5842
vn -0.3844 0.0000 0.9231
vn -0.5237 -0.8518 -0.0125
vn -0.6619 0.7431 -0.0987
vn -0.6270 -0.7787 0.0228
vn 0.0000 0.8114 -0.5845
vn -0.4985 -0.8669 0.0000
vn -0.4985 0.8669 0.0000
vn 0.0000 -0.0052 -1.0000
vn -0.4445 -0.8957 0.0110
vn 0.0000 0.0077 1.0000
vn 0.0000 0.0064 1.0000
vn -0.6534 0.0096 0.7570
vn 0.0000 -0.0284 0.9996
vn -0.7156 -0.0372 -0.6975
vn 0.0000 -0.9997 0.0232
vn -0.6229 -0.0562 0.7803
vn -0.6238 -0.0000 0.7815
vn -0.5636 -0.8261 0.0000
vn -0.7150 -0.0924 -0.6930
vn -0.6463 0.0045 0.7630
vn -0.5162 -0.8565 0.0000
vn 0.0108 0.8115 0.5842
vn 0.0099 0.8111 0.5848
vn 0.0000 1.0000 -0.0012
vn 0.0000 1.0000 0.0007
vn -0.5162 0.8565 -0.0000
vn -0.5412 -0.8390 0.0554
vn 0.0000 0.1280 -0.9918
vn 0.0000 -0.0761 0.9971
vn -0.6884 -0.7251 -0.0183
vn -0.6797 0.7331 0.0226
vn -0.7731 0.0204 0.6339
vn -1.0000 0.0000 0.0001
vn 0.0000 -1.0000 0.0043
vn 0.0000 -0.1495 0.9888
vn 0.0000 0.0230 0.9997
vn 0.0000 0.2085 -0.9780
vn 0.0000 1.0000 -0.0001
vn 0.0000 1.0000 -0.0017
vn 0.0000 1.0000 0.0008
vn 0.0000 -0.7602 -0.6497
vn 0.0000 0.8374 -0.5466
vn 0.0000 -0.7602 0.6497
vn -0.6950 0.2515 -0.6736
vn 0.0000 0.2373 -0.9714
vn 0.0000 -0.0068 1.0000
vn -0.6859 -0.7272 -0.0270
vn -0.6859 -0.7273 0.0221
vn 0.0000 -1.0000 0.0007
vn 0.0000 -1.0000 -0.0006
vn -0.5963 0.2940 0.7470
vn -0.6237 -0.0212 0.7814
vn 0.0000 -0.0609 -0.9981
vn -0.6500 -0.7599 0.0090
vn 0.0000 0.9756 0.2197
vn 0.0000 0.9910 -0.1339
vn -0.4477 -0.8941 0.0102
vn -1.0000 0.0020 0.0000
vn -0.6238 -0.0107 -0.7815
vn -0.6232 0.0453 -0.7807
vn -0.6144 0.1735 0.7697
vn 0.0000 -0.0137 -0.9999
vn 0.0000 0.0579 -0.9983
vn -0.7161 0.0075 -0.6980
vn -0.7442 -0.1249 0.6562
vn -0.6769 -0.0181 -0.7359
vn 0.0000 -0.0121 -0.9999
vn 0.0000 0.0009 1.0000
vn 0.0000 -0.0016 1.0000
vn 0.0000 0.0657 -0.9978
vn -0.7497 0.0279 0.6612
vn -0.6738 0.0976 -0.7325
vn 0.0000 -0.0119 -0.9999
vn 0.0000 -0.0059 -1.0000
vn 0.0000 0.9997 -0.0245
vn 0.0000 -0.9987 -0.0503
vn -0.5411 -0.8408 0.0182
vn -0.0000 -0.9999 0.0137
vn 0.0000 0.0051 1.0000
vn 0.0000 0.3662 0.9305
vn 0.0000 -0.9964 -0.0850
vn 0.0000 -0.9999 -0.0128
vn 0.0000 0.0919 -0.9958
vn 0.0000 0.0059 -1.0000
vn 0.0000 0.0119 -0.9999
vn 0.0000 0.9996 -0.0285
vn 0.0000 0.1853 0.9827
vn 0.0000 -0.9978 0.0659
vn 0.0099 0.8111 -0.5849
vn 0.0108 0.8115 -0.5842
vn 0.0108 -0.8115 -0.5842
vn 0.0099 -0.8111 -0.5849
vn 0.0000 1.0000 0.0037
vn 0.0000 -0.1655 -0.9862
vn 0.0000 1.0000 0.0014
vn 0.0000 0.0495 -0.9988
vn 0.0000 -0.0015 1.0000
vn 0.0000 0.0002 1.0000
vn 0.0000 0.0034 1.0000
vn 0.0000 -0.0269 0.9996
vn 0.0000 -0.0351 0.9994
vn 0.0000 -0.0187 0.9998
vn 0.0000 0.0222 -0.9998
vn -0.3586 0.8183 -0.4493
vn -0.3586 0.8183 0.4493
vn 0.0000 0.8766 0.4813
vn -0.4014 0.9159 0.0000
vn 0.0000 0.8766 -0.4813
vn 0.0000 0.0932 0.9956
vn -0.6010 -0.0100 0.7992
vn 0.0000 -0.0267 -0.9996
vn 0.6238 0.0000 -0.7816
vn 1.0000 0.0000 0.0000
vn 1.0000 -0.0073 0.0002
vn 0.4228 0.7353 0.5297
vn 0.4228 -0.7353 0.5297
vn 0.0127 -0.8113 -0.5845
vn 0.0127 0.8113 -0.5845
vn 0.0126 -0.8113 0.5845
vn 0.0127 0.8113 0.5845
vn 0.4228 -0.7353 -0.5297
vn 0.6684 -0.6035 0.4348
vn 0.4228 0.7353 -0.5297
vn 0.4604 -0.6748 0.5768
vn 0.4604 -0.6748 -0.5768
vn 0.6238 0.0000 0.7816
vn 0.3844 0.0000 -0.9231
vn 0.3844 0.0000 0.9231
vn 0.5237 -0.8518 -0.0125
vn 0.6619 0.7431 -0.0987
vn 0.6270 -0.7787 0.0228
vn 0.4985 -0.8669 0.0000
vn 0.4985 0.8669 0.0000
vn 0.4445 -0.8957 0.0110
vn 0.6534 0.0096 0.7570
vn 0.7156 -0.0372 -0.6975
vn 0.6229 -0.0562 0.7803
vn 0.6238 -0.0000 0.7815
vn 0.5636 -0.8261 0.0000
vn 0.7150 -0.0924 -0.6930
vn 0.6463 0.0045 0.7630
vn 0.5162 -0.8565 0.0000
vn 0.5162 0.8565 0.0000
vn 0.5412 -0.8390 0.0554
vn 0.6884 -0.7251 -0.0183
vn 0.6797 0.7331 0.0226
vn 0.7731 0.0204 0.6339
vn 1.0000 0.0000 0.0001
vn 0.6950 0.2515 -0.6736
vn 0.6859 -0.7272 -0.0270
vn 0.6859 -0.7273 0.0221
vn 0.5963 0.2940 0.7470
vn 0.6237 -0.0212 0.7814
vn 0.6500 -0.7599 0.0090
vn 0.0000 -0.9999 0.0156
vn 0.0000 0.9756 -0.2197
vn 0.4477 -0.8941 0.0102
vn 1.0000 0.0020 0.0000
vn 0.6238 -0.0107 -0.7815
vn 0.6232 0.0453 -0.7807
vn 0.6144 0.1735 0.7697
vn 0.7161 0.0075 -0.6980
vn 0.7442 -0.1249 0.6562
vn 0.6769 -0.0181 -0.7359
vn 0.7497 0.0279 0.6612
vn 0.6738 0.0976 -0.7325
vn 0.5411 -0.8408 0.0182
vn 0.0000 0.2199 0.9755
vn 0.3586 0.8183 -0.4493
vn 0.3586 0.8183 0.4493
vn 0.4014 0.9159 0.0000
vn 0.6010 -0.0100 0.7992
vn 0.0000 -0.0269 -0.9996
vn 0.0000 -0.0186 -0.9998
vn 0.0000 0.0222 0.9998
vn -0.6243 0.7799 -0.0459
vn -0.6238 0.0000 -0.7815
vn 0.0000 -0.9997 -0.0239
vn 0.0000 -0.2546 0.9670
vn -0.5907 0.8058 0.0411
vn 0.0000 -0.0351 -0.9994
vn 0.0000 -0.0524 -0.9986
vn 0.0000 0.0640 -0.9979
vn 0.6238 0.0001 -0.7816
vn 0.0000 0.0932 -0.9956
vn 0.0000 0.9992 -0.0393
vn 0.0000 0.1226 0.9925
vn 0.0000 0.9992 0.0393
vn 0.0000 -0.9970 0.0778
vn -0.6010 -0.0100 -0.7992
vn 0.0000 -0.0267 0.9996
vn 0.6243 0.7799 -0.0459
vn 0.6238 0.0000 -0.7815
vn 0.5907 0.8058 0.0411
vn -0.6238 0.0001 -0.7816
vn 0.6010 -0.0100 -0.7992
vn -0.3999 0.7675 -0.5010
vn -0.6129 0.7893 0.0372
vn -0.7668 0.6380 0.0699
vn -0.7582 -0.0235 -0.6516
vn -0.6015 -0.7982 0.0330
vn -0.6274 0.7781 0.0307
vn -0.7226 -0.1213 0.6805
vn -0.7531 -0.0588 0.6553
vn -0.7351 0.6763 -0.0469
vn -0.6457 0.3889 0.6571
vn -0.7151 -0.2684 -0.6454
vn -0.7373 0.1161 -0.6655
vn -0.6683 -0.1733 0.7235
vn -0.7148 -0.1973 0.6709
vn -0.6770 0.2114 -0.7049
vn -0.6829 -0.1679 -0.7110
vn -0.6129 0.7894 -0.0337
vn -0.6625 0.7294 0.1705
vn -0.6625 0.7294 -0.1705
vn -0.5795 -0.8140 -0.0393
vn -0.5752 -0.8080 0.1276
vn -0.7540 -0.1443 0.6408
vn -0.6401 0.7625 -0.0939
vn -0.6383 -0.7696 0.0176
vn -0.6375 -0.7687 -0.0509
vn -0.7468 0.1745 -0.6418
vn -0.6251 0.7793 -0.0440
vn -0.5723 -0.8194 0.0326
vn -0.5632 -0.8260 -0.0230
vn -0.6249 0.7790 0.0511
vn -0.7636 -0.1649 -0.6242
vn -0.7505 0.2454 -0.6135
vn -0.4893 0.8508 0.1916
vn -0.6106 -0.7673 -0.1960
vn -0.6963 0.7161 0.0487
vn 0.5610 0.7776 -0.2839
vn -0.6780 0.7310 -0.0775
vn -0.7240 -0.1005 0.6824
vn -0.7300 -0.2944 0.6168
vn -0.7286 -0.0826 -0.6800
vn -0.7560 0.1431 0.6387
vn -0.7274 0.1008 -0.6788
vn -0.6091 0.7885 -0.0849
vn -0.6563 -0.7383 0.1558
vn -0.6791 -0.7189 -0.1481
vn -0.5943 0.7693 0.2345
vn -0.7368 0.2829 -0.6141
vn -0.7422 -0.1876 -0.6434
vn -0.7202 0.1453 0.6783
vn -0.8193 -0.5728 0.0249
vn -0.4893 0.8508 -0.1916
vn -0.6992 -0.2556 -0.6677
vn -0.6992 0.2556 -0.6677
vn -0.7743 0.0363 0.6318
vn -0.7464 0.0574 0.6630
vn -0.7547 0.1697 -0.6338
vn -0.7215 0.0238 0.6920
vn -0.7643 -0.0627 -0.6419
vn -0.7169 -0.1146 0.6876
vn -0.7532 0.0556 0.6554
vn -0.6430 0.7586 -0.1050
vn -0.7317 -0.0617 0.6789
vn -0.7319 0.0558 0.6791
vn -0.6438 0.7595 0.0929
vn -0.7226 -0.1213 -0.6805
vn -0.7367 0.2829 0.6141
vn -0.7422 -0.1876 0.6434
vn -0.7202 0.1453 -0.6783
vn 0.3999 0.7675 -0.5010
vn 0.6129 0.7893 0.0372
vn 0.7668 0.6380 0.0699
vn 0.7582 -0.0235 -0.6516
vn 0.6015 -0.7982 0.0330
vn 0.6274 0.7781 0.0307
vn 0.7226 -0.1213 0.6805
vn 0.7531 -0.0588 0.6553
vn 0.7351 0.6763 -0.0469
vn 0.6457 0.3889 0.6571
vn 0.7151 -0.2684 -0.6454
vn 0.7373 0.1161 -0.6655
vn 0.6683 -0.1733 0.7235
vn 0.7148 -0.1973 0.6709
vn 0.6770 0.2114 -0.7049
vn 0.6829 -0.1679 -0.7110
vn 0.6129 0.7894 -0.0337
vn 0.6625 0.7294 0.1705
vn 0.6625 0.7294 -0.1705
vn 0.5796 -0.8140 -0.0393
vn 0.5753 -0.8080 0.1276
vn 0.7540 -0.1443 0.6408
vn 0.6401 0.7625 -0.0939
vn 0.6383 -0.7696 0.0176
vn 0.6375 -0.7687 -0.0509
vn 0.7468 0.1745 -0.6418
vn 0.6251 0.7793 -0.0440
vn 0.5723 -0.8194 0.0326
vn 0.5632 -0.8260 -0.0230
vn 0.6249 0.7790 0.0511
vn 0.7636 -0.1649 -0.6242
vn 0.7505 0.2454 -0.6135
vn 0.4893 0.8508 0.1916
vn 0.6106 -0.7673 -0.1960
vn 0.6963 0.7161 0.0487
vn -0.5610 0.7776 -0.2839
vn 0.6780 0.7310 -0.0775
vn 0.7240 -0.1005 0.6824
vn 0.7300 -0.2944 0.6168
vn 0.7286 -0.0826 -0.6800
vn 0.7560 0.1431 0.6387
vn 0.7274 0.1008 -0.6788
vn 0.6091 0.7885 -0.0849
vn 0.6563 -0.7383 0.1558
vn 0.6791 -0.7189 -0.1481
vn 0.5943 0.7693 0.2345
vn 0.7368 0.2829 -0.6141
vn 0.7422 -0.1876 -0.6434
vn 0.7202 0.1453 0.6783
vn 0.8193 -0.5728 0.0249
vn 0.4893 0.8508 -0.1916
vn 0.6992 -0.2556 -0.6677
vn 0.6992 0.2556 -0.6677
vn 0.7743 0.0363 0.6318
vn 0.7464 0.0574 0.6630
vn 0.7547 0.1697 -0.6338
vn 0.7215 0.0238 0.6920
vn 0.7643 -0.0627 -0.6419
vn 0.7169 -0.1146 0.6877
vn 0.7532 0.0556 0.6554
vn 0.6430 0.7586 -0.1050
vn 0.7317 -0.0617 0.6789
vn 0.7319 0.0558 0.6791
vn 0.6438 0.7595 0.0929
vn 0.7226 -0.1213 -0.6805
vn 0.7367 0.2829 0.6141
vn 0.7422 -0.1876 0.6434
vn 0.7202 0.1453 -0.6783
usemtl Wall_Dark.002
s 1
f 873//382 874//382 875//382 876//382
f 877//383 878//383 879//383 880//383
f 874//384 873//384 881//384 882//384 883//384 884//384
f 885//385 886//385 887//385 888//385
f 889//386 890//386 891//386 892//386
f 893//387 894//387 895//387 896//387
f 897//385 898//385 899//385 900//385
f 901//388 902//388 903//385 904//385
f 905//389 906//389 907//389 908//389
f 909//390 910//390 911//391 912//391
f 913//392 914//392 915//392 916//392
f 917//393 918//393 919//393 920//393
f 921//394 922//394 923//394 924//394 925//394 926//394 927//394 928//394 929//394 930//394
f 931//389 932//389 933//389 934//389
f 935//395 936//395 937//395 938//395
f 939//384 940//384 941//384 942//384 943//384 944//384 945//384
f 946//396 947//396 948//396 949//396
f 950//397 951//397 952//397 953//397
f 954//389 955//389 956//389 957//389
f 958//391 959//391 960//391 961//391
f 962//398 963//398 964//398 965//398
f 966//399 967//399 968//400 969//400
f 970//401 971//401 972//401 973//401
f 974//402 975//402 976//385 977//385
f 978//403 979//403 980//403 981//403
f 982//382 983//382 984//382 985//382
f 986//391 987//391 988//391 989//391
f 990//404 908//404 907//404 991//404
f 992//384 993//384 994//384 995//384 996//384 997//384 998//384 999//384 1000//384 1001//384
f 1002//385 1003//385 1004//385 1005//385
f 1006//385 1007//385 1008//385 1009//385
f 1010//389 1011//389 1012//389 1013//389
f 882//405 1014//405 1015//405
f 1016//406 1017//406 881//406
f 1018//407 1019//408 1020//409
f 1021//410 1022//411 1023//412
f 880//413 1024//414 1025//415
f 1026//416 1027//417 888//418
f 876//419 1028//419 873//419
f 892//419 1029//419 1030//419
f 1031//420 1032//420 896//420
f 1033//406 1034//406 1035//406
f 1036//419 1037//419 1038//419
f 991//405 907//405 1039//405
f 906//421 1040//421 1041//421
f 1042//421 1043//421 1044//421
f 912//406 1045//406 1046//406
f 1047//405 1048//405 916//405
f 929//419 1049//419 1050//419
f 1051//421 1052//421 928//421
f 931//405 945//405 1053//405
f 942//406 920//406 919//406
f 934//421 1054//421 939//421
f 1055//419 941//419 938//419
f 1056//406 1057//406 923//406
f 1058//405 1059//405 924//405
f 1060//406 1061//406 1062//406
f 949//405 1063//405 1064//405
f 1065//421 1066//421 957//421
f 1067//421 1068//421 1069//421
f 904//405 1070//405 1071//405
f 1072//419 960//419 1073//419
f 959//406 1074//406 1075//406
f 1076//405 977//405 1077//405
f 1078//422 966//422 1079//422
f 982//423 985//423 1080//423
f 1000//419 1081//419 1082//419
f 1083//421 1084//421 999//421
f 989//406 1004//406 994//406
f 1003//405 1085//405 995//405
f 1086//406 1087//406 1088//406
f 1089//419 1090//419 1091//419
f 1009//405 1012//405 1092//405
f 1011//421 1093//421 1094//421
f 1095//386 876//386 875//386 1096//386
f 1017//385 1097//385 1098//385 1014//385
f 876//424 1095//424 1099//424 1028//424
f 1014//404 1098//404 1100//404 1015//404
f 882//425 881//425 1017//425 1014//425
f 1101//386 1102//386 1023//386 1103//386
f 1104//426 1021//426 1023//426 1102//426
f 879//427 1105//428 1024//414 880//413
f 1106//429 1025//429 1024//429 1107//429
f 877//430 880//430 1025//430 1108//430
f 1109//389 1110//389 1111//389 1112//389
f 1113//431 1114//431 1111//431 1110//431
f 891//424 1115//424 1029//424 892//424
f 1116//432 1030//432 1029//432 893//432
f 889//382 892//382 1030//382 1117//382
f 1037//391 1118//391 1119//391 1034//391
f 900//425 991//425 1039//425 1120//425
f 906//433 905//433 1121//433 1040//433
f 1122//382 1036//382 1038//382 1123//382
f 1033//434 1038//434 1037//434 1034//434
f 1041//435 1039//435 907//435 906//435
f 973//436 972//436 1044//436 1124//436
f 911//393 1125//393 1045//393 912//393
f 1126//425 1046//425 1045//425 1127//425
f 909//434 912//434 1046//434 1128//434
f 1129//435 1043//435 1042//435 1130//435
f 1131//437 1056//437 923//437 922//437
f 1059//404 1058//404 1132//404 1133//404
f 1134//435 1051//435 928//435 927//435
f 929//382 928//382 1052//382 1049//382
f 1135//438 1136//438 1137//439 1138//439
f 943//440 942//440 919//440 1137//440
f 1139//441 1053//441 1136//441 1135//441
f 940//442 939//442 1054//442 935//442
f 931//435 934//435 939//435 945//435
f 1055//434 920//434 942//434 941//434
f 924//425 923//425 1057//425 1058//425
f 1140//443 1141//443 1142//443 1143//443
f 948//404 1144//404 1063//404 949//404
f 1145//435 1064//435 1063//435 1146//435
f 946//444 949//444 1064//444 1147//444
f 1148//382 1149//382 1150//382 1151//382
f 1068//433 1152//433 1153//433 1069//433
f 1154//382 1072//382 1073//382 1155//382
f 903//404 1156//404 1070//404 904//404
f 901//445 904//445 1071//445 1157//445
f 1067//435 1071//435 1070//435 1068//435
f 1075//434 1073//434 960//434 959//434
f 965//389 964//389 1158//389 1083//389
f 1159//446 1078//446 1079//446 1160//446
f 1159//391 1161//391 1162//391 1078//391
f 977//404 976//404 1163//404 1077//404
f 1164//447 1165//447 980//447 979//447
f 1166//448 1079//448 966//448 969//448
f 1084//386 1167//386 1168//386 1081//386
f 986//434 989//434 994//434 993//434
f 1003//404 1002//404 1169//404 1085//404
f 965//435 1083//435 999//435 998//435
f 1000//382 999//382 1084//382 1081//382
f 995//425 994//425 1004//425 1003//425
f 1090//391 1170//391 1171//391 1087//391
f 1006//425 1009//425 1092//425 1172//425
f 1011//433 1010//433 1173//433 1093//433
f 1174//382 1089//382 1091//382 1175//382
f 1086//434 1091//434 1090//434 1087//434
f 1094//435 1092//435 1012//435 1011//435
f 1129//389 1176//389 1177//389 1043//389
f 1178//433 1096//433 875//433 1179//433
f 1018//449 1180//449 1181//449 1019//449
f 1182//384 1183//384 1021//384 1104//384 1184//384 1185//384 1019//384 1181//384 1108//384 1025//384 1106//384 1186//384 1187//384 1027//384
f 888//418 887//450 1188//451 1026//416
f 1189//452 1190//452 1191//453 1192//453
f 1018//391 1193//391 1194//391 1180//391
f 1026//454 1189//454 1182//454 1027//454
f 1180//455 877//455 1108//455 1181//455
f 1026//389 1188//389 1190//452 1189//452
f 1027//429 1187//429 885//429 888//429
f 1019//426 1185//426 951//426 1020//426
f 953//456 952//456 1102//456 1101//456
f 1024//385 1105//385 1195//385 1107//385
f 1196//457 1197//457 886//457 885//457
f 1032//458 1116//458 893//458 896//458
f 1198//459 1113//459 1110//459 1199//459
f 1200//389 1199//389 1110//389 1109//389
f 1031//460 1201//460 1202//460 1032//460
f 1116//461 1032//461 1202//461 1203//461 1114//461 1113//461 1198//461 1204//461 1117//461 1030//461
f 1029//462 1115//462 894//462 893//462
f 1201//463 1205//463 1206//463 1207//463
f 1031//464 1208//464 1205//464 1201//464
f 1209//465 1210//465 890//465 889//465
f 1211//466 1212//466 1178//467 1179//467
f 1015//435 1213//435 883//435 882//435
f 1028//434 1016//434 881//434 873//434
f 1213//468 1214//468 1212//466 1211//466
f 985//469 1215//469 1216//469 1080//469
f 1217//470 981//470 980//470 1218//470
f 1162//471 967//471 966//471 1078//471
f 1076//425 1219//425 974//425 977//425
f 983//472 1164//472 979//472 984//472
f 1220//424 1221//424 1222//424 1223//424
f 1224//473 984//473 979//473 978//473
f 1225//474 1226//474 975//402 974//402
f 1177//433 1124//433 1044//433 1043//433
f 1227//475 1159//475 1160//475 1228//475
f 1077//435 1229//435 1230//435 1076//435
f 1215//386 985//386 984//386 1224//386
f 1227//391 1231//391 1161//391 1159//391
f 1077//389 1163//389 1232//389 1229//389
f 1080//476 1227//476 1228//476 982//476
f 1079//384 1166//384 1233//384 1219//384 1076//384 1230//384 1234//384 1165//384 1164//384 983//384 982//384 1228//384 1160//384
f 1080//391 1216//391 1231//391 1227//391
f 1235//435 1129//435 1130//435 1236//435
f 916//404 915//404 1237//404 1047//404
f 1235//389 1238//389 1176//389 1129//389
f 1223//477 1222//477 1239//478 1240//478
f 1047//435 1235//435 1236//435 1048//435
f 1047//389 1237//389 1238//389 1235//389
f 1241//384 1128//384 1046//384 1126//384 1242//384 1048//384 1236//384 1130//384 1042//384 1243//384 1244//384 1245//384
f 1242//479 1126//479 1127//479 913//479
f 1245//382 1244//382 971//382 1220//382
f 1221//386 1220//386 971//386 970//386
f 1048//480 1242//480 913//480 916//480
f 1093//382 1246//382 1247//382 1094//382
f 1248//425 1006//425 1172//425 1249//425
f 1008//404 1013//404 1012//404 1009//404
f 1093//386 1173//386 1250//386 1246//386
f 1248//385 1251//385 1007//385 1006//385
f 1252//425 1248//425 1249//425 1253//425
f 1252//385 1254//385 1251//385 1248//385
f 1255//425 1252//425 1253//425 1256//425
f 1246//481 1250//481 1257//481 1258//481
f 1255//385 1259//385 1254//385 1252//385
f 1050//482 1260//482 930//482 929//482
f 1134//483 1261//483 1262//483 1263//483
f 1059//435 1264//435 925//435 924//435
f 1264//389 1059//389 1133//389 1265//389
f 1266//484 1267//484 1141//484 1140//484
f 1146//389 1268//389 955//389 954//389
f 1061//485 1269//485 1267//485 1062//485
f 1270//486 1066//486 1271//486 1151//486 1150//486 1272//486 1269//486 1061//486 1273//486 1147//486 1064//486 1145//486
f 1065//487 1274//487 1271//487 1066//487
f 1274//488 1148//488 1151//488 1271//488
f 1060//425 1275//425 1273//425 1061//425
f 1275//489 946//489 1147//489 1273//489
f 1276//391 1062//391 1267//391 1266//391
f 1065//490 1277//490 1278//490 1274//490
f 1274//491 1278//491 1279//491 1148//491
f 1060//385 1280//385 1281//385 1275//385
f 941//492 940//492 935//492 938//492
f 1282//493 901//493 1157//493 1283//493
f 1069//494 1284//494 1285//494 1067//494
f 1069//495 1153//495 1286//495 1284//495
f 1074//496 1287//496 1288//497 1282//497
f 1285//384 1155//384 1073//384 1075//384 1283//384 1157//384 1071//384 1067//384
f 1284//498 1286//498 1289//498 1154//498
f 1074//499 1282//499 1283//499 1075//499
f 1284//500 1154//500 1155//500 1285//500
f 1290//501 1291//501 1292//502 1174//502
f 959//393 958//393 1287//393 1074//393
f 1154//386 1289//386 1293//386 1072//386
f 988//393 1005//393 1004//393 989//393
f 1294//503 1295//503 963//503 962//503
f 1296//391 1297//391 1298//391 1299//391
f 1085//435 1294//435 996//435 995//435
f 1085//389 1169//389 1295//389 1294//389
f 1299//504 1298//504 987//504 986//504
f 1082//505 1296//505 1001//505 1000//505
f 1082//506 1300//506 1297//506 1296//506
f 1138//439 1137//439 919//507 918//507
f 1127//508 1301//508 914//508 913//508
f 1302//509 1303//509 1304//509 1131//509
f 1260//510 1305//510 1303//510 1302//510
f 1258//511 1257//511 1306//511 1307//511
f 1088//385 1308//385 1309//385 1310//385
f 1310//385 1309//385 1311//385 1312//385
f 1313//384 1314//384 1256//384 1253//384 1249//384 1172//384 1092//384 1094//384 1247//384 1315//384 1316//384 1317//384 1318//384 1175//384 1091//384 1086//384
f 1088//425 1310//425 1313//425 1086//425
f 1310//425 1312//425 1314//425 1313//425
f 1312//425 1255//425 1256//425 1314//425
f 1307//382 1319//382 1317//382 1316//382
f 1312//385 1311//385 1259//385 1255//385
f 1307//386 1306//386 1320//512 1319//512
f 1319//512 1320//512 1291//513 1290//513
f 1229//514 1232//514 1321//514 1322//514
f 1107//515 1195//515 1197//515 1196//515
f 1323//386 1020//386 951//386 950//386
f 1180//516 1194//516 878//516 877//516
f 1324//517 1103//518 1023//412 1022//411
f 1020//409 1323//519 1193//520 1018//407
f 1192//453 1191//453 1324//521 1022//521
f 1325//433 1326//433 1052//433 1051//433
f 1049//424 1327//424 1328//424 1050//424
f 1051//389 1134//389 1263//389 1325//389
f 1081//424 1168//424 1300//424 1082//424
f 1158//433 1167//433 1084//433 1083//433
f 933//433 1329//433 1054//433 934//433
f 1293//424 961//424 960//424 1072//424
f 1330//424 1170//424 1090//424 1089//424
f 1087//393 1171//393 1308//393 1088//393
f 1174//502 1292//502 1330//386 1089//386
f 1331//424 1118//424 1037//424 1036//424
f 1034//393 1119//393 1332//393 1035//393
f 1040//386 1121//386 1333//386 1334//386
f 1335//393 1097//393 1017//393 1016//393
f 1028//391 1099//391 1335//391 1016//391
f 1336//522 1337//522 1210//522 1209//522
f 896//393 895//393 1208//393 1031//393
f 1338//404 1112//404 1111//404 1339//404
f 1199//433 1200//433 1337//433 1336//433
f 1207//385 1206//385 1338//385 1339//385
f 969//400 968//400 1226//474 1225//474
f 1240//478 1239//478 910//390 909//390
f 1322//523 1321//523 1217//523 1218//523
f 1045//385 1125//385 1301//385 1127//385
f 1063//389 1144//389 1268//389 1146//389
f 1122//386 1340//386 1331//386 1036//386
f 957//433 956//433 1277//433 1065//433
f 1053//404 1139//404 932//404 931//404
f 1341//424 1143//424 1142//424 1149//424
f 1062//393 1276//393 1280//393 1060//393
f 938//424 937//424 1342//424 1055//424
f 1148//386 1279//386 1341//386 1149//386
f 1054//524 1329//524 936//524 935//524
f 1055//391 1342//391 917//391 920//391
f 1343//384 1120//384 1039//384 1041//384 1344//384 1123//384 1038//384 1033//384
f 900//385 899//385 990//385 991//385
f 1015//389 1100//389 1214//468 1213//468
f 1035//385 1332//385 898//385 897//385
f 1334//386 1333//386 1340//386 1122//386
f 1345//385 1346//385 1347//525 1348//525
f 1070//389 1156//389 1152//389 1068//389
f 1349//384 1350//384 1351//384 1352//384 1353//384 1354//384 1355//384 1356//384
f 1354//406 1357//406 1345//406
f 1358//419 1359//419 1353//419
f 1360//421 1361//421 1352//421
f 1362//389 1360//389 1363//389 1364//389
f 1359//391 1365//391 1366//391 1357//391
f 1360//433 1362//433 1367//433 1361//433
f 1357//393 1366//393 1346//393 1345//393
f 1354//434 1353//434 1359//434 1357//434
f 1368//404 1369//404 1370//404 1371//404
f 1372//526 1373//526 1368//527 1371//527
f 1345//425 1348//425 1355//425 1354//425
f 1361//382 1358//382 1353//382 1352//382
f 1348//525 1347//525 1373//526 1372//526
f 1374//424 1365//424 1359//424 1358//424
f 1361//386 1367//386 1374//386 1358//386
f 1364//389 1363//389 1375//389 1376//389
f 1377//528 1378//528 1379//529 1380//529
f 1352//435 1351//435 1363//435 1360//435
f 1376//389 1375//389 1370//389 1369//389
f 1381//530 1382//530 1378//528 1377//528
f 1383//531 1384//531 1385//531 1386//531
f 1387//389 1388//389 1389//389 1390//389
f 1391//419 1392//419 1393//419
f 1394//406 1395//406 1396//406
f 1383//532 1397//532 1389//532
f 1390//533 1398//533 1380//533
f 1394//385 1399//385 1400//385 1401//385
f 1393//391 1402//391 1403//391 1396//391
f 1380//534 1379//534 1387//534 1390//534
f 1401//425 1404//425 1395//425 1394//425
f 1391//434 1393//434 1396//434 1395//434
f 1398//535 1390//535 1389//535 1397//535
f 1392//382 1391//382 1405//382 1406//382
f 1384//536 1383//536 1389//536 1388//536
f 1401//537 1400//537 1382//537 1381//537
f 1405//384 1391//384 1395//384 1404//384 1407//384 1408//384 1398//384 1397//384 1409//384
f 1406//386 1410//386 1411//386 1392//386
f 1392//424 1411//424 1402//424 1393//424
f 1399//393 1394//393 1396//393 1403//393
f 1380//538 1398//538 1408//538 1377//538
f 1386//539 1385//539 1410//539 1406//539
f 1412//540 1095//540 1096//540 1413//540
f 1413//541 1414//541 1415//541 1416//541 1417//541 1412//541
f 1131//391 1304//391 1418//391 1056//391
f 1419//542 1420//542 1421//542 1422//542 1423//542 1424//542 1425//542 1426//542 1427//542 1428//542
f 1429//541 1430//541 1431//541 1432//541 1433//541 1434//541 1435//541
f 1132//385 1058//385 1057//385 1436//385
f 1437//540 1215//540 1224//540 1438//540
f 1439//541 1440//541 1441//541 1442//541 1443//541 1444//541 1445//541 1446//541 1447//541 1448//541
f 1416//543 1100//543 1098//543
f 1335//544 1417//544 1097//544
f 1193//520 1323//519 1449//545
f 1450//546 1103//518 1324//517
f 879//427 1451//547 1105//428
f 1188//451 887//450 1452//548
f 1095//549 1412//549 1099//549
f 891//549 1453//549 1115//549
f 1208//550 895//550 1454//550
f 1455//544 1332//544 1119//544
f 1331//549 1456//549 1118//549
f 990//543 1457//543 908//543
f 905//551 1458//551 1121//551
f 1459//551 1124//551 1177//551
f 911//544 1460//544 1125//544
f 1237//543 915//543 1461//543
f 1421//549 1328//549 1327//549
f 1325//551 1422//551 1326//551
f 932//543 1139//543 1430//543
f 1433//544 918//544 917//544
f 933//551 1429//551 1329//551
f 1342//549 937//549 1434//549
f 1418//544 1427//544 1436//544
f 1132//543 1426//543 1133//543
f 1280//544 1276//544 1462//544
f 948//543 1463//543 1144//543
f 1277//551 956//551 1464//551
f 1465//551 1153//551 1152//551
f 903//543 1466//543 1156//543
f 1293//549 1467//549 961//549
f 958//544 1468//544 1287//544
f 1469//543 1163//543 976//543
f 1162//552 1470//552 967//552
f 1437//553 1216//553 1215//553
f 1441//549 1300//549 1168//549
f 1158//551 1442//551 1167//551
f 988//544 1447//544 1005//544
f 1002//543 1446//543 1169//543
f 1471//544 1308//544 1171//544
f 1330//549 1472//549 1170//549
f 1008//543 1473//543 1013//543
f 1010//551 1474//551 1173//551
f 1416//554 1098//554 1097//554 1417//554
f 1475//555 1101//555 1103//555 1450//555
f 1476//556 1195//556 1105//556 1451//556
f 878//557 1477//557 1451//557 879//557
f 1478//558 1109//558 1112//558 1479//558
f 1480//559 894//559 1115//559 1453//559
f 890//540 1481//540 1453//540 891//540
f 899//554 1482//554 1457//554 990//554
f 1340//540 1483//540 1456//540 1331//540
f 1455//560 1119//560 1118//560 1456//560
f 1458//561 905//561 908//561 1457//561
f 1484//554 1301//554 1125//554 1460//554
f 910//560 1485//560 1460//560 911//560
f 1176//561 1486//561 1459//561 1177//561
f 1049//386 1052//386 1326//386 1327//386
f 1304//562 1428//562 1427//562 1418//562
f 1263//561 1423//561 1422//561 1325//561
f 1421//540 1327//540 1326//540 1422//540
f 1432//563 1138//563 918//563 1433//563
f 1435//564 936//564 1329//564 1429//564
f 932//561 1430//561 1429//561 933//561
f 1342//560 1434//560 1433//560 917//560
f 1426//554 1132//554 1436//554 1427//554
f 1282//497 1288//497 902//388 901//388
f 1487//561 1268//561 1144//561 1463//561
f 947//565 1488//565 1463//565 948//565
f 1279//540 1489//540 1490//540 1341//540
f 1289//540 1491//540 1467//540 1293//540
f 902//566 1492//566 1466//566 903//566
f 1465//561 1152//561 1156//561 1466//561
f 1468//560 958//560 961//560 1467//560
f 1161//567 1493//567 1470//567 1162//567
f 1494//568 978//568 981//568 1495//568
f 1496//569 968//569 967//569 1470//569
f 987//560 1448//560 1447//560 988//560
f 964//561 1443//561 1442//561 1158//561
f 1441//540 1168//540 1167//540 1442//540
f 1446//554 1002//554 1005//554 1447//554
f 1007//554 1497//554 1473//554 1008//554
f 1292//540 1498//540 1472//540 1330//540
f 1471//560 1171//560 1170//560 1472//560
f 1474//561 1010//561 1013//561 1473//561
f 1193//570 1449//570 1499//570 1194//570
f 1500//541 1452//541 1501//541 1502//541 1476//541 1451//541 1477//541 1499//541 1449//541 1503//541 1504//541 1475//541 1450//541 1505//541
f 1188//571 1452//571 1500//571 1190//571
f 1194//572 1499//572 1477//572 878//572
f 1452//556 887//556 886//556 1501//556
f 1449//555 1323//555 950//555 1503//555
f 1454//573 895//573 894//573 1480//573
f 1506//574 1200//574 1109//574 1478//574
f 1208//575 1454//575 1507//575 1205//575
f 1480//576 1453//576 1481//576 1508//576 1506//576 1478//576 1479//576 1509//576 1507//576 1454//576
f 1100//561 1416//561 1415//561 1214//561
f 1099//560 1412//560 1417//560 1335//560
f 1469//554 976//554 975//554 1510//554
f 1438//577 1224//577 978//577 1494//577
f 1231//578 1511//578 1493//578 1161//578
f 1163//561 1469//561 1512//561 1232//561
f 1216//579 1437//579 1511//579 1231//579
f 1470//541 1493//541 1511//541 1437//541 1438//541 1494//541 1495//541 1513//541 1512//541 1469//541 1510//541 1514//541 1496//541
f 1238//561 1515//561 1486//561 1176//561
f 1237//561 1461//561 1515//561 1238//561
f 1516//541 1517//541 1518//541 1519//541 1459//541 1486//541 1515//541 1461//541 1520//541 1484//541 1460//541 1485//541
f 1520//580 914//580 1301//580 1484//580
f 1517//540 1221//540 970//540 1518//540
f 1461//581 915//581 914//581 1520//581
f 1173//540 1474//540 1521//540 1250//540
f 1251//554 1522//554 1497//554 1007//554
f 1254//554 1523//554 1522//554 1251//554
f 1259//554 1524//554 1523//554 1254//554
f 1328//582 1421//582 1420//582 1305//582
f 1418//393 1436//393 1057//393 1056//393
f 1050//583 1328//583 1305//583 1260//583
f 1133//561 1426//561 1425//561 1265//561
f 1264//584 1265//584 1262//584 1261//584
f 1462//585 1276//585 1266//585 1525//585
f 1526//586 1487//586 1463//586 1488//586 1527//586 1462//586 1525//586 1528//586 1490//586 1489//586 1529//586 1464//586
f 1277//587 1464//587 1529//587 1278//587
f 1278//588 1529//588 1489//588 1279//588
f 1280//554 1462//554 1527//554 1281//554
f 1281//589 1527//589 1488//589 947//589
f 1434//590 937//590 936//590 1435//590
f 1288//591 1530//591 1492//591 902//591
f 1153//592 1465//592 1531//592 1286//592
f 1531//541 1465//541 1466//541 1492//541 1530//541 1468//541 1467//541 1491//541
f 1287//593 1468//593 1530//593 1288//593
f 1286//594 1531//594 1491//594 1289//594
f 1169//561 1446//561 1445//561 1295//561
f 1300//595 1441//595 1440//595 1297//595
f 1532//541 1471//541 1472//541 1498//541 1533//541 1534//541 1535//541 1536//541 1521//541 1474//541 1473//541 1497//541 1522//541 1523//541 1524//541 1537//541
f 1308//554 1471//554 1532//554 1309//554
f 1309//554 1532//554 1537//554 1311//554
f 1311//554 1537//554 1524//554 1259//554
f 1306//540 1535//540 1534//540 1320//540
f 1275//596 1281//596 947//596 946//596
f 1538//541 1455//541 1456//541 1483//541 1539//541 1458//541 1457//541 1482//541
f 1540//541 1541//541 1542//541 1543//541 1544//541 1545//541 1546//541 1547//541
f 1543//544 1346//544 1366//544
f 1374//549 1544//549 1365//549
f 1362//551 1545//551 1367//551
f 1543//560 1366//560 1365//560 1544//560
f 1346//554 1543//554 1542//554 1347//554
f 1367//540 1545//540 1544//540 1374//540
f 1545//561 1362//561 1364//561 1546//561
f 1548//549 1402//549 1411//549
f 1399//544 1403//544 1549//544
f 1384//597 1388//597 1550//597
f 1387//598 1379//598 1551//598
f 1400//554 1399//554 1549//554 1552//554
f 1548//560 1549//560 1403//560 1402//560
f 1551//599 1550//599 1388//599 1387//599
f 1411//540 1410//540 1553//540 1548//540
f 1553//541 1554//541 1550//541 1551//541 1555//541 1556//541 1552//541 1549//541 1548//541
f 1379//600 1378//600 1555//600 1551//600
usemtl Wall_Medium.002
f 1557//389 1558//389 1559//389 1560//389
f 1561//385 1562//385 1563//385 1564//385
f 1565//385 1566//385 1567//385 1568//385
f 1569//389 1570//389 1571//389 1572//389
f 1573//389 1574//389 1575//389 1576//389
f 1577//601 1578//601 1579//602 1580//602
f 1581//385 1582//385 1583//385 1584//385
f 1585//386 1586//386 1587//386 1588//386
f 1589//391 1590//391 1591//391 1592//391
f 1593//385 1594//385 1595//385 1596//385
f 1597//603 1598//603 1599//603 1600//603
f 1601//385 1602//385 1562//385 1561//385
f 1603//389 1604//389 1605//389 1606//389
f 1607//385 1608//385 1602//385 1601//385
f 1609//389 1610//389 1611//389 1612//389
f 1613//406 1614//406 1565//406
f 1615//419 1616//419 1617//419
f 1568//405 1575//405 1618//405
f 1558//421 1619//421 1620//421
f 1621//421 1572//421 1622//421
f 1584//405 1569//405 1623//405
f 1588//419 1591//419 1624//419
f 1590//406 1625//406 1626//406
f 1627//406 1628//406 1593//406
f 1629//419 1630//419 1631//419
f 1600//533 1605//533 1632//533
f 1604//532 1633//532 1634//532
f 1635//406 1636//406 1607//406
f 1637//419 1638//419 1639//419
f 1564//405 1611//405 1640//405
f 1641//421 1642//421 1643//421
f 1644//391 1645//391 1646//391 1614//391
f 1565//425 1568//425 1618//425 1613//425
f 1558//433 1557//433 1647//433 1619//433
f 1619//382 1615//382 1617//382 1620//382
f 1648//434 1617//434 1616//434 1649//434
f 1650//604 1618//604 1575//604 1574//604
f 1572//433 1571//433 1651//433 1622//433
f 1585//605 1588//605 1624//605 1652//605
f 1583//404 1570//404 1569//404 1584//404
f 1581//425 1584//425 1623//425 1653//425
f 1621//435 1623//435 1569//435 1572//435
f 1626//434 1624//434 1591//434 1590//434
f 1654//386 1655//386 1656//386 1629//386
f 1630//391 1657//391 1658//391 1628//391
f 1604//536 1603//536 1659//536 1633//536
f 1654//605 1629//605 1631//605 1660//605
f 1627//434 1631//434 1630//434 1628//434
f 1634//535 1632//535 1605//535 1604//535
f 1661//606 1662//606 1663//606 1636//606
f 1641//433 1664//433 1665//433 1642//433
f 1642//382 1637//382 1639//382 1643//382
f 1563//404 1612//404 1611//404 1564//404
f 1666//435 1640//435 1611//435 1610//435
f 1643//435 1667//435 1668//435 1641//435
f 1638//391 1669//391 1670//391 1671//391
f 1639//384 1672//384 1673//384 1635//384 1674//384 1675//384 1640//384 1666//384 1676//384 1667//384 1643//384
f 1677//607 1678//607 1582//607 1581//607
f 1679//608 1650//608 1574//608 1680//608
f 1560//389 1559//389 1680//389 1681//389
f 1648//384 1682//384 1613//384 1618//384 1650//384 1679//384 1683//384 1620//384 1617//384
f 1681//389 1680//389 1574//389 1573//389
f 1633//609 1659//609 1578//601 1577//601
f 1622//610 1651//610 1684//610 1685//610
f 1685//611 1684//611 1686//611 1687//611
f 1625//386 1688//386 1689//386 1690//386
f 1625//612 1690//612 1691//612 1626//612
f 1687//386 1686//386 1586//386 1585//386
f 1692//384 1693//384 1652//384 1624//384 1626//384 1691//384 1694//384 1653//384 1623//384 1621//384
f 1687//605 1585//605 1652//605 1693//605
f 1593//425 1596//425 1695//425 1627//425
f 1599//534 1606//534 1605//534 1600//534
f 1580//613 1579//613 1655//613 1654//613
f 1695//384 1696//384 1632//384 1634//384 1697//384 1698//384 1660//384 1631//384 1627//384
f 1587//424 1592//424 1591//424 1588//424
f 1699//614 1700//614 1610//614 1609//614
f 1628//393 1658//393 1594//393 1593//393
f 1656//424 1657//424 1630//424 1629//424
f 1690//615 1689//615 1678//615 1677//615
f 1616//391 1701//391 1702//391 1649//391
f 1649//391 1702//391 1645//391 1644//391
f 1567//404 1576//404 1575//404 1568//404
f 1703//424 1701//424 1616//424 1615//424
f 1614//393 1646//393 1566//393 1565//393
f 1619//386 1647//386 1703//386 1615//386
f 1704//616 1668//616 1700//616 1699//616
f 1664//389 1641//389 1668//389 1704//389
f 1671//617 1670//617 1662//617 1661//617
f 1705//424 1669//424 1638//424 1637//424
f 1636//393 1663//393 1608//393 1607//393
f 1642//386 1665//386 1705//386 1637//386
f 1633//618 1577//618 1697//618 1634//618
f 1596//619 1595//619 1598//619 1597//619
f 1672//434 1639//434 1638//434 1671//434
f 1607//445 1601//445 1674//445 1635//445
f 1706//544 1566//544 1646//544
f 1703//549 1707//549 1701//549
f 1567//543 1708//543 1576//543
f 1557//551 1709//551 1647//551
f 1710//551 1651//551 1571//551
f 1583//543 1711//543 1570//543
f 1587//549 1712//549 1592//549
f 1589//544 1713//544 1688//544
f 1714//544 1594//544 1658//544
f 1656//549 1715//549 1657//549
f 1599//598 1716//598 1606//598
f 1603//597 1717//597 1659//597
f 1718//544 1608//544 1663//544
f 1705//549 1719//549 1669//549
f 1563//543 1720//543 1612//543
f 1664//551 1721//551 1665//551
f 1566//554 1706//554 1708//554 1567//554
f 1647//540 1709//540 1707//540 1703//540
f 1722//560 1702//560 1701//560 1707//560
f 1723//620 1573//620 1576//620 1708//620
f 1586//621 1724//621 1712//621 1587//621
f 1582//554 1725//554 1711//554 1583//554
f 1710//561 1571//561 1570//561 1711//561
f 1713//560 1589//560 1592//560 1712//560
f 1655//621 1726//621 1715//621 1656//621
f 1714//560 1658//560 1657//560 1715//560
f 1717//599 1603//599 1606//599 1716//599
f 1665//540 1721//540 1719//540 1705//540
f 1727//561 1609//561 1612//561 1720//561
f 1721//561 1664//561 1704//561 1728//561
f 1719//541 1721//541 1728//541 1729//541 1727//541 1720//541 1730//541 1731//541 1718//541 1732//541 1733//541
f 1734//622 1681//622 1573//622 1723//622
f 1722//541 1707//541 1709//541 1735//541 1734//541 1723//541 1708//541 1706//541 1736//541
f 1688//623 1713//623 1737//623 1689//623
f 1738//541 1710//541 1711//541 1725//541 1739//541 1737//541 1713//541 1712//541 1724//541 1740//541
f 1686//621 1740//621 1724//621 1586//621
f 1594//554 1714//554 1741//554 1595//554
f 1741//541 1714//541 1715//541 1726//541 1742//541 1743//541 1717//541 1716//541 1744//541
f 1659//624 1717//624 1743//624 1578//624
f 1733//560 1670//560 1669//560 1719//560
f 1608//566 1718//566 1731//566 1602//566
f 1590//393 1589//393 1688//393 1625//393
usemtl Wall_Highlights.002
f 1179//421 875//421 874//421
f 1336//421 1198//421 1199//421
f 1114//405 1339//405 1111//405
f 1223//419 1245//419 1220//419
f 1150//419 1149//419 1142//419
f 1218//625 980//625 1165//625
f 1211//626 1179//626 874//626 884//626
f 1192//627 1022//627 1021//627 1183//627
f 1207//445 1339//445 1114//445 1203//445
f 1243//628 1042//628 1044//628 972//628
f 1272//629 1150//629 1142//629 1141//629
f 1322//630 1218//630 1165//630 1234//630
f 1597//631 1600//631 1632//631 1696//631
f 1561//632 1564//632 1640//632 1675//632
f 1189//633 1192//633 1183//633 1182//633
f 1186//634 1106//634 1107//634 1196//634
f 1184//635 1104//635 1102//635 952//635
f 1185//636 1184//636 952//636 951//636
f 1187//637 1186//637 1196//637 885//637
f 1201//638 1207//638 1203//638 1202//638
f 1209//639 889//639 1117//639 1204//639
f 1336//640 1209//640 1204//640 1198//640
f 1213//641 1211//641 884//641 883//641
f 1667//642 1676//642 1700//642 1668//642
f 1676//643 1666//643 1610//643 1700//643
f 1635//644 1673//644 1661//644 1636//644
f 1673//645 1672//645 1671//645 1661//645
f 1219//646 1233//646 1225//646 974//646
f 1229//647 1322//647 1234//647 1230//647
f 1223//648 1240//648 1241//648 1245//648
f 1240//649 909//649 1128//649 1241//649
f 1244//650 1243//650 972//650 971//650
f 1683//651 1679//651 1680//651 1559//651
f 1682//652 1648//652 1649//652 1644//652
f 1613//653 1682//653 1644//653 1614//653
f 1620//654 1683//654 1559//654 1558//654
f 1246//655 1258//655 1315//655 1247//655
f 1258//656 1307//656 1316//656 1315//656
f 1261//657 1134//657 927//657 926//657
f 1302//658 1131//658 922//658 921//658
f 1066//659 1270//659 954//659 957//659
f 1269//660 1272//660 1141//660 1267//660
f 1270//661 1145//661 1146//661 954//661
f 945//662 944//662 1136//662 1053//662
f 1677//663 1581//663 1653//663 1694//663
f 1622//664 1685//664 1692//664 1621//664
f 1690//665 1677//665 1694//665 1691//665
f 1685//666 1687//666 1693//666 1692//666
f 1294//667 962//667 997//667 996//667
f 1296//668 1299//668 992//668 1001//668
f 1299//669 986//669 993//669 992//669
f 962//670 965//670 998//670 997//670
f 1580//671 1654//671 1660//671 1698//671
f 1577//672 1580//672 1698//672 1697//672
f 1596//673 1597//673 1696//673 1695//673
f 1260//674 1302//674 921//674 930//674
f 1264//675 1261//675 926//675 925//675
f 1319//676 1290//676 1318//676 1317//676
f 1290//677 1174//677 1175//677 1318//677
f 1233//678 1166//678 969//678 1225//678
f 944//679 943//679 1137//679 1136//679
f 1334//680 1122//680 1123//680 1344//680
f 1035//681 897//681 1343//681 1033//681
f 1040//682 1334//682 1344//682 1041//682
f 897//683 900//683 1120//683 1343//683
f 1601//684 1561//684 1675//684 1674//684
f 1350//685 1349//685 1370//685 1375//685
f 1371//405 1370//405 1349//405
f 1372//686 1371//686 1349//686 1356//686
f 1348//687 1372//687 1356//687 1355//687
f 1351//688 1350//688 1375//688 1363//688
f 1386//689 1409//689 1397//689 1383//689
f 1381//690 1407//690 1404//690 1401//690
f 1377//691 1408//691 1407//691 1381//691
f 1406//692 1405//692 1409//692 1386//692
f 1178//551 1413//551 1096//551
f 1337//551 1200//551 1506//551
f 1479//543 1112//543 1338//543
f 1222//549 1221//549 1517//549
f 1490//549 1143//549 1341//549
f 1217//693 1495//693 981//693
f 1212//694 1414//694 1413//694 1178//694
f 1191//695 1505//695 1450//695 1324//695
f 1206//566 1509//566 1479//566 1338//566
f 1519//696 973//696 1124//696 1459//696
f 1528//697 1140//697 1143//697 1490//697
f 1321//698 1513//698 1495//698 1217//698
f 1598//699 1744//699 1716//699 1599//699
f 1562//700 1730//700 1720//700 1563//700
f 1190//701 1500//701 1505//701 1191//701
f 1502//702 1197//702 1195//702 1476//702
f 1504//703 953//703 1101//703 1475//703
f 1503//704 950//704 953//704 1504//704
f 1501//705 886//705 1197//705 1502//705
f 1205//706 1507//706 1509//706 1206//706
f 1210//707 1508//707 1481//707 890//707
f 1337//708 1506//708 1508//708 1210//708
f 1214//709 1415//709 1414//709 1212//709
f 1728//710 1704//710 1699//710 1729//710
f 1729//711 1699//711 1609//711 1727//711
f 1718//712 1663//712 1662//712 1732//712
f 1732//713 1662//713 1670//713 1733//713
f 1510//714 975//714 1226//714 1514//714
f 1232//715 1512//715 1513//715 1321//715
f 1222//716 1517//716 1516//716 1239//716
f 1239//717 1516//717 1485//717 910//717
f 1518//718 970//718 973//718 1519//718
f 1735//719 1560//719 1681//719 1734//719
f 1736//720 1645//720 1702//720 1722//720
f 1706//721 1646//721 1645//721 1736//721
f 1709//722 1557//722 1560//722 1735//722
f 1250//723 1521//723 1536//723 1257//723
f 1257//724 1536//724 1535//724 1306//724
f 1262//725 1424//725 1423//725 1263//725
f 1303//726 1419//726 1428//726 1304//726
f 1464//727 956//727 955//727 1526//727
f 1525//728 1266//728 1140//728 1528//728
f 1526//729 955//729 1268//729 1487//729
f 1430//730 1139//730 1135//730 1431//730
f 1678//731 1739//731 1725//731 1582//731
f 1651//732 1710//732 1738//732 1684//732
f 1689//733 1737//733 1739//733 1678//733
f 1684//734 1738//734 1740//734 1686//734
f 1295//735 1445//735 1444//735 963//735
f 1297//736 1440//736 1439//736 1298//736
f 1298//737 1439//737 1448//737 987//737
f 963//738 1444//738 1443//738 964//738
f 1579//739 1742//739 1726//739 1655//739
f 1578//740 1743//740 1742//740 1579//740
f 1595//741 1741//741 1744//741 1598//741
f 1305//742 1420//742 1419//742 1303//742
f 1265//743 1425//743 1424//743 1262//743
f 1320//744 1534//744 1533//744 1291//744
f 1291//745 1533//745 1498//745 1292//745
f 1514//746 1226//746 968//746 1496//746
f 1431//747 1135//747 1138//747 1432//747
f 1333//748 1539//748 1483//748 1340//748
f 1332//749 1455//749 1538//749 898//749
f 1121//750 1458//750 1539//750 1333//750
f 898//751 1538//751 1482//751 899//751
f 1602//752 1731//752 1730//752 1562//752
f 1547//753 1376//753 1369//753 1540//753
f 1368//543 1540//543 1369//543
f 1373//754 1541//754 1540//754 1368//754
f 1347//755 1542//755 1541//755 1373//755
f 1546//756 1364//756 1376//756 1547//756
f 1385//757 1384//757 1550//757 1554//757
f 1382//758 1400//758 1552//758 1556//758
f 1378//759 1382//759 1556//759 1555//759
f 1410//760 1385//760 1554//760 1553//760
o Wall_Modular_Cube.003
v 0.988753 4.801557 -0.979997
v 0.988753 4.801557 -1.364728
v 0.955712 4.820557 -1.364728
v 0.955712 4.820557 -0.979997
v 0.918030 5.719898 -0.852161
v 0.690518 5.719898 -0.852161
v 0.690518 5.192621 -0.837205
v 0.918030 5.192621 -0.837205
v 0.988753 4.451290 -0.979997
v 0.988753 4.451290 -1.364728
v 0.988753 4.594989 -1.364728
v 0.988753 4.703471 -1.346580
v 0.918030 5.173621 -1.158893
v 0.690518 5.173621 -1.158893
v 0.690518 5.173621 -1.364728
v 0.918030 5.173621 -1.364728
v 0.873446 5.182025 -1.172218
v 0.735102 5.182025 -1.172218
v 0.735102 5.182025 -0.608205
v 0.873446 5.182025 -0.608205
v 0.873446 4.944404 -0.583630
v 0.735102 4.944404 -0.583630
v 0.735102 4.834126 -0.581831
v 0.873446 4.834126 -0.581831
v 0.978234 5.547903 -0.445105
v 0.630314 5.547903 -0.445105
v 0.630314 5.547903 -0.512341
v 0.978234 5.547903 -0.512341
v 0.978234 3.932585 0.247198
v 0.630314 3.932585 0.247198
v 0.630313 3.932585 -0.254230
v 0.978235 3.932585 -0.254230
v 0.630314 5.908916 -0.841660
v 0.978234 5.908916 -0.841660
v 0.978234 5.566903 -0.841660
v 0.630314 5.566903 -0.841660
v 0.918030 5.172174 0.178442
v 0.690518 5.172174 0.178442
v 0.690518 4.833163 0.178442
v 0.918030 4.833163 0.178442
v 0.918030 4.822244 0.018160
v 0.690518 4.822244 0.018160
v 0.690518 4.814163 -0.557037
v 0.918030 4.814163 -0.557037
v 0.690518 3.951585 1.384499
v 0.690518 3.932585 1.358125
v 0.918030 3.932585 1.358125
v 0.918030 3.951585 1.384499
v 1.006201 5.282846 1.325068
v 1.014461 5.214919 1.362924
v 1.011275 5.072310 1.358124
v 1.011275 5.072310 0.903943
v 1.011275 5.155032 0.903943
v 1.011275 5.196392 0.921891
v 1.011275 5.237752 0.903943
v 1.011275 5.911862 0.903943
v 1.011275 5.911862 1.358124
v 1.006287 5.502523 1.341804
v 0.918030 3.951585 0.724506
v 0.690518 3.951585 0.724506
v 0.690518 4.664077 0.724506
v 0.918030 4.664077 0.724506
v 0.918030 4.685688 0.852352
v 0.690518 4.685688 0.852352
v 0.690518 4.683076 1.358125
v 0.918030 4.683076 1.358125
v 0.951071 4.664077 0.750880
v 0.951071 4.655846 0.852352
v 0.951071 4.664077 1.358125
v 0.951071 3.951585 1.358125
v 0.951071 3.955711 0.967541
v 0.951071 3.965592 0.852352
v 0.951071 3.951585 0.750880
v 0.878945 4.688634 0.975368
v 0.729603 4.688634 0.975368
v 0.729603 4.674672 0.601602
v 0.878945 4.674672 0.601602
v 0.690518 5.930862 -1.039774
v 0.918030 5.930862 -1.039774
v 0.918030 5.933322 -1.127355
v 0.690518 5.933322 -1.127355
v 0.878945 4.903018 0.575229
v 0.729603 4.903018 0.575229
v 0.729603 5.042100 0.575229
v 0.878945 5.042100 0.575229
v 0.630314 3.951585 0.728961
v 0.978234 3.951585 0.728961
v 0.978234 4.303163 0.728961
v 0.630314 4.303163 0.728961
v 0.978234 4.770123 0.180752
v 0.630314 4.770123 0.180752
v 0.630314 4.790081 0.178084
v 0.978234 4.790081 0.178084
v 0.954630 4.319561 0.152069
v 0.653918 4.319561 0.152069
v 0.653918 4.319907 -0.341737
v 0.954630 4.319907 -0.341737
v 0.690518 5.558037 0.057725
v 0.918030 5.558037 0.057725
v 0.918030 5.556577 -0.014244
v 0.690518 5.556577 -0.014244
v 0.954630 4.319561 -0.699512
v 0.653918 4.319561 -0.699512
v 0.653918 4.319561 -0.931821
v 0.954630 4.319561 -0.931821
v 0.653918 4.807474 -0.699512
v 0.954630 4.807474 -0.699512
v 0.954630 4.817994 -0.931821
v 0.653918 4.817994 -0.931821
v 0.987671 4.798994 0.152069
v 0.987671 4.798994 -0.616538
v 0.954630 4.817994 -0.616538
v 0.954630 4.817994 0.152069
v 0.978234 4.871161 0.580188
v 0.630314 4.871161 0.580188
v 0.630314 4.694739 0.580188
v 0.978234 4.694740 0.580188
v 0.630314 5.547903 -0.815287
v 0.978234 5.547903 -0.815287
v 1.011275 4.913501 0.520060
v 1.011275 4.871161 0.553815
v 1.011275 4.694740 0.553815
v 1.011275 4.694740 0.204458
v 1.011275 4.713605 0.204458
v 1.011275 4.770123 0.225231
v 1.011275 4.790081 0.204458
v 1.011275 5.154684 0.204458
v 1.011275 5.154684 0.553815
v 1.011275 4.947636 0.542055
v 0.630314 4.675740 0.204458
v 0.978234 4.675740 0.204458
v 0.978234 4.675740 0.553815
v 0.630314 4.675740 0.553815
v 0.880239 5.547903 0.097657
v 0.728309 5.547903 0.097657
v 0.728309 5.547903 -0.069274
v 0.880239 5.547903 -0.069274
v 0.728309 5.908916 -0.095648
v 0.880239 5.908916 -0.095648
v 0.880239 5.566903 -0.095648
v 0.728309 5.566903 -0.095648
v 0.955712 4.432290 -1.364728
v 0.955712 4.451290 -1.391102
v 0.955712 4.451290 -0.953624
v 0.955712 4.432290 -0.979997
v 0.918030 5.911862 -0.837205
v 0.939449 5.924437 -0.855122
v 0.918030 5.930862 -0.863578
v 0.939449 5.924437 -1.373184
v 0.918030 5.911862 -1.391102
v 0.918030 5.930862 -1.364728
v 0.918030 5.173621 -0.863578
v 0.939449 5.180047 -0.855122
v 0.918030 5.192621 -1.391102
v 0.939449 5.180047 -1.373184
v 0.955712 4.801557 -0.953624
v 0.873446 5.163025 -0.581831
v 0.906487 5.163025 -0.608205
v 0.873446 4.815125 -0.608205
v 0.906417 4.841631 -0.622096
v 1.011275 5.566903 -0.119658
v 0.978234 5.566903 -0.093284
v 0.978234 5.547903 -0.119658
v 0.978234 5.927916 -0.119658
v 0.978234 5.908916 -0.093284
v 1.011275 5.908916 -0.119658
v 1.011275 5.566903 -0.815287
v 0.978234 5.927916 -0.815287
v 1.011275 5.908916 -0.815287
v 0.951071 5.539037 -0.557037
v 0.918030 5.539037 -0.583411
v 0.918030 5.558037 -0.557037
v 0.918030 4.814163 0.152069
v 0.951071 4.833163 0.152069
v 0.918030 4.833163 -0.583411
v 0.951071 4.833163 -0.557037
v 0.978234 5.930862 1.358124
v 0.978234 5.911862 1.384498
v 0.978234 5.911862 0.877569
v 0.978234 5.930862 0.903943
v 0.918030 3.932585 0.750880
v 0.918030 4.683076 0.750880
v 0.918030 4.664077 1.384499
v 0.978234 5.072310 1.384498
v 0.978234 5.053310 1.358124
v 0.978234 5.053310 0.903943
v 0.978234 5.072310 0.877569
v 0.878945 4.674672 1.360296
v 0.911986 4.693672 1.360296
v 0.878945 4.693672 1.386670
v 0.878945 4.693672 0.575229
v 0.911986 4.693672 0.601602
v 0.878945 5.061100 0.601602
v 0.911986 5.042100 0.601602
v 1.011275 4.303163 -0.254230
v 0.978234 4.303163 -0.280604
v 0.978234 4.322163 -0.254230
v 0.978235 3.951585 -0.280604
v 1.011275 3.951585 -0.254230
v 0.978234 4.322163 0.702587
v 1.011275 4.303163 0.702587
v 0.978234 3.932585 0.702587
v 1.011275 3.951585 0.702587
v 0.987671 4.338561 -0.931821
v 0.954630 4.338561 -0.958195
v 0.954630 4.338561 0.183359
v 0.987671 4.338561 0.152069
v 0.954630 4.798994 0.183359
v 0.978234 5.173684 0.553815
v 0.978234 5.154684 0.580188
v 0.978234 5.154684 0.178084
v 0.978234 5.173684 0.204458
v 0.978234 4.694740 0.178084
v 0.913280 5.566903 0.858319
v 0.880239 5.566903 0.884693
v 0.880239 5.547903 0.858319
v 0.880239 5.927916 0.858319
v 0.880239 5.908916 0.884693
v 0.913280 5.908916 0.858319
v 0.913280 5.566903 -0.069274
v 0.880239 5.927916 -0.069274
v 0.913280 5.908916 -0.069274
v 0.652836 4.820557 -0.979997
v 0.652836 4.820557 -1.364728
v 0.652836 4.432290 -0.979997
v 0.652836 4.432290 -1.364728
v 0.652836 4.801557 -0.953624
v 0.652836 4.451290 -1.391102
v 0.690518 5.930862 -1.164086
v 0.918030 5.930862 -1.164086
v 0.690518 5.930862 -1.364728
v 0.939449 5.924437 -1.165394
v 0.690518 5.173621 -0.863578
v 0.939449 5.180047 -1.028006
v 0.918030 5.173621 -1.031423
v 0.939449 5.725633 -0.870610
v 0.735102 4.890733 -1.393273
v 0.873446 4.890733 -1.393273
v 0.873446 4.834126 -1.393273
v 0.735102 4.834126 -1.393273
v 0.906487 4.901317 -1.335226
v 0.906487 4.834126 -1.366899
v 0.735102 5.163025 -0.581831
v 0.906508 4.948090 -0.630939
v 0.906487 5.163025 -1.172218
v 0.630314 5.908916 -0.093284
v 0.630314 5.566903 -0.093284
v 1.011275 5.566903 -0.512341
v 0.630314 5.927916 -0.815287
v 0.978234 5.927916 -0.563670
v 1.011275 5.908916 -0.563670
v 0.690518 5.558037 -0.557037
v 0.690518 4.814163 0.152069
v 0.951071 4.833163 0.057725
v 0.918030 4.814163 0.057725
v 0.951071 5.172174 0.152069
v 0.918030 5.322993 -0.583411
v 0.951071 5.322993 -0.557037
v 0.978234 5.224850 1.384498
v 0.630314 5.053310 0.903943
v 0.630314 5.072310 0.877569
v 0.978234 5.237752 0.877569
v 0.690518 3.934083 0.852352
v 0.918030 3.934083 0.852352
v 0.918030 3.933620 0.967541
v 0.690518 3.933620 0.967541
v 0.690518 3.932585 0.750880
v 0.729603 4.808204 1.376200
v 0.878945 4.808204 1.376200
v 0.878945 5.042100 1.386670
v 0.729603 5.042100 1.386670
v 0.729603 4.693672 0.575229
v 0.911986 4.823865 0.601602
v 0.878945 4.823865 0.575229
v 0.911986 4.707634 0.975368
v 0.878945 5.061100 1.227199
v 0.878945 5.061100 1.360296
v 0.911986 5.042100 1.360296
v 0.911986 5.042100 1.227199
v 0.630314 4.303163 -0.280604
v 0.630314 4.322163 -0.254230
v 0.978234 4.322163 0.277592
v 1.011275 4.303163 0.277592
v 0.630313 3.951585 -0.280604
v 1.011275 3.951585 0.247198
v 0.630314 5.154684 0.178084
v 0.954630 4.427356 0.183359
v 0.987671 4.427356 0.152069
v 0.653918 4.427356 0.183359
v 0.653918 4.338561 0.183359
v 0.653918 4.338561 -0.958195
v 0.987671 4.777350 -0.699512
v 0.987671 4.798994 -0.931821
v 0.987671 4.341233 -0.341738
v 0.630314 5.173684 0.204458
v 0.630314 5.173684 0.553815
v 0.630314 4.694739 0.178084
v 0.728309 5.908916 0.884693
v 0.728309 5.566903 0.884693
v 0.913280 5.566903 0.097657
v 0.728309 5.927916 -0.069274
v 0.880239 5.927916 0.767525
v 0.913280 5.908916 0.767525
v 0.690518 5.322993 -0.583411
v 0.690518 5.539037 -0.583411
v 0.652836 4.801557 -1.391102
v 0.955712 4.801557 -1.391102
v 0.918030 5.837503 -0.837205
v 0.939449 5.847429 -0.855122
v 0.939449 5.725633 -1.373184
v 0.939449 5.847429 -1.341765
v 0.939449 5.905839 -1.127355
v 0.939449 5.924437 -1.036654
v 0.939449 5.199419 -1.066045
v 0.939449 5.180047 -1.160016
v 0.690518 5.192621 -1.391102
v 0.918030 5.719898 -1.391102
v 0.690518 5.719898 -1.391102
v 0.690518 5.837503 -1.390566
v 0.918030 5.837503 -1.390566
v 0.690518 5.911862 -0.837205
v 0.690518 5.837503 -0.837205
v 0.690518 5.173621 -1.031423
v 0.918030 5.177216 -1.068155
v 0.690518 5.177216 -1.068155
v 0.906487 5.163025 -1.366899
v 0.873446 5.163025 -1.393273
v 0.735102 5.163025 -1.393273
v 0.873446 4.821853 -1.172218
v 0.906487 4.853580 -1.172218
v 0.906487 4.834126 -1.257972
v 0.906487 5.145817 -1.257972
v 0.735102 4.821853 -1.172218
v 0.735102 4.815125 -1.257972
v 0.873446 4.815125 -1.257972
v 0.735102 4.815125 -0.608205
v 0.873446 5.172538 -1.257972
v 0.735102 5.172538 -1.257972
v 0.955712 4.703471 -1.391429
v 0.652836 4.703471 -1.391429
v 0.955712 4.594989 -1.391102
v 0.652836 4.594989 -1.391102
v 0.653918 4.817994 0.152069
v 0.653918 4.798994 0.183359
v 0.653918 4.799538 -0.955031
v 0.954630 4.799538 -0.955031
v 0.987671 4.338561 -0.699512
v 0.918030 5.558037 0.152069
v 0.690518 5.558037 0.152069
v 0.690518 5.539037 0.178442
v 0.918030 5.539037 0.178442
v 0.653918 4.817994 -0.616538
v 0.954630 4.320253 -0.616538
v 0.653918 4.320253 -0.616538
v 0.954630 4.594613 0.183359
v 0.987671 4.594613 0.128139
v 0.954630 4.544797 -0.958195
v 0.987671 4.544797 -0.931821
v 0.653918 4.594613 0.183359
v 0.653918 4.544797 -0.958195
v 0.987671 4.357266 -0.616538
v 0.987671 4.611852 -0.903779
v 0.918030 5.278172 -0.583411
v 0.951071 5.278172 -0.557037
v 0.690518 4.833163 -0.583411
v 0.690518 5.278172 -0.583411
v 0.690518 5.266378 0.178084
v 0.918030 5.266378 0.178084
v 0.951071 5.266378 0.128388
v 0.951071 4.841244 0.018160
v 0.951071 5.520182 -0.014244
v 0.951071 5.539037 0.057725
v 0.951071 5.539037 0.152069
v 0.880239 5.927916 0.097657
v 0.913280 5.908916 0.097657
v 0.880239 5.547903 0.193596
v 0.913280 5.566903 0.193596
v 0.728309 5.927916 0.097657
v 0.728309 5.547903 0.193596
v 0.880239 5.547903 0.256955
v 0.913280 5.566903 0.256955
v 0.728309 5.547903 0.256955
v 0.880239 5.547903 0.709676
v 0.913280 5.566903 0.709676
v 0.728309 5.924880 0.193596
v 0.880239 5.924880 0.193596
v 0.728309 5.547903 0.709676
v 0.991546 5.495888 1.372017
v 0.978234 5.196392 0.895517
v 0.630314 5.196392 0.895517
v 0.630314 5.237752 0.877569
v 0.978234 5.155032 0.877569
v 0.630314 5.155032 0.877569
v 0.729603 4.848415 1.386670
v 0.878945 4.848415 1.386670
v 0.729603 4.823865 0.575229
v 0.913560 4.842829 1.365896
v 0.905986 4.914159 0.628483
v 0.911986 5.038509 1.107868
v 0.908058 4.821559 1.338627
v 0.911986 4.693672 1.094700
v 0.878945 5.057509 1.107868
v 0.878945 4.674672 1.094700
v 0.729603 4.693672 1.386670
v 0.729603 5.061100 0.601602
v 0.729603 5.057509 1.107868
v 0.729603 5.061100 1.227199
v 0.729603 4.674672 1.360296
v 0.729603 4.674672 1.094700
v 0.978234 3.932763 0.329938
v 1.011275 3.967747 0.329938
v 0.978234 4.319335 0.194852
v 1.011275 4.294543 0.194852
v 0.630314 4.319335 0.194852
v 0.630314 3.932585 0.702587
v 0.630314 3.932763 0.329938
v 0.630314 4.322163 0.277592
v 0.880239 5.928093 0.738601
v 0.728309 5.928093 0.738601
v 0.728309 5.927916 0.767525
v 0.630314 4.322163 0.702587
v 0.978234 4.713605 0.178084
v 0.630314 4.713605 0.178084
v 0.978234 4.947636 0.574708
v 0.630314 4.947636 0.574708
v 0.630314 4.927678 0.574708
v 0.978234 4.927678 0.574708
v 0.630314 5.154684 0.580188
v 0.690518 4.814163 0.057725
v 0.978234 5.266211 1.377699
v 0.630314 5.266211 1.377699
v 0.630314 5.224850 1.384498
v 0.617002 5.495888 1.372017
v 0.728309 5.927916 0.256955
v 0.880239 5.927916 0.256955
v 0.728309 5.547903 0.858319
v 0.728309 5.547903 0.767525
v 0.880239 5.547903 0.767525
v 0.728309 5.547903 0.738601
v 0.880239 5.547903 0.738601
v 0.913280 5.566903 0.767525
v 0.913280 5.566903 0.738601
v 0.913280 5.885643 0.193596
v 0.913280 5.908916 0.256955
v 0.913280 5.908916 0.709676
v 0.913280 5.897243 0.738601
v 0.880239 5.927916 0.709676
v 0.728309 5.927916 0.709676
v 0.653918 4.611309 -0.954537
v 0.954630 4.611309 -0.954537
v 0.690518 5.930862 -0.863578
v 0.690518 5.911862 -1.391102
v 0.630314 5.911862 0.877569
v 0.630314 5.930862 0.903943
v 0.630314 5.930862 1.358124
v 0.630314 5.911862 1.384498
v 0.690518 4.683076 0.750880
v 0.728309 5.927916 0.858319
v 0.630314 5.927916 -0.119658
v 0.630314 5.547903 -0.119658
v 0.630314 5.927916 -0.630906
v 0.978234 5.927916 -0.630906
v 0.652836 4.451290 -0.953624
v 0.873446 5.182025 -1.366899
v 0.735102 5.182025 -1.366899
v 0.735102 4.815125 -1.366899
v 0.873446 4.815125 -1.366899
v 0.630314 5.927916 -0.563670
v 0.729603 5.061100 1.360296
v 0.690518 4.664077 1.384499
v 1.011275 5.578537 -0.445105
v 1.011275 5.890231 -0.630906
v 0.990269 3.935049 -0.974432
v 0.618279 3.935049 -0.974432
v 0.618279 3.935049 -1.083886
v 0.990269 3.935049 -1.083886
v 1.023310 3.954049 -1.370619
v 1.023310 4.000932 -1.345615
v 1.023310 4.053957 -1.370619
v 1.023310 4.415669 -1.370619
v 1.023310 4.415669 -0.974432
v 1.023310 3.954049 -0.974432
v 1.023310 3.954049 -1.083886
v 1.023310 3.967122 -1.234467
v 0.990269 3.954049 -0.948059
v 0.990269 4.434669 -0.974432
v 0.990269 4.415669 -0.948059
v 0.990269 4.415669 -1.396993
v 0.990269 4.434669 -1.370619
v 0.618279 4.415669 -1.396993
v 0.990269 4.053957 -1.396993
v 0.618279 4.053957 -1.396993
v 0.618279 4.415669 -0.948059
v 0.618279 3.954049 -0.948059
v 0.618279 4.434669 -1.370619
v 0.618279 3.935049 -1.370619
v 0.618279 3.954049 -1.396993
v 0.990269 3.954049 -1.396993
v 0.990269 3.935049 -1.370619
v 0.990269 3.934812 -1.234467
v 0.618279 3.934812 -1.234467
v 0.618279 4.434669 -0.974432
v 0.990269 4.000932 -1.396993
v 0.618279 4.000932 -1.396993
v 0.910434 5.174282 0.289802
v 0.698114 5.174282 0.289802
v 0.698114 5.172573 0.195923
v 0.910434 5.172573 0.195923
v 0.910434 5.175011 0.365017
v 0.698114 5.175011 0.365017
v 0.910434 5.549593 0.195923
v 0.698114 5.549593 0.195923
v 0.698114 5.550290 0.256245
v 0.910434 5.550290 0.256245
v 0.698114 5.191573 0.175822
v 0.698114 5.530593 0.175822
v 0.910434 5.530593 0.175822
v 0.910434 5.191573 0.175822
v 0.943475 5.530593 0.552891
v 0.910434 5.549593 0.552891
v 0.910434 5.530593 0.579265
v 0.910434 5.172573 0.552891
v 0.943475 5.191573 0.552891
v 0.910434 5.191573 0.579265
v 0.943475 5.530593 0.195923
v 0.943475 5.191573 0.195923
v 0.698114 5.172573 0.552891
v 0.698114 5.172573 0.415177
v 0.910434 5.172573 0.415177
v 0.698114 5.530593 0.579265
v 0.698114 5.191573 0.579265
v 0.943475 5.191573 0.415177
v 0.943475 5.530593 0.306406
v 0.910434 5.549593 0.306406
v 0.943475 5.213121 0.365017
v 0.943475 5.191087 0.289802
v 0.943475 5.518742 0.256245
v 0.698114 5.549593 0.306406
v 0.698114 5.549593 0.552891
v 0.619795 4.801557 -0.979997
v 0.619795 4.801557 -1.364728
v 0.619795 4.703471 -1.346580
v 0.619795 4.594989 -1.364728
v 0.619795 4.451290 -1.364728
v 0.619795 4.451290 -0.979997
v 0.630314 5.072310 1.384498
v 0.602347 5.282846 1.325068
v 0.602261 5.502523 1.341804
v 0.597273 5.911862 1.358124
v 0.597273 5.911862 0.903943
v 0.597273 5.237752 0.903943
v 0.597273 5.196392 0.921891
v 0.597273 5.155032 0.903943
v 0.597273 5.072310 0.903943
v 0.597273 5.072310 1.358124
v 0.594087 5.214919 1.362924
v 0.657477 4.664077 0.750880
v 0.657477 3.951585 0.750880
v 0.657477 3.965592 0.852352
v 0.657477 3.955711 0.967541
v 0.657477 3.951585 1.358125
v 0.657477 4.664077 1.358125
v 0.657477 4.655846 0.852352
v 0.630314 5.053310 1.358124
v 0.620877 4.798994 0.152069
v 0.620877 4.798994 -0.616538
v 0.597273 4.913501 0.520060
v 0.597273 4.947636 0.542055
v 0.597273 5.154684 0.553815
v 0.597273 5.154684 0.204458
v 0.597273 4.790081 0.204458
v 0.597273 4.770123 0.225231
v 0.597273 4.713605 0.204458
v 0.597273 4.694739 0.204458
v 0.597273 4.694739 0.553815
v 0.597273 4.871161 0.553815
v 0.669099 5.924437 -0.855122
v 0.669099 5.924437 -1.373184
v 0.669099 5.180047 -0.855122
v 0.669099 5.180047 -1.373184
v 0.702061 5.163025 -0.608205
v 0.702131 4.841631 -0.622096
v 0.597273 5.566903 -0.119658
v 0.597273 5.908916 -0.119658
v 0.597273 5.566903 -0.815287
v 0.597273 5.908916 -0.815287
v 0.657477 5.539037 -0.557037
v 0.657477 4.833163 0.152069
v 0.657477 4.833163 -0.557037
v 0.696562 4.693672 1.360296
v 0.696562 4.693672 0.601602
v 0.696562 5.042100 0.601602
v 0.597273 4.303163 -0.254230
v 0.597273 3.951585 -0.254230
v 0.597273 4.303163 0.702587
v 0.597273 3.951585 0.702587
v 0.620877 4.338561 -0.931821
v 0.620877 4.338561 0.152069
v 0.695268 5.566903 0.858319
v 0.695268 5.908916 0.858319
v 0.695268 5.566903 -0.069274
v 0.695268 5.908916 -0.069274
v 0.669099 5.924437 -1.165394
v 0.669099 5.180047 -1.028006
v 0.669099 5.725633 -0.870610
v 0.702061 4.901317 -1.335226
v 0.702061 4.834126 -1.366899
v 0.702040 4.948090 -0.630939
v 0.702061 5.163025 -1.172218
v 0.597273 5.566903 -0.512341
v 0.597273 5.908916 -0.563670
v 0.657477 4.833163 0.057725
v 0.657477 5.172174 0.152069
v 0.657477 5.322993 -0.557037
v 0.696562 4.823865 0.601602
v 0.696562 4.707634 0.975368
v 0.696562 5.042100 1.227199
v 0.696562 5.042100 1.360296
v 0.597273 4.303163 0.277592
v 0.597273 3.951585 0.247198
v 0.620877 4.427356 0.152069
v 0.620877 4.777350 -0.699512
v 0.620877 4.798994 -0.931821
v 0.620877 4.341233 -0.341738
v 0.695268 5.566903 0.097657
v 0.695268 5.908916 0.767525
v 0.669099 5.847429 -0.855122
v 0.669099 5.725633 -1.373184
v 0.669099 5.180047 -1.160016
v 0.669099 5.199419 -1.066045
v 0.669099 5.924437 -1.036654
v 0.669099 5.905839 -1.127355
v 0.669099 5.847429 -1.341765
v 0.702061 5.163025 -1.366899
v 0.702061 4.853580 -1.172218
v 0.702061 5.145817 -1.257972
v 0.702061 4.834126 -1.257972
v 0.620877 4.338561 -0.699512
v 0.620877 4.594613 0.128139
v 0.620877 4.544797 -0.931821
v 0.620877 4.611852 -0.903779
v 0.620877 4.357266 -0.616538
v 0.657477 5.278172 -0.557037
v 0.657477 5.266378 0.128388
v 0.657477 5.539037 0.152069
v 0.657477 5.539037 0.057725
v 0.657477 5.520182 -0.014244
v 0.657477 4.841244 0.018160
v 0.695268 5.908916 0.097657
v 0.695268 5.566903 0.193596
v 0.695268 5.566903 0.256955
v 0.695268 5.566903 0.709676
v 0.694988 4.842829 1.365896
v 0.702562 4.914159 0.628483
v 0.696562 4.693672 1.094700
v 0.700490 4.821559 1.338627
v 0.696562 5.038509 1.107868
v 0.597273 3.967747 0.329938
v 0.597273 4.294543 0.194852
v 0.695268 5.566903 0.767525
v 0.695268 5.897243 0.738601
v 0.695268 5.908916 0.709676
v 0.695268 5.908916 0.256955
v 0.695268 5.885643 0.193596
v 0.695268 5.566903 0.738601
v 0.597273 5.578537 -0.445105
v 0.597273 5.890231 -0.630906
v 0.585238 3.954049 -1.370619
v 0.585238 3.967122 -1.234467
v 0.585238 3.954049 -1.083886
v 0.585238 3.954049 -0.974432
v 0.585238 4.415669 -0.974432
v 0.585238 4.415669 -1.370619
v 0.585238 4.053957 -1.370619
v 0.585238 4.000932 -1.345615
v 0.665073 5.530593 0.552891
v 0.665073 5.191573 0.552891
v 0.665073 5.530593 0.195923
v 0.665073 5.191573 0.195923
v 0.665073 5.191573 0.415177
v 0.665073 5.530593 0.306406
v 0.665073 5.518742 0.256245
v 0.665073 5.191087 0.289802
v 0.665073 5.213121 0.365017
v 0.724375 5.539236 -0.841660
v 0.884173 5.539236 -0.841660
v 0.884173 5.456829 -0.841660
v 0.724375 5.456829 -0.841660
v 0.955044 3.936481 -0.750130
v 0.653504 3.936481 -0.750130
v 0.653504 3.936481 -0.929667
v 0.955044 3.936481 -0.929667
v 0.884173 5.177239 -0.605794
v 0.724375 5.177239 -0.605794
v 0.724375 5.177239 -0.815287
v 0.884173 5.177239 -0.815287
v 0.878969 4.330830 0.174268
v 0.729579 4.330830 0.174268
v 0.729579 4.660458 0.174268
v 0.878969 4.660458 0.174268
v 0.724375 5.287320 -0.841660
v 0.884173 5.287320 -0.841660
v 0.884173 5.196239 -0.841660
v 0.724375 5.196239 -0.841660
v 0.955044 5.548580 0.689885
v 0.653504 5.548580 0.689885
v 0.653504 5.547852 0.765098
v 0.955044 5.547852 0.765098
v 0.878969 4.311830 0.448337
v 0.729579 4.311830 0.448337
v 0.729579 4.311830 0.200642
v 0.878969 4.311830 0.200642
v 0.878969 4.679458 0.630848
v 0.729579 4.679458 0.630848
v 0.729579 4.679458 0.702587
v 0.878969 4.679458 0.702587
v 0.729578 4.330830 0.728961
v 0.878970 4.330830 0.728961
v 0.878969 4.660458 0.728961
v 0.729579 4.660458 0.728961
v 0.955043 5.060791 0.858319
v 0.653505 5.060791 0.858319
v 0.653505 5.060791 0.706488
v 0.955043 5.060791 0.706488
v 0.955043 5.060095 0.656326
v 0.653505 5.060094 0.656326
v 0.653504 5.060791 0.596004
v 0.955044 5.060791 0.596004
v 0.955044 3.936481 -0.560255
v 0.653504 3.936481 -0.560255
v 0.653504 5.531290 0.575905
v 0.955044 5.531290 0.575905
v 0.955044 5.079791 0.575905
v 0.653504 5.079791 0.575905
v 0.955044 3.936481 -0.305152
v 0.653504 3.936481 -0.305152
v 0.653504 4.144547 -0.956040
v 0.955044 4.144547 -0.956040
v 0.955044 3.955481 -0.956040
v 0.653504 3.955481 -0.956040
v 0.917214 5.196239 -0.605794
v 0.884173 5.196239 -0.579420
v 0.884173 5.558236 -0.605794
v 0.884173 5.539236 -0.579420
v 0.917214 5.539236 -0.605794
v 0.917214 5.196239 -0.815287
v 0.884173 5.558236 -0.815287
v 0.917214 5.539236 -0.815287
v 0.912010 4.660458 0.200642
v 0.878969 4.679458 0.200642
v 0.912010 4.330830 0.200642
v 0.912010 4.660458 0.702587
v 0.878970 4.311830 0.702587
v 0.912010 4.330830 0.702587
v 0.988084 5.079791 0.858319
v 0.955043 5.079791 0.884693
v 0.955043 5.550290 0.858319
v 0.955043 5.531290 0.884693
v 0.988084 5.531290 0.858319
v 0.988084 5.079791 0.596004
v 0.955044 5.550290 0.596004
v 0.988085 5.531290 0.596004
v 0.988084 3.955481 -0.305152
v 0.955044 3.955481 -0.278778
v 0.955044 4.322864 -0.305152
v 0.955044 4.303864 -0.278778
v 0.988085 4.303864 -0.305152
v 0.988085 3.955481 -0.929667
v 0.955044 4.303864 -0.956040
v 0.955044 4.322864 -0.929667
v 0.988085 4.303864 -0.929667
v 0.884173 5.287320 -0.579420
v 0.724375 5.287320 -0.579420
v 0.724375 5.196239 -0.579420
v 0.724375 5.558236 -0.815287
v 0.917214 5.361053 -0.605794
v 0.884173 5.361053 -0.579420
v 0.917214 5.258132 -0.797923
v 0.729579 4.679458 0.200642
v 0.912010 4.660458 0.630848
v 0.912010 4.330830 0.448337
v 0.955044 5.550290 0.815259
v 0.653504 5.550290 0.815259
v 0.653505 5.550290 0.858319
v 0.653505 5.531290 0.884693
v 0.653505 5.079791 0.884693
v 0.653504 5.550290 0.596004
v 0.988084 5.531290 0.815259
v 0.955044 4.088879 -0.284912
v 0.653504 4.088879 -0.284912
v 0.653504 3.955481 -0.278778
v 0.653504 4.303864 -0.956040
v 0.653504 4.322864 -0.929667
v 0.988085 4.144547 -0.929667
v 0.988085 4.226135 -0.929667
v 0.955044 4.226135 -0.956040
v 0.653504 4.303864 -0.278778
v 0.653504 4.129673 -0.278778
v 0.955044 4.129673 -0.278778
v 0.988085 4.129673 -0.305152
v 0.988085 4.088879 -0.323847
v 0.988085 3.955481 -0.560255
v 0.988085 3.972193 -0.750130
v 0.988085 4.185340 -0.896017
v 0.878969 4.323112 0.530901
v 0.729579 4.323112 0.530901
v 0.917214 5.361053 -0.815287
v 0.884173 5.361053 -0.841660
v 0.724375 5.361053 -0.841660
v 0.917214 5.298995 -0.616211
v 0.917214 5.456829 -0.794450
v 0.729579 4.674510 0.382280
v 0.878969 4.674510 0.382280
v 0.729579 4.679458 0.530901
v 0.878969 4.679458 0.530901
v 0.729578 4.311830 0.702587
v 0.729579 4.311830 0.706875
v 0.878969 4.311830 0.706875
v 0.912010 4.330830 0.706875
v 0.912010 4.642499 0.382280
v 0.912010 4.660458 0.530901
v 0.912010 4.360459 0.530901
v 0.988084 5.079791 0.706488
v 0.988084 5.091642 0.656326
v 0.988084 5.531775 0.689885
v 0.988084 5.509741 0.765098
v 0.653504 4.185340 -0.952950
v 0.955044 4.185340 -0.952950
v 0.724375 5.539236 -0.579420
v 0.724375 5.361053 -0.579420
v 0.724375 5.558236 -0.605794
v 0.653504 4.226135 -0.956040
v 0.653504 4.322864 -0.305152
v 0.691334 5.196239 -0.605794
v 0.691334 5.539236 -0.605794
v 0.691334 5.196239 -0.815287
v 0.691334 5.539236 -0.815287
v 0.696538 4.660458 0.200642
v 0.696538 4.330830 0.200642
v 0.696538 4.660458 0.702587
v 0.696538 4.330830 0.702587
v 0.620464 5.079791 0.858319
v 0.620464 5.531290 0.858319
v 0.620464 5.079791 0.596004
v 0.620463 5.531290 0.596004
v 0.620464 3.955481 -0.305152
v 0.620463 4.303864 -0.305152
v 0.620463 3.955481 -0.929667
v 0.620463 4.303864 -0.929667
v 0.691334 5.361053 -0.605794
v 0.691334 5.258132 -0.797923
v 0.696538 4.660458 0.630848
v 0.696538 4.330830 0.448337
v 0.620464 5.531290 0.815259
v 0.620463 4.144547 -0.929667
v 0.620463 4.226135 -0.929667
v 0.620463 4.185340 -0.896017
v 0.620463 3.972193 -0.750130
v 0.620463 3.955481 -0.560255
v 0.620463 4.088879 -0.323847
v 0.620463 4.129673 -0.305152
v 0.691334 5.361053 -0.815287
v 0.691334 5.456829 -0.794450
v 0.691334 5.298995 -0.616211
v 0.696538 4.330830 0.706875
v 0.696538 4.642499 0.382280
v 0.696538 4.360459 0.530901
v 0.696538 4.660458 0.530901
v 0.620464 5.079791 0.706488
v 0.620464 5.509741 0.765098
v 0.620464 5.531775 0.689885
v 0.620464 5.091642 0.656326
vn 0.4985 0.8669 0.0000
vn 0.0000 0.0284 0.9996
vn 1.0000 -0.0000 0.0000
vn 0.0000 -1.0000 0.0000
vn 0.0000 1.0000 0.0000
vn 0.0000 0.0163 0.9999
vn 0.0000 -1.0000 0.0011
vn 0.0000 0.0000 -1.0000
vn 0.0000 0.0019 1.0000
vn 0.0000 0.0000 1.0000
vn 0.0000 -0.9999 0.0140
vn 0.0000 -0.8114 0.5845
vn 1.0000 -0.0002 0.0053
vn 0.0000 1.0000 0.0052
vn 0.0000 -0.9993 0.0373
vn 0.0000 0.9996 0.0281
vn 0.0000 -0.1325 -0.9912
vn 0.0000 -1.0000 -0.0007
vn 0.0000 -1.0000 -0.0010
vn 0.0000 0.9998 -0.0203
vn 0.0000 -1.0000 0.0042
vn 0.0000 0.9990 0.0452
vn 0.0000 -0.8114 -0.5845
vn 0.4228 -0.7353 -0.5297
vn 0.4228 -0.7353 0.5297
vn 0.0099 0.8116 0.5841
vn 0.0126 0.8113 0.5845
vn 0.0108 0.8111 0.5848
vn 0.0126 0.8113 -0.5845
vn 0.0099 0.8116 -0.5841
vn 0.0108 0.8111 -0.5848
vn 0.0099 -0.8116 0.5841
vn 0.0108 -0.8111 0.5848
vn 0.0126 -0.8113 0.5845
vn 0.0099 -0.8116 -0.5841
vn 0.0126 -0.8113 -0.5845
vn 0.0108 -0.8111 -0.5848
vn 0.4228 0.7353 0.5297
vn 0.6684 -0.6035 0.4348
vn 0.4228 0.7353 -0.5297
vn 0.4411 -0.7671 0.4658
vn 0.4411 0.7671 0.4658
vn 0.0000 0.8114 0.5845
vn 0.4985 -0.8669 0.0000
vn 0.2874 0.9578 0.0000
vn -0.0099 -0.8116 0.5841
vn -0.0108 -0.8111 0.5848
vn 0.2874 -0.9578 0.0000
vn 0.6490 0.0216 0.7605
vn 0.7677 0.1588 -0.6208
vn 0.7448 -0.0377 0.6663
vn 0.0000 0.8114 -0.5845
vn 0.6238 0.0000 0.7816
vn 0.6238 0.0000 -0.7816
vn 0.0000 1.0000 0.0027
vn 0.5672 -0.0195 0.8234
vn 0.0000 -1.0000 -0.0040
vn 0.0000 -1.0000 -0.0033
vn 0.5280 -0.8492 -0.0056
vn 0.0000 -0.9999 0.0148
vn 0.5942 0.8040 0.0223
vn 0.0000 -0.0447 0.9990
vn 0.4982 -0.8664 0.0324
vn 0.6238 0.0000 -0.7815
vn 0.6876 0.0000 0.7261
vn 0.5957 0.8013 0.0555
vn 0.5209 -0.8536 -0.0026
vn 0.6238 0.0000 0.7815
vn 0.6416 0.0000 0.7670
vn -0.0108 -0.8111 -0.5848
vn -0.0099 -0.8116 -0.5841
vn 0.0000 0.0023 -1.0000
vn 0.0000 -0.0013 -1.0000
vn 0.6416 0.0000 -0.7670
vn 0.6641 -0.0943 0.7417
vn 0.0000 0.9978 -0.0668
vn 0.0000 -0.9992 0.0396
vn 0.7963 0.0293 0.6042
vn 0.7891 -0.0364 -0.6131
vn 0.6600 -0.7512 -0.0125
vn 1.0000 -0.0001 -0.0000
vn 0.0000 -0.0082 1.0000
vn 0.0000 -0.9969 0.0782
vn 0.0000 -0.9999 -0.0119
vn 0.0000 0.9939 -0.1100
vn 0.0000 0.0002 -1.0000
vn 0.0000 0.0033 -1.0000
vn 0.0000 -0.0015 -1.0000
vn 0.0000 0.8548 0.5190
vn 0.0000 0.7827 -0.6224
vn 0.0000 -0.8548 0.5190
vn 0.5895 0.7930 -0.1537
vn 0.0000 0.9921 -0.1258
vn 0.0000 -1.0000 0.0035
vn 0.7939 0.0434 0.6065
vn 0.7942 -0.0355 0.6066
vn 0.0000 -0.0013 1.0000
vn 0.0000 0.0012 1.0000
vn 0.4909 -0.8536 -0.1743
vn 0.4985 -0.8668 0.0122
vn 0.0000 0.9995 0.0316
vn 0.7648 -0.0148 0.6441
vn 0.0000 -0.3981 -0.9174
vn 0.0000 0.2520 -0.9677
vn 0.5706 -0.0181 0.8210
vn 1.0000 -0.0000 -0.0014
vn 0.4985 0.8669 0.0061
vn 0.4983 0.8666 -0.0261
vn 0.4960 -0.8625 -0.1009
vn 0.0000 1.0000 0.0071
vn 0.0000 0.9995 -0.0301
vn 0.5944 0.8042 -0.0045
vn 0.6308 -0.7722 0.0762
vn 0.5524 0.8335 0.0106
vn 0.0000 1.0000 0.0063
vn 0.0000 -1.0000 -0.0005
vn 0.0000 -1.0000 0.0008
vn 0.0000 0.9994 -0.0342
vn 0.6326 -0.7743 -0.0170
vn 0.5515 0.8322 -0.0576
vn 0.0000 1.0000 0.0061
vn 0.0000 1.0000 0.0031
vn 0.0000 0.0472 -0.9989
vn 0.0000 0.0965 0.9953
vn 0.6659 -0.0310 0.7454
vn 0.0000 -0.0265 0.9996
vn 0.0000 -1.0000 -0.0027
vn 0.0000 -0.9798 -0.2001
vn 0.0000 0.1622 0.9868
vn 0.0000 0.0247 0.9997
vn 0.0000 0.9989 -0.0479
vn 0.0000 1.0000 -0.0031
vn 0.0000 1.0000 -0.0061
vn 0.0000 0.0549 -0.9985
vn 0.0000 -0.9952 -0.0974
vn 0.0000 -0.1262 0.9920
vn -0.0099 0.8116 -0.5841
vn -0.0108 0.8111 -0.5848
vn -0.0108 0.8111 0.5848
vn -0.0099 0.8116 0.5841
vn 0.0000 -0.0072 -1.0000
vn 0.0000 0.9962 0.0868
vn 0.0000 -0.0026 -1.0000
vn 0.0000 0.9997 -0.0257
vn 0.0000 -1.0000 -0.0001
vn 0.0000 -1.0000 -0.0017
vn 0.0000 -0.9999 0.0139
vn 0.0000 -0.9998 0.0182
vn 0.0000 -1.0000 0.0097
vn 0.0000 0.9999 -0.0115
vn 0.3856 0.6705 -0.6338
vn 0.3856 -0.6705 -0.6338
vn 0.0000 -0.7267 -0.6869
vn 0.5197 0.0000 -0.8543
vn 0.0000 0.7267 -0.6869
vn 0.0000 -0.9988 -0.0486
vn 0.4764 -0.8792 0.0057
vn 0.0000 0.9999 0.0139
vn -0.4985 0.8669 0.0000
vn -1.0000 0.0000 0.0000
vn -1.0000 -0.0002 0.0053
vn -0.4228 -0.7353 -0.5297
vn -0.4228 -0.7353 0.5297
vn -0.0126 0.8113 0.5845
vn -0.0126 0.8113 -0.5845
vn -0.0126 -0.8113 0.5845
vn -0.0126 -0.8113 -0.5845
vn -0.4228 0.7353 0.5297
vn -0.6684 -0.6035 0.4348
vn -0.4228 0.7353 -0.5297
vn -0.4411 -0.7671 0.4658
vn -0.4411 0.7671 0.4658
vn -0.4985 -0.8669 0.0000
vn -0.2874 0.9578 0.0000
vn -0.2874 -0.9578 0.0000
vn -0.6490 0.0216 0.7605
vn -0.7677 0.1588 -0.6208
vn -0.7448 -0.0377 0.6663
vn -0.6238 -0.0000 0.7816
vn -0.6238 -0.0000 -0.7816
vn -0.5672 -0.0195 0.8234
vn -0.5280 -0.8492 -0.0056
vn -0.5942 0.8040 0.0223
vn -0.4982 -0.8664 0.0324
vn -0.6238 0.0000 -0.7815
vn -0.6876 0.0000 0.7261
vn -0.5957 0.8013 0.0555
vn -0.5209 -0.8536 -0.0026
vn -0.6238 0.0000 0.7815
vn -0.6416 0.0000 0.7670
vn -0.6416 -0.0000 -0.7670
vn -0.6641 -0.0943 0.7417
vn -0.7963 0.0293 0.6042
vn -0.7891 -0.0364 -0.6131
vn -0.6600 -0.7512 -0.0125
vn -1.0000 -0.0001 -0.0000
vn -0.5895 0.7930 -0.1537
vn -0.7939 0.0434 0.6065
vn -0.7942 -0.0355 0.6066
vn -0.4909 -0.8536 -0.1743
vn -0.4985 -0.8668 0.0122
vn -0.7648 -0.0148 0.6441
vn 0.0000 -0.0300 0.9996
vn 0.0000 0.3981 -0.9174
vn -0.5706 -0.0181 0.8210
vn -1.0000 -0.0000 -0.0014
vn -0.4985 0.8669 0.0061
vn -0.4983 0.8666 -0.0261
vn -0.4960 -0.8625 -0.1009
vn -0.5944 0.8042 -0.0045
vn -0.6308 -0.7722 0.0762
vn -0.5524 0.8335 0.0106
vn -0.6326 -0.7743 -0.0170
vn -0.5515 0.8322 -0.0576
vn -0.6659 -0.0310 0.7454
vn 0.0000 -0.9932 -0.1162
vn -0.3856 0.6705 -0.6338
vn -0.3856 -0.6705 -0.6338
vn -0.5197 0.0000 -0.8543
vn -0.4764 -0.8792 0.0057
vn 0.0000 1.0000 0.0097
vn 0.0000 -0.9999 -0.0115
vn 0.7412 0.0757 -0.6670
vn 0.0000 0.0459 0.9989
vn 0.0000 -0.9908 0.1354
vn 0.7115 -0.0687 -0.6993
vn 0.0000 0.9998 0.0182
vn 0.0000 0.9996 0.0272
vn 0.0000 0.9994 -0.0333
vn 0.0000 1.0000 0.0001
vn -0.4985 0.8669 -0.0001
vn 0.0000 -0.7267 -0.6870
vn 0.0000 0.9988 -0.0485
vn 0.0000 0.0755 -0.9971
vn 0.0000 -0.9980 -0.0640
vn 0.0000 -0.0755 -0.9971
vn 0.0000 -0.1487 0.9889
vn 0.4764 0.8792 0.0057
vn -0.7412 0.0757 -0.6670
vn -0.7115 -0.0687 -0.6993
vn 0.4985 0.8669 -0.0001
vn -0.4764 0.8792 0.0057
vn 0.4104 0.7138 -0.5675
vn 0.7317 -0.0617 -0.6789
vn 0.8527 -0.1079 -0.5111
vn 0.6424 0.7663 0.0143
vn 0.7217 -0.0550 0.6900
vn 0.7448 -0.0506 -0.6654
vn 0.6059 -0.7921 0.0733
vn 0.6373 -0.7698 0.0358
vn 0.8313 0.0735 -0.5510
vn 0.5605 -0.7917 -0.2432
vn 0.6151 0.7707 0.1663
vn 0.6223 0.7796 -0.0706
vn 0.5510 -0.8281 0.1030
vn 0.6045 -0.7875 0.1202
vn 0.5644 0.8157 -0.1270
vn 0.5661 0.8182 0.1003
vn 0.7319 0.0558 -0.6791
vn 0.7545 -0.2695 -0.5985
vn 0.7545 0.2695 -0.5985
vn 0.7014 0.0660 0.7097
vn 0.6870 -0.2116 0.6952
vn 0.6440 -0.7598 0.0888
vn 0.7500 0.1527 -0.6436
vn 0.7546 -0.0289 0.6555
vn 0.7523 0.0834 0.6535
vn 0.6387 0.7619 -0.1075
vn 0.7421 0.0725 -0.6664
vn 0.6950 -0.0550 0.7169
vn 0.6868 0.0390 0.7258
vn 0.7414 -0.0842 -0.6658
vn 0.6577 0.7463 0.1023
vn 0.6533 0.7413 -0.1539
vn 0.5908 -0.3212 -0.7401
vn 0.7039 0.3136 0.6373
vn 0.8010 -0.0777 -0.5935
vn -0.6336 0.4451 -0.6328
vn 0.7836 0.1243 -0.6087
vn 0.6061 -0.7930 0.0606
vn 0.6376 -0.7478 0.1853
vn 0.6103 0.7906 0.0499
vn 0.6463 -0.7580 -0.0881
vn 0.6099 0.7901 -0.0609
vn 0.7241 0.1400 -0.6753
vn 0.7526 -0.2480 0.6100
vn 0.7731 0.2340 0.5896
vn 0.6789 -0.3718 -0.6332
vn 0.6434 0.7445 -0.1780
vn 0.6349 0.7639 0.1156
vn 0.6052 -0.7912 -0.0880
vn 0.8925 -0.0377 0.4495
vn 0.5908 0.3212 -0.7401
vn 0.5948 0.7885 0.1567
vn 0.5948 0.7885 -0.1567
vn 0.6617 -0.7495 -0.0223
vn 0.6296 -0.7762 -0.0348
vn 0.6475 0.7548 -0.1049
vn 0.6005 -0.7995 -0.0143
vn 0.6506 0.7585 0.0384
vn 0.5991 -0.7977 0.0690
vn 0.6374 -0.7698 -0.0339
vn 0.7509 0.1702 -0.6382
vn 0.6129 -0.7893 0.0372
vn 0.6129 -0.7894 -0.0336
vn 0.7532 -0.1509 -0.6402
vn 0.6059 0.7921 0.0733
vn 0.6434 -0.7445 -0.1780
vn 0.6349 -0.7639 0.1156
vn 0.6052 0.7912 -0.0880
vn -0.4104 0.7138 -0.5675
vn -0.7317 -0.0617 -0.6789
vn -0.8527 -0.1079 -0.5111
vn -0.6424 0.7663 0.0143
vn -0.7217 -0.0550 0.6900
vn -0.7448 -0.0506 -0.6654
vn -0.6059 -0.7921 0.0733
vn -0.6373 -0.7698 0.0358
vn -0.8313 0.0735 -0.5510
vn -0.5605 -0.7917 -0.2432
vn -0.6151 0.7707 0.1663
vn -0.6223 0.7796 -0.0706
vn -0.5510 -0.8281 0.1030
vn -0.6045 -0.7875 0.1202
vn -0.5644 0.8157 -0.1270
vn -0.5661 0.8182 0.1003
vn -0.7319 0.0558 -0.6791
vn -0.7545 -0.2695 -0.5985
vn -0.7545 0.2695 -0.5985
vn -0.7014 0.0660 0.7097
vn -0.6870 -0.2116 0.6952
vn -0.6440 -0.7598 0.0888
vn -0.7500 0.1527 -0.6436
vn -0.7546 -0.0289 0.6555
vn -0.7523 0.0834 0.6535
vn -0.6387 0.7619 -0.1075
vn -0.7421 0.0725 -0.6664
vn -0.6950 -0.0550 0.7169
vn -0.6868 0.0390 0.7258
vn -0.7414 -0.0842 -0.6658
vn -0.6577 0.7463 0.1023
vn -0.6533 0.7413 -0.1539
vn -0.5908 -0.3212 -0.7401
vn -0.7039 0.3136 0.6373
vn -0.8010 -0.0777 -0.5935
vn 0.6336 0.4451 -0.6328
vn -0.7836 0.1243 -0.6087
vn -0.6061 -0.7930 0.0606
vn -0.6376 -0.7478 0.1853
vn -0.6103 0.7906 0.0499
vn -0.6463 -0.7580 -0.0881
vn -0.6099 0.7901 -0.0609
vn -0.7241 0.1400 -0.6753
vn -0.7526 -0.2480 0.6100
vn -0.7731 0.2340 0.5896
vn -0.6789 -0.3718 -0.6332
vn -0.6435 0.7445 -0.1780
vn -0.6349 0.7639 0.1156
vn -0.6052 -0.7912 -0.0880
vn -0.8925 -0.0377 0.4495
vn -0.5908 0.3212 -0.7401
vn -0.5948 0.7885 0.1567
vn -0.5948 0.7885 -0.1567
vn -0.6617 -0.7495 -0.0223
vn -0.6296 -0.7762 -0.0348
vn -0.6475 0.7548 -0.1049
vn -0.6005 -0.7995 -0.0143
vn -0.6506 0.7585 0.0384
vn -0.5991 -0.7977 0.0690
vn -0.6374 -0.7698 -0.0339
vn -0.7509 0.1702 -0.6382
vn -0.6129 -0.7893 0.0372
vn -0.6129 -0.7894 -0.0336
vn -0.7532 -0.1509 -0.6402
vn -0.6059 0.7921 0.0733
vn -0.6434 -0.7445 -0.1780
vn -0.6349 -0.7639 0.1156
vn -0.6052 0.7912 -0.0880
usemtl Wall_Dark.003
s 1
f 1745//761 1746//761 1747//761 1748//761
f 1749//762 1750//762 1751//762 1752//762
f 1746//763 1745//763 1753//763 1754//763 1755//763 1756//763
f 1757//764 1758//764 1759//764 1760//764
f 1761//765 1762//765 1763//765 1764//765
f 1765//766 1766//766 1767//766 1768//766
f 1769//764 1770//764 1771//764 1772//764
f 1773//767 1774//767 1775//764 1776//764
f 1777//768 1778//768 1779//768 1780//768
f 1781//769 1782//769 1783//770 1784//770
f 1785//771 1786//771 1787//771 1788//771
f 1789//772 1790//772 1791//772 1792//772
f 1793//773 1794//773 1795//773 1796//773 1797//773 1798//773 1799//773 1800//773 1801//773 1802//773
f 1803//768 1804//768 1805//768 1806//768
f 1807//774 1808//774 1809//774 1810//774
f 1811//763 1812//763 1813//763 1814//763 1815//763 1816//763 1817//763
f 1818//775 1819//775 1820//775 1821//775
f 1822//776 1823//776 1824//776 1825//776
f 1826//768 1827//768 1828//768 1829//768
f 1830//770 1831//770 1832//770 1833//770
f 1834//777 1835//777 1836//777 1837//777
f 1838//778 1839//778 1840//779 1841//779
f 1842//780 1843//780 1844//780 1845//780
f 1846//781 1847//781 1848//764 1849//764
f 1850//782 1851//782 1852//782 1853//782
f 1854//761 1855//761 1856//761 1857//761
f 1858//770 1859//770 1860//770 1861//770
f 1862//783 1780//783 1779//783 1863//783
f 1864//763 1865//763 1866//763 1867//763 1868//763 1869//763 1870//763 1871//763 1872//763 1873//763
f 1874//764 1875//764 1876//764 1877//764
f 1878//764 1879//764 1880//764 1881//764
f 1882//768 1883//768 1884//768 1885//768
f 1754//784 1886//784 1887//784
f 1888//785 1889//785 1753//785
f 1890//786 1891//787 1892//788
f 1893//789 1894//790 1895//791
f 1752//792 1896//793 1897//794
f 1898//795 1899//796 1760//797
f 1748//798 1900//798 1745//798
f 1764//798 1901//798 1902//798
f 1903//799 1904//799 1768//799
f 1905//785 1906//785 1907//785
f 1908//798 1909//798 1910//798
f 1863//784 1779//784 1911//784
f 1778//800 1912//800 1913//800
f 1914//800 1915//800 1916//800
f 1784//785 1917//785 1918//785
f 1919//784 1920//784 1788//784
f 1801//798 1921//798 1922//798
f 1923//800 1924//800 1800//800
f 1803//784 1817//784 1925//784
f 1814//785 1792//785 1791//785
f 1806//800 1926//800 1811//800
f 1927//798 1813//798 1810//798
f 1928//785 1929//785 1795//785
f 1930//784 1931//784 1796//784
f 1932//785 1933//785 1934//785
f 1821//784 1935//784 1936//784
f 1937//800 1938//800 1829//800
f 1939//800 1940//800 1941//800
f 1776//784 1942//784 1943//784
f 1944//798 1832//798 1945//798
f 1831//785 1946//785 1947//785
f 1948//784 1849//784 1949//784
f 1950//801 1838//801 1951//801
f 1854//802 1857//802 1952//802
f 1872//798 1953//798 1954//798
f 1955//800 1956//800 1871//800
f 1861//785 1876//785 1866//785
f 1875//784 1957//784 1867//784
f 1958//785 1959//785 1960//785
f 1961//798 1962//798 1963//798
f 1881//784 1884//784 1964//784
f 1883//800 1965//800 1966//800
f 1967//765 1748//765 1747//765 1968//765
f 1889//764 1969//764 1970//764 1886//764
f 1748//803 1967//803 1971//803 1900//803
f 1886//783 1970//783 1972//783 1887//783
f 1754//804 1753//804 1889//804 1886//804
f 1973//765 1974//765 1895//765 1975//765
f 1976//805 1893//805 1895//805 1974//805
f 1751//806 1977//807 1896//793 1752//792
f 1978//808 1897//808 1896//808 1979//808
f 1749//809 1752//809 1897//809 1980//809
f 1981//768 1982//768 1983//768 1984//768
f 1985//810 1986//810 1983//810 1982//810
f 1763//803 1987//803 1901//803 1764//803
f 1988//811 1902//811 1901//811 1765//811
f 1761//761 1764//761 1902//761 1989//761
f 1909//770 1990//770 1991//770 1906//770
f 1772//804 1863//804 1911//804 1992//804
f 1778//812 1777//812 1993//812 1912//812
f 1994//761 1908//761 1910//761 1995//761
f 1905//813 1910//813 1909//813 1906//813
f 1913//814 1911//814 1779//814 1778//814
f 1845//815 1844//815 1916//815 1996//815
f 1783//772 1997//772 1917//772 1784//772
f 1998//804 1918//804 1917//804 1999//804
f 1781//813 1784//813 1918//813 2000//813
f 2001//814 1915//814 1914//814 2002//814
f 2003//816 1928//816 1795//816 1794//816
f 1931//783 1930//783 2004//783 2005//783
f 2006//814 1923//814 1800//814 1799//814
f 1801//761 1800//761 1924//761 1921//761
f 2007//817 2008//817 2009//818 2010//818
f 1815//819 1814//819 1791//819 2009//819
f 2011//820 1925//820 2008//820 2007//820
f 1812//821 1811//821 1926//821 1807//821
f 1803//814 1806//814 1811//814 1817//814
f 1927//813 1792//813 1814//813 1813//813
f 1796//804 1795//804 1929//804 1930//804
f 2012//822 2013//822 2014//822 2015//822
f 1820//783 2016//783 1935//783 1821//783
f 2017//814 1936//814 1935//814 2018//814
f 1818//823 1821//823 1936//823 2019//823
f 2020//761 2021//761 2022//761 2023//761
f 1940//812 2024//812 2025//812 1941//812
f 2026//761 1944//761 1945//761 2027//761
f 1775//783 2028//783 1942//783 1776//783
f 1773//804 1776//804 1943//804 2029//804
f 1939//824 1943//824 1942//824 1940//824
f 1947//813 1945//813 1832//813 1831//813
f 1837//768 1836//768 2030//768 1955//768
f 2031//825 1950//825 1951//825 2032//825
f 2031//770 2033//770 2034//770 1950//770
f 1849//783 1848//783 2035//783 1949//783
f 2036//826 2037//826 1852//826 1851//826
f 2038//827 1951//827 1838//827 1841//827
f 1956//765 2039//765 2040//765 1953//765
f 1858//813 1861//813 1866//813 1865//813
f 1875//783 1874//783 2041//783 1957//783
f 1837//814 1955//814 1871//814 1870//814
f 1872//761 1871//761 1956//761 1953//761
f 1867//804 1866//804 1876//804 1875//804
f 1962//770 2042//770 2043//770 1959//770
f 1878//804 1881//804 1964//804 2044//804
f 1883//812 1882//812 2045//812 1965//812
f 2046//761 1961//761 1963//761 2047//761
f 1958//828 1963//828 1962//828 1959//828
f 1966//814 1964//814 1884//814 1883//814
f 2001//768 2048//768 2049//768 1915//768
f 2050//812 1968//812 1747//812 2051//812
f 1890//829 2052//829 2053//829 1891//829
f 2054//763 2055//763 1893//763 1976//763 2056//763 2057//763 1891//763 2053//763 1980//763 1897//763 1978//763 2058//763 2059//763 1899//763
f 1760//797 1759//830 2060//831 1898//795
f 2061//832 2062//832 2063//833 2064//833
f 1890//770 2065//770 2066//770 2052//770
f 1898//834 2061//834 2054//834 1899//834
f 2052//835 1749//835 1980//835 2053//835
f 1898//768 2060//768 2062//832 2061//832
f 1899//808 2059//808 1757//808 1760//808
f 1891//805 2057//805 1823//805 1892//805
f 1825//836 1824//836 1974//836 1973//836
f 1896//764 1977//764 2067//764 1979//764
f 2068//837 2069//837 1758//837 1757//837
f 1904//838 1988//838 1765//838 1768//838
f 2070//839 1985//839 1982//839 2071//839
f 2072//768 2071//768 1982//768 1981//768
f 1903//840 2073//840 2074//840 1904//840
f 1988//841 1904//841 2074//841 2075//841 1986//841 1985//841 2070//841 2076//841 1989//841 1902//841
f 1901//842 1987//842 1766//842 1765//842
f 2073//843 2077//843 2078//843 2079//843
f 1903//844 2080//844 2077//844 2073//844
f 2081//845 2082//845 1762//845 1761//845
f 2083//846 2084//846 2050//847 2051//847
f 1887//814 2085//814 1755//814 1754//814
f 1900//813 1888//813 1753//813 1745//813
f 2085//848 2086//848 2084//846 2083//846
f 1857//849 2087//849 2088//849 1952//849
f 2089//850 1853//850 1852//850 2090//850
f 2034//851 1839//851 1838//851 1950//851
f 1948//804 2091//804 1846//804 1849//804
f 1855//852 2036//852 1851//852 1856//852
f 2092//803 2093//803 2094//803 2095//803
f 2096//853 1856//853 1851//853 1850//853
f 2097//854 2098//854 1847//781 1846//781
f 2049//812 1996//812 1916//812 1915//812
f 2099//855 2031//855 2032//855 2100//855
f 1949//814 2101//814 2102//814 1948//814
f 2087//765 1857//765 1856//765 2096//765
f 2099//770 2103//770 2033//770 2031//770
f 1949//768 2035//768 2104//768 2101//768
f 1952//856 2099//856 2100//856 1854//856
f 1951//763 2038//763 2105//763 2091//763 1948//763 2102//763 2106//763 2037//763 2036//763 1855//763 1854//763 2100//763 2032//763
f 1952//770 2088//770 2103//770 2099//770
f 2107//814 2001//814 2002//814 2108//814
f 1788//783 1787//783 2109//783 1919//783
f 2107//768 2110//768 2048//768 2001//768
f 2095//857 2094//857 2111//858 2112//858
f 1919//814 2107//814 2108//814 1920//814
f 1919//768 2109//768 2110//768 2107//768
f 2113//763 2000//763 1918//763 1998//763 2114//763 1920//763 2108//763 2002//763 1914//763 2115//763 2116//763 2117//763
f 2114//859 1998//859 1999//859 1785//859
f 2117//761 2116//761 1843//761 2092//761
f 2093//765 2092//765 1843//765 1842//765
f 1920//860 2114//860 1785//860 1788//860
f 1965//761 2118//761 2119//761 1966//761
f 2120//804 1878//804 2044//804 2121//804
f 1880//783 1885//783 1884//783 1881//783
f 1965//765 2045//765 2122//765 2118//765
f 2120//764 2123//764 1879//764 1878//764
f 2124//804 2120//804 2121//804 2125//804
f 2124//764 2126//764 2123//764 2120//764
f 2127//804 2124//804 2125//804 2128//804
f 2118//861 2122//861 2129//861 2130//861
f 2127//764 2131//764 2126//764 2124//764
f 1922//862 2132//862 1802//862 1801//862
f 2006//863 2133//863 2134//863 2135//863
f 1931//814 2136//814 1797//814 1796//814
f 2136//768 1931//768 2005//768 2137//768
f 2138//864 2139//864 2013//864 2012//864
f 2018//768 2140//768 1827//768 1826//768
f 1933//865 2141//865 2139//865 1934//865
f 2142//866 1938//866 2143//866 2023//866 2022//866 2144//866 2141//866 1933//866 2145//866 2019//866 1936//866 2017//866
f 1937//867 2146//867 2143//867 1938//867
f 2146//868 2020//868 2023//868 2143//868
f 1932//804 2147//804 2145//804 1933//804
f 2147//869 1818//869 2019//869 2145//869
f 2148//770 1934//770 2139//770 2138//770
f 1937//870 2149//870 2150//870 2146//870
f 2146//871 2150//871 2151//871 2020//871
f 1932//764 2152//764 2153//764 2147//764
f 1813//872 1812//872 1807//872 1810//872
f 2154//873 1773//873 2029//873 2155//873
f 1941//874 2156//874 2157//874 1939//874
f 1941//875 2025//875 2158//875 2156//875
f 1946//876 2159//876 2160//877 2154//877
f 2157//763 2027//763 1945//763 1947//763 2155//763 2029//763 1943//763 1939//763
f 2156//878 2158//878 2161//878 2026//878
f 1946//879 2154//879 2155//879 1947//879
f 2156//880 2026//880 2027//880 2157//880
f 2162//881 2163//881 2164//882 2046//882
f 1831//772 1830//772 2159//772 1946//772
f 2026//765 2161//765 2165//765 1944//765
f 1860//772 1877//772 1876//772 1861//772
f 2166//883 2167//883 1835//883 1834//883
f 2168//770 2169//770 2170//770 2171//770
f 1957//814 2166//814 1868//814 1867//814
f 1957//768 2041//768 2167//768 2166//768
f 2171//884 2170//884 1859//884 1858//884
f 1954//885 2168//885 1873//885 1872//885
f 1954//886 2172//886 2169//886 2168//886
f 2010//818 2009//818 1791//887 1790//887
f 1999//888 2173//888 1786//888 1785//888
f 2174//889 2175//889 2176//889 2003//889
f 2132//890 2177//890 2175//890 2174//890
f 2130//891 2129//891 2178//891 2179//891
f 1960//764 2180//764 2181//764 2182//764
f 2182//764 2181//764 2183//764 2184//764
f 2185//763 2186//763 2128//763 2125//763 2121//763 2044//763 1964//763 1966//763 2119//763 2187//763 2188//763 2189//763 2190//763 2047//763 1963//763 1958//763
f 1960//804 2182//804 2185//804 1958//804
f 2182//804 2184//804 2186//804 2185//804
f 2184//804 2127//804 2128//804 2186//804
f 2179//761 2191//761 2189//761 2188//761
f 2184//764 2183//764 2131//764 2127//764
f 2179//765 2178//765 2192//892 2191//892
f 2191//892 2192//892 2163//893 2162//893
f 2101//894 2104//894 2193//894 2194//894
f 1979//895 2067//895 2069//895 2068//895
f 2195//765 1892//765 1823//765 1822//765
f 2052//896 2066//896 1750//896 1749//896
f 2196//897 1975//898 1895//791 1894//790
f 1892//788 2195//899 2065//900 1890//786
f 2064//833 2063//833 2196//901 1894//901
f 2197//812 2198//812 1924//812 1923//812
f 1921//803 2199//803 2200//803 1922//803
f 1923//768 2006//768 2135//768 2197//768
f 1953//803 2040//803 2172//803 1954//803
f 2030//812 2039//812 1956//812 1955//812
f 1805//812 2201//812 1926//812 1806//812
f 2165//803 1833//803 1832//803 1944//803
f 2202//803 2042//803 1962//803 1961//803
f 1959//772 2043//772 2180//772 1960//772
f 2046//882 2164//882 2202//765 1961//765
f 2203//803 1990//803 1909//803 1908//803
f 1906//772 1991//772 2204//772 1907//772
f 1912//765 1993//765 2205//765 2206//765
f 2207//772 1969//772 1889//772 1888//772
f 1900//770 1971//770 2207//770 1888//770
f 2208//902 2209//902 2082//902 2081//902
f 1768//772 1767//772 2080//772 1903//772
f 2210//783 1984//783 1983//783 2211//783
f 2071//812 2072//812 2209//812 2208//812
f 2079//764 2078//764 2210//764 2211//764
f 1841//779 1840//779 2098//854 2097//854
f 2112//858 2111//858 1782//769 1781//769
f 2194//903 2193//903 2089//903 2090//903
f 1917//764 1997//764 2173//764 1999//764
f 1935//768 2016//768 2140//768 2018//768
f 1994//765 2212//765 2203//765 1908//765
f 1829//812 1828//812 2149//812 1937//812
f 1925//783 2011//783 1804//783 1803//783
f 2213//803 2015//803 2014//803 2021//803
f 1934//772 2148//772 2152//772 1932//772
f 1810//803 1809//803 2214//803 1927//803
f 2020//765 2151//765 2213//765 2021//765
f 1926//904 2201//904 1808//904 1807//904
f 1927//770 2214//770 1789//770 1792//770
f 2215//763 1992//763 1911//763 1913//763 2216//763 1995//763 1910//763 1905//763
f 1772//764 1771//764 1862//764 1863//764
f 1887//768 1972//768 2086//848 2085//848
f 1907//764 2204//764 1770//764 1769//764
f 2206//765 2205//765 2212//765 1994//765
f 2217//764 2218//764 2219//877 2220//877
f 1942//768 2028//768 2024//768 1940//768
f 2221//763 2222//763 2223//763 2224//763 2225//763 2226//763 2227//763 2228//763
f 2226//785 2229//785 2217//785
f 2230//798 2231//798 2225//798
f 2232//800 2233//800 2224//800
f 2234//768 2232//768 2235//768 2236//768
f 2231//770 2237//770 2238//770 2229//770
f 2232//812 2234//812 2239//812 2233//812
f 2229//772 2238//772 2218//772 2217//772
f 2226//828 2225//828 2231//828 2229//828
f 2240//783 2241//783 2242//783 2243//783
f 2244//905 2245//905 2240//906 2243//906
f 2217//804 2220//804 2227//804 2226//804
f 2233//761 2230//761 2225//761 2224//761
f 2220//877 2219//877 2245//905 2244//905
f 2246//803 2237//803 2231//803 2230//803
f 2233//765 2239//765 2246//765 2230//765
f 2236//768 2235//768 2247//768 2248//768
f 2249//907 2250//907 2251//908 2252//908
f 2224//814 2223//814 2235//814 2232//814
f 2248//768 2247//768 2242//768 2241//768
f 2253//909 2254//909 2250//907 2249//907
f 2255//910 2256//910 2257//910 2258//910
f 2259//768 2260//768 2261//768 2262//768
f 2263//798 2264//798 2265//798
f 2266//785 2267//785 2268//785
f 2255//911 2269//911 2261//911
f 2262//912 2270//912 2252//912
f 2266//764 2271//764 2272//764 2273//764
f 2265//770 2274//770 2275//770 2268//770
f 2252//913 2251//913 2259//913 2262//913
f 2273//804 2276//804 2267//804 2266//804
f 2263//828 2265//828 2268//828 2267//828
f 2270//914 2262//914 2261//914 2269//914
f 2264//761 2263//761 2277//761 2278//761
f 2256//915 2255//915 2261//915 2260//915
f 2273//916 2272//916 2254//916 2253//916
f 2277//763 2263//763 2267//763 2276//763 2279//763 2280//763 2270//763 2269//763 2281//763
f 2278//765 2282//765 2283//765 2264//765
f 2264//803 2283//803 2274//803 2265//803
f 2271//772 2266//772 2268//772 2275//772
f 2252//917 2270//917 2280//917 2249//917
f 2258//918 2257//918 2282//918 2278//918
f 2284//919 1967//919 1968//919 2285//919
f 2285//920 2286//920 2287//920 2288//920 2289//920 2284//920
f 2003//770 2176//770 2290//770 1928//770
f 2291//921 2292//921 2293//921 2294//921 2295//921 2296//921 2297//921 2298//921 2299//921 2300//921
f 2301//920 2302//920 2303//920 2304//920 2305//920 2306//920 2307//920
f 2004//764 1930//764 1929//764 2308//764
f 2309//919 2087//919 2096//919 2310//919
f 2311//920 2312//920 2313//920 2314//920 2315//920 2316//920 2317//920 2318//920 2319//920 2320//920
f 2288//922 1972//922 1970//922
f 2207//923 2289//923 1969//923
f 2065//900 2195//899 2321//924
f 2322//925 1975//898 2196//897
f 1751//806 2323//926 1977//807
f 2060//831 1759//830 2324//927
f 1967//928 2284//928 1971//928
f 1763//928 2325//928 1987//928
f 2080//929 1767//929 2326//929
f 2327//923 2204//923 1991//923
f 2203//928 2328//928 1990//928
f 1862//922 2329//922 1780//922
f 1777//930 2330//930 1993//930
f 2331//930 1996//930 2049//930
f 1783//923 2332//923 1997//923
f 2109//922 1787//922 2333//922
f 2293//928 2200//928 2199//928
f 2197//930 2294//930 2198//930
f 1804//922 2011//922 2302//922
f 2305//923 1790//923 1789//923
f 1805//930 2301//930 2201//930
f 2214//928 1809//928 2306//928
f 2290//923 2299//923 2308//923
f 2004//922 2298//922 2005//922
f 2152//923 2148//923 2334//923
f 1820//922 2335//922 2016//922
f 2149//930 1828//930 2336//930
f 2337//930 2025//930 2024//930
f 1775//922 2338//922 2028//922
f 2165//928 2339//928 1833//928
f 1830//923 2340//923 2159//923
f 2341//922 2035//922 1848//922
f 2034//931 2342//931 1839//931
f 2309//932 2088//932 2087//932
f 2313//928 2172//928 2040//928
f 2030//930 2314//930 2039//930
f 1860//923 2319//923 1877//923
f 1874//922 2318//922 2041//922
f 2343//923 2180//923 2043//923
f 2202//928 2344//928 2042//928
f 1880//922 2345//922 1885//922
f 1882//930 2346//930 2045//930
f 2288//933 1970//933 1969//933 2289//933
f 2347//934 1973//934 1975//934 2322//934
f 2348//935 2067//935 1977//935 2323//935
f 1750//936 2349//936 2323//936 1751//936
f 2350//937 1981//937 1984//937 2351//937
f 2352//938 1766//938 1987//938 2325//938
f 1762//919 2353//919 2325//919 1763//919
f 1771//933 2354//933 2329//933 1862//933
f 2212//919 2355//919 2328//919 2203//919
f 2327//939 1991//939 1990//939 2328//939
f 2330//940 1777//940 1780//940 2329//940
f 2356//933 2173//933 1997//933 2332//933
f 1782//939 2357//939 2332//939 1783//939
f 2048//940 2358//940 2331//940 2049//940
f 1921//765 1924//765 2198//765 2199//765
f 2176//941 2300//941 2299//941 2290//941
f 2135//940 2295//940 2294//940 2197//940
f 2293//919 2199//919 2198//919 2294//919
f 2304//942 2010//942 1790//942 2305//942
f 2307//943 1808//943 2201//943 2301//943
f 1804//940 2302//940 2301//940 1805//940
f 2214//939 2306//939 2305//939 1789//939
f 2298//933 2004//933 2308//933 2299//933
f 2154//877 2160//877 1774//767 1773//767
f 2359//940 2140//940 2016//940 2335//940
f 1819//944 2360//944 2335//944 1820//944
f 2151//919 2361//919 2362//919 2213//919
f 2161//919 2363//919 2339//919 2165//919
f 1774//933 2364//933 2338//933 1775//933
f 2337//945 2024//945 2028//945 2338//945
f 2340//939 1830//939 1833//939 2339//939
f 2033//946 2365//946 2342//946 2034//946
f 2366//947 1850//947 1853//947 2367//947
f 2368//948 1840//948 1839//948 2342//948
f 1859//939 2320//939 2319//939 1860//939
f 1836//940 2315//940 2314//940 2030//940
f 2313//919 2040//919 2039//919 2314//919
f 2318//933 1874//933 1877//933 2319//933
f 1879//933 2369//933 2345//933 1880//933
f 2164//919 2370//919 2344//919 2202//919
f 2343//949 2043//949 2042//949 2344//949
f 2346//940 1882//940 1885//940 2345//940
f 2065//950 2321//950 2371//950 2066//950
f 2372//920 2324//920 2373//920 2374//920 2348//920 2323//920 2349//920 2371//920 2321//920 2375//920 2376//920 2347//920 2322//920 2377//920
f 2060//951 2324//951 2372//951 2062//951
f 2066//952 2371//952 2349//952 1750//952
f 2324//935 1759//935 1758//935 2373//935
f 2321//934 2195//934 1822//934 2375//934
f 2326//953 1767//953 1766//953 2352//953
f 2378//954 2072//954 1981//954 2350//954
f 2080//955 2326//955 2379//955 2077//955
f 2352//956 2325//956 2353//956 2380//956 2378//956 2350//956 2351//956 2381//956 2379//956 2326//956
f 1972//940 2288//940 2287//940 2086//940
f 1971//939 2284//939 2289//939 2207//939
f 2341//933 1848//933 1847//933 2382//933
f 2310//957 2096//957 1850//957 2366//957
f 2103//958 2383//958 2365//958 2033//958
f 2035//940 2341//940 2384//940 2104//940
f 2088//959 2309//959 2383//959 2103//959
f 2342//920 2365//920 2383//920 2309//920 2310//920 2366//920 2367//920 2385//920 2384//920 2341//920 2382//920 2386//920 2368//920
f 2110//940 2387//940 2358//940 2048//940
f 2109//940 2333//940 2387//940 2110//940
f 2388//920 2389//920 2390//920 2391//920 2331//920 2358//920 2387//920 2333//920 2392//920 2356//920 2332//920 2357//920
f 2392//960 1786//960 2173//960 2356//960
f 2389//919 2093//919 1842//919 2390//919
f 2333//961 1787//961 1786//961 2392//961
f 2045//919 2346//919 2393//919 2122//919
f 2123//933 2394//933 2369//933 1879//933
f 2126//933 2395//933 2394//933 2123//933
f 2131//933 2396//933 2395//933 2126//933
f 2200//962 2293//962 2292//962 2177//962
f 2290//772 2308//772 1929//772 1928//772
f 1922//963 2200//963 2177//963 2132//963
f 2005//940 2298//940 2297//940 2137//940
f 2136//964 2137//964 2134//964 2133//964
f 2334//965 2148//965 2138//965 2397//965
f 2398//966 2359//966 2335//966 2360//966 2399//966 2334//966 2397//966 2400//966 2362//966 2361//966 2401//966 2336//966
f 2149//967 2336//967 2401//967 2150//967
f 2150//968 2401//968 2361//968 2151//968
f 2152//933 2334//933 2399//933 2153//933
f 2153//969 2399//969 2360//969 1819//969
f 2306//970 1809//970 1808//970 2307//970
f 2160//971 2402//971 2364//971 1774//971
f 2025//972 2337//972 2403//972 2158//972
f 2403//920 2337//920 2338//920 2364//920 2402//920 2340//920 2339//920 2363//920
f 2159//973 2340//973 2402//973 2160//973
f 2158//974 2403//974 2363//974 2161//974
f 2041//940 2318//940 2317//940 2167//940
f 2172//975 2313//975 2312//975 2169//975
f 2404//920 2343//920 2344//920 2370//920 2405//920 2406//920 2407//920 2408//920 2393//920 2346//920 2345//920 2369//920 2394//920 2395//920 2396//920 2409//920
f 2180//933 2343//933 2404//933 2181//933
f 2181//933 2404//933 2409//933 2183//933
f 2183//933 2409//933 2396//933 2131//933
f 2178//919 2407//919 2406//919 2192//919
f 2147//976 2153//976 1819//976 1818//976
f 2410//920 2327//920 2328//920 2355//920 2411//920 2330//920 2329//920 2354//920
f 2412//920 2413//920 2414//920 2415//920 2416//920 2417//920 2418//920 2419//920
f 2415//923 2218//923 2238//923
f 2246//928 2416//928 2237//928
f 2234//930 2417//930 2239//930
f 2415//939 2238//939 2237//939 2416//939
f 2218//933 2415//933 2414//933 2219//933
f 2239//919 2417//919 2416//919 2246//919
f 2417//940 2234//940 2236//940 2418//940
f 2420//928 2274//928 2283//928
f 2271//923 2275//923 2421//923
f 2256//977 2260//977 2422//977
f 2259//978 2251//978 2423//978
f 2272//933 2271//933 2421//933 2424//933
f 2420//949 2421//949 2275//949 2274//949
f 2423//979 2422//979 2260//979 2259//979
f 2283//919 2282//919 2425//919 2420//919
f 2425//920 2426//920 2422//920 2423//920 2427//920 2428//920 2424//920 2421//920 2420//920
f 2251//980 2250//980 2427//980 2423//980
usemtl Wall_Medium.003
f 2429//768 2430//768 2431//768 2432//768
f 2433//764 2434//764 2435//764 2436//764
f 2437//764 2438//764 2439//764 2440//764
f 2441//768 2442//768 2443//768 2444//768
f 2445//768 2446//768 2447//768 2448//768
f 2449//918 2450//918 2451//981 2452//981
f 2453//764 2454//764 2455//764 2456//764
f 2457//765 2458//765 2459//765 2460//765
f 2461//770 2462//770 2463//770 2464//770
f 2465//764 2466//764 2467//764 2468//764
f 2469//982 2470//982 2471//982 2472//982
f 2473//764 2474//764 2434//764 2433//764
f 2475//768 2476//768 2477//768 2478//768
f 2479//764 2480//764 2474//764 2473//764
f 2481//768 2482//768 2483//768 2484//768
f 2485//785 2486//785 2437//785
f 2487//798 2488//798 2489//798
f 2440//784 2447//784 2490//784
f 2430//800 2491//800 2492//800
f 2493//800 2444//800 2494//800
f 2456//784 2441//784 2495//784
f 2460//798 2463//798 2496//798
f 2462//785 2497//785 2498//785
f 2499//785 2500//785 2465//785
f 2501//798 2502//798 2503//798
f 2472//912 2477//912 2504//912
f 2476//911 2505//911 2506//911
f 2507//785 2508//785 2479//785
f 2509//798 2510//798 2511//798
f 2436//784 2483//784 2512//784
f 2513//800 2514//800 2515//800
f 2516//770 2517//770 2518//770 2486//770
f 2437//804 2440//804 2490//804 2485//804
f 2430//812 2429//812 2519//812 2491//812
f 2491//761 2487//761 2489//761 2492//761
f 2520//813 2489//813 2488//813 2521//813
f 2522//983 2490//983 2447//983 2446//983
f 2444//812 2443//812 2523//812 2494//812
f 2457//761 2460//761 2496//761 2524//761
f 2455//783 2442//783 2441//783 2456//783
f 2453//804 2456//804 2495//804 2525//804
f 2493//814 2495//814 2441//814 2444//814
f 2498//828 2496//828 2463//828 2462//828
f 2526//765 2527//765 2528//765 2501//765
f 2502//770 2529//770 2530//770 2500//770
f 2476//915 2475//915 2531//915 2505//915
f 2526//761 2501//761 2503//761 2532//761
f 2499//813 2503//813 2502//813 2500//813
f 2506//914 2504//914 2477//914 2476//914
f 2533//984 2534//984 2535//984 2508//984
f 2513//812 2536//812 2537//812 2514//812
f 2514//761 2509//761 2511//761 2515//761
f 2435//783 2484//783 2483//783 2436//783
f 2538//814 2512//814 2483//814 2482//814
f 2515//814 2539//814 2540//814 2513//814
f 2510//770 2541//770 2542//770 2543//770
f 2511//763 2544//763 2545//763 2507//763 2546//763 2547//763 2512//763 2538//763 2548//763 2539//763 2515//763
f 2549//985 2550//985 2454//985 2453//985
f 2551//986 2522//986 2446//986 2552//986
f 2432//768 2431//768 2552//768 2553//768
f 2520//763 2554//763 2485//763 2490//763 2522//763 2551//763 2555//763 2492//763 2489//763
f 2553//768 2552//768 2446//768 2445//768
f 2505//987 2531//987 2450//918 2449//918
f 2494//988 2523//988 2556//988 2557//988
f 2557//989 2556//989 2558//989 2559//989
f 2497//990 2560//990 2561//990 2562//990
f 2497//991 2562//991 2563//991 2498//991
f 2559//765 2558//765 2458//765 2457//765
f 2564//763 2565//763 2524//763 2496//763 2498//763 2563//763 2566//763 2525//763 2495//763 2493//763
f 2559//761 2457//761 2524//761 2565//761
f 2465//804 2468//804 2567//804 2499//804
f 2471//992 2478//992 2477//992 2472//992
f 2452//993 2451//993 2527//993 2526//993
f 2567//763 2568//763 2504//763 2506//763 2569//763 2570//763 2532//763 2503//763 2499//763
f 2459//803 2464//803 2463//803 2460//803
f 2571//994 2572//994 2482//994 2481//994
f 2500//772 2530//772 2466//772 2465//772
f 2528//803 2529//803 2502//803 2501//803
f 2562//995 2561//995 2550//995 2549//995
f 2488//770 2573//770 2574//770 2521//770
f 2521//770 2574//770 2517//770 2516//770
f 2439//783 2448//783 2447//783 2440//783
f 2575//803 2573//803 2488//803 2487//803
f 2486//772 2518//772 2438//772 2437//772
f 2491//765 2519//765 2575//765 2487//765
f 2576//996 2540//996 2572//996 2571//996
f 2536//768 2513//768 2540//768 2576//768
f 2543//997 2542//997 2534//997 2533//997
f 2577//803 2541//803 2510//803 2509//803
f 2508//772 2535//772 2480//772 2479//772
f 2514//765 2537//765 2577//765 2509//765
f 2505//998 2449//998 2569//998 2506//998
f 2468//907 2467//907 2470//907 2469//907
f 2544//813 2511//813 2510//813 2543//813
f 2479//804 2473//804 2546//804 2507//804
f 2578//923 2438//923 2518//923
f 2575//928 2579//928 2573//928
f 2439//922 2580//922 2448//922
f 2429//930 2581//930 2519//930
f 2582//930 2523//930 2443//930
f 2455//922 2583//922 2442//922
f 2459//928 2584//928 2464//928
f 2461//923 2585//923 2560//923
f 2586//923 2466//923 2530//923
f 2528//928 2587//928 2529//928
f 2471//978 2588//978 2478//978
f 2475//977 2589//977 2531//977
f 2590//923 2480//923 2535//923
f 2577//928 2591//928 2541//928
f 2435//922 2592//922 2484//922
f 2536//930 2593//930 2537//930
f 2438//933 2578//933 2580//933 2439//933
f 2519//919 2581//919 2579//919 2575//919
f 2594//939 2574//939 2573//939 2579//939
f 2595//999 2445//999 2448//999 2580//999
f 2458//919 2596//919 2584//919 2459//919
f 2454//933 2597//933 2583//933 2455//933
f 2582//940 2443//940 2442//940 2583//940
f 2585//949 2461//949 2464//949 2584//949
f 2527//919 2598//919 2587//919 2528//919
f 2586//939 2530//939 2529//939 2587//939
f 2589//979 2475//979 2478//979 2588//979
f 2537//919 2593//919 2591//919 2577//919
f 2599//940 2481//940 2484//940 2592//940
f 2593//940 2536//940 2576//940 2600//940
f 2591//920 2593//920 2600//920 2601//920 2599//920 2592//920 2602//920 2603//920 2590//920 2604//920 2605//920
f 2606//1000 2553//1000 2445//1000 2595//1000
f 2594//920 2579//920 2581//920 2607//920 2606//920 2595//920 2580//920 2578//920 2608//920
f 2560//1001 2585//1001 2609//1001 2561//1001
f 2610//920 2582//920 2583//920 2597//920 2611//920 2609//920 2585//920 2584//920 2596//920 2612//920
f 2558//919 2612//919 2596//919 2458//919
f 2466//933 2586//933 2613//933 2467//933
f 2613//920 2586//920 2587//920 2598//920 2614//920 2615//920 2589//920 2588//920 2616//920
f 2531//1002 2589//1002 2615//1002 2450//1002
f 2605//939 2542//939 2541//939 2591//939
f 2480//933 2590//933 2603//933 2474//933
f 2462//772 2461//772 2560//772 2497//772
usemtl Wall_Highlights.003
f 2051//800 1747//800 1746//800
f 2208//800 2070//800 2071//800
f 1986//784 2211//784 1983//784
f 2095//798 2117//798 2092//798
f 2022//798 2021//798 2014//798
f 2090//1003 1852//1003 2037//1003
f 2083//1004 2051//1004 1746//1004 1756//1004
f 2064//1005 1894//1005 1893//1005 2055//1005
f 2079//804 2211//804 1986//804 2075//804
f 2115//1006 1914//1006 1916//1006 1844//1006
f 2144//1007 2022//1007 2014//1007 2013//1007
f 2194//1008 2090//1008 2037//1008 2106//1008
f 2469//1009 2472//1009 2504//1009 2568//1009
f 2433//1010 2436//1010 2512//1010 2547//1010
f 2061//1011 2064//1011 2055//1011 2054//1011
f 2058//1012 1978//1012 1979//1012 2068//1012
f 2056//1013 1976//1013 1974//1013 1824//1013
f 2057//1014 2056//1014 1824//1014 1823//1014
f 2059//1015 2058//1015 2068//1015 1757//1015
f 2073//1016 2079//1016 2075//1016 2074//1016
f 2081//1017 1761//1017 1989//1017 2076//1017
f 2208//1018 2081//1018 2076//1018 2070//1018
f 2085//1019 2083//1019 1756//1019 1755//1019
f 2539//1020 2548//1020 2572//1020 2540//1020
f 2548//1021 2538//1021 2482//1021 2572//1021
f 2507//1022 2545//1022 2533//1022 2508//1022
f 2545//1023 2544//1023 2543//1023 2533//1023
f 2091//1024 2105//1024 2097//1024 1846//1024
f 2101//1025 2194//1025 2106//1025 2102//1025
f 2095//1026 2112//1026 2113//1026 2117//1026
f 2112//1027 1781//1027 2000//1027 2113//1027
f 2116//1028 2115//1028 1844//1028 1843//1028
f 2555//1029 2551//1029 2552//1029 2431//1029
f 2554//1030 2520//1030 2521//1030 2516//1030
f 2485//1031 2554//1031 2516//1031 2486//1031
f 2492//1032 2555//1032 2431//1032 2430//1032
f 2118//1033 2130//1033 2187//1033 2119//1033
f 2130//1034 2179//1034 2188//1034 2187//1034
f 2133//1035 2006//1035 1799//1035 1798//1035
f 2174//1036 2003//1036 1794//1036 1793//1036
f 1938//1037 2142//1037 1826//1037 1829//1037
f 2141//1038 2144//1038 2013//1038 2139//1038
f 2142//1039 2017//1039 2018//1039 1826//1039
f 1817//1040 1816//1040 2008//1040 1925//1040
f 2549//1041 2453//1041 2525//1041 2566//1041
f 2494//1042 2557//1042 2564//1042 2493//1042
f 2562//1043 2549//1043 2566//1043 2563//1043
f 2557//1044 2559//1044 2565//1044 2564//1044
f 2166//1045 1834//1045 1869//1045 1868//1045
f 2168//1046 2171//1046 1864//1046 1873//1046
f 2171//1047 1858//1047 1865//1047 1864//1047
f 1834//1048 1837//1048 1870//1048 1869//1048
f 2452//1049 2526//1049 2532//1049 2570//1049
f 2449//1050 2452//1050 2570//1050 2569//1050
f 2468//1051 2469//1051 2568//1051 2567//1051
f 2132//1052 2174//1052 1793//1052 1802//1052
f 2136//1053 2133//1053 1798//1053 1797//1053
f 2191//1054 2162//1054 2190//1054 2189//1054
f 2162//1055 2046//1055 2047//1055 2190//1055
f 2105//1056 2038//1056 1841//1056 2097//1056
f 1816//1057 1815//1057 2009//1057 2008//1057
f 2206//1058 1994//1058 1995//1058 2216//1058
f 1907//1059 1769//1059 2215//1059 1905//1059
f 1912//1060 2206//1060 2216//1060 1913//1060
f 1769//1061 1772//1061 1992//1061 2215//1061
f 2473//1062 2433//1062 2547//1062 2546//1062
f 2222//1063 2221//1063 2242//1063 2247//1063
f 2243//784 2242//784 2221//784
f 2244//1064 2243//1064 2221//1064 2228//1064
f 2220//1065 2244//1065 2228//1065 2227//1065
f 2223//1066 2222//1066 2247//1066 2235//1066
f 2258//1067 2281//1067 2269//1067 2255//1067
f 2253//1068 2279//1068 2276//1068 2273//1068
f 2249//1069 2280//1069 2279//1069 2253//1069
f 2278//1070 2277//1070 2281//1070 2258//1070
f 2050//930 2285//930 1968//930
f 2209//930 2072//930 2378//930
f 2351//922 1984//922 2210//922
f 2094//928 2093//928 2389//928
f 2362//928 2015//928 2213//928
f 2089//1071 2367//1071 1853//1071
f 2084//1072 2286//1072 2285//1072 2050//1072
f 2063//1073 2377//1073 2322//1073 2196//1073
f 2078//933 2381//933 2351//933 2210//933
f 2391//1074 1845//1074 1996//1074 2331//1074
f 2400//1075 2012//1075 2015//1075 2362//1075
f 2193//1076 2385//1076 2367//1076 2089//1076
f 2470//1077 2616//1077 2588//1077 2471//1077
f 2434//1078 2602//1078 2592//1078 2435//1078
f 2062//1079 2372//1079 2377//1079 2063//1079
f 2374//1080 2069//1080 2067//1080 2348//1080
f 2376//1081 1825//1081 1973//1081 2347//1081
f 2375//1082 1822//1082 1825//1082 2376//1082
f 2373//1083 1758//1083 2069//1083 2374//1083
f 2077//1084 2379//1084 2381//1084 2078//1084
f 2082//1085 2380//1085 2353//1085 1762//1085
f 2209//1086 2378//1086 2380//1086 2082//1086
f 2086//1087 2287//1087 2286//1087 2084//1087
f 2600//1088 2576//1088 2571//1088 2601//1088
f 2601//1089 2571//1089 2481//1089 2599//1089
f 2590//1090 2535//1090 2534//1090 2604//1090
f 2604//1091 2534//1091 2542//1091 2605//1091
f 2382//1092 1847//1092 2098//1092 2386//1092
f 2104//1093 2384//1093 2385//1093 2193//1093
f 2094//1094 2389//1094 2388//1094 2111//1094
f 2111//1095 2388//1095 2357//1095 1782//1095
f 2390//1096 1842//1096 1845//1096 2391//1096
f 2607//1097 2432//1097 2553//1097 2606//1097
f 2608//1098 2517//1098 2574//1098 2594//1098
f 2578//1099 2518//1099 2517//1099 2608//1099
f 2581//1100 2429//1100 2432//1100 2607//1100
f 2122//1101 2393//1101 2408//1101 2129//1101
f 2129//1102 2408//1102 2407//1102 2178//1102
f 2134//1103 2296//1103 2295//1103 2135//1103
f 2175//1104 2291//1104 2300//1104 2176//1104
f 2336//1105 1828//1105 1827//1105 2398//1105
f 2397//1106 2138//1106 2012//1106 2400//1106
f 2398//1107 1827//1107 2140//1107 2359//1107
f 2302//1108 2011//1108 2007//1108 2303//1108
f 2550//1109 2611//1109 2597//1109 2454//1109
f 2523//1110 2582//1110 2610//1110 2556//1110
f 2561//1111 2609//1111 2611//1111 2550//1111
f 2556//1112 2610//1112 2612//1112 2558//1112
f 2167//1113 2317//1113 2316//1113 1835//1113
f 2169//1114 2312//1114 2311//1114 2170//1114
f 2170//1115 2311//1115 2320//1115 1859//1115
f 1835//1116 2316//1116 2315//1116 1836//1116
f 2451//1117 2614//1117 2598//1117 2527//1117
f 2450//1118 2615//1118 2614//1118 2451//1118
f 2467//1119 2613//1119 2616//1119 2470//1119
f 2177//1120 2292//1120 2291//1120 2175//1120
f 2137//1121 2297//1121 2296//1121 2134//1121
f 2192//1122 2406//1122 2405//1122 2163//1122
f 2163//1123 2405//1123 2370//1123 2164//1123
f 2386//1124 2098//1124 1840//1124 2368//1124
f 2303//1125 2007//1125 2010//1125 2304//1125
f 2205//1126 2411//1126 2355//1126 2212//1126
f 2204//1127 2327//1127 2410//1127 1770//1127
f 1993//1128 2330//1128 2411//1128 2205//1128
f 1770//1129 2410//1129 2354//1129 1771//1129
f 2474//1130 2603//1130 2602//1130 2434//1130
f 2419//1131 2248//1131 2241//1131 2412//1131
f 2240//922 2412//922 2241//922
f 2245//1132 2413//1132 2412//1132 2240//1132
f 2219//1133 2414//1133 2413//1133 2245//1133
f 2418//1134 2236//1134 2248//1134 2419//1134
f 2257//1135 2256//1135 2422//1135 2426//1135
f 2254//1136 2272//1136 2424//1136 2428//1136
f 2250//1137 2254//1137 2428//1137 2427//1137
f 2282//1138 2257//1138 2426//1138 2425//1138
o Wall_Modular_Cube.006_Wall_Modular_Cube.007
v -0.190480 1.681634 0.609111
v -0.190480 1.958800 0.609111
v -0.162676 1.958800 0.642152
v -0.162676 1.681634 0.642152
v 1.153368 1.589539 0.679834
v 1.153368 1.589539 0.907346
v 0.381781 1.578764 0.907346
v 0.381781 1.578764 0.679834
v -0.703041 1.681634 0.609111
v -0.703041 1.958800 0.609111
v -0.492760 1.958800 0.609111
v -0.334013 1.945726 0.609111
v 0.353977 1.810513 0.679834
v 0.353977 1.810513 0.907346
v 0.353977 1.958800 0.907346
v 0.353977 1.958800 0.679834
v 0.366277 1.820113 0.724418
v 0.366277 1.820113 0.862762
v 0.366277 1.413789 0.862762
v 0.366277 1.413789 0.724418
v 0.018554 1.396085 0.724418
v 0.018554 1.396085 0.862762
v -0.142820 1.394789 0.862762
v -0.142820 1.394789 0.724418
v 0.901680 1.296289 0.619630
v 0.901680 1.296289 0.967550
v 0.901680 1.344727 0.967550
v 0.901680 1.344727 0.619630
v -1.462084 0.797543 0.619630
v -1.462084 0.797543 0.967550
v -1.462084 1.158780 0.967551
v -1.462084 1.158780 0.619629
v 1.429966 1.581974 0.967550
v 1.429966 1.581974 0.619630
v 0.929484 1.581974 0.619630
v 0.929484 1.581974 0.967550
v 0.351861 0.847076 0.679834
v 0.351861 0.847076 0.907346
v -0.144229 0.847076 0.907346
v -0.144229 0.847076 0.679834
v -0.160208 0.962546 0.679834
v -0.160208 0.962546 0.907346
v -0.172033 1.376927 0.907346
v -0.172033 1.376927 0.679834
v -1.434281 -0.021786 0.907346
v -1.462084 -0.002786 0.907346
v -1.462084 -0.002786 0.679834
v -1.434281 -0.021786 0.679834
v 0.513813 0.021029 0.591663
v 0.414411 -0.006243 0.583403
v 0.205726 -0.002785 0.586589
v 0.205726 0.324414 0.586589
v 0.326775 0.324414 0.586589
v 0.387299 0.311484 0.586589
v 0.447825 0.324414 0.586589
v 1.434279 0.324414 0.586589
v 1.434279 -0.002785 0.586589
v 0.835275 0.008972 0.591577
v -1.434281 0.453683 0.679834
v -1.434281 0.453683 0.907346
v -0.391660 0.453683 0.907346
v -0.391660 0.453683 0.679834
v -0.360036 0.361581 0.679834
v -0.360036 0.361581 0.907346
v -0.363857 -0.002786 0.907346
v -0.363857 -0.002786 0.679834
v -0.391660 0.434683 0.646793
v -0.403705 0.361581 0.646793
v -0.391660 -0.002786 0.646793
v -1.434281 -0.002786 0.646793
v -1.428243 0.278597 0.646793
v -1.413783 0.361581 0.646793
v -1.434281 0.434683 0.646793
v -0.355723 0.272958 0.718919
v -0.355723 0.272958 0.868261
v -0.376156 0.542225 0.868261
v -0.376156 0.542225 0.718919
v 1.462082 1.724698 0.907346
v 1.462082 1.724698 0.679834
v 1.465682 1.787793 0.679834
v 1.465682 1.787793 0.907346
v -0.042006 0.561225 0.718919
v -0.042006 0.561225 0.868261
v 0.161519 0.561225 0.868261
v 0.161519 0.561225 0.718919
v -1.434281 0.450474 0.967550
v -1.434281 0.450474 0.619630
v -0.919801 0.450474 0.619630
v -0.919801 0.450474 0.967550
v -0.236479 0.845412 0.619630
v -0.236478 0.845412 0.967550
v -0.207273 0.847334 0.967550
v -0.207273 0.847334 0.619630
v -0.895805 0.866076 0.643234
v -0.895805 0.866076 0.943946
v -0.895299 1.221821 0.943946
v -0.895299 1.221821 0.643234
v 0.916510 0.934043 0.907346
v 0.916510 0.934043 0.679834
v 0.914374 0.985890 0.679834
v 0.914374 0.985890 0.907346
v -0.895805 1.479568 0.643234
v -0.895805 1.479568 0.943946
v -0.895805 1.646927 0.943946
v -0.895805 1.646927 0.643234
v -0.181821 1.479568 0.943946
v -0.181821 1.479568 0.643234
v -0.166427 1.646927 0.643234
v -0.166427 1.646927 0.943946
v -0.194230 0.866076 0.610193
v -0.194230 1.419792 0.610193
v -0.166427 1.419792 0.643234
v -0.166427 0.866076 0.643234
v -0.088625 0.557652 0.619630
v -0.088625 0.557652 0.967550
v -0.346790 0.557652 0.967550
v -0.346790 0.557652 0.619630
v 0.901680 1.562974 0.967550
v 0.901680 1.562974 0.619630
v -0.026667 0.600969 0.586589
v -0.088625 0.576652 0.586589
v -0.346790 0.576652 0.586589
v -0.346790 0.828334 0.586589
v -0.319182 0.828334 0.586589
v -0.236479 0.813369 0.586589
v -0.207273 0.828334 0.586589
v 0.326266 0.828334 0.586589
v 0.326266 0.576652 0.586589
v 0.023284 0.585124 0.586589
v -0.374593 0.828334 0.967550
v -0.374593 0.828334 0.619630
v -0.374593 0.576652 0.619630
v -0.374593 0.576652 0.967550
v 0.901680 0.905275 0.717625
v 0.901680 0.905275 0.869555
v 0.901680 1.025535 0.869555
v 0.901680 1.025535 0.717625
v 1.429966 1.044535 0.869555
v 1.429966 1.044535 0.717625
v 0.929484 1.044535 0.717625
v 0.929484 1.044535 0.869555
v -0.730844 1.958800 0.642152
v -0.703041 1.977800 0.642152
v -0.703041 1.662634 0.642152
v -0.730844 1.681634 0.642152
v 1.434279 1.578764 0.679834
v 1.452679 1.591672 0.658415
v 1.462082 1.597764 0.679834
v 1.452679 1.964892 0.658415
v 1.434279 1.977800 0.679834
v 1.462082 1.958800 0.679834
v 0.353977 1.597764 0.679834
v 0.363381 1.591672 0.658415
v 0.381781 1.977800 0.679834
v 0.363381 1.964892 0.658415
v -0.190480 1.662634 0.642152
v 0.338473 1.394789 0.724418
v 0.338473 1.413789 0.691377
v -0.170624 1.413789 0.724418
v -0.131836 1.423796 0.691447
v 0.929484 1.061832 0.586589
v 0.929484 1.042832 0.619630
v 0.901680 1.061832 0.619630
v 1.457770 1.061832 0.619630
v 1.429966 1.042832 0.619630
v 1.429966 1.061832 0.586589
v 0.929484 1.562974 0.586589
v 1.457770 1.562974 0.619630
v 1.429966 1.562974 0.586589
v 0.888706 1.376927 0.646793
v 0.888706 1.395927 0.679834
v 0.916510 1.376927 0.679834
v -0.172033 0.866076 0.679834
v -0.144229 0.866076 0.646793
v -0.144229 1.395927 0.679834
v -0.144229 1.376927 0.646793
v 1.462082 -0.002785 0.619630
v 1.434279 -0.021785 0.619630
v 1.434279 0.343414 0.619630
v 1.462082 0.324414 0.619630
v -1.462084 0.434683 0.679834
v -0.363857 0.434683 0.679834
v -0.391660 -0.021786 0.679834
v 0.205726 -0.021785 0.619630
v 0.177923 -0.002785 0.619630
v 0.177923 0.324414 0.619630
v 0.205726 0.343414 0.619630
v -0.376156 -0.004350 0.718919
v -0.348353 -0.004350 0.685878
v -0.348353 -0.023350 0.718919
v -0.348353 0.561225 0.718919
v -0.348353 0.542225 0.685878
v 0.189322 0.542225 0.718919
v 0.161519 0.542225 0.685878
v -0.919801 1.158780 0.586589
v -0.919801 1.177780 0.619630
v -0.891998 1.158780 0.619630
v -1.434281 1.177780 0.619629
v -1.434281 1.158780 0.586589
v -0.891998 0.469474 0.619630
v -0.919801 0.469474 0.586589
v -1.462084 0.469474 0.619630
v -1.434281 0.469474 0.586589
v -0.868002 1.646927 0.610193
v -0.868002 1.665927 0.643234
v -0.868002 0.843534 0.643234
v -0.868002 0.866076 0.610193
v -0.194230 0.843534 0.643234
v 0.354070 0.576652 0.619630
v 0.326266 0.557652 0.619630
v 0.326266 0.847334 0.619630
v 0.354070 0.828334 0.619630
v -0.346790 0.847334 0.619630
v 0.929484 0.357282 0.684584
v 0.929484 0.338282 0.717625
v 0.901680 0.357282 0.717625
v 1.457770 0.357282 0.717625
v 1.429966 0.338282 0.717625
v 1.429966 0.357282 0.684584
v 0.929484 1.025535 0.684584
v 1.457770 1.025535 0.717625
v 1.429966 1.025535 0.684584
v -0.162676 1.681634 0.945028
v -0.162676 1.958800 0.945028
v -0.730844 1.681634 0.945028
v -0.730844 1.958800 0.945028
v -0.190480 1.662634 0.945028
v -0.703041 1.977800 0.945028
v 1.462082 1.814254 0.907346
v 1.462082 1.814254 0.679834
v 1.462082 1.958800 0.907346
v 1.452679 1.815197 0.658415
v 0.353977 1.597764 0.907346
v 0.363381 1.716220 0.658415
v 0.353977 1.718682 0.679834
v 1.161760 1.602830 0.658415
v -0.059985 1.979364 0.862762
v -0.059985 1.979364 0.724418
v -0.142820 1.979364 0.724418
v -0.142820 1.979364 0.862762
v -0.044497 1.937546 0.691377
v -0.142820 1.960364 0.691377
v 0.338473 1.394789 0.862762
v 0.023948 1.430167 0.691356
v 0.338473 1.820113 0.691377
v 1.429966 1.042832 0.967550
v 0.929484 1.042832 0.967550
v 0.929484 1.344727 0.586589
v 1.457770 1.562974 0.967550
v 1.457770 1.381705 0.619630
v 1.429966 1.381705 0.586589
v 0.916510 1.376927 0.907346
v -0.172033 0.866076 0.907346
v -0.144229 0.934043 0.646793
v -0.172033 0.934043 0.679834
v 0.351861 0.866076 0.646793
v 0.572560 1.395927 0.679834
v 0.572560 1.376927 0.646793
v 0.428943 -0.021785 0.619630
v 0.177923 0.324414 0.967550
v 0.205726 0.343414 0.967550
v 0.447825 0.343414 0.619630
v -1.459892 0.361581 0.907346
v -1.459892 0.361581 0.679834
v -1.460568 0.278597 0.679834
v -1.460568 0.278597 0.907346
v -1.462084 0.434683 0.907346
v -0.180753 -0.015807 0.868261
v -0.180753 -0.015807 0.718919
v 0.161519 -0.023350 0.718919
v 0.161519 -0.023350 0.868261
v -0.348353 0.561225 0.868261
v -0.157834 0.542225 0.685878
v -0.157834 0.561225 0.718919
v -0.327920 0.272958 0.685878
v 0.189322 0.091535 0.718919
v 0.189322 -0.004350 0.718919
v 0.161519 -0.004350 0.685878
v 0.161519 0.091535 0.685878
v -0.919801 1.177780 0.967550
v -0.891998 1.158780 0.967550
v -0.891998 0.775647 0.619630
v -0.919801 0.775647 0.586589
v -1.434281 1.177780 0.967551
v -1.434281 0.797543 0.586589
v 0.326266 0.847334 0.967550
v -0.738064 0.843534 0.643234
v -0.738064 0.866076 0.610193
v -0.738064 0.843534 0.943946
v -0.868002 0.843534 0.943946
v -0.868002 1.665927 0.943946
v -0.225902 1.479568 0.610193
v -0.194230 1.646927 0.610193
v -0.864092 1.221822 0.610193
v 0.354070 0.828334 0.967550
v 0.354070 0.576652 0.967550
v -0.346790 0.847334 0.967550
v 1.429966 0.338282 0.869555
v 0.929484 0.338282 0.869555
v 0.929484 0.905275 0.684584
v 1.457770 1.025535 0.869555
v 1.457770 0.422692 0.717625
v 1.429966 0.422692 0.684584
v 0.572560 1.395927 0.907346
v 0.888706 1.395927 0.907346
v -0.190480 1.977800 0.945028
v -0.190480 1.977800 0.642152
v 1.325466 1.578764 0.679834
v 1.339990 1.591672 0.658415
v 1.161760 1.964892 0.658415
v 1.339990 1.942257 0.658415
v 1.425465 1.787793 0.658415
v 1.452679 1.722450 0.658415
v 0.391729 1.743624 0.658415
v 0.363381 1.811322 0.658415
v 0.381781 1.977800 0.907346
v 1.153368 1.977800 0.679834
v 1.153368 1.977800 0.907346
v 1.325466 1.977414 0.907346
v 1.325466 1.977414 0.679834
v 1.434279 1.578764 0.907346
v 1.325466 1.578764 0.907346
v 0.353977 1.718682 0.907346
v 0.359238 1.745144 0.679834
v 0.359238 1.745144 0.907346
v 0.338473 1.960364 0.691377
v 0.338473 1.979364 0.724418
v 0.338473 1.979364 0.862762
v -0.160780 1.820113 0.724418
v -0.114352 1.820113 0.691377
v -0.142820 1.881891 0.691377
v 0.313291 1.881891 0.691377
v -0.160780 1.820113 0.862762
v -0.170624 1.881891 0.862762
v -0.170624 1.881891 0.724418
v -0.170624 1.413789 0.862762
v 0.352393 1.881891 0.724418
v 0.352393 1.881891 0.862762
v -0.334013 1.978036 0.642152
v -0.334013 1.978036 0.945028
v -0.492760 1.977800 0.642152
v -0.492760 1.977800 0.945028
v -0.166427 0.866076 0.943946
v -0.194230 0.843534 0.943946
v -0.193434 1.663648 0.943946
v -0.193434 1.663648 0.643234
v -0.868002 1.479568 0.610193
v 0.916510 0.866076 0.679834
v 0.916510 0.866076 0.907346
v 0.888706 0.847076 0.907346
v 0.888706 0.847076 0.679834
v -0.166427 1.419792 0.943946
v -0.894791 1.419792 0.643234
v -0.894791 1.419792 0.943946
v -0.493310 0.843534 0.643234
v -0.493310 0.883315 0.610193
v -0.566206 1.665927 0.643234
v -0.566206 1.646927 0.610193
v -0.493310 0.843534 0.943946
v -0.566206 1.665927 0.943946
v -0.840628 1.419792 0.610193
v -0.468083 1.626725 0.610193
v 0.506971 1.395927 0.679834
v 0.506971 1.376927 0.646793
v -0.144229 1.395927 0.907346
v 0.506971 1.395927 0.907346
v 0.489714 0.847334 0.907346
v 0.489714 0.847334 0.679834
v 0.489714 0.883136 0.646793
v -0.132404 0.962546 0.646793
v 0.861115 0.985890 0.646793
v 0.888706 0.934043 0.646793
v 0.888706 0.866076 0.646793
v 1.457770 0.905275 0.717625
v 1.429966 0.905275 0.684584
v 0.901680 0.836159 0.717625
v 0.929484 0.836159 0.684584
v 1.457770 0.905275 0.869555
v 0.901680 0.836159 0.869555
v 0.901680 0.790514 0.717625
v 0.929484 0.790514 0.684584
v 0.901680 0.790514 0.869555
v 0.901680 0.464367 0.717625
v 0.929484 0.464367 0.684584
v 1.453327 0.836159 0.869555
v 1.453327 0.836159 0.717625
v 0.901680 0.464367 0.869555
v 0.825565 -0.012794 0.606318
v 0.387299 0.330484 0.619630
v 0.387299 0.330484 0.967550
v 0.447825 0.343414 0.967550
v 0.326775 0.343414 0.619630
v 0.326775 0.343414 0.967550
v -0.121909 -0.023350 0.868261
v -0.121909 -0.023350 0.718919
v -0.157834 0.561225 0.868261
v -0.130085 -0.008384 0.684304
v -0.025704 0.522860 0.691878
v 0.156264 0.177503 0.685878
v -0.161209 0.011261 0.689806
v -0.348353 0.186990 0.685878
v 0.184067 0.177503 0.718919
v -0.376156 0.186990 0.718919
v -0.348353 -0.023350 0.868261
v 0.189322 0.542225 0.868261
v 0.184067 0.177503 0.868261
v 0.189322 0.091535 0.868261
v -0.376156 -0.004350 0.868261
v -0.376156 0.186990 0.868261
v -1.461823 0.737936 0.619630
v -1.410630 0.737936 0.586589
v -0.896136 0.835254 0.619630
v -0.932415 0.835254 0.586589
v -0.896136 0.835254 0.967550
v -1.462084 0.469474 0.967550
v -1.461823 0.737936 0.967550
v -0.891998 0.775647 0.967550
v 1.458030 0.443529 0.717625
v 1.458030 0.443529 0.869555
v 1.457770 0.422692 0.869555
v -0.891998 0.469474 0.967550
v -0.319182 0.847334 0.619630
v -0.319182 0.847334 0.967550
v 0.023284 0.561600 0.619630
v 0.023284 0.561600 0.967550
v -0.005921 0.561600 0.967550
v -0.005922 0.561600 0.619630
v 0.326266 0.557652 0.967550
v -0.172033 0.934043 0.907346
v 0.489468 -0.016887 0.619630
v 0.489468 -0.016887 0.967550
v 0.428943 -0.021785 0.967550
v 0.825565 -0.012794 0.980862
v 1.457770 0.790514 0.869555
v 1.457770 0.790514 0.717625
v 0.901680 0.357282 0.869555
v 0.901680 0.422692 0.869555
v 0.901680 0.422692 0.717625
v 0.901680 0.443529 0.869555
v 0.901680 0.443529 0.717625
v 0.929484 0.422692 0.684584
v 0.929484 0.443529 0.684584
v 1.395910 0.836159 0.684584
v 1.429966 0.790514 0.684584
v 1.429966 0.464367 0.684584
v 1.412886 0.443529 0.684584
v 1.457770 0.464367 0.717625
v 1.457770 0.464367 0.869555
v -0.468878 1.663292 0.943946
v -0.468878 1.663292 0.643234
v 1.462082 1.597764 0.907346
v 1.434279 1.977800 0.907346
v 1.434279 0.343414 0.967550
v 1.462082 0.324414 0.967550
v 1.462082 -0.002785 0.967550
v 1.434279 -0.021785 0.967550
v -0.363857 0.434683 0.907346
v 1.457770 0.357282 0.869555
v 1.457770 1.061832 0.967550
v 0.901680 1.061832 0.967550
v 1.457770 1.430143 0.967550
v 1.457770 1.430143 0.619630
v -0.703041 1.662634 0.945028
v 0.366277 1.960364 0.724418
v 0.366277 1.960364 0.862762
v -0.170624 1.960364 0.862762
v -0.170624 1.960364 0.724418
v 1.457770 1.381705 0.967550
v 0.189322 -0.004350 0.868261
v -0.391660 -0.021786 0.907346
v 0.946508 1.296289 0.586589
v 1.402624 1.430143 0.586589
v -1.458478 1.677625 0.607595
v -1.458478 1.677625 0.979585
v -1.458478 1.756477 0.979585
v -1.458478 1.756477 0.607595
v -1.430675 1.963044 0.574554
v -1.362069 1.945031 0.574554
v -1.284475 1.963044 0.574554
v -0.755165 1.963044 0.574554
v -0.755165 1.677625 0.574554
v -1.430675 1.677625 0.574554
v -1.430675 1.756477 0.574554
v -1.411544 1.864958 0.574554
v -1.430675 1.658625 0.607595
v -0.727361 1.677625 0.607595
v -0.755165 1.658625 0.607595
v -0.755165 1.982044 0.607595
v -0.727361 1.963044 0.607595
v -0.755165 1.982044 0.979585
v -1.284475 1.982044 0.607595
v -1.284475 1.982044 0.979585
v -0.755165 1.658625 0.979585
v -1.430675 1.658625 0.979585
v -0.727361 1.963044 0.979585
v -1.458478 1.963044 0.979585
v -1.430675 1.982044 0.979585
v -1.430675 1.982044 0.607595
v -1.458478 1.963044 0.607595
v -1.458825 1.864958 0.607595
v -1.458825 1.864958 0.979585
v -0.727361 1.677625 0.979585
v -1.362069 1.982044 0.607595
v -1.362069 1.982044 0.979585
v 0.354945 0.766851 0.687430
v 0.354945 0.766851 0.899750
v 0.352444 0.834483 0.899750
v 0.352444 0.834483 0.687430
v 0.356011 0.712665 0.687430
v 0.356012 0.712665 0.899750
v 0.904155 0.834483 0.687430
v 0.904155 0.834483 0.899750
v 0.905173 0.791026 0.899750
v 0.905173 0.791026 0.687430
v 0.380247 0.848964 0.899750
v 0.876351 0.848964 0.899750
v 0.876351 0.848964 0.687430
v 0.380247 0.848964 0.687430
v 0.876351 0.577317 0.654389
v 0.904155 0.577317 0.687430
v 0.876351 0.558317 0.687430
v 0.352444 0.577317 0.687430
v 0.380247 0.577317 0.654389
v 0.380247 0.558317 0.687430
v 0.876351 0.834483 0.654389
v 0.380247 0.834483 0.654389
v 0.352444 0.577317 0.899750
v 0.352444 0.676529 0.899750
v 0.352444 0.676529 0.687430
v 0.876351 0.558317 0.899750
v 0.380247 0.558317 0.899750
v 0.380247 0.676529 0.654389
v 0.876351 0.754889 0.654389
v 0.904155 0.754889 0.687430
v 0.411781 0.712665 0.654389
v 0.379536 0.766851 0.654389
v 0.859008 0.791026 0.654389
v 0.904155 0.754889 0.899750
v 0.904155 0.577317 0.899750
v -0.190480 1.681634 0.978069
v -0.190480 1.958800 0.978069
v -0.334013 1.945726 0.978069
v -0.492760 1.958800 0.978069
v -0.703041 1.958800 0.978069
v -0.703041 1.681634 0.978069
v 0.205726 -0.021785 0.967550
v 0.513813 0.021029 0.995517
v 0.835275 0.008972 0.995603
v 1.434279 -0.002785 1.000591
v 1.434279 0.324414 1.000591
v 0.447825 0.324414 1.000591
v 0.387299 0.311484 1.000591
v 0.326775 0.324414 1.000591
v 0.205726 0.324414 1.000591
v 0.205726 -0.002785 1.000591
v 0.414411 -0.006243 1.003777
v -0.391660 0.434683 0.940387
v -1.434281 0.434683 0.940387
v -1.413783 0.361581 0.940387
v -1.428243 0.278597 0.940387
v -1.434281 -0.002786 0.940387
v -0.391660 -0.002786 0.940387
v -0.403705 0.361581 0.940387
v 0.177923 -0.002785 0.967550
v -0.194230 0.866076 0.976987
v -0.194230 1.419792 0.976987
v -0.026667 0.600969 1.000591
v 0.023284 0.585124 1.000591
v 0.326266 0.576652 1.000591
v 0.326266 0.828334 1.000591
v -0.207273 0.828334 1.000591
v -0.236478 0.813369 1.000591
v -0.319182 0.828334 1.000591
v -0.346790 0.828334 1.000591
v -0.346790 0.576652 1.000591
v -0.088625 0.576652 1.000591
v 1.452679 1.591672 0.928765
v 1.452679 1.964892 0.928765
v 0.363381 1.591672 0.928765
v 0.363381 1.964892 0.928765
v 0.338473 1.413789 0.895803
v -0.131836 1.423796 0.895733
v 0.929484 1.061832 1.000591
v 1.429966 1.061832 1.000591
v 0.929484 1.562974 1.000591
v 1.429966 1.562974 1.000591
v 0.888706 1.376927 0.940387
v -0.144229 0.866076 0.940387
v -0.144229 1.376927 0.940387
v -0.348353 -0.004350 0.901302
v -0.348353 0.542225 0.901302
v 0.161519 0.542225 0.901302
v -0.919801 1.158780 1.000591
v -1.434281 1.158780 1.000591
v -0.919801 0.469474 1.000591
v -1.434281 0.469474 1.000591
v -0.868002 1.646927 0.976987
v -0.868002 0.866076 0.976987
v 0.929484 0.357282 0.902596
v 1.429966 0.357282 0.902596
v 0.929484 1.025535 0.902596
v 1.429966 1.025535 0.902596
v 1.452679 1.815197 0.928765
v 0.363381 1.716220 0.928765
v 1.161760 1.602830 0.928765
v -0.044497 1.937546 0.895803
v -0.142820 1.960364 0.895803
v 0.023948 1.430167 0.895824
v 0.338473 1.820113 0.895803
v 0.929484 1.344727 1.000591
v 1.429966 1.381705 1.000591
v -0.144229 0.934043 0.940387
v 0.351861 0.866076 0.940387
v 0.572560 1.376927 0.940387
v -0.157834 0.542225 0.901302
v -0.327920 0.272958 0.901302
v 0.161519 0.091535 0.901302
v 0.161519 -0.004350 0.901302
v -0.919801 0.775647 1.000591
v -1.434281 0.797543 1.000591
v -0.738064 0.866076 0.976987
v -0.225901 1.479568 0.976987
v -0.194230 1.646927 0.976987
v -0.864092 1.221822 0.976987
v 0.929484 0.905275 0.902596
v 1.429966 0.422692 0.902596
v 1.339990 1.591672 0.928765
v 1.161760 1.964892 0.928765
v 0.363381 1.811322 0.928765
v 0.391729 1.743624 0.928765
v 1.452679 1.722450 0.928765
v 1.425465 1.787793 0.928765
v 1.339990 1.942257 0.928765
v 0.338473 1.960364 0.895803
v -0.114352 1.820113 0.895803
v 0.313291 1.881891 0.895803
v -0.142820 1.881891 0.895803
v -0.868002 1.479568 0.976987
v -0.493310 0.883315 0.976987
v -0.566206 1.646927 0.976987
v -0.468083 1.626725 0.976987
v -0.840628 1.419792 0.976987
v 0.506971 1.376927 0.940387
v 0.489714 0.883136 0.940387
v 0.888706 0.866076 0.940387
v 0.888706 0.934043 0.940387
v 0.861115 0.985890 0.940387
v -0.132404 0.962546 0.940387
v 1.429966 0.905275 0.902596
v 0.929484 0.836159 0.902596
v 0.929484 0.790514 0.902596
v 0.929484 0.464367 0.902596
v -0.130085 -0.008384 0.902876
v -0.025704 0.522860 0.895302
v -0.348353 0.186990 0.901302
v -0.161209 0.011261 0.897374
v 0.156264 0.177503 0.901302
v -1.410630 0.737936 1.000591
v -0.932415 0.835254 1.000591
v 0.929484 0.422692 0.902596
v 1.412886 0.443529 0.902596
v 1.429966 0.464367 0.902596
v 1.429966 0.790514 0.902596
v 1.395910 0.836159 0.902596
v 0.929484 0.443529 0.902596
v 0.946509 1.296289 1.000591
v 1.402624 1.430143 1.000591
v -1.430675 1.963044 1.012626
v -1.411544 1.864958 1.012626
v -1.430675 1.756477 1.012626
v -1.430675 1.677625 1.012626
v -0.755165 1.677625 1.012626
v -0.755165 1.963044 1.012626
v -1.284475 1.963044 1.012626
v -1.362069 1.945031 1.012626
v 0.876351 0.577317 0.932791
v 0.380247 0.577317 0.932791
v 0.876351 0.834483 0.932791
v 0.380247 0.834483 0.932791
v 0.380247 0.676529 0.932791
v 0.876351 0.754889 0.932791
v 0.859008 0.791026 0.932791
v 0.379536 0.766851 0.932791
v 0.411781 0.712665 0.932791
v 0.888998 1.581974 0.873489
v 0.888998 1.581974 0.713691
v 0.768408 1.581974 0.713691
v 0.768408 1.581974 0.873489
v -1.456383 1.516034 0.642820
v -1.456383 1.516034 0.944360
v -1.456383 1.645375 0.944360
v -1.456383 1.645375 0.642820
v 0.359273 1.412052 0.713691
v 0.359273 1.412052 0.873489
v 0.359273 1.562974 0.873489
v 0.359273 1.562974 0.713691
v -0.879315 0.850083 0.718895
v -0.879315 0.850083 0.868285
v -0.396956 0.850083 0.868285
v -0.396956 0.850083 0.718895
v 0.520358 1.581974 0.873489
v 0.520358 1.581974 0.713691
v 0.387077 1.581974 0.713691
v 0.387077 1.581974 0.873489
v 0.902671 0.478625 0.642820
v 0.902671 0.478625 0.944360
v 0.901606 0.424440 0.944360
v 0.901606 0.424440 0.642820
v -0.907118 0.652640 0.718895
v -0.907118 0.652640 0.868285
v -0.907118 0.831083 0.868285
v -0.907118 0.831083 0.718895
v -0.369153 0.521156 0.718895
v -0.369153 0.521156 0.868285
v -0.369153 0.469474 0.868285
v -0.369153 0.469474 0.718895
v -0.879315 0.450474 0.868286
v -0.879315 0.450474 0.718894
v -0.396956 0.450474 0.718895
v -0.396956 0.450474 0.868285
v 0.188868 0.357282 0.642821
v 0.188869 0.357282 0.944359
v 0.188869 0.466664 0.944359
v 0.188868 0.466664 0.642821
v 0.187850 0.502801 0.642821
v 0.187850 0.502801 0.944359
v 0.188869 0.546258 0.944360
v 0.188868 0.546258 0.642820
v -1.456383 1.379245 0.642820
v -1.456383 1.379245 0.944360
v 0.877370 0.560738 0.944360
v 0.877370 0.560738 0.642820
v 0.216672 0.560738 0.642820
v 0.216672 0.560738 0.944360
v -1.456383 1.195465 0.642820
v -1.456383 1.195465 0.944360
v -1.151911 1.664375 0.944360
v -1.151911 1.664375 0.642820
v -1.428579 1.664375 0.642820
v -1.428579 1.664375 0.944360
v 0.387077 1.412052 0.680650
v 0.387077 1.393052 0.713691
v 0.916801 1.412052 0.713691
v 0.888998 1.393052 0.713691
v 0.888998 1.412052 0.680650
v 0.387077 1.562974 0.680650
v 0.916801 1.562974 0.713691
v 0.888998 1.562974 0.680650
v -0.396956 0.831083 0.685854
v -0.369153 0.831083 0.718895
v -0.879315 0.831083 0.685854
v -0.396956 0.469474 0.685854
v -0.907118 0.469474 0.718894
v -0.879315 0.469474 0.685854
v 0.216672 0.357282 0.609780
v 0.216672 0.338282 0.642821
v 0.905173 0.357282 0.642821
v 0.877370 0.338282 0.642821
v 0.877370 0.357282 0.609780
v 0.216672 0.546258 0.609780
v 0.905173 0.546258 0.642820
v 0.877370 0.546258 0.609779
v -1.428579 1.195465 0.609780
v -1.428579 1.176465 0.642820
v -0.890972 1.195465 0.642820
v -0.918774 1.176465 0.642820
v -0.918774 1.195465 0.609779
v -1.428579 1.645375 0.609779
v -0.918774 1.664375 0.642820
v -0.890972 1.645375 0.642820
v -0.918774 1.645375 0.609779
v 0.520358 1.393052 0.713691
v 0.520358 1.393052 0.873489
v 0.387077 1.393052 0.873489
v 0.916801 1.562974 0.873489
v 0.628256 1.412052 0.680650
v 0.628256 1.393052 0.713691
v 0.477646 1.550465 0.680650
v -0.369153 0.831083 0.868285
v -0.396956 0.521156 0.685854
v -0.879315 0.652640 0.685854
v 0.905173 0.388303 0.642820
v 0.905173 0.388303 0.944360
v 0.905173 0.357282 0.944359
v 0.877370 0.338282 0.944359
v 0.216672 0.338282 0.944359
v 0.905173 0.546258 0.944360
v 0.877370 0.388303 0.609780
v -1.233372 1.180884 0.642820
v -1.233372 1.180884 0.944360
v -1.428579 1.176465 0.944360
v -0.918774 1.664375 0.944360
v -0.890972 1.645375 0.944360
v -1.151911 1.645375 0.609779
v -1.032520 1.645375 0.609779
v -1.032520 1.664375 0.642820
v -0.918774 1.176465 0.944360
v -1.173677 1.176465 0.944360
v -1.173677 1.176465 0.642820
v -1.173677 1.195465 0.609779
v -1.233372 1.208933 0.609779
v -1.428579 1.379245 0.609779
v -1.404124 1.516034 0.609779
v -1.092215 1.621133 0.609779
v -0.890607 0.593159 0.718895
v -0.890607 0.593159 0.868285
v 0.628256 1.562974 0.680650
v 0.628256 1.581974 0.713691
v 0.628256 1.581974 0.873489
v 0.537443 1.419557 0.680650
v 0.768408 1.547963 0.680650
v -0.376393 0.700228 0.868285
v -0.376393 0.700228 0.718895
v -0.369153 0.593159 0.868285
v -0.369153 0.593159 0.718895
v -0.907118 0.469474 0.868286
v -0.907118 0.466385 0.868285
v -0.907118 0.466385 0.718895
v -0.879315 0.466385 0.685854
v -0.423235 0.700228 0.685854
v -0.396956 0.593159 0.685854
v -0.835956 0.593159 0.685854
v 0.216672 0.466664 0.609780
v 0.234015 0.502801 0.609780
v 0.878081 0.478625 0.609780
v 0.845836 0.424440 0.609780
v -1.092215 1.662149 0.944360
v -1.092215 1.662149 0.642820
v 0.888998 1.393052 0.873489
v 0.628256 1.393052 0.873489
v 0.916801 1.412052 0.873489
v -1.032520 1.664375 0.944360
v -0.890972 1.195465 0.944360
v 0.387077 1.412052 0.906530
v 0.888998 1.412052 0.906530
v 0.387077 1.562974 0.906530
v 0.888998 1.562974 0.906530
v -0.396956 0.831083 0.901326
v -0.879315 0.831083 0.901326
v -0.396956 0.469474 0.901326
v -0.879315 0.469474 0.901326
v 0.216672 0.357282 0.977400
v 0.877370 0.357282 0.977400
v 0.216672 0.546258 0.977400
v 0.877370 0.546258 0.977401
v -1.428579 1.195465 0.977400
v -0.918774 1.195465 0.977401
v -1.428579 1.645375 0.977401
v -0.918774 1.645375 0.977401
v 0.628256 1.412052 0.906530
v 0.477646 1.550465 0.906530
v -0.396956 0.521156 0.901326
v -0.879315 0.652640 0.901326
v 0.877370 0.388303 0.977400
v -1.151911 1.645375 0.977401
v -1.032520 1.645375 0.977401
v -1.092215 1.621133 0.977401
v -1.404124 1.516034 0.977401
v -1.428579 1.379245 0.977401
v -1.233372 1.208933 0.977401
v -1.173677 1.195465 0.977401
v 0.628256 1.562974 0.906530
v 0.768408 1.547963 0.906530
v 0.537443 1.419557 0.906530
v -0.879315 0.466385 0.901326
v -0.423235 0.700228 0.901326
v -0.835956 0.593159 0.901326
v -0.396956 0.593159 0.901326
v 0.216672 0.466664 0.977400
v 0.845836 0.424440 0.977400
v 0.878081 0.478625 0.977400
v 0.234016 0.502801 0.977400
vn 0.7651 0.0000 -0.6439
vn 0.0140 -0.9999 0.0000
vn -0.0000 -0.0000 -1.0000
vn -1.0000 0.0000 0.0000
vn 1.0000 0.0000 0.0000
vn 0.0080 -1.0000 -0.0000
vn -1.0000 -0.0022 0.0000
vn 0.0000 1.0000 0.0000
vn 0.0009 -1.0000 -0.0000
vn 0.0000 -1.0000 -0.0000
vn -0.9996 -0.0285 0.0000
vn -0.5642 -0.8256 0.0000
vn -0.0002 -0.0073 -1.0000
vn 0.9999 -0.0105 -0.0000
vn -0.9971 -0.0757 0.0000
vn 0.9984 -0.0570 0.0000
vn -0.0657 0.9978 0.0000
vn -1.0000 0.0014 0.0000
vn -1.0000 0.0020 0.0000
vn 0.9992 0.0412 0.0000
vn -1.0000 -0.0085 0.0000
vn 0.9958 -0.0916 -0.0000
vn -0.5642 0.8256 0.0000
vn -0.5097 0.7458 -0.4289
vn -0.5097 -0.7458 -0.4289
vn 0.5646 -0.8253 -0.0099
vn 0.5642 -0.8256 -0.0129
vn 0.5638 -0.8258 -0.0108
vn 0.5642 0.8256 -0.0129
vn 0.5646 0.8253 -0.0099
vn 0.5638 0.8258 -0.0108
vn -0.5646 -0.8253 -0.0099
vn -0.5638 -0.8258 -0.0108
vn -0.5642 -0.8256 -0.0129
vn -0.5646 0.8253 -0.0099
vn -0.5642 0.8256 -0.0129
vn -0.5638 0.8258 -0.0108
vn 0.5097 -0.7458 -0.4289
vn -0.4164 -0.6093 -0.6748
vn 0.5097 0.7458 -0.4289
vn -0.5565 -0.6864 -0.4683
vn 0.5565 -0.6864 -0.4683
vn 0.5642 -0.8256 -0.0000
vn -0.7651 0.0000 -0.6439
vn 0.9156 0.0000 -0.4020
vn -0.5646 -0.8253 0.0099
vn -0.5638 -0.8258 0.0108
vn -0.9156 0.0000 -0.4020
vn 0.0119 -0.8518 -0.5237
vn 0.0936 0.7434 -0.6622
vn -0.0217 -0.7787 -0.6271
vn 0.5642 0.8256 0.0000
vn -0.0000 -0.8669 -0.4985
vn -0.0000 0.8669 -0.4985
vn 1.0000 -0.0055 0.0000
vn -0.0105 -0.8957 -0.4445
vn -1.0000 0.0081 0.0000
vn -1.0000 0.0068 0.0000
vn -0.7396 0.0099 -0.6730
vn -0.9996 -0.0300 0.0000
vn 0.6784 -0.0382 -0.7337
vn -0.0220 -0.9998 0.0000
vn -0.7639 -0.0580 -0.6428
vn 0.0000 -0.8261 -0.5636
vn 0.6737 -0.0947 -0.7329
vn -0.7459 0.0046 -0.6661
vn 0.0000 -0.8565 -0.5162
vn -0.5638 0.8258 0.0108
vn -0.5646 0.8253 0.0099
vn 0.0011 1.0000 -0.0000
vn -0.0007 1.0000 0.0000
vn -0.0000 0.8565 -0.5162
vn -0.0525 -0.8392 -0.5413
vn 0.9909 0.1348 0.0000
vn -0.9968 -0.0802 0.0000
vn 0.0173 -0.7251 -0.6885
vn -0.0214 0.7331 -0.6797
vn -0.6138 0.0208 -0.7892
vn -0.0001 0.0000 -1.0000
vn -0.0041 -1.0000 0.0000
vn -0.9875 -0.1574 0.0000
vn -0.9997 0.0242 0.0000
vn 0.9757 0.2193 0.0000
vn 0.0001 1.0000 -0.0000
vn 0.0016 1.0000 -0.0000
vn 0.6298 -0.7768 -0.0000
vn 0.5264 0.8502 -0.0000
vn -0.6298 -0.7768 0.0000
vn 0.6540 0.2575 -0.7114
vn 0.9684 0.2494 -0.0000
vn -1.0000 -0.0072 0.0000
vn 0.0256 -0.7273 -0.6859
vn -0.0210 -0.7273 -0.6860
vn -0.0006 -1.0000 -0.0000
vn 0.0006 -1.0000 -0.0000
vn -0.7293 0.3026 -0.6137
vn -0.7650 -0.0218 -0.6437
vn 0.9979 -0.0641 0.0000
vn -0.0086 -0.7599 -0.6500
vn -0.2089 0.9779 0.0000
vn 0.1271 0.9919 -0.0000
vn -0.0097 -0.8941 -0.4477
vn -0.0000 0.0020 -1.0000
vn 0.7651 -0.0110 -0.6438
vn 0.7643 0.0467 -0.6432
vn -0.7528 0.1789 -0.6335
vn 0.9999 -0.0144 -0.0000
vn 0.9981 0.0610 -0.0000
vn 0.6789 0.0077 -0.7342
vn -0.6364 -0.1276 -0.7607
vn 0.7178 -0.0186 -0.6960
vn 0.9999 -0.0128 0.0000
vn -1.0000 0.0010 0.0000
vn -1.0000 -0.0017 0.0000
vn 0.9976 0.0693 -0.0000
vn -0.6414 0.0286 -0.7667
vn 0.7143 0.1004 -0.6926
vn 0.9999 -0.0125 0.0000
vn 1.0000 -0.0063 0.0000
vn 0.0232 0.9997 -0.0000
vn 0.0477 -0.9989 -0.0000
vn -0.0172 -0.8408 -0.5411
vn -0.0130 -0.9999 -0.0000
vn -1.0000 0.0054 0.0000
vn -0.9237 0.3832 0.0000
vn 0.0807 -0.9967 -0.0000
vn 0.0122 -0.9999 -0.0000
vn 0.9953 0.0969 0.0000
vn 1.0000 0.0063 0.0000
vn 0.9999 0.0125 0.0000
vn 0.0271 0.9996 -0.0000
vn -0.9808 0.1950 0.0000
vn -0.0625 -0.9980 0.0000
vn 0.5646 0.8253 0.0099
vn 0.5638 0.8258 0.0108
vn 0.5638 -0.8258 0.0108
vn 0.5646 -0.8253 0.0099
vn -0.0035 1.0000 0.0000
vn 0.9847 -0.1742 0.0000
vn -0.0013 1.0000 0.0000
vn 0.9986 0.0522 -0.0000
vn -1.0000 -0.0016 0.0000
vn -1.0000 0.0002 0.0000
vn -1.0000 0.0035 0.0000
vn -0.9996 -0.0283 0.0000
vn -0.9993 -0.0370 0.0000
vn -0.9998 -0.0197 0.0000
vn 0.9997 0.0234 0.0000
vn 0.4306 0.8267 -0.3623
vn -0.4306 0.8267 -0.3623
vn -0.4619 0.8869 0.0000
vn -0.0000 0.9159 -0.4014
vn 0.4619 0.8869 0.0000
vn -0.9952 0.0982 0.0000
vn -0.7835 -0.0104 -0.6213
vn 0.9996 -0.0282 0.0000
vn 0.7651 0.0000 0.6439
vn 0.0000 0.0000 1.0000
vn -0.0002 -0.0073 1.0000
vn -0.5097 0.7458 0.4289
vn -0.5097 -0.7458 0.4289
vn 0.5642 -0.8256 0.0129
vn 0.5642 0.8256 0.0129
vn -0.5642 -0.8256 0.0129
vn -0.5642 0.8256 0.0129
vn 0.5097 -0.7458 0.4289
vn -0.4164 -0.6093 0.6748
vn 0.5097 0.7458 0.4289
vn -0.5565 -0.6864 0.4683
vn 0.5565 -0.6864 0.4683
vn -0.7651 0.0000 0.6439
vn 0.9156 0.0000 0.4020
vn -0.9156 0.0000 0.4020
vn 0.0119 -0.8518 0.5237
vn 0.0936 0.7434 0.6622
vn -0.0217 -0.7787 0.6271
vn 0.0000 -0.8669 0.4985
vn 0.0000 0.8669 0.4985
vn -0.0105 -0.8957 0.4445
vn -0.7396 0.0099 0.6730
vn 0.6784 -0.0382 0.7337
vn -0.7639 -0.0580 0.6428
vn 0.0000 -0.8261 0.5636
vn 0.6737 -0.0947 0.7329
vn -0.7459 0.0046 0.6661
vn 0.0000 -0.8565 0.5162
vn 0.0000 0.8565 0.5162
vn -0.0525 -0.8392 0.5413
vn 0.0173 -0.7251 0.6885
vn -0.0214 0.7331 0.6797
vn -0.6138 0.0208 0.7892
vn -0.0001 0.0000 1.0000
vn 0.6540 0.2575 0.7114
vn 0.0256 -0.7273 0.6859
vn -0.0210 -0.7273 0.6860
vn -0.7293 0.3026 0.6137
vn -0.7650 -0.0218 0.6437
vn -0.0086 -0.7599 0.6500
vn -0.0148 -0.9999 0.0000
vn 0.2089 0.9779 -0.0000
vn -0.0097 -0.8941 0.4477
vn -0.0000 0.0020 1.0000
vn 0.7651 -0.0110 0.6438
vn 0.7643 0.0467 0.6432
vn -0.7528 0.1789 0.6335
vn 0.6789 0.0077 0.7342
vn -0.6364 -0.1276 0.7607
vn 0.7178 -0.0186 0.6960
vn -0.6414 0.0286 0.7667
vn 0.7143 0.1004 0.6926
vn -0.0172 -0.8408 0.5411
vn -0.9729 0.2312 0.0000
vn 0.4306 0.8267 0.3623
vn -0.4306 0.8267 0.3623
vn 0.0000 0.9159 0.4014
vn -0.7835 -0.0104 0.6213
vn 0.9996 -0.0283 0.0000
vn 0.9998 -0.0197 0.0000
vn -0.9997 0.0234 0.0000
vn -0.4305 0.8267 -0.3623
vn 0.4305 0.8267 -0.3623
vn 0.0436 0.7800 -0.6243
vn 0.0226 -0.9997 0.0000
vn 0.7652 -0.0000 -0.6438
vn -0.9636 -0.2675 0.0000
vn -0.0390 0.8059 -0.5908
vn 0.9993 -0.0370 0.0000
vn 0.9985 -0.0552 0.0000
vn 0.9977 0.0675 0.0000
vn 0.7651 0.0001 0.6439
vn 0.9952 0.0982 0.0000
vn 0.0373 0.9993 0.0000
vn -0.9916 0.1291 0.0000
vn -0.0373 0.9993 0.0000
vn -0.0738 -0.9973 0.0000
vn 0.7835 -0.0104 -0.6212
vn -0.9996 -0.0282 0.0000
vn -0.4305 0.8267 0.3623
vn 0.4305 0.8267 0.3623
vn 0.0436 0.7800 0.6243
vn 0.7652 0.0000 0.6438
vn -0.0390 0.8059 0.5908
vn 0.7651 0.0001 -0.6439
vn 0.7835 -0.0104 0.6212
vn 0.4813 0.7774 -0.4050
vn -0.0353 0.7894 -0.6129
vn -0.0663 0.6382 -0.7670
vn 0.6317 -0.0240 -0.7749
vn -0.0313 -0.7982 -0.6015
vn -0.0291 0.7781 -0.6275
vn -0.6611 -0.1242 -0.7400
vn -0.6354 -0.0601 -0.7698
vn 0.0444 0.6764 -0.7352
vn -0.6373 0.3976 -0.6602
vn 0.6254 -0.2742 -0.7305
vn 0.6458 0.1187 -0.7542
vn -0.7050 -0.1781 -0.6865
vn -0.6512 -0.2019 -0.7315
vn 0.6860 0.2169 -0.6945
vn 0.6922 -0.1723 -0.7008
vn 0.0319 0.7895 -0.6130
vn -0.1619 0.7305 -0.6634
vn 0.1619 0.7305 -0.6634
vn 0.0373 -0.8141 -0.5796
vn -0.1211 -0.8086 -0.5757
vn -0.6208 -0.1474 -0.7700
vn 0.0891 0.7629 -0.6404
vn -0.0167 -0.7696 -0.6383
vn 0.0483 -0.7688 -0.6376
vn 0.6217 0.1782 -0.7627
vn 0.0417 0.7794 -0.6252
vn -0.0309 -0.8195 -0.5723
vn 0.0219 -0.8260 -0.5632
vn -0.0485 0.7791 -0.6250
vn 0.6040 -0.1682 -0.7790
vn 0.5933 0.2502 -0.7651
vn -0.1821 0.8524 -0.4902
vn 0.1862 -0.7688 -0.6118
vn -0.0462 0.7162 -0.6964
vn 0.2704 0.7808 0.5632
vn 0.0735 0.7312 -0.6782
vn -0.6630 -0.1029 -0.7415
vn -0.5965 -0.3002 -0.7443
vn 0.6605 -0.0846 -0.7461
vn -0.6187 0.1461 -0.7720
vn 0.6593 0.1032 -0.7448
vn 0.0805 0.7888 -0.6093
vn -0.1480 -0.7392 -0.6571
vn 0.1406 -0.7197 -0.6799
vn -0.2230 0.7715 -0.5959
vn 0.5939 0.2884 -0.7511
vn 0.6234 -0.1916 -0.7581
vn -0.6588 0.1488 -0.7374
vn -0.0236 -0.5728 -0.8193
vn 0.1821 0.8524 -0.4902
vn 0.6480 -0.2615 -0.7153
vn 0.6480 0.2615 -0.7153
vn -0.6117 0.0370 -0.7902
vn -0.6432 0.0587 -0.7634
vn 0.6137 0.1732 -0.7703
vn -0.6728 0.0244 -0.7394
vn 0.6218 -0.0640 -0.7805
vn -0.6683 -0.1174 -0.7346
vn -0.6355 0.0568 -0.7700
vn 0.0996 0.7590 -0.6434
vn -0.6594 -0.0631 -0.7492
vn -0.6596 0.0571 -0.7494
vn -0.0882 0.7599 -0.6441
vn 0.6611 -0.1242 -0.7400
vn -0.5939 0.2884 -0.7511
vn -0.6234 -0.1916 -0.7581
vn 0.6588 0.1488 -0.7374
vn 0.4813 0.7774 0.4050
vn -0.0353 0.7894 0.6129
vn -0.0663 0.6382 0.7670
vn 0.6317 -0.0240 0.7749
vn -0.0313 -0.7982 0.6015
vn -0.0291 0.7781 0.6275
vn -0.6611 -0.1242 0.7400
vn -0.6354 -0.0601 0.7698
vn 0.0444 0.6764 0.7352
vn -0.6373 0.3976 0.6602
vn 0.6254 -0.2742 0.7305
vn 0.6458 0.1187 0.7542
vn -0.7050 -0.1781 0.6865
vn -0.6512 -0.2019 0.7315
vn 0.6860 0.2169 0.6945
vn 0.6922 -0.1723 0.7008
vn 0.0319 0.7895 0.6130
vn -0.1619 0.7305 0.6634
vn 0.1619 0.7305 0.6634
vn 0.0373 -0.8141 0.5796
vn -0.1211 -0.8086 0.5757
vn -0.6208 -0.1474 0.7700
vn 0.0891 0.7629 0.6404
vn -0.0167 -0.7696 0.6383
vn 0.0483 -0.7688 0.6376
vn 0.6217 0.1782 0.7627
vn 0.0417 0.7794 0.6252
vn -0.0309 -0.8195 0.5723
vn 0.0219 -0.8260 0.5632
vn -0.0485 0.7791 0.6250
vn 0.6040 -0.1682 0.7790
vn 0.5933 0.2502 0.7651
vn -0.1821 0.8524 0.4902
vn 0.1862 -0.7688 0.6118
vn -0.0462 0.7162 0.6964
vn 0.2704 0.7808 -0.5632
vn 0.0735 0.7312 0.6782
vn -0.6630 -0.1029 0.7415
vn -0.5965 -0.3002 0.7443
vn 0.6605 -0.0846 0.7461
vn -0.6187 0.1461 0.7720
vn 0.6593 0.1032 0.7448
vn 0.0805 0.7888 0.6093
vn -0.1480 -0.7392 0.6571
vn 0.1406 -0.7197 0.6799
vn -0.2230 0.7715 0.5959
vn 0.5939 0.2884 0.7511
vn 0.6234 -0.1916 0.7581
vn -0.6588 0.1488 0.7374
vn -0.0236 -0.5728 0.8193
vn 0.1821 0.8524 0.4902
vn 0.6480 -0.2615 0.7153
vn 0.6480 0.2615 0.7153
vn -0.6117 0.0370 0.7902
vn -0.6432 0.0587 0.7634
vn 0.6137 0.1732 0.7703
vn -0.6728 0.0244 0.7394
vn 0.6218 -0.0640 0.7805
vn -0.6683 -0.1174 0.7346
vn -0.6355 0.0568 0.7700
vn 0.0996 0.7590 0.6434
vn -0.6594 -0.0631 0.7492
vn -0.6596 0.0571 0.7494
vn -0.0882 0.7599 0.6441
vn 0.6611 -0.1242 0.7400
vn -0.5939 0.2884 0.7511
vn -0.6234 -0.1916 0.7581
vn 0.6588 0.1488 0.7374
usemtl Wall_Dark.006
s 1
f 2617//1139 2618//1139 2619//1139 2620//1139
f 2621//1140 2622//1140 2623//1140 2624//1140
f 2618//1141 2617//1141 2625//1141 2626//1141 2627//1141 2628//1141
f 2629//1142 2630//1142 2631//1142 2632//1142
f 2633//1143 2634//1143 2635//1143 2636//1143
f 2637//1144 2638//1144 2639//1144 2640//1144
f 2641//1142 2642//1142 2643//1142 2644//1142
f 2645//1145 2646//1145 2647//1142 2648//1142
f 2649//1146 2650//1146 2651//1146 2652//1146
f 2653//1147 2654//1147 2655//1148 2656//1148
f 2657//1149 2658//1149 2659//1149 2660//1149
f 2661//1150 2662//1150 2663//1150 2664//1150
f 2665//1151 2666//1151 2667//1151 2668//1151 2669//1151 2670//1151 2671//1151 2672//1151 2673//1151 2674//1151
f 2675//1146 2676//1146 2677//1146 2678//1146
f 2679//1152 2680//1152 2681//1152 2682//1152
f 2683//1141 2684//1141 2685//1141 2686//1141 2687//1141 2688//1141 2689//1141
f 2690//1153 2691//1153 2692//1153 2693//1153
f 2694//1154 2695//1154 2696//1154 2697//1154
f 2698//1146 2699//1146 2700//1146 2701//1146
f 2702//1148 2703//1148 2704//1148 2705//1148
f 2706//1155 2707//1155 2708//1155 2709//1155
f 2710//1156 2711//1156 2712//1157 2713//1157
f 2714//1158 2715//1158 2716//1158 2717//1158
f 2718//1159 2719//1159 2720//1142 2721//1142
f 2722//1160 2723//1160 2724//1160 2725//1160
f 2726//1139 2727//1139 2728//1139 2729//1139
f 2730//1148 2731//1148 2732//1148 2733//1148
f 2734//1161 2652//1161 2651//1161 2735//1161
f 2736//1141 2737//1141 2738//1141 2739//1141 2740//1141 2741//1141 2742//1141 2743//1141 2744//1141 2745//1141
f 2746//1142 2747//1142 2748//1142 2749//1142
f 2750//1142 2751//1142 2752//1142 2753//1142
f 2754//1146 2755//1146 2756//1146 2757//1146
f 2626//1162 2758//1162 2759//1162
f 2760//1163 2761//1163 2625//1163
f 2762//1164 2763//1165 2764//1166
f 2765//1167 2766//1168 2767//1169
f 2624//1170 2768//1171 2769//1172
f 2770//1173 2771//1174 2632//1175
f 2620//1176 2772//1176 2617//1176
f 2636//1176 2773//1176 2774//1176
f 2775//1177 2776//1177 2640//1177
f 2777//1163 2778//1163 2779//1163
f 2780//1176 2781//1176 2782//1176
f 2735//1162 2651//1162 2783//1162
f 2650//1178 2784//1178 2785//1178
f 2786//1178 2787//1178 2788//1178
f 2656//1163 2789//1163 2790//1163
f 2791//1162 2792//1162 2660//1162
f 2673//1176 2793//1176 2794//1176
f 2795//1178 2796//1178 2672//1178
f 2675//1162 2689//1162 2797//1162
f 2686//1163 2664//1163 2663//1163
f 2678//1178 2798//1178 2683//1178
f 2799//1176 2685//1176 2682//1176
f 2800//1163 2801//1163 2667//1163
f 2802//1162 2803//1162 2668//1162
f 2804//1163 2805//1163 2806//1163
f 2693//1162 2807//1162 2808//1162
f 2809//1178 2810//1178 2701//1178
f 2811//1178 2812//1178 2813//1178
f 2648//1162 2814//1162 2815//1162
f 2816//1176 2704//1176 2817//1176
f 2703//1163 2818//1163 2819//1163
f 2820//1162 2721//1162 2821//1162
f 2822//1179 2710//1179 2823//1179
f 2726//1180 2729//1180 2824//1180
f 2744//1176 2825//1176 2826//1176
f 2827//1178 2828//1178 2743//1178
f 2733//1163 2748//1163 2738//1163
f 2747//1162 2829//1162 2739//1162
f 2830//1163 2831//1163 2832//1163
f 2833//1176 2834//1176 2835//1176
f 2753//1162 2756//1162 2836//1162
f 2755//1178 2837//1178 2838//1178
f 2839//1143 2620//1143 2619//1143 2840//1143
f 2761//1142 2841//1142 2842//1142 2758//1142
f 2620//1181 2839//1181 2843//1181 2772//1181
f 2758//1161 2842//1161 2844//1161 2759//1161
f 2626//1182 2625//1182 2761//1182 2758//1182
f 2845//1143 2846//1143 2767//1143 2847//1143
f 2848//1183 2765//1183 2767//1183 2846//1183
f 2623//1184 2849//1185 2768//1171 2624//1170
f 2850//1186 2769//1186 2768//1186 2851//1186
f 2621//1187 2624//1187 2769//1187 2852//1187
f 2853//1146 2854//1146 2855//1146 2856//1146
f 2857//1188 2858//1188 2855//1188 2854//1188
f 2635//1181 2859//1181 2773//1181 2636//1181
f 2860//1189 2774//1189 2773//1189 2637//1189
f 2633//1139 2636//1139 2774//1139 2861//1139
f 2781//1148 2862//1148 2863//1148 2778//1148
f 2644//1182 2735//1182 2783//1182 2864//1182
f 2650//1190 2649//1190 2865//1190 2784//1190
f 2866//1139 2780//1139 2782//1139 2867//1139
f 2777//1191 2782//1191 2781//1191 2778//1191
f 2785//1192 2783//1192 2651//1192 2650//1192
f 2717//1193 2716//1193 2788//1193 2868//1193
f 2655//1150 2869//1150 2789//1150 2656//1150
f 2870//1182 2790//1182 2789//1182 2871//1182
f 2653//1191 2656//1191 2790//1191 2872//1191
f 2873//1192 2787//1192 2786//1192 2874//1192
f 2875//1194 2800//1194 2667//1194 2666//1194
f 2803//1161 2802//1161 2876//1161 2877//1161
f 2878//1192 2795//1192 2672//1192 2671//1192
f 2673//1139 2672//1139 2796//1139 2793//1139
f 2879//1195 2880//1195 2881//1196 2882//1196
f 2687//1197 2686//1197 2663//1197 2881//1197
f 2883//1198 2797//1198 2880//1198 2879//1198
f 2684//1199 2683//1199 2798//1199 2679//1199
f 2675//1192 2678//1192 2683//1192 2689//1192
f 2799//1191 2664//1191 2686//1191 2685//1191
f 2668//1182 2667//1182 2801//1182 2802//1182
f 2884//1200 2885//1200 2886//1200 2887//1200
f 2692//1161 2888//1161 2807//1161 2693//1161
f 2889//1192 2808//1192 2807//1192 2890//1192
f 2690//1201 2693//1201 2808//1201 2891//1201
f 2892//1139 2893//1139 2894//1139 2895//1139
f 2812//1190 2896//1190 2897//1190 2813//1190
f 2898//1139 2816//1139 2817//1139 2899//1139
f 2647//1161 2900//1161 2814//1161 2648//1161
f 2645//1182 2648//1182 2815//1182 2901//1182
f 2811//1192 2815//1192 2814//1192 2812//1192
f 2819//1191 2817//1191 2704//1191 2703//1191
f 2709//1146 2708//1146 2902//1146 2827//1146
f 2903//1202 2822//1202 2823//1202 2904//1202
f 2903//1148 2905//1148 2906//1148 2822//1148
f 2721//1161 2720//1161 2907//1161 2821//1161
f 2908//1203 2909//1203 2724//1203 2723//1203
f 2910//1204 2823//1204 2710//1204 2713//1204
f 2828//1143 2911//1143 2912//1143 2825//1143
f 2730//1191 2733//1191 2738//1191 2737//1191
f 2747//1161 2746//1161 2913//1161 2829//1161
f 2709//1192 2827//1192 2743//1192 2742//1192
f 2744//1139 2743//1139 2828//1139 2825//1139
f 2739//1182 2738//1182 2748//1182 2747//1182
f 2834//1148 2914//1148 2915//1148 2831//1148
f 2750//1182 2753//1182 2836//1182 2916//1182
f 2755//1190 2754//1190 2917//1190 2837//1190
f 2918//1139 2833//1139 2835//1139 2919//1139
f 2830//1191 2835//1191 2834//1191 2831//1191
f 2838//1192 2836//1192 2756//1192 2755//1192
f 2873//1146 2920//1146 2921//1146 2787//1146
f 2922//1190 2840//1190 2619//1190 2923//1190
f 2762//1205 2924//1205 2925//1205 2763//1205
f 2926//1141 2927//1141 2765//1141 2848//1141 2928//1141 2929//1141 2763//1141 2925//1141 2852//1141 2769//1141 2850//1141 2930//1141 2931//1141 2771//1141
f 2632//1175 2631//1206 2932//1207 2770//1173
f 2933//1208 2934//1208 2935//1209 2936//1209
f 2762//1148 2937//1148 2938//1148 2924//1148
f 2770//1210 2933//1210 2926//1210 2771//1210
f 2924//1211 2621//1211 2852//1211 2925//1211
f 2770//1146 2932//1146 2934//1208 2933//1208
f 2771//1186 2931//1186 2629//1186 2632//1186
f 2763//1183 2929//1183 2695//1183 2764//1183
f 2697//1212 2696//1212 2846//1212 2845//1212
f 2768//1142 2849//1142 2939//1142 2851//1142
f 2940//1213 2941//1213 2630//1213 2629//1213
f 2776//1214 2860//1214 2637//1214 2640//1214
f 2942//1215 2857//1215 2854//1215 2943//1215
f 2944//1146 2943//1146 2854//1146 2853//1146
f 2775//1216 2945//1216 2946//1216 2776//1216
f 2860//1217 2776//1217 2946//1217 2947//1217 2858//1217 2857//1217 2942//1217 2948//1217 2861//1217 2774//1217
f 2773//1218 2859//1218 2638//1218 2637//1218
f 2945//1219 2949//1219 2950//1219 2951//1219
f 2775//1220 2952//1220 2949//1220 2945//1220
f 2953//1221 2954//1221 2634//1221 2633//1221
f 2955//1222 2956//1222 2922//1223 2923//1223
f 2759//1192 2957//1192 2627//1192 2626//1192
f 2772//1191 2760//1191 2625//1191 2617//1191
f 2957//1209 2958//1209 2956//1222 2955//1222
f 2729//1224 2959//1224 2960//1224 2824//1224
f 2961//1225 2725//1225 2724//1225 2962//1225
f 2906//1226 2711//1226 2710//1226 2822//1226
f 2820//1182 2963//1182 2718//1182 2721//1182
f 2727//1227 2908//1227 2723//1227 2728//1227
f 2964//1181 2965//1181 2966//1181 2967//1181
f 2968//1228 2728//1228 2723//1228 2722//1228
f 2969//1229 2970//1229 2719//1159 2718//1159
f 2921//1190 2868//1190 2788//1190 2787//1190
f 2971//1230 2903//1230 2904//1230 2972//1230
f 2821//1192 2973//1192 2974//1192 2820//1192
f 2959//1143 2729//1143 2728//1143 2968//1143
f 2971//1148 2975//1148 2905//1148 2903//1148
f 2821//1146 2907//1146 2976//1146 2973//1146
f 2824//1231 2971//1231 2972//1231 2726//1231
f 2823//1141 2910//1141 2977//1141 2963//1141 2820//1141 2974//1141 2978//1141 2909//1141 2908//1141 2727//1141 2726//1141 2972//1141 2904//1141
f 2824//1148 2960//1148 2975//1148 2971//1148
f 2979//1192 2873//1192 2874//1192 2980//1192
f 2660//1161 2659//1161 2981//1161 2791//1161
f 2979//1146 2982//1146 2920//1146 2873//1146
f 2967//1232 2966//1232 2983//1233 2984//1233
f 2791//1192 2979//1192 2980//1192 2792//1192
f 2791//1146 2981//1146 2982//1146 2979//1146
f 2985//1141 2872//1141 2790//1141 2870//1141 2986//1141 2792//1141 2980//1141 2874//1141 2786//1141 2987//1141 2988//1141 2989//1141
f 2986//1234 2870//1234 2871//1234 2657//1234
f 2989//1139 2988//1139 2715//1139 2964//1139
f 2965//1143 2964//1143 2715//1143 2714//1143
f 2792//1235 2986//1235 2657//1235 2660//1235
f 2837//1139 2990//1139 2991//1139 2838//1139
f 2992//1182 2750//1182 2916//1182 2993//1182
f 2752//1161 2757//1161 2756//1161 2753//1161
f 2837//1143 2917//1143 2994//1143 2990//1143
f 2992//1142 2995//1142 2751//1142 2750//1142
f 2996//1182 2992//1182 2993//1182 2997//1182
f 2996//1142 2998//1142 2995//1142 2992//1142
f 2999//1182 2996//1182 2997//1182 3000//1182
f 2990//1236 2994//1236 3001//1236 3002//1236
f 2999//1142 3003//1142 2998//1142 2996//1142
f 2794//1237 3004//1237 2674//1237 2673//1237
f 2878//1238 3005//1238 3006//1238 3007//1238
f 2803//1192 3008//1192 2669//1192 2668//1192
f 3008//1146 2803//1146 2877//1146 3009//1146
f 3010//1239 3011//1239 2885//1239 2884//1239
f 2890//1146 3012//1146 2699//1146 2698//1146
f 2805//1240 3013//1240 3011//1240 2806//1240
f 3014//1241 2810//1241 3015//1241 2895//1241 2894//1241 3016//1241 3013//1241 2805//1241 3017//1241 2891//1241 2808//1241 2889//1241
f 2809//1242 3018//1242 3015//1242 2810//1242
f 3018//1243 2892//1243 2895//1243 3015//1243
f 2804//1182 3019//1182 3017//1182 2805//1182
f 3019//1244 2690//1244 2891//1244 3017//1244
f 3020//1148 2806//1148 3011//1148 3010//1148
f 2809//1245 3021//1245 3022//1245 3018//1245
f 3018//1246 3022//1246 3023//1246 2892//1246
f 2804//1142 3024//1142 3025//1142 3019//1142
f 2685//1247 2684//1247 2679//1247 2682//1247
f 3026//1248 2645//1248 2901//1248 3027//1248
f 2813//1249 3028//1249 3029//1249 2811//1249
f 2813//1250 2897//1250 3030//1250 3028//1250
f 2818//1251 3031//1251 3032//1252 3026//1252
f 3029//1141 2899//1141 2817//1141 2819//1141 3027//1141 2901//1141 2815//1141 2811//1141
f 3028//1253 3030//1253 3033//1253 2898//1253
f 2818//1254 3026//1254 3027//1254 2819//1254
f 3028//1255 2898//1255 2899//1255 3029//1255
f 3034//1256 3035//1256 3036//1257 2918//1257
f 2703//1150 2702//1150 3031//1150 2818//1150
f 2898//1143 3033//1143 3037//1143 2816//1143
f 2732//1150 2749//1150 2748//1150 2733//1150
f 3038//1258 3039//1258 2707//1258 2706//1258
f 3040//1148 3041//1148 3042//1148 3043//1148
f 2829//1192 3038//1192 2740//1192 2739//1192
f 2829//1146 2913//1146 3039//1146 3038//1146
f 3043//1259 3042//1259 2731//1259 2730//1259
f 2826//1260 3040//1260 2745//1260 2744//1260
f 2826//1261 3044//1261 3041//1261 3040//1261
f 2882//1196 2881//1196 2663//1262 2662//1262
f 2871//1263 3045//1263 2658//1263 2657//1263
f 3046//1264 3047//1264 3048//1264 2875//1264
f 3004//1265 3049//1265 3047//1265 3046//1265
f 3002//1266 3001//1266 3050//1266 3051//1266
f 2832//1142 3052//1142 3053//1142 3054//1142
f 3054//1142 3053//1142 3055//1142 3056//1142
f 3057//1141 3058//1141 3000//1141 2997//1141 2993//1141 2916//1141 2836//1141 2838//1141 2991//1141 3059//1141 3060//1141 3061//1141 3062//1141 2919//1141 2835//1141 2830//1141
f 2832//1182 3054//1182 3057//1182 2830//1182
f 3054//1182 3056//1182 3058//1182 3057//1182
f 3056//1182 2999//1182 3000//1182 3058//1182
f 3051//1139 3063//1139 3061//1139 3060//1139
f 3056//1142 3055//1142 3003//1142 2999//1142
f 3051//1143 3050//1143 3064//1267 3063//1267
f 3063//1267 3064//1267 3035//1268 3034//1268
f 2973//1269 2976//1269 3065//1269 3066//1269
f 2851//1270 2939//1270 2941//1270 2940//1270
f 3067//1143 2764//1143 2695//1143 2694//1143
f 2924//1271 2938//1271 2622//1271 2621//1271
f 3068//1272 2847//1273 2767//1169 2766//1168
f 2764//1166 3067//1274 2937//1275 2762//1164
f 2936//1209 2935//1209 3068//1276 2766//1276
f 3069//1190 3070//1190 2796//1190 2795//1190
f 2793//1181 3071//1181 3072//1181 2794//1181
f 2795//1146 2878//1146 3007//1146 3069//1146
f 2825//1181 2912//1181 3044//1181 2826//1181
f 2902//1190 2911//1190 2828//1190 2827//1190
f 2677//1190 3073//1190 2798//1190 2678//1190
f 3037//1181 2705//1181 2704//1181 2816//1181
f 3074//1181 2914//1181 2834//1181 2833//1181
f 2831//1150 2915//1150 3052//1150 2832//1150
f 2918//1257 3036//1257 3074//1143 2833//1143
f 3075//1181 2862//1181 2781//1181 2780//1181
f 2778//1150 2863//1150 3076//1150 2779//1150
f 2784//1143 2865//1143 3077//1143 3078//1143
f 3079//1150 2841//1150 2761//1150 2760//1150
f 2772//1148 2843//1148 3079//1148 2760//1148
f 3080//1277 3081//1277 2954//1277 2953//1277
f 2640//1150 2639//1150 2952//1150 2775//1150
f 3082//1161 2856//1161 2855//1161 3083//1161
f 2943//1190 2944//1190 3081//1190 3080//1190
f 2951//1142 2950//1142 3082//1142 3083//1142
f 2713//1157 2712//1157 2970//1229 2969//1229
f 2984//1233 2983//1233 2654//1147 2653//1147
f 3066//1278 3065//1278 2961//1278 2962//1278
f 2789//1142 2869//1142 3045//1142 2871//1142
f 2807//1146 2888//1146 3012//1146 2890//1146
f 2866//1143 3084//1143 3075//1143 2780//1143
f 2701//1190 2700//1190 3021//1190 2809//1190
f 2797//1161 2883//1161 2676//1161 2675//1161
f 3085//1181 2887//1181 2886//1181 2893//1181
f 2806//1150 3020//1150 3024//1150 2804//1150
f 2682//1181 2681//1181 3086//1181 2799//1181
f 2892//1143 3023//1143 3085//1143 2893//1143
f 2798//1279 3073//1279 2680//1279 2679//1279
f 2799//1148 3086//1148 2661//1148 2664//1148
f 3087//1141 2864//1141 2783//1141 2785//1141 3088//1141 2867//1141 2782//1141 2777//1141
f 2644//1142 2643//1142 2734//1142 2735//1142
f 2759//1146 2844//1146 2958//1209 2957//1209
f 2779//1142 3076//1142 2642//1142 2641//1142
f 3078//1143 3077//1143 3084//1143 2866//1143
f 3089//1142 3090//1142 3091//1280 3092//1280
f 2814//1146 2900//1146 2896//1146 2812//1146
f 3093//1141 3094//1141 3095//1141 3096//1141 3097//1141 3098//1141 3099//1141 3100//1141
f 3098//1163 3101//1163 3089//1163
f 3102//1176 3103//1176 3097//1176
f 3104//1178 3105//1178 3096//1178
f 3106//1146 3104//1146 3107//1146 3108//1146
f 3103//1148 3109//1148 3110//1148 3101//1148
f 3104//1190 3106//1190 3111//1190 3105//1190
f 3101//1150 3110//1150 3090//1150 3089//1150
f 3098//1191 3097//1191 3103//1191 3101//1191
f 3112//1161 3113//1161 3114//1161 3115//1161
f 3116//1281 3117//1281 3112//1282 3115//1282
f 3089//1182 3092//1182 3099//1182 3098//1182
f 3105//1139 3102//1139 3097//1139 3096//1139
f 3092//1280 3091//1280 3117//1281 3116//1281
f 3118//1181 3109//1181 3103//1181 3102//1181
f 3105//1143 3111//1143 3118//1143 3102//1143
f 3108//1146 3107//1146 3119//1146 3120//1146
f 3121//1283 3122//1283 3123//1284 3124//1284
f 3096//1192 3095//1192 3107//1192 3104//1192
f 3120//1146 3119//1146 3114//1146 3113//1146
f 3125//1285 3126//1285 3122//1283 3121//1283
f 3127//1286 3128//1286 3129//1286 3130//1286
f 3131//1146 3132//1146 3133//1146 3134//1146
f 3135//1176 3136//1176 3137//1176
f 3138//1163 3139//1163 3140//1163
f 3127//1287 3141//1287 3133//1287
f 3134//1288 3142//1288 3124//1288
f 3138//1142 3143//1142 3144//1142 3145//1142
f 3137//1148 3146//1148 3147//1148 3140//1148
f 3124//1289 3123//1289 3131//1289 3134//1289
f 3145//1182 3148//1182 3139//1182 3138//1182
f 3135//1191 3137//1191 3140//1191 3139//1191
f 3142//1290 3134//1290 3133//1290 3141//1290
f 3136//1139 3135//1139 3149//1139 3150//1139
f 3128//1291 3127//1291 3133//1291 3132//1291
f 3145//1292 3144//1292 3126//1292 3125//1292
f 3149//1141 3135//1141 3139//1141 3148//1141 3151//1141 3152//1141 3142//1141 3141//1141 3153//1141
f 3150//1143 3154//1143 3155//1143 3136//1143
f 3136//1181 3155//1181 3146//1181 3137//1181
f 3143//1150 3138//1150 3140//1150 3147//1150
f 3124//1293 3142//1293 3152//1293 3121//1293
f 3130//1294 3129//1294 3154//1294 3150//1294
f 3156//1295 2839//1295 2840//1295 3157//1295
f 3157//1296 3158//1296 3159//1296 3160//1296 3161//1296 3156//1296
f 2875//1148 3048//1148 3162//1148 2800//1148
f 3163//1297 3164//1297 3165//1297 3166//1297 3167//1297 3168//1297 3169//1297 3170//1297 3171//1297 3172//1297
f 3173//1296 3174//1296 3175//1296 3176//1296 3177//1296 3178//1296 3179//1296
f 2876//1142 2802//1142 2801//1142 3180//1142
f 3181//1295 2959//1295 2968//1295 3182//1295
f 3183//1296 3184//1296 3185//1296 3186//1296 3187//1296 3188//1296 3189//1296 3190//1296 3191//1296 3192//1296
f 3160//1298 2844//1298 2842//1298
f 3079//1299 3161//1299 2841//1299
f 2937//1275 3067//1274 3193//1300
f 3194//1301 2847//1273 3068//1272
f 2623//1184 3195//1302 2849//1185
f 2932//1207 2631//1206 3196//1303
f 2839//1304 3156//1304 2843//1304
f 2635//1304 3197//1304 2859//1304
f 2952//1305 2639//1305 3198//1305
f 3199//1299 3076//1299 2863//1299
f 3075//1304 3200//1304 2862//1304
f 2734//1298 3201//1298 2652//1298
f 2649//1306 3202//1306 2865//1306
f 3203//1306 2868//1306 2921//1306
f 2655//1299 3204//1299 2869//1299
f 2981//1298 2659//1298 3205//1298
f 3165//1304 3072//1304 3071//1304
f 3069//1306 3166//1306 3070//1306
f 2676//1298 2883//1298 3174//1298
f 3177//1299 2662//1299 2661//1299
f 2677//1306 3173//1306 3073//1306
f 3086//1304 2681//1304 3178//1304
f 3162//1299 3171//1299 3180//1299
f 2876//1298 3170//1298 2877//1298
f 3024//1299 3020//1299 3206//1299
f 2692//1298 3207//1298 2888//1298
f 3021//1306 2700//1306 3208//1306
f 3209//1306 2897//1306 2896//1306
f 2647//1298 3210//1298 2900//1298
f 3037//1304 3211//1304 2705//1304
f 2702//1299 3212//1299 3031//1299
f 3213//1298 2907//1298 2720//1298
f 2906//1307 3214//1307 2711//1307
f 3181//1308 2960//1308 2959//1308
f 3185//1304 3044//1304 2912//1304
f 2902//1306 3186//1306 2911//1306
f 2732//1299 3191//1299 2749//1299
f 2746//1298 3190//1298 2913//1298
f 3215//1299 3052//1299 2915//1299
f 3074//1304 3216//1304 2914//1304
f 2752//1298 3217//1298 2757//1298
f 2754//1306 3218//1306 2917//1306
f 3160//1309 2842//1309 2841//1309 3161//1309
f 3219//1310 2845//1310 2847//1310 3194//1310
f 3220//1311 2939//1311 2849//1311 3195//1311
f 2622//1312 3221//1312 3195//1312 2623//1312
f 3222//1313 2853//1313 2856//1313 3223//1313
f 3224//1314 2638//1314 2859//1314 3197//1314
f 2634//1295 3225//1295 3197//1295 2635//1295
f 2643//1309 3226//1309 3201//1309 2734//1309
f 3084//1295 3227//1295 3200//1295 3075//1295
f 3199//1315 2863//1315 2862//1315 3200//1315
f 3202//1316 2649//1316 2652//1316 3201//1316
f 3228//1309 3045//1309 2869//1309 3204//1309
f 2654//1315 3229//1315 3204//1315 2655//1315
f 2920//1316 3230//1316 3203//1316 2921//1316
f 2793//1143 2796//1143 3070//1143 3071//1143
f 3048//1317 3172//1317 3171//1317 3162//1317
f 3007//1316 3167//1316 3166//1316 3069//1316
f 3165//1295 3071//1295 3070//1295 3166//1295
f 3176//1318 2882//1318 2662//1318 3177//1318
f 3179//1319 2680//1319 3073//1319 3173//1319
f 2676//1316 3174//1316 3173//1316 2677//1316
f 3086//1315 3178//1315 3177//1315 2661//1315
f 3170//1309 2876//1309 3180//1309 3171//1309
f 3026//1252 3032//1252 2646//1145 2645//1145
f 3231//1316 3012//1316 2888//1316 3207//1316
f 2691//1320 3232//1320 3207//1320 2692//1320
f 3023//1295 3233//1295 3234//1295 3085//1295
f 3033//1295 3235//1295 3211//1295 3037//1295
f 2646//1309 3236//1309 3210//1309 2647//1309
f 3209//1316 2896//1316 2900//1316 3210//1316
f 3212//1315 2702//1315 2705//1315 3211//1315
f 2905//1321 3237//1321 3214//1321 2906//1321
f 3238//1322 2722//1322 2725//1322 3239//1322
f 3240//1323 2712//1323 2711//1323 3214//1323
f 2731//1315 3192//1315 3191//1315 2732//1315
f 2708//1316 3187//1316 3186//1316 2902//1316
f 3185//1295 2912//1295 2911//1295 3186//1295
f 3190//1309 2746//1309 2749//1309 3191//1309
f 2751//1309 3241//1309 3217//1309 2752//1309
f 3036//1295 3242//1295 3216//1295 3074//1295
f 3215//1315 2915//1315 2914//1315 3216//1315
f 3218//1316 2754//1316 2757//1316 3217//1316
f 2937//1324 3193//1324 3243//1324 2938//1324
f 3244//1296 3196//1296 3245//1296 3246//1296 3220//1296 3195//1296 3221//1296 3243//1296 3193//1296 3247//1296 3248//1296 3219//1296 3194//1296 3249//1296
f 2932//1325 3196//1325 3244//1325 2934//1325
f 2938//1326 3243//1326 3221//1326 2622//1326
f 3196//1311 2631//1311 2630//1311 3245//1311
f 3193//1310 3067//1310 2694//1310 3247//1310
f 3198//1327 2639//1327 2638//1327 3224//1327
f 3250//1328 2944//1328 2853//1328 3222//1328
f 2952//1329 3198//1329 3251//1329 2949//1329
f 3224//1330 3197//1330 3225//1330 3252//1330 3250//1330 3222//1330 3223//1330 3253//1330 3251//1330 3198//1330
f 2844//1316 3160//1316 3159//1316 2958//1316
f 2843//1315 3156//1315 3161//1315 3079//1315
f 3213//1309 2720//1309 2719//1309 3254//1309
f 3182//1331 2968//1331 2722//1331 3238//1331
f 2975//1332 3255//1332 3237//1332 2905//1332
f 2907//1316 3213//1316 3256//1316 2976//1316
f 2960//1333 3181//1333 3255//1333 2975//1333
f 3214//1296 3237//1296 3255//1296 3181//1296 3182//1296 3238//1296 3239//1296 3257//1296 3256//1296 3213//1296 3254//1296 3258//1296 3240//1296
f 2982//1316 3259//1316 3230//1316 2920//1316
f 2981//1316 3205//1316 3259//1316 2982//1316
f 3260//1296 3261//1296 3262//1296 3263//1296 3203//1296 3230//1296 3259//1296 3205//1296 3264//1296 3228//1296 3204//1296 3229//1296
f 3264//1334 2658//1334 3045//1334 3228//1334
f 3261//1295 2965//1295 2714//1295 3262//1295
f 3205//1335 2659//1335 2658//1335 3264//1335
f 2917//1295 3218//1295 3265//1295 2994//1295
f 2995//1309 3266//1309 3241//1309 2751//1309
f 2998//1309 3267//1309 3266//1309 2995//1309
f 3003//1309 3268//1309 3267//1309 2998//1309
f 3072//1336 3165//1336 3164//1336 3049//1336
f 3162//1150 3180//1150 2801//1150 2800//1150
f 2794//1337 3072//1337 3049//1337 3004//1337
f 2877//1316 3170//1316 3169//1316 3009//1316
f 3008//1338 3009//1338 3006//1338 3005//1338
f 3206//1339 3020//1339 3010//1339 3269//1339
f 3270//1340 3231//1340 3207//1340 3232//1340 3271//1340 3206//1340 3269//1340 3272//1340 3234//1340 3233//1340 3273//1340 3208//1340
f 3021//1341 3208//1341 3273//1341 3022//1341
f 3022//1342 3273//1342 3233//1342 3023//1342
f 3024//1309 3206//1309 3271//1309 3025//1309
f 3025//1343 3271//1343 3232//1343 2691//1343
f 3178//1344 2681//1344 2680//1344 3179//1344
f 3032//1345 3274//1345 3236//1345 2646//1345
f 2897//1346 3209//1346 3275//1346 3030//1346
f 3275//1296 3209//1296 3210//1296 3236//1296 3274//1296 3212//1296 3211//1296 3235//1296
f 3031//1347 3212//1347 3274//1347 3032//1347
f 3030//1348 3275//1348 3235//1348 3033//1348
f 2913//1316 3190//1316 3189//1316 3039//1316
f 3044//1349 3185//1349 3184//1349 3041//1349
f 3276//1296 3215//1296 3216//1296 3242//1296 3277//1296 3278//1296 3279//1296 3280//1296 3265//1296 3218//1296 3217//1296 3241//1296 3266//1296 3267//1296 3268//1296 3281//1296
f 3052//1309 3215//1309 3276//1309 3053//1309
f 3053//1309 3276//1309 3281//1309 3055//1309
f 3055//1309 3281//1309 3268//1309 3003//1309
f 3050//1295 3279//1295 3278//1295 3064//1295
f 3019//1350 3025//1350 2691//1350 2690//1350
f 3282//1296 3199//1296 3200//1296 3227//1296 3283//1296 3202//1296 3201//1296 3226//1296
f 3284//1296 3285//1296 3286//1296 3287//1296 3288//1296 3289//1296 3290//1296 3291//1296
f 3287//1299 3090//1299 3110//1299
f 3118//1304 3288//1304 3109//1304
f 3106//1306 3289//1306 3111//1306
f 3287//1315 3110//1315 3109//1315 3288//1315
f 3090//1309 3287//1309 3286//1309 3091//1309
f 3111//1295 3289//1295 3288//1295 3118//1295
f 3289//1316 3106//1316 3108//1316 3290//1316
f 3292//1304 3146//1304 3155//1304
f 3143//1299 3147//1299 3293//1299
f 3128//1351 3132//1351 3294//1351
f 3131//1352 3123//1352 3295//1352
f 3144//1309 3143//1309 3293//1309 3296//1309
f 3292//1315 3293//1315 3147//1315 3146//1315
f 3295//1353 3294//1353 3132//1353 3131//1353
f 3155//1295 3154//1295 3297//1295 3292//1295
f 3297//1296 3298//1296 3294//1296 3295//1296 3299//1296 3300//1296 3296//1296 3293//1296 3292//1296
f 3123//1354 3122//1354 3299//1354 3295//1354
usemtl Wall_Medium.006
f 3301//1146 3302//1146 3303//1146 3304//1146
f 3305//1142 3306//1142 3307//1142 3308//1142
f 3309//1142 3310//1142 3311//1142 3312//1142
f 3313//1146 3314//1146 3315//1146 3316//1146
f 3317//1146 3318//1146 3319//1146 3320//1146
f 3321//1355 3322//1355 3323//1356 3324//1356
f 3325//1142 3326//1142 3327//1142 3328//1142
f 3329//1143 3330//1143 3331//1143 3332//1143
f 3333//1148 3334//1148 3335//1148 3336//1148
f 3337//1142 3338//1142 3339//1142 3340//1142
f 3341//1357 3342//1357 3343//1357 3344//1357
f 3345//1142 3346//1142 3306//1142 3305//1142
f 3347//1146 3348//1146 3349//1146 3350//1146
f 3351//1142 3352//1142 3346//1142 3345//1142
f 3353//1146 3354//1146 3355//1146 3356//1146
f 3357//1163 3358//1163 3309//1163
f 3359//1176 3360//1176 3361//1176
f 3312//1162 3319//1162 3362//1162
f 3302//1178 3363//1178 3364//1178
f 3365//1178 3316//1178 3366//1178
f 3328//1162 3313//1162 3367//1162
f 3332//1176 3335//1176 3368//1176
f 3334//1163 3369//1163 3370//1163
f 3371//1163 3372//1163 3337//1163
f 3373//1176 3374//1176 3375//1176
f 3344//1358 3349//1358 3376//1358
f 3348//1359 3377//1359 3378//1359
f 3379//1163 3380//1163 3351//1163
f 3381//1176 3382//1176 3383//1176
f 3308//1162 3355//1162 3384//1162
f 3385//1178 3386//1178 3387//1178
f 3388//1148 3389//1148 3390//1148 3358//1148
f 3309//1182 3312//1182 3362//1182 3357//1182
f 3302//1190 3301//1190 3391//1190 3363//1190
f 3363//1139 3359//1139 3361//1139 3364//1139
f 3392//1191 3361//1191 3360//1191 3393//1191
f 3394//1360 3362//1360 3319//1360 3318//1360
f 3316//1190 3315//1190 3395//1190 3366//1190
f 3329//1139 3332//1139 3368//1139 3396//1139
f 3327//1161 3314//1161 3313//1161 3328//1161
f 3325//1182 3328//1182 3367//1182 3397//1182
f 3365//1192 3367//1192 3313//1192 3316//1192
f 3370//1191 3368//1191 3335//1191 3334//1191
f 3398//1143 3399//1143 3400//1143 3373//1143
f 3374//1148 3401//1148 3402//1148 3372//1148
f 3348//1291 3347//1291 3403//1291 3377//1291
f 3398//1139 3373//1139 3375//1139 3404//1139
f 3371//1191 3375//1191 3374//1191 3372//1191
f 3378//1290 3376//1290 3349//1290 3348//1290
f 3405//1361 3406//1361 3407//1361 3380//1361
f 3385//1190 3408//1190 3409//1190 3386//1190
f 3386//1362 3381//1362 3383//1362 3387//1362
f 3307//1161 3356//1161 3355//1161 3308//1161
f 3410//1192 3384//1192 3355//1192 3354//1192
f 3387//1192 3411//1192 3412//1192 3385//1192
f 3382//1148 3413//1148 3414//1148 3415//1148
f 3383//1141 3416//1141 3417//1141 3379//1141 3418//1141 3419//1141 3384//1141 3410//1141 3420//1141 3411//1141 3387//1141
f 3421//1363 3422//1363 3326//1363 3325//1363
f 3423//1364 3394//1364 3318//1364 3424//1364
f 3304//1146 3303//1146 3424//1146 3425//1146
f 3392//1141 3426//1141 3357//1141 3362//1141 3394//1141 3423//1141 3427//1141 3364//1141 3361//1141
f 3425//1146 3424//1146 3318//1146 3317//1146
f 3377//1365 3403//1365 3322//1355 3321//1355
f 3366//1366 3395//1366 3428//1366 3429//1366
f 3429//1367 3428//1367 3430//1367 3431//1367
f 3369//1143 3432//1143 3433//1143 3434//1143
f 3369//1368 3434//1368 3435//1368 3370//1368
f 3431//1143 3430//1143 3330//1143 3329//1143
f 3436//1141 3437//1141 3396//1141 3368//1141 3370//1141 3435//1141 3438//1141 3397//1141 3367//1141 3365//1141
f 3431//1139 3329//1139 3396//1139 3437//1139
f 3337//1182 3340//1182 3439//1182 3371//1182
f 3343//1289 3350//1289 3349//1289 3344//1289
f 3324//1369 3323//1369 3399//1369 3398//1369
f 3439//1141 3440//1141 3376//1141 3378//1141 3441//1141 3442//1141 3404//1141 3375//1141 3371//1141
f 3331//1181 3336//1181 3335//1181 3332//1181
f 3443//1370 3444//1370 3354//1370 3353//1370
f 3372//1150 3402//1150 3338//1150 3337//1150
f 3400//1181 3401//1181 3374//1181 3373//1181
f 3434//1371 3433//1371 3422//1371 3421//1371
f 3360//1148 3445//1148 3446//1148 3393//1148
f 3393//1148 3446//1148 3389//1148 3388//1148
f 3311//1161 3320//1161 3319//1161 3312//1161
f 3447//1181 3445//1181 3360//1181 3359//1181
f 3358//1150 3390//1150 3310//1150 3309//1150
f 3363//1143 3391//1143 3447//1143 3359//1143
f 3448//1372 3412//1372 3444//1372 3443//1372
f 3408//1146 3385//1146 3412//1146 3448//1146
f 3415//1373 3414//1373 3406//1373 3405//1373
f 3449//1181 3413//1181 3382//1181 3381//1181
f 3380//1150 3407//1150 3352//1150 3351//1150
f 3386//1143 3409//1143 3449//1143 3381//1143
f 3377//1374 3321//1374 3441//1374 3378//1374
f 3340//1375 3339//1375 3342//1375 3341//1375
f 3416//1191 3383//1191 3382//1191 3415//1191
f 3351//1182 3345//1182 3418//1182 3379//1182
f 3450//1299 3310//1299 3390//1299
f 3447//1304 3451//1304 3445//1304
f 3311//1298 3452//1298 3320//1298
f 3301//1306 3453//1306 3391//1306
f 3454//1306 3395//1306 3315//1306
f 3327//1298 3455//1298 3314//1298
f 3331//1304 3456//1304 3336//1304
f 3333//1299 3457//1299 3432//1299
f 3458//1299 3338//1299 3402//1299
f 3400//1304 3459//1304 3401//1304
f 3343//1376 3460//1376 3350//1376
f 3347//1377 3461//1377 3403//1377
f 3462//1299 3352//1299 3407//1299
f 3449//1304 3463//1304 3413//1304
f 3307//1298 3464//1298 3356//1298
f 3408//1306 3465//1306 3409//1306
f 3310//1309 3450//1309 3452//1309 3311//1309
f 3391//1295 3453//1295 3451//1295 3447//1295
f 3466//1315 3446//1315 3445//1315 3451//1315
f 3467//1378 3317//1378 3320//1378 3452//1378
f 3330//1295 3468//1295 3456//1295 3331//1295
f 3326//1309 3469//1309 3455//1309 3327//1309
f 3454//1316 3315//1316 3314//1316 3455//1316
f 3457//1315 3333//1315 3336//1315 3456//1315
f 3399//1295 3470//1295 3459//1295 3400//1295
f 3458//1315 3402//1315 3401//1315 3459//1315
f 3461//1353 3347//1353 3350//1353 3460//1353
f 3409//1379 3465//1379 3463//1379 3449//1379
f 3471//1316 3353//1316 3356//1316 3464//1316
f 3465//1316 3408//1316 3448//1316 3472//1316
f 3463//1296 3465//1296 3472//1296 3473//1296 3471//1296 3464//1296 3474//1296 3475//1296 3462//1296 3476//1296 3477//1296
f 3478//1380 3425//1380 3317//1380 3467//1380
f 3466//1296 3451//1296 3453//1296 3479//1296 3478//1296 3467//1296 3452//1296 3450//1296 3480//1296
f 3432//1381 3457//1381 3481//1381 3433//1381
f 3482//1296 3454//1296 3455//1296 3469//1296 3483//1296 3481//1296 3457//1296 3456//1296 3468//1296 3484//1296
f 3430//1295 3484//1295 3468//1295 3330//1295
f 3338//1309 3458//1309 3485//1309 3339//1309
f 3485//1296 3458//1296 3459//1296 3470//1296 3486//1296 3487//1296 3461//1296 3460//1296 3488//1296
f 3403//1382 3461//1382 3487//1382 3322//1382
f 3477//1315 3414//1315 3413//1315 3463//1315
f 3352//1309 3462//1309 3475//1309 3346//1309
f 3334//1150 3333//1150 3432//1150 3369//1150
usemtl Wall_Highlights.006
f 2923//1178 2619//1178 2618//1178
f 3080//1178 2942//1178 2943//1178
f 2858//1162 3083//1162 2855//1162
f 2967//1176 2989//1176 2964//1176
f 2894//1176 2893//1176 2886//1176
f 2962//1383 2724//1383 2909//1383
f 2955//1384 2923//1384 2618//1384 2628//1384
f 2936//1385 2766//1385 2765//1385 2927//1385
f 2951//1182 3083//1182 2858//1182 2947//1182
f 2987//1386 2786//1386 2788//1386 2716//1386
f 3016//1387 2894//1387 2886//1387 2885//1387
f 3066//1388 2962//1388 2909//1388 2978//1388
f 3341//1389 3344//1389 3376//1389 3440//1389
f 3305//1390 3308//1390 3384//1390 3419//1390
f 2933//1391 2936//1391 2927//1391 2926//1391
f 2930//1392 2850//1392 2851//1392 2940//1392
f 2928//1393 2848//1393 2846//1393 2696//1393
f 2929//1394 2928//1394 2696//1394 2695//1394
f 2931//1395 2930//1395 2940//1395 2629//1395
f 2945//1396 2951//1396 2947//1396 2946//1396
f 2953//1397 2633//1397 2861//1397 2948//1397
f 3080//1398 2953//1398 2948//1398 2942//1398
f 2957//1399 2955//1399 2628//1399 2627//1399
f 3411//1400 3420//1400 3444//1400 3412//1400
f 3420//1401 3410//1401 3354//1401 3444//1401
f 3379//1402 3417//1402 3405//1402 3380//1402
f 3417//1403 3416//1403 3415//1403 3405//1403
f 2963//1404 2977//1404 2969//1404 2718//1404
f 2973//1405 3066//1405 2978//1405 2974//1405
f 2967//1406 2984//1406 2985//1406 2989//1406
f 2984//1407 2653//1407 2872//1407 2985//1407
f 2988//1408 2987//1408 2716//1408 2715//1408
f 3427//1409 3423//1409 3424//1409 3303//1409
f 3426//1410 3392//1410 3393//1410 3388//1410
f 3357//1411 3426//1411 3388//1411 3358//1411
f 3364//1412 3427//1412 3303//1412 3302//1412
f 2990//1413 3002//1413 3059//1413 2991//1413
f 3002//1414 3051//1414 3060//1414 3059//1414
f 3005//1415 2878//1415 2671//1415 2670//1415
f 3046//1416 2875//1416 2666//1416 2665//1416
f 2810//1417 3014//1417 2698//1417 2701//1417
f 3013//1418 3016//1418 2885//1418 3011//1418
f 3014//1419 2889//1419 2890//1419 2698//1419
f 2689//1420 2688//1420 2880//1420 2797//1420
f 3421//1421 3325//1421 3397//1421 3438//1421
f 3366//1422 3429//1422 3436//1422 3365//1422
f 3434//1423 3421//1423 3438//1423 3435//1423
f 3429//1424 3431//1424 3437//1424 3436//1424
f 3038//1425 2706//1425 2741//1425 2740//1425
f 3040//1426 3043//1426 2736//1426 2745//1426
f 3043//1427 2730//1427 2737//1427 2736//1427
f 2706//1428 2709//1428 2742//1428 2741//1428
f 3324//1429 3398//1429 3404//1429 3442//1429
f 3321//1430 3324//1430 3442//1430 3441//1430
f 3340//1431 3341//1431 3440//1431 3439//1431
f 3004//1432 3046//1432 2665//1432 2674//1432
f 3008//1433 3005//1433 2670//1433 2669//1433
f 3063//1434 3034//1434 3062//1434 3061//1434
f 3034//1435 2918//1435 2919//1435 3062//1435
f 2977//1436 2910//1436 2713//1436 2969//1436
f 2688//1437 2687//1437 2881//1437 2880//1437
f 3078//1438 2866//1438 2867//1438 3088//1438
f 2779//1439 2641//1439 3087//1439 2777//1439
f 2784//1440 3078//1440 3088//1440 2785//1440
f 2641//1441 2644//1441 2864//1441 3087//1441
f 3345//1442 3305//1442 3419//1442 3418//1442
f 3094//1443 3093//1443 3114//1443 3119//1443
f 3115//1162 3114//1162 3093//1162
f 3116//1444 3115//1444 3093//1444 3100//1444
f 3092//1445 3116//1445 3100//1445 3099//1445
f 3095//1446 3094//1446 3119//1446 3107//1446
f 3130//1447 3153//1447 3141//1447 3127//1447
f 3125//1448 3151//1448 3148//1448 3145//1448
f 3121//1449 3152//1449 3151//1449 3125//1449
f 3150//1450 3149//1450 3153//1450 3130//1450
f 2922//1306 3157//1306 2840//1306
f 3081//1306 2944//1306 3250//1306
f 3223//1298 2856//1298 3082//1298
f 2966//1304 2965//1304 3261//1304
f 3234//1304 2887//1304 3085//1304
f 2961//1451 3239//1451 2725//1451
f 2956//1452 3158//1452 3157//1452 2922//1452
f 2935//1453 3249//1453 3194//1453 3068//1453
f 2950//1309 3253//1309 3223//1309 3082//1309
f 3263//1454 2717//1454 2868//1454 3203//1454
f 3272//1455 2884//1455 2887//1455 3234//1455
f 3065//1456 3257//1456 3239//1456 2961//1456
f 3342//1457 3488//1457 3460//1457 3343//1457
f 3306//1458 3474//1458 3464//1458 3307//1458
f 2934//1459 3244//1459 3249//1459 2935//1459
f 3246//1460 2941//1460 2939//1460 3220//1460
f 3248//1461 2697//1461 2845//1461 3219//1461
f 3247//1462 2694//1462 2697//1462 3248//1462
f 3245//1463 2630//1463 2941//1463 3246//1463
f 2949//1464 3251//1464 3253//1464 2950//1464
f 2954//1465 3252//1465 3225//1465 2634//1465
f 3081//1466 3250//1466 3252//1466 2954//1466
f 2958//1467 3159//1467 3158//1467 2956//1467
f 3472//1468 3448//1468 3443//1468 3473//1468
f 3473//1469 3443//1469 3353//1469 3471//1469
f 3462//1470 3407//1470 3406//1470 3476//1470
f 3476//1471 3406//1471 3414//1471 3477//1471
f 3254//1472 2719//1472 2970//1472 3258//1472
f 2976//1473 3256//1473 3257//1473 3065//1473
f 2966//1474 3261//1474 3260//1474 2983//1474
f 2983//1475 3260//1475 3229//1475 2654//1475
f 3262//1476 2714//1476 2717//1476 3263//1476
f 3479//1477 3304//1477 3425//1477 3478//1477
f 3480//1478 3389//1478 3446//1478 3466//1478
f 3450//1479 3390//1479 3389//1479 3480//1479
f 3453//1480 3301//1480 3304//1480 3479//1480
f 2994//1481 3265//1481 3280//1481 3001//1481
f 3001//1482 3280//1482 3279//1482 3050//1482
f 3006//1483 3168//1483 3167//1483 3007//1483
f 3047//1484 3163//1484 3172//1484 3048//1484
f 3208//1485 2700//1485 2699//1485 3270//1485
f 3269//1486 3010//1486 2884//1486 3272//1486
f 3270//1487 2699//1487 3012//1487 3231//1487
f 3174//1488 2883//1488 2879//1488 3175//1488
f 3422//1489 3483//1489 3469//1489 3326//1489
f 3395//1490 3454//1490 3482//1490 3428//1490
f 3433//1491 3481//1491 3483//1491 3422//1491
f 3428//1492 3482//1492 3484//1492 3430//1492
f 3039//1493 3189//1493 3188//1493 2707//1493
f 3041//1494 3184//1494 3183//1494 3042//1494
f 3042//1495 3183//1495 3192//1495 2731//1495
f 2707//1496 3188//1496 3187//1496 2708//1496
f 3323//1497 3486//1497 3470//1497 3399//1497
f 3322//1498 3487//1498 3486//1498 3323//1498
f 3339//1499 3485//1499 3488//1499 3342//1499
f 3049//1500 3164//1500 3163//1500 3047//1500
f 3009//1501 3169//1501 3168//1501 3006//1501
f 3064//1502 3278//1502 3277//1502 3035//1502
f 3035//1503 3277//1503 3242//1503 3036//1503
f 3258//1504 2970//1504 2712//1504 3240//1504
f 3175//1505 2879//1505 2882//1505 3176//1505
f 3077//1506 3283//1506 3227//1506 3084//1506
f 3076//1507 3199//1507 3282//1507 2642//1507
f 2865//1508 3202//1508 3283//1508 3077//1508
f 2642//1509 3282//1509 3226//1509 2643//1509
f 3346//1510 3475//1510 3474//1510 3306//1510
f 3291//1511 3120//1511 3113//1511 3284//1511
f 3112//1298 3284//1298 3113//1298
f 3117//1512 3285//1512 3284//1512 3112//1512
f 3091//1513 3286//1513 3285//1513 3117//1513
f 3290//1514 3108//1514 3120//1514 3291//1514
f 3129//1515 3128//1515 3294//1515 3298//1515
f 3126//1516 3144//1516 3296//1516 3300//1516
f 3122//1517 3126//1517 3300//1517 3299//1517
f 3154//1518 3129//1518 3298//1518 3297//1518
o Wall_Modular_Cube.005_Wall_Modular_Cube.006
v -0.190480 3.666415 0.609111
v -0.190480 3.943581 0.609111
v -0.162676 3.943581 0.642152
v -0.162676 3.666415 0.642152
v 1.153368 3.574320 0.679834
v 1.153368 3.574320 0.907346
v 0.381781 3.563545 0.907346
v 0.381781 3.563545 0.679834
v -0.703041 3.666415 0.609111
v -0.703041 3.943581 0.609111
v -0.492760 3.943581 0.609111
v -0.334013 3.930507 0.609111
v 0.353977 3.795294 0.679834
v 0.353977 3.795294 0.907346
v 0.353977 3.943581 0.907346
v 0.353977 3.943581 0.679834
v 0.366277 3.804894 0.724418
v 0.366277 3.804894 0.862762
v 0.366277 3.398570 0.862762
v 0.366277 3.398570 0.724418
v 0.018554 3.380866 0.724418
v 0.018554 3.380866 0.862762
v -0.142820 3.379570 0.862762
v -0.142820 3.379570 0.724418
v 0.901680 3.281070 0.619630
v 0.901680 3.281070 0.967550
v 0.901680 3.329508 0.967550
v 0.901680 3.329508 0.619630
v -1.462084 2.782324 0.619630
v -1.462084 2.782324 0.967550
v -1.462084 3.143561 0.967551
v -1.462084 3.143561 0.619629
v 1.429966 3.566755 0.967550
v 1.429966 3.566755 0.619630
v 0.929484 3.566755 0.619630
v 0.929484 3.566755 0.967550
v 0.351861 2.831857 0.679834
v 0.351861 2.831857 0.907346
v -0.144229 2.831857 0.907346
v -0.144229 2.831857 0.679834
v -0.160208 2.947327 0.679834
v -0.160208 2.947327 0.907346
v -0.172033 3.361708 0.907346
v -0.172033 3.361708 0.679834
v -1.434281 1.962995 0.907346
v -1.462084 1.981995 0.907346
v -1.462084 1.981995 0.679834
v -1.434281 1.962995 0.679834
v 0.513813 2.005810 0.591663
v 0.414411 1.978538 0.583403
v 0.205726 1.981996 0.586589
v 0.205726 2.309195 0.586589
v 0.326775 2.309195 0.586589
v 0.387299 2.296265 0.586589
v 0.447825 2.309195 0.586589
v 1.434279 2.309195 0.586589
v 1.434279 1.981996 0.586589
v 0.835275 1.993753 0.591577
v -1.434281 2.438464 0.679834
v -1.434281 2.438464 0.907346
v -0.391660 2.438464 0.907346
v -0.391660 2.438464 0.679834
v -0.360036 2.346362 0.679834
v -0.360036 2.346362 0.907346
v -0.363857 1.981995 0.907346
v -0.363857 1.981995 0.679834
v -0.391660 2.419464 0.646793
v -0.403705 2.346362 0.646793
v -0.391660 1.981995 0.646793
v -1.434281 1.981995 0.646793
v -1.428243 2.263378 0.646793
v -1.413783 2.346362 0.646793
v -1.434281 2.419464 0.646793
v -0.355723 2.257739 0.718919
v -0.355723 2.257739 0.868261
v -0.376156 2.527006 0.868261
v -0.376156 2.527006 0.718919
v 1.462082 3.709479 0.907346
v 1.462082 3.709479 0.679834
v 1.465682 3.772574 0.679834
v 1.465682 3.772574 0.907346
v -0.042006 2.546006 0.718919
v -0.042006 2.546006 0.868261
v 0.161519 2.546006 0.868261
v 0.161519 2.546006 0.718919
v -1.434281 2.435255 0.967550
v -1.434281 2.435255 0.619630
v -0.919801 2.435255 0.619630
v -0.919801 2.435255 0.967550
v -0.236479 2.830193 0.619630
v -0.236478 2.830193 0.967550
v -0.207273 2.832115 0.967550
v -0.207273 2.832115 0.619630
v -0.895805 2.850857 0.643234
v -0.895805 2.850857 0.943946
v -0.895299 3.206602 0.943946
v -0.895299 3.206602 0.643234
v 0.916510 2.918824 0.907346
v 0.916510 2.918824 0.679834
v 0.914374 2.970671 0.679834
v 0.914374 2.970671 0.907346
v -0.895805 3.464349 0.643234
v -0.895805 3.464349 0.943946
v -0.895805 3.631708 0.943946
v -0.895805 3.631708 0.643234
v -0.181821 3.464349 0.943946
v -0.181821 3.464349 0.643234
v -0.166427 3.631708 0.643234
v -0.166427 3.631708 0.943946
v -0.194230 2.850857 0.610193
v -0.194230 3.404573 0.610193
v -0.166427 3.404573 0.643234
v -0.166427 2.850857 0.643234
v -0.088625 2.542433 0.619630
v -0.088625 2.542433 0.967550
v -0.346790 2.542433 0.967550
v -0.346790 2.542433 0.619630
v 0.901680 3.547755 0.967550
v 0.901680 3.547755 0.619630
v -0.026667 2.585750 0.586589
v -0.088625 2.561433 0.586589
v -0.346790 2.561433 0.586589
v -0.346790 2.813115 0.586589
v -0.319182 2.813115 0.586589
v -0.236479 2.798150 0.586589
v -0.207273 2.813115 0.586589
v 0.326266 2.813115 0.586589
v 0.326266 2.561433 0.586589
v 0.023284 2.569905 0.586589
v -0.374593 2.813115 0.967550
v -0.374593 2.813115 0.619630
v -0.374593 2.561433 0.619630
v -0.374593 2.561433 0.967550
v 0.901680 2.890056 0.717625
v 0.901680 2.890056 0.869555
v 0.901680 3.010316 0.869555
v 0.901680 3.010316 0.717625
v 1.429966 3.029316 0.869555
v 1.429966 3.029316 0.717625
v 0.929484 3.029316 0.717625
v 0.929484 3.029316 0.869555
v -0.730844 3.943581 0.642152
v -0.703041 3.962581 0.642152
v -0.703041 3.647415 0.642152
v -0.730844 3.666415 0.642152
v 1.434279 3.563545 0.679834
v 1.452679 3.576453 0.658415
v 1.462082 3.582545 0.679834
v 1.452679 3.949673 0.658415
v 1.434279 3.962581 0.679834
v 1.462082 3.943581 0.679834
v 0.353977 3.582545 0.679834
v 0.363381 3.576453 0.658415
v 0.381781 3.962581 0.679834
v 0.363381 3.949673 0.658415
v -0.190480 3.647415 0.642152
v 0.338473 3.379570 0.724418
v 0.338473 3.398570 0.691377
v -0.170624 3.398570 0.724418
v -0.131836 3.408577 0.691447
v 0.929484 3.046613 0.586589
v 0.929484 3.027613 0.619630
v 0.901680 3.046613 0.619630
v 1.457770 3.046613 0.619630
v 1.429966 3.027613 0.619630
v 1.429966 3.046613 0.586589
v 0.929484 3.547755 0.586589
v 1.457770 3.547755 0.619630
v 1.429966 3.547755 0.586589
v 0.888706 3.361708 0.646793
v 0.888706 3.380708 0.679834
v 0.916510 3.361708 0.679834
v -0.172033 2.850857 0.679834
v -0.144229 2.850857 0.646793
v -0.144229 3.380708 0.679834
v -0.144229 3.361708 0.646793
v 1.462082 1.981996 0.619630
v 1.434279 1.962996 0.619630
v 1.434279 2.328195 0.619630
v 1.462082 2.309195 0.619630
v -1.462084 2.419464 0.679834
v -0.363857 2.419464 0.679834
v -0.391660 1.962995 0.679834
v 0.205726 1.962996 0.619630
v 0.177923 1.981996 0.619630
v 0.177923 2.309195 0.619630
v 0.205726 2.328195 0.619630
v -0.376156 1.980431 0.718919
v -0.348353 1.980431 0.685878
v -0.348353 1.961431 0.718919
v -0.348353 2.546006 0.718919
v -0.348353 2.527006 0.685878
v 0.189322 2.527006 0.718919
v 0.161519 2.527006 0.685878
v -0.919801 3.143561 0.586589
v -0.919801 3.162561 0.619630
v -0.891998 3.143561 0.619630
v -1.434281 3.162561 0.619629
v -1.434281 3.143561 0.586589
v -0.891998 2.454255 0.619630
v -0.919801 2.454255 0.586589
v -1.462084 2.454255 0.619630
v -1.434281 2.454255 0.586589
v -0.868002 3.631708 0.610193
v -0.868002 3.650708 0.643234
v -0.868002 2.828315 0.643234
v -0.868002 2.850857 0.610193
v -0.194230 2.828315 0.643234
v 0.354070 2.561433 0.619630
v 0.326266 2.542433 0.619630
v 0.326266 2.832115 0.619630
v 0.354070 2.813115 0.619630
v -0.346790 2.832115 0.619630
v 0.929484 2.342063 0.684584
v 0.929484 2.323063 0.717625
v 0.901680 2.342063 0.717625
v 1.457770 2.342063 0.717625
v 1.429966 2.323063 0.717625
v 1.429966 2.342063 0.684584
v 0.929484 3.010316 0.684584
v 1.457770 3.010316 0.717625
v 1.429966 3.010316 0.684584
v -0.162676 3.666415 0.945028
v -0.162676 3.943581 0.945028
v -0.730844 3.666415 0.945028
v -0.730844 3.943581 0.945028
v -0.190480 3.647415 0.945028
v -0.703041 3.962581 0.945028
v 1.462082 3.799035 0.907346
v 1.462082 3.799035 0.679834
v 1.462082 3.943581 0.907346
v 1.452679 3.799978 0.658415
v 0.353977 3.582545 0.907346
v 0.363381 3.701001 0.658415
v 0.353977 3.703463 0.679834
v 1.161760 3.587611 0.658415
v -0.059985 3.964145 0.862762
v -0.059985 3.964145 0.724418
v -0.142820 3.964145 0.724418
v -0.142820 3.964145 0.862762
v -0.044497 3.922327 0.691377
v -0.142820 3.945145 0.691377
v 0.338473 3.379570 0.862762
v 0.023948 3.414948 0.691356
v 0.338473 3.804894 0.691377
v 1.429966 3.027613 0.967550
v 0.929484 3.027613 0.967550
v 0.929484 3.329508 0.586589
v 1.457770 3.547755 0.967550
v 1.457770 3.366486 0.619630
v 1.429966 3.366486 0.586589
v 0.916510 3.361708 0.907346
v -0.172033 2.850857 0.907346
v -0.144229 2.918824 0.646793
v -0.172033 2.918824 0.679834
v 0.351861 2.850857 0.646793
v 0.572560 3.380708 0.679834
v 0.572560 3.361708 0.646793
v 0.428943 1.962996 0.619630
v 0.177923 2.309195 0.967550
v 0.205726 2.328195 0.967550
v 0.447825 2.328195 0.619630
v -1.459892 2.346362 0.907346
v -1.459892 2.346362 0.679834
v -1.460568 2.263378 0.679834
v -1.460568 2.263378 0.907346
v -1.462084 2.419464 0.907346
v -0.180753 1.968974 0.868261
v -0.180753 1.968974 0.718919
v 0.161519 1.961431 0.718919
v 0.161519 1.961431 0.868261
v -0.348353 2.546006 0.868261
v -0.157834 2.527006 0.685878
v -0.157834 2.546006 0.718919
v -0.327920 2.257739 0.685878
v 0.189322 2.076316 0.718919
v 0.189322 1.980431 0.718919
v 0.161519 1.980431 0.685878
v 0.161519 2.076316 0.685878
v -0.919801 3.162561 0.967550
v -0.891998 3.143561 0.967550
v -0.891998 2.760428 0.619630
v -0.919801 2.760428 0.586589
v -1.434281 3.162561 0.967551
v -1.434281 2.782324 0.586589
v 0.326266 2.832115 0.967550
v -0.738064 2.828315 0.643234
v -0.738064 2.850857 0.610193
v -0.738064 2.828315 0.943946
v -0.868002 2.828315 0.943946
v -0.868002 3.650708 0.943946
v -0.225902 3.464349 0.610193
v -0.194230 3.631708 0.610193
v -0.864092 3.206603 0.610193
v 0.354070 2.813115 0.967550
v 0.354070 2.561433 0.967550
v -0.346790 2.832115 0.967550
v 1.429966 2.323063 0.869555
v 0.929484 2.323063 0.869555
v 0.929484 2.890056 0.684584
v 1.457770 3.010316 0.869555
v 1.457770 2.407473 0.717625
v 1.429966 2.407473 0.684584
v 0.572560 3.380708 0.907346
v 0.888706 3.380708 0.907346
v -0.190480 3.962581 0.945028
v -0.190480 3.962581 0.642152
v 1.325466 3.563545 0.679834
v 1.339990 3.576453 0.658415
v 1.161760 3.949673 0.658415
v 1.339990 3.927038 0.658415
v 1.425465 3.772574 0.658415
v 1.452679 3.707231 0.658415
v 0.391729 3.728405 0.658415
v 0.363381 3.796103 0.658415
v 0.381781 3.962581 0.907346
v 1.153368 3.962581 0.679834
v 1.153368 3.962581 0.907346
v 1.325466 3.962195 0.907346
v 1.325466 3.962195 0.679834
v 1.434279 3.563545 0.907346
v 1.325466 3.563545 0.907346
v 0.353977 3.703463 0.907346
v 0.359238 3.729925 0.679834
v 0.359238 3.729925 0.907346
v 0.338473 3.945145 0.691377
v 0.338473 3.964145 0.724418
v 0.338473 3.964145 0.862762
v -0.160780 3.804894 0.724418
v -0.114352 3.804894 0.691377
v -0.142820 3.866672 0.691377
v 0.313291 3.866672 0.691377
v -0.160780 3.804894 0.862762
v -0.170624 3.866672 0.862762
v -0.170624 3.866672 0.724418
v -0.170624 3.398570 0.862762
v 0.352393 3.866672 0.724418
v 0.352393 3.866672 0.862762
v -0.334013 3.962817 0.642152
v -0.334013 3.962817 0.945028
v -0.492760 3.962581 0.642152
v -0.492760 3.962581 0.945028
v -0.166427 2.850857 0.943946
v -0.194230 2.828315 0.943946
v -0.193434 3.648429 0.943946
v -0.193434 3.648429 0.643234
v -0.868002 3.464349 0.610193
v 0.916510 2.850857 0.679834
v 0.916510 2.850857 0.907346
v 0.888706 2.831857 0.907346
v 0.888706 2.831857 0.679834
v -0.166427 3.404573 0.943946
v -0.894791 3.404573 0.643234
v -0.894791 3.404573 0.943946
v -0.493310 2.828315 0.643234
v -0.493310 2.868096 0.610193
v -0.566206 3.650708 0.643234
v -0.566206 3.631708 0.610193
v -0.493310 2.828315 0.943946
v -0.566206 3.650708 0.943946
v -0.840628 3.404573 0.610193
v -0.468083 3.611506 0.610193
v 0.506971 3.380708 0.679834
v 0.506971 3.361708 0.646793
v -0.144229 3.380708 0.907346
v 0.506971 3.380708 0.907346
v 0.489714 2.832115 0.907346
v 0.489714 2.832115 0.679834
v 0.489714 2.867917 0.646793
v -0.132404 2.947327 0.646793
v 0.861115 2.970671 0.646793
v 0.888706 2.918824 0.646793
v 0.888706 2.850857 0.646793
v 1.457770 2.890056 0.717625
v 1.429966 2.890056 0.684584
v 0.901680 2.820940 0.717625
v 0.929484 2.820940 0.684584
v 1.457770 2.890056 0.869555
v 0.901680 2.820940 0.869555
v 0.901680 2.775295 0.717625
v 0.929484 2.775295 0.684584
v 0.901680 2.775295 0.869555
v 0.901680 2.449148 0.717625
v 0.929484 2.449148 0.684584
v 1.453327 2.820940 0.869555
v 1.453327 2.820940 0.717625
v 0.901680 2.449148 0.869555
v 0.825565 1.971987 0.606318
v 0.387299 2.315265 0.619630
v 0.387299 2.315265 0.967550
v 0.447825 2.328195 0.967550
v 0.326775 2.328195 0.619630
v 0.326775 2.328195 0.967550
v -0.121909 1.961431 0.868261
v -0.121909 1.961431 0.718919
v -0.157834 2.546006 0.868261
v -0.130085 1.976397 0.684304
v -0.025704 2.507641 0.691878
v 0.156264 2.162284 0.685878
v -0.161209 1.996042 0.689806
v -0.348353 2.171771 0.685878
v 0.184067 2.162284 0.718919
v -0.376156 2.171771 0.718919
v -0.348353 1.961431 0.868261
v 0.189322 2.527006 0.868261
v 0.184067 2.162284 0.868261
v 0.189322 2.076316 0.868261
v -0.376156 1.980431 0.868261
v -0.376156 2.171771 0.868261
v -1.461823 2.722717 0.619630
v -1.410630 2.722717 0.586589
v -0.896136 2.820035 0.619630
v -0.932415 2.820035 0.586589
v -0.896136 2.820035 0.967550
v -1.462084 2.454255 0.967550
v -1.461823 2.722717 0.967550
v -0.891998 2.760428 0.967550
v 1.458030 2.428310 0.717625
v 1.458030 2.428310 0.869555
v 1.457770 2.407473 0.869555
v -0.891998 2.454255 0.967550
v -0.319182 2.832115 0.619630
v -0.319182 2.832115 0.967550
v 0.023284 2.546381 0.619630
v 0.023284 2.546381 0.967550
v -0.005921 2.546381 0.967550
v -0.005922 2.546381 0.619630
v 0.326266 2.542433 0.967550
v -0.172033 2.918824 0.907346
v 0.489468 1.967894 0.619630
v 0.489468 1.967894 0.967550
v 0.428943 1.962996 0.967550
v 0.825565 1.971987 0.980862
v 1.457770 2.775295 0.869555
v 1.457770 2.775295 0.717625
v 0.901680 2.342063 0.869555
v 0.901680 2.407473 0.869555
v 0.901680 2.407473 0.717625
v 0.901680 2.428310 0.869555
v 0.901680 2.428310 0.717625
v 0.929484 2.407473 0.684584
v 0.929484 2.428310 0.684584
v 1.395910 2.820940 0.684584
v 1.429966 2.775295 0.684584
v 1.429966 2.449148 0.684584
v 1.412886 2.428310 0.684584
v 1.457770 2.449148 0.717625
v 1.457770 2.449148 0.869555
v -0.468878 3.648073 0.943946
v -0.468878 3.648073 0.643234
v 1.462082 3.582545 0.907346
v 1.434279 3.962581 0.907346
v 1.434279 2.328195 0.967550
v 1.462082 2.309195 0.967550
v 1.462082 1.981996 0.967550
v 1.434279 1.962996 0.967550
v -0.363857 2.419464 0.907346
v 1.457770 2.342063 0.869555
v 1.457770 3.046613 0.967550
v 0.901680 3.046613 0.967550
v 1.457770 3.414924 0.967550
v 1.457770 3.414924 0.619630
v -0.703041 3.647415 0.945028
v 0.366277 3.945145 0.724418
v 0.366277 3.945145 0.862762
v -0.170624 3.945145 0.862762
v -0.170624 3.945145 0.724418
v 1.457770 3.366486 0.967550
v 0.189322 1.980431 0.868261
v -0.391660 1.962995 0.907346
v 0.946508 3.281070 0.586589
v 1.402624 3.414924 0.586589
v -1.458478 3.662406 0.607595
v -1.458478 3.662406 0.979585
v -1.458478 3.741258 0.979585
v -1.458478 3.741258 0.607595
v -1.430675 3.947825 0.574554
v -1.362069 3.929812 0.574554
v -1.284475 3.947825 0.574554
v -0.755165 3.947825 0.574554
v -0.755165 3.662406 0.574554
v -1.430675 3.662406 0.574554
v -1.430675 3.741258 0.574554
v -1.411544 3.849739 0.574554
v -1.430675 3.643406 0.607595
v -0.727361 3.662406 0.607595
v -0.755165 3.643406 0.607595
v -0.755165 3.966825 0.607595
v -0.727361 3.947825 0.607595
v -0.755165 3.966825 0.979585
v -1.284475 3.966825 0.607595
v -1.284475 3.966825 0.979585
v -0.755165 3.643406 0.979585
v -1.430675 3.643406 0.979585
v -0.727361 3.947825 0.979585
v -1.458478 3.947825 0.979585
v -1.430675 3.966825 0.979585
v -1.430675 3.966825 0.607595
v -1.458478 3.947825 0.607595
v -1.458825 3.849739 0.607595
v -1.458825 3.849739 0.979585
v -0.727361 3.662406 0.979585
v -1.362069 3.966825 0.607595
v -1.362069 3.966825 0.979585
v 0.354945 2.751632 0.687430
v 0.354945 2.751632 0.899750
v 0.352444 2.819264 0.899750
v 0.352444 2.819264 0.687430
v 0.356011 2.697446 0.687430
v 0.356012 2.697446 0.899750
v 0.904155 2.819264 0.687430
v 0.904155 2.819264 0.899750
v 0.905173 2.775807 0.899750
v 0.905173 2.775807 0.687430
v 0.380247 2.833745 0.899750
v 0.876351 2.833745 0.899750
v 0.876351 2.833745 0.687430
v 0.380247 2.833745 0.687430
v 0.876351 2.562098 0.654389
v 0.904155 2.562098 0.687430
v 0.876351 2.543098 0.687430
v 0.352444 2.562098 0.687430
v 0.380247 2.562098 0.654389
v 0.380247 2.543098 0.687430
v 0.876351 2.819264 0.654389
v 0.380247 2.819264 0.654389
v 0.352444 2.562098 0.899750
v 0.352444 2.661310 0.899750
v 0.352444 2.661310 0.687430
v 0.876351 2.543098 0.899750
v 0.380247 2.543098 0.899750
v 0.380247 2.661310 0.654389
v 0.876351 2.739670 0.654389
v 0.904155 2.739670 0.687430
v 0.411781 2.697446 0.654389
v 0.379536 2.751632 0.654389
v 0.859008 2.775807 0.654389
v 0.904155 2.739670 0.899750
v 0.904155 2.562098 0.899750
v -0.190480 3.666415 0.978069
v -0.190480 3.943581 0.978069
v -0.334013 3.930507 0.978069
v -0.492760 3.943581 0.978069
v -0.703041 3.943581 0.978069
v -0.703041 3.666415 0.978069
v 0.205726 1.962996 0.967550
v 0.513813 2.005810 0.995517
v 0.835275 1.993753 0.995603
v 1.434279 1.981996 1.000591
v 1.434279 2.309195 1.000591
v 0.447825 2.309195 1.000591
v 0.387299 2.296265 1.000591
v 0.326775 2.309195 1.000591
v 0.205726 2.309195 1.000591
v 0.205726 1.981996 1.000591
v 0.414411 1.978538 1.003777
v -0.391660 2.419464 0.940387
v -1.434281 2.419464 0.940387
v -1.413783 2.346362 0.940387
v -1.428243 2.263378 0.940387
v -1.434281 1.981995 0.940387
v -0.391660 1.981995 0.940387
v -0.403705 2.346362 0.940387
v 0.177923 1.981996 0.967550
v -0.194230 2.850857 0.976987
v -0.194230 3.404573 0.976987
v -0.026667 2.585750 1.000591
v 0.023284 2.569905 1.000591
v 0.326266 2.561433 1.000591
v 0.326266 2.813115 1.000591
v -0.207273 2.813115 1.000591
v -0.236478 2.798150 1.000591
v -0.319182 2.813115 1.000591
v -0.346790 2.813115 1.000591
v -0.346790 2.561433 1.000591
v -0.088625 2.561433 1.000591
v 1.452679 3.576453 0.928765
v 1.452679 3.949673 0.928765
v 0.363381 3.576453 0.928765
v 0.363381 3.949673 0.928765
v 0.338473 3.398570 0.895803
v -0.131836 3.408577 0.895733
v 0.929484 3.046613 1.000591
v 1.429966 3.046613 1.000591
v 0.929484 3.547755 1.000591
v 1.429966 3.547755 1.000591
v 0.888706 3.361708 0.940387
v -0.144229 2.850857 0.940387
v -0.144229 3.361708 0.940387
v -0.348353 1.980431 0.901302
v -0.348353 2.527006 0.901302
v 0.161519 2.527006 0.901302
v -0.919801 3.143561 1.000591
v -1.434281 3.143561 1.000591
v -0.919801 2.454255 1.000591
v -1.434281 2.454255 1.000591
v -0.868002 3.631708 0.976987
v -0.868002 2.850857 0.976987
v 0.929484 2.342063 0.902596
v 1.429966 2.342063 0.902596
v 0.929484 3.010316 0.902596
v 1.429966 3.010316 0.902596
v 1.452679 3.799978 0.928765
v 0.363381 3.701001 0.928765
v 1.161760 3.587611 0.928765
v -0.044497 3.922327 0.895803
v -0.142820 3.945145 0.895803
v 0.023948 3.414948 0.895824
v 0.338473 3.804894 0.895803
v 0.929484 3.329508 1.000591
v 1.429966 3.366486 1.000591
v -0.144229 2.918824 0.940387
v 0.351861 2.850857 0.940387
v 0.572560 3.361708 0.940387
v -0.157834 2.527006 0.901302
v -0.327920 2.257739 0.901302
v 0.161519 2.076316 0.901302
v 0.161519 1.980431 0.901302
v -0.919801 2.760428 1.000591
v -1.434281 2.782324 1.000591
v -0.738064 2.850857 0.976987
v -0.225901 3.464349 0.976987
v -0.194230 3.631708 0.976987
v -0.864092 3.206603 0.976987
v 0.929484 2.890056 0.902596
v 1.429966 2.407473 0.902596
v 1.339990 3.576453 0.928765
v 1.161760 3.949673 0.928765
v 0.363381 3.796103 0.928765
v 0.391729 3.728405 0.928765
v 1.452679 3.707231 0.928765
v 1.425465 3.772574 0.928765
v 1.339990 3.927038 0.928765
v 0.338473 3.945145 0.895803
v -0.114352 3.804894 0.895803
v 0.313291 3.866672 0.895803
v -0.142820 3.866672 0.895803
v -0.868002 3.464349 0.976987
v -0.493310 2.868096 0.976987
v -0.566206 3.631708 0.976987
v -0.468083 3.611506 0.976987
v -0.840628 3.404573 0.976987
v 0.506971 3.361708 0.940387
v 0.489714 2.867917 0.940387
v 0.888706 2.850857 0.940387
v 0.888706 2.918824 0.940387
v 0.861115 2.970671 0.940387
v -0.132404 2.947327 0.940387
v 1.429966 2.890056 0.902596
v 0.929484 2.820940 0.902596
v 0.929484 2.775295 0.902596
v 0.929484 2.449148 0.902596
v -0.130085 1.976397 0.902876
v -0.025704 2.507641 0.895302
v -0.348353 2.171771 0.901302
v -0.161209 1.996042 0.897374
v 0.156264 2.162284 0.901302
v -1.410630 2.722717 1.000591
v -0.932415 2.820035 1.000591
v 0.929484 2.407473 0.902596
v 1.412886 2.428310 0.902596
v 1.429966 2.449148 0.902596
v 1.429966 2.775295 0.902596
v 1.395910 2.820940 0.902596
v 0.929484 2.428310 0.902596
v 0.946509 3.281070 1.000591
v 1.402624 3.414924 1.000591
v -1.430675 3.947825 1.012626
v -1.411544 3.849739 1.012626
v -1.430675 3.741258 1.012626
v -1.430675 3.662406 1.012626
v -0.755165 3.662406 1.012626
v -0.755165 3.947825 1.012626
v -1.284475 3.947825 1.012626
v -1.362069 3.929812 1.012626
v 0.876351 2.562098 0.932791
v 0.380247 2.562098 0.932791
v 0.876351 2.819264 0.932791
v 0.380247 2.819264 0.932791
v 0.380247 2.661310 0.932791
v 0.876351 2.739670 0.932791
v 0.859008 2.775807 0.932791
v 0.379536 2.751632 0.932791
v 0.411781 2.697446 0.932791
v 0.888998 3.566755 0.873489
v 0.888998 3.566755 0.713691
v 0.768408 3.566755 0.713691
v 0.768408 3.566755 0.873489
v -1.456383 3.500815 0.642820
v -1.456383 3.500815 0.944360
v -1.456383 3.630156 0.944360
v -1.456383 3.630156 0.642820
v 0.359273 3.396833 0.713691
v 0.359273 3.396833 0.873489
v 0.359273 3.547755 0.873489
v 0.359273 3.547755 0.713691
v -0.879315 2.834864 0.718895
v -0.879315 2.834864 0.868285
v -0.396956 2.834864 0.868285
v -0.396956 2.834864 0.718895
v 0.520358 3.566755 0.873489
v 0.520358 3.566755 0.713691
v 0.387077 3.566755 0.713691
v 0.387077 3.566755 0.873489
v 0.902671 2.463406 0.642820
v 0.902671 2.463406 0.944360
v 0.901606 2.409221 0.944360
v 0.901606 2.409221 0.642820
v -0.907118 2.637421 0.718895
v -0.907118 2.637421 0.868285
v -0.907118 2.815864 0.868285
v -0.907118 2.815864 0.718895
v -0.369153 2.505937 0.718895
v -0.369153 2.505937 0.868285
v -0.369153 2.454255 0.868285
v -0.369153 2.454255 0.718895
v -0.879315 2.435255 0.868286
v -0.879315 2.435255 0.718894
v -0.396956 2.435255 0.718895
v -0.396956 2.435255 0.868285
v 0.188868 2.342063 0.642821
v 0.188869 2.342063 0.944359
v 0.188869 2.451445 0.944359
v 0.188868 2.451445 0.642821
v 0.187850 2.487582 0.642821
v 0.187850 2.487582 0.944359
v 0.188869 2.531039 0.944360
v 0.188868 2.531039 0.642820
v -1.456383 3.364026 0.642820
v -1.456383 3.364026 0.944360
v 0.877370 2.545519 0.944360
v 0.877370 2.545519 0.642820
v 0.216672 2.545519 0.642820
v 0.216672 2.545519 0.944360
v -1.456383 3.180246 0.642820
v -1.456383 3.180246 0.944360
v -1.151911 3.649156 0.944360
v -1.151911 3.649156 0.642820
v -1.428579 3.649156 0.642820
v -1.428579 3.649156 0.944360
v 0.387077 3.396833 0.680650
v 0.387077 3.377833 0.713691
v 0.916801 3.396833 0.713691
v 0.888998 3.377833 0.713691
v 0.888998 3.396833 0.680650
v 0.387077 3.547755 0.680650
v 0.916801 3.547755 0.713691
v 0.888998 3.547755 0.680650
v -0.396956 2.815864 0.685854
v -0.369153 2.815864 0.718895
v -0.879315 2.815864 0.685854
v -0.396956 2.454255 0.685854
v -0.907118 2.454255 0.718894
v -0.879315 2.454255 0.685854
v 0.216672 2.342063 0.609780
v 0.216672 2.323063 0.642821
v 0.905173 2.342063 0.642821
v 0.877370 2.323063 0.642821
v 0.877370 2.342063 0.609780
v 0.216672 2.531039 0.609780
v 0.905173 2.531039 0.642820
v 0.877370 2.531039 0.609779
v -1.428579 3.180246 0.609780
v -1.428579 3.161246 0.642820
v -0.890972 3.180246 0.642820
v -0.918774 3.161246 0.642820
v -0.918774 3.180246 0.609779
v -1.428579 3.630156 0.609779
v -0.918774 3.649156 0.642820
v -0.890972 3.630156 0.642820
v -0.918774 3.630156 0.609779
v 0.520358 3.377833 0.713691
v 0.520358 3.377833 0.873489
v 0.387077 3.377833 0.873489
v 0.916801 3.547755 0.873489
v 0.628256 3.396833 0.680650
v 0.628256 3.377833 0.713691
v 0.477646 3.535246 0.680650
v -0.369153 2.815864 0.868285
v -0.396956 2.505937 0.685854
v -0.879315 2.637421 0.685854
v 0.905173 2.373084 0.642820
v 0.905173 2.373084 0.944360
v 0.905173 2.342063 0.944359
v 0.877370 2.323063 0.944359
v 0.216672 2.323063 0.944359
v 0.905173 2.531039 0.944360
v 0.877370 2.373084 0.609780
v -1.233372 3.165665 0.642820
v -1.233372 3.165665 0.944360
v -1.428579 3.161246 0.944360
v -0.918774 3.649156 0.944360
v -0.890972 3.630156 0.944360
v -1.151911 3.630156 0.609779
v -1.032520 3.630156 0.609779
v -1.032520 3.649156 0.642820
v -0.918774 3.161246 0.944360
v -1.173677 3.161246 0.944360
v -1.173677 3.161246 0.642820
v -1.173677 3.180246 0.609779
v -1.233372 3.193714 0.609779
v -1.428579 3.364026 0.609779
v -1.404124 3.500815 0.609779
v -1.092215 3.605914 0.609779
v -0.890607 2.577940 0.718895
v -0.890607 2.577940 0.868285
v 0.628256 3.547755 0.680650
v 0.628256 3.566755 0.713691
v 0.628256 3.566755 0.873489
v 0.537443 3.404338 0.680650
v 0.768408 3.532744 0.680650
v -0.376393 2.685009 0.868285
v -0.376393 2.685009 0.718895
v -0.369153 2.577940 0.868285
v -0.369153 2.577940 0.718895
v -0.907118 2.454255 0.868286
v -0.907118 2.451166 0.868285
v -0.907118 2.451166 0.718895
v -0.879315 2.451166 0.685854
v -0.423235 2.685009 0.685854
v -0.396956 2.577940 0.685854
v -0.835956 2.577940 0.685854
v 0.216672 2.451445 0.609780
v 0.234015 2.487582 0.609780
v 0.878081 2.463406 0.609780
v 0.845836 2.409221 0.609780
v -1.092215 3.646930 0.944360
v -1.092215 3.646930 0.642820
v 0.888998 3.377833 0.873489
v 0.628256 3.377833 0.873489
v 0.916801 3.396833 0.873489
v -1.032520 3.649156 0.944360
v -0.890972 3.180246 0.944360
v 0.387077 3.396833 0.906530
v 0.888998 3.396833 0.906530
v 0.387077 3.547755 0.906530
v 0.888998 3.547755 0.906530
v -0.396956 2.815864 0.901326
v -0.879315 2.815864 0.901326
v -0.396956 2.454255 0.901326
v -0.879315 2.454255 0.901326
v 0.216672 2.342063 0.977400
v 0.877370 2.342063 0.977400
v 0.216672 2.531039 0.977400
v 0.877370 2.531039 0.977401
v -1.428579 3.180246 0.977400
v -0.918774 3.180246 0.977401
v -1.428579 3.630156 0.977401
v -0.918774 3.630156 0.977401
v 0.628256 3.396833 0.906530
v 0.477646 3.535246 0.906530
v -0.396956 2.505937 0.901326
v -0.879315 2.637421 0.901326
v 0.877370 2.373084 0.977400
v -1.151911 3.630156 0.977401
v -1.032520 3.630156 0.977401
v -1.092215 3.605914 0.977401
v -1.404124 3.500815 0.977401
v -1.428579 3.364026 0.977401
v -1.233372 3.193714 0.977401
v -1.173677 3.180246 0.977401
v 0.628256 3.547755 0.906530
v 0.768408 3.532744 0.906530
v 0.537443 3.404338 0.906530
v -0.879315 2.451166 0.901326
v -0.423235 2.685009 0.901326
v -0.835956 2.577940 0.901326
v -0.396956 2.577940 0.901326
v 0.216672 2.451445 0.977400
v 0.845836 2.409221 0.977400
v 0.878081 2.463406 0.977400
v 0.234016 2.487582 0.977400
vn 0.7651 0.0000 -0.6439
vn 0.0140 -0.9999 0.0000
vn -0.0000 -0.0000 -1.0000
vn -1.0000 0.0000 0.0000
vn 1.0000 0.0000 0.0000
vn 0.0080 -1.0000 -0.0000
vn -1.0000 -0.0022 0.0000
vn 0.0000 1.0000 0.0000
vn 0.0009 -1.0000 -0.0000
vn 0.0000 -1.0000 -0.0000
vn -0.9996 -0.0285 0.0000
vn -0.5642 -0.8256 0.0000
vn -0.0002 -0.0073 -1.0000
vn 0.9999 -0.0105 -0.0000
vn -0.9971 -0.0757 0.0000
vn 0.9984 -0.0570 0.0000
vn -0.0657 0.9978 -0.0000
vn -1.0000 0.0014 0.0000
vn -1.0000 0.0020 0.0000
vn 0.9992 0.0412 0.0000
vn -1.0000 -0.0085 0.0000
vn 0.9958 -0.0916 -0.0000
vn -0.5642 0.8256 0.0000
vn -0.5097 0.7458 -0.4289
vn -0.5097 -0.7458 -0.4289
vn 0.5646 -0.8253 -0.0099
vn 0.5642 -0.8256 -0.0129
vn 0.5638 -0.8258 -0.0108
vn 0.5642 0.8256 -0.0129
vn 0.5646 0.8253 -0.0099
vn 0.5638 0.8258 -0.0108
vn -0.5646 -0.8253 -0.0099
vn -0.5638 -0.8258 -0.0108
vn -0.5642 -0.8256 -0.0129
vn -0.5646 0.8253 -0.0099
vn -0.5642 0.8256 -0.0129
vn -0.5638 0.8258 -0.0108
vn 0.5097 -0.7458 -0.4289
vn -0.4164 -0.6093 -0.6748
vn 0.5097 0.7458 -0.4289
vn -0.5565 -0.6864 -0.4683
vn 0.5565 -0.6863 -0.4683
vn 0.5642 -0.8256 0.0000
vn -0.7651 0.0000 -0.6439
vn 0.9156 0.0000 -0.4020
vn -0.5646 -0.8253 0.0099
vn -0.5638 -0.8258 0.0108
vn -0.9156 0.0000 -0.4020
vn 0.0119 -0.8518 -0.5237
vn 0.0936 0.7434 -0.6622
vn -0.0217 -0.7787 -0.6271
vn 0.5642 0.8256 0.0000
vn -0.0000 -0.8669 -0.4985
vn -0.0000 0.8669 -0.4985
vn 1.0000 -0.0055 0.0000
vn -0.0105 -0.8957 -0.4445
vn -1.0000 0.0081 0.0000
vn -1.0000 0.0068 0.0000
vn -0.7396 0.0099 -0.6730
vn -0.9996 -0.0300 0.0000
vn 0.6784 -0.0382 -0.7337
vn -0.0220 -0.9998 0.0000
vn -0.7639 -0.0580 -0.6428
vn 0.0000 -0.8261 -0.5636
vn 0.6737 -0.0947 -0.7329
vn -0.7459 0.0046 -0.6661
vn 0.0000 -0.8565 -0.5162
vn -0.5638 0.8258 0.0108
vn -0.5646 0.8253 0.0099
vn 0.0011 1.0000 -0.0000
vn -0.0007 1.0000 0.0000
vn -0.0000 0.8565 -0.5162
vn -0.0525 -0.8392 -0.5413
vn 0.9909 0.1348 0.0000
vn -0.9968 -0.0802 0.0000
vn 0.0173 -0.7251 -0.6885
vn -0.0214 0.7331 -0.6797
vn -0.6138 0.0208 -0.7892
vn -0.0001 0.0000 -1.0000
vn -0.0041 -1.0000 -0.0000
vn -0.9875 -0.1574 0.0000
vn -0.9997 0.0242 0.0000
vn 0.9757 0.2193 0.0000
vn 0.0001 1.0000 -0.0000
vn 0.0016 1.0000 -0.0000
vn 0.6298 -0.7768 -0.0000
vn 0.5264 0.8502 0.0000
vn -0.6298 -0.7768 0.0000
vn 0.6540 0.2575 -0.7114
vn 0.9684 0.2494 -0.0000
vn -1.0000 -0.0072 0.0000
vn 0.0256 -0.7273 -0.6859
vn -0.0210 -0.7273 -0.6860
vn -0.0006 -1.0000 -0.0000
vn 0.0006 -1.0000 -0.0000
vn -0.7293 0.3026 -0.6137
vn -0.7650 -0.0218 -0.6437
vn 0.9979 -0.0641 0.0000
vn -0.0086 -0.7599 -0.6500
vn -0.2089 0.9779 0.0000
vn 0.1271 0.9919 0.0000
vn -0.0097 -0.8941 -0.4477
vn -0.0000 0.0020 -1.0000
vn 0.7651 -0.0110 -0.6438
vn 0.7643 0.0467 -0.6432
vn -0.7528 0.1789 -0.6335
vn 0.9999 -0.0144 -0.0000
vn 0.9981 0.0610 -0.0000
vn 0.6789 0.0077 -0.7342
vn -0.6364 -0.1276 -0.7607
vn 0.7178 -0.0186 -0.6960
vn 0.9999 -0.0128 0.0000
vn -1.0000 0.0010 0.0000
vn -1.0000 -0.0017 0.0000
vn 0.9976 0.0693 0.0000
vn -0.6414 0.0286 -0.7667
vn 0.7143 0.1004 -0.6926
vn 0.9999 -0.0125 0.0000
vn 1.0000 -0.0063 0.0000
vn 0.0232 0.9997 0.0000
vn 0.0477 -0.9989 -0.0000
vn -0.0172 -0.8408 -0.5411
vn -0.0130 -0.9999 -0.0000
vn -1.0000 0.0054 0.0000
vn -0.9237 0.3832 0.0000
vn 0.0807 -0.9967 -0.0000
vn 0.0122 -0.9999 -0.0000
vn 0.9953 0.0969 0.0000
vn 1.0000 0.0063 0.0000
vn 0.9999 0.0125 0.0000
vn 0.0271 0.9996 -0.0000
vn -0.9808 0.1950 0.0000
vn -0.0625 -0.9980 0.0000
vn 0.5646 0.8253 0.0099
vn 0.5638 0.8258 0.0108
vn 0.5638 -0.8258 0.0108
vn 0.5646 -0.8253 0.0099
vn -0.0035 1.0000 0.0000
vn 0.9847 -0.1742 0.0000
vn -0.0013 1.0000 -0.0000
vn 0.9986 0.0522 -0.0000
vn -1.0000 -0.0016 0.0000
vn -1.0000 0.0002 0.0000
vn -1.0000 0.0035 0.0000
vn -0.9996 -0.0283 0.0000
vn -0.9993 -0.0370 0.0000
vn -0.9998 -0.0197 0.0000
vn 0.9997 0.0234 0.0000
vn 0.4306 0.8267 -0.3623
vn -0.4306 0.8267 -0.3623
vn -0.4619 0.8869 -0.0000
vn -0.0000 0.9159 -0.4014
vn 0.4619 0.8869 0.0000
vn -0.9952 0.0982 0.0000
vn -0.7835 -0.0104 -0.6213
vn 0.9996 -0.0282 0.0000
vn 0.7651 0.0000 0.6439
vn 0.0000 0.0000 1.0000
vn -0.0002 -0.0073 1.0000
vn -0.5097 0.7458 0.4289
vn -0.5097 -0.7458 0.4289
vn 0.5642 -0.8256 0.0129
vn 0.5642 0.8256 0.0129
vn -0.5642 -0.8256 0.0129
vn -0.5642 0.8256 0.0129
vn 0.5097 -0.7458 0.4289
vn -0.4164 -0.6093 0.6748
vn 0.5097 0.7458 0.4289
vn -0.5565 -0.6864 0.4683
vn 0.5565 -0.6863 0.4683
vn -0.7651 0.0000 0.6439
vn 0.9156 0.0000 0.4020
vn -0.9156 0.0000 0.4020
vn 0.0119 -0.8518 0.5237
vn 0.0936 0.7434 0.6622
vn -0.0217 -0.7787 0.6271
vn 0.0000 -0.8669 0.4985
vn 0.0000 0.8669 0.4985
vn -0.0105 -0.8957 0.4445
vn -0.7396 0.0099 0.6730
vn 0.6784 -0.0382 0.7337
vn -0.7639 -0.0580 0.6428
vn 0.0000 -0.8261 0.5636
vn 0.6737 -0.0947 0.7329
vn -0.7459 0.0046 0.6661
vn 0.0000 -0.8565 0.5162
vn 0.0000 0.8565 0.5162
vn -0.0525 -0.8392 0.5413
vn 0.0173 -0.7251 0.6885
vn -0.0214 0.7331 0.6797
vn -0.6138 0.0208 0.7892
vn -0.0001 0.0000 1.0000
vn 0.6540 0.2575 0.7114
vn 0.0256 -0.7273 0.6859
vn -0.0210 -0.7273 0.6860
vn -0.7293 0.3026 0.6137
vn -0.7650 -0.0218 0.6437
vn -0.0086 -0.7599 0.6500
vn -0.0148 -0.9999 0.0000
vn 0.2089 0.9779 0.0000
vn -0.0097 -0.8941 0.4477
vn -0.0000 0.0020 1.0000
vn 0.7651 -0.0110 0.6438
vn 0.7643 0.0467 0.6432
vn -0.7528 0.1789 0.6335
vn 0.6789 0.0077 0.7342
vn -0.6364 -0.1276 0.7607
vn 0.7178 -0.0186 0.6960
vn -0.6414 0.0286 0.7667
vn 0.7143 0.1004 0.6926
vn -0.0172 -0.8408 0.5411
vn -0.9729 0.2312 0.0000
vn 0.4306 0.8267 0.3623
vn -0.4306 0.8267 0.3623
vn 0.0000 0.9159 0.4014
vn -0.7835 -0.0104 0.6213
vn 0.9996 -0.0283 0.0000
vn 0.9998 -0.0197 0.0000
vn -0.9997 0.0234 0.0000
vn -0.4305 0.8267 -0.3623
vn 0.4305 0.8267 -0.3623
vn 0.0436 0.7800 -0.6243
vn 0.0226 -0.9997 0.0000
vn 0.7652 -0.0000 -0.6438
vn -0.9636 -0.2675 0.0000
vn -0.0390 0.8059 -0.5908
vn 0.9993 -0.0370 0.0000
vn 0.9985 -0.0552 0.0000
vn 0.9977 0.0675 0.0000
vn 0.7651 0.0001 0.6439
vn 0.9952 0.0982 0.0000
vn 0.0373 0.9993 0.0000
vn -0.9916 0.1291 0.0000
vn -0.0373 0.9993 0.0000
vn -0.0738 -0.9973 0.0000
vn 0.7835 -0.0104 -0.6212
vn -0.9996 -0.0282 0.0000
vn -0.4305 0.8267 0.3623
vn 0.4305 0.8267 0.3623
vn 0.0436 0.7799 0.6243
vn 0.7652 0.0000 0.6438
vn -0.0390 0.8059 0.5908
vn 0.7651 0.0001 -0.6439
vn 0.7835 -0.0104 0.6212
vn 0.4813 0.7774 -0.4050
vn -0.0353 0.7894 -0.6129
vn -0.0663 0.6382 -0.7670
vn 0.6317 -0.0240 -0.7749
vn -0.0313 -0.7982 -0.6015
vn -0.0291 0.7781 -0.6275
vn -0.6611 -0.1242 -0.7400
vn -0.6354 -0.0601 -0.7698
vn 0.0444 0.6764 -0.7352
vn -0.6373 0.3976 -0.6602
vn 0.6254 -0.2742 -0.7305
vn 0.6458 0.1187 -0.7542
vn -0.7050 -0.1781 -0.6865
vn -0.6512 -0.2019 -0.7315
vn 0.6860 0.2169 -0.6945
vn 0.6922 -0.1723 -0.7008
vn 0.0319 0.7895 -0.6130
vn -0.1619 0.7305 -0.6634
vn 0.1619 0.7305 -0.6634
vn 0.0373 -0.8141 -0.5796
vn -0.1211 -0.8086 -0.5757
vn -0.6208 -0.1474 -0.7700
vn 0.0891 0.7629 -0.6404
vn -0.0167 -0.7696 -0.6383
vn 0.0483 -0.7688 -0.6376
vn 0.6217 0.1782 -0.7627
vn 0.0417 0.7794 -0.6252
vn -0.0310 -0.8195 -0.5723
vn 0.0219 -0.8261 -0.5632
vn -0.0485 0.7791 -0.6250
vn 0.6040 -0.1682 -0.7790
vn 0.5933 0.2502 -0.7651
vn -0.1821 0.8524 -0.4902
vn 0.1862 -0.7688 -0.6118
vn -0.0462 0.7162 -0.6964
vn 0.2704 0.7808 0.5632
vn 0.0735 0.7312 -0.6782
vn -0.6630 -0.1029 -0.7415
vn -0.5965 -0.3002 -0.7443
vn 0.6605 -0.0846 -0.7461
vn -0.6187 0.1461 -0.7720
vn 0.6593 0.1032 -0.7448
vn 0.0805 0.7888 -0.6093
vn -0.1480 -0.7392 -0.6571
vn 0.1406 -0.7197 -0.6799
vn -0.2230 0.7715 -0.5959
vn 0.5939 0.2884 -0.7511
vn 0.6234 -0.1916 -0.7581
vn -0.6588 0.1488 -0.7374
vn -0.0236 -0.5728 -0.8193
vn 0.1821 0.8524 -0.4902
vn 0.6480 -0.2615 -0.7153
vn 0.6480 0.2615 -0.7153
vn -0.6117 0.0370 -0.7902
vn -0.6432 0.0587 -0.7634
vn 0.6137 0.1732 -0.7703
vn -0.6728 0.0244 -0.7394
vn 0.6218 -0.0640 -0.7805
vn -0.6683 -0.1174 -0.7346
vn -0.6355 0.0568 -0.7700
vn 0.0996 0.7590 -0.6434
vn -0.6594 -0.0631 -0.7492
vn -0.6596 0.0571 -0.7494
vn -0.0882 0.7599 -0.6441
vn 0.6611 -0.1242 -0.7400
vn -0.5939 0.2884 -0.7511
vn -0.6234 -0.1916 -0.7581
vn 0.6588 0.1488 -0.7374
vn 0.4813 0.7774 0.4050
vn -0.0353 0.7894 0.6129
vn -0.0663 0.6382 0.7670
vn 0.6317 -0.0240 0.7749
vn -0.0313 -0.7982 0.6015
vn -0.0291 0.7781 0.6275
vn -0.6611 -0.1242 0.7400
vn -0.6354 -0.0601 0.7698
vn 0.0444 0.6764 0.7352
vn -0.6373 0.3976 0.6602
vn 0.6254 -0.2742 0.7305
vn 0.6458 0.1187 0.7542
vn -0.7050 -0.1781 0.6865
vn -0.6512 -0.2019 0.7315
vn 0.6860 0.2169 0.6945
vn 0.6922 -0.1723 0.7008
vn 0.0319 0.7895 0.6130
vn -0.1619 0.7305 0.6634
vn 0.1619 0.7305 0.6634
vn 0.0373 -0.8141 0.5796
vn -0.1211 -0.8086 0.5757
vn -0.6208 -0.1474 0.7700
vn 0.0891 0.7629 0.6404
vn -0.0167 -0.7696 0.6383
vn 0.0483 -0.7688 0.6376
vn 0.6217 0.1782 0.7627
vn 0.0417 0.7794 0.6252
vn -0.0310 -0.8195 0.5723
vn 0.0219 -0.8260 0.5632
vn -0.0485 0.7791 0.6250
vn 0.6040 -0.1682 0.7790
vn 0.5933 0.2502 0.7651
vn -0.1821 0.8524 0.4902
vn 0.1862 -0.7688 0.6118
vn -0.0462 0.7162 0.6964
vn 0.2704 0.7808 -0.5632
vn 0.0735 0.7312 0.6782
vn -0.6630 -0.1029 0.7415
vn -0.5965 -0.3002 0.7443
vn 0.6605 -0.0846 0.7461
vn -0.6187 0.1461 0.7720
vn 0.6593 0.1032 0.7447
vn 0.0805 0.7888 0.6093
vn -0.1480 -0.7392 0.6571
vn 0.1406 -0.7197 0.6799
vn -0.2230 0.7715 0.5959
vn 0.5939 0.2884 0.7511
vn 0.6234 -0.1916 0.7581
vn -0.6588 0.1488 0.7374
vn -0.0236 -0.5728 0.8193
vn 0.1821 0.8524 0.4902
vn 0.6480 -0.2615 0.7153
vn 0.6480 0.2615 0.7153
vn -0.6117 0.0370 0.7902
vn -0.6432 0.0587 0.7634
vn 0.6137 0.1732 0.7703
vn -0.6728 0.0244 0.7394
vn 0.6218 -0.0640 0.7805
vn -0.6683 -0.1174 0.7346
vn -0.6355 0.0568 0.7700
vn 0.0996 0.7590 0.6434
vn -0.6594 -0.0631 0.7492
vn -0.6596 0.0571 0.7494
vn -0.0882 0.7599 0.6441
vn 0.6611 -0.1242 0.7400
vn -0.5939 0.2884 0.7511
vn -0.6234 -0.1916 0.7581
vn 0.6588 0.1488 0.7374
usemtl Wall_Dark.005
s 1
f 3489//1519 3490//1519 3491//1519 3492//1519
f 3493//1520 3494//1520 3495//1520 3496//1520
f 3490//1521 3489//1521 3497//1521 3498//1521 3499//1521 3500//1521
f 3501//1522 3502//1522 3503//1522 3504//1522
f 3505//1523 3506//1523 3507//1523 3508//1523
f 3509//1524 3510//1524 3511//1524 3512//1524
f 3513//1522 3514//1522 3515//1522 3516//1522
f 3517//1525 3518//1525 3519//1522 3520//1522
f 3521//1526 3522//1526 3523//1526 3524//1526
f 3525//1527 3526//1527 3527//1528 3528//1528
f 3529//1529 3530//1529 3531//1529 3532//1529
f 3533//1530 3534//1530 3535//1530 3536//1530
f 3537//1531 3538//1531 3539//1531 3540//1531 3541//1531 3542//1531 3543//1531 3544//1531 3545//1531 3546//1531
f 3547//1526 3548//1526 3549//1526 3550//1526
f 3551//1532 3552//1532 3553//1532 3554//1532
f 3555//1521 3556//1521 3557//1521 3558//1521 3559//1521 3560//1521 3561//1521
f 3562//1533 3563//1533 3564//1533 3565//1533
f 3566//1534 3567//1534 3568//1534 3569//1534
f 3570//1526 3571//1526 3572//1526 3573//1526
f 3574//1528 3575//1528 3576//1528 3577//1528
f 3578//1535 3579//1535 3580//1535 3581//1535
f 3582//1536 3583//1536 3584//1537 3585//1537
f 3586//1538 3587//1538 3588//1538 3589//1538
f 3590//1539 3591//1539 3592//1522 3593//1522
f 3594//1540 3595//1540 3596//1540 3597//1540
f 3598//1519 3599//1519 3600//1519 3601//1519
f 3602//1528 3603//1528 3604//1528 3605//1528
f 3606//1541 3524//1541 3523//1541 3607//1541
f 3608//1521 3609//1521 3610//1521 3611//1521 3612//1521 3613//1521 3614//1521 3615//1521 3616//1521 3617//1521
f 3618//1522 3619//1522 3620//1522 3621//1522
f 3622//1522 3623//1522 3624//1522 3625//1522
f 3626//1526 3627//1526 3628//1526 3629//1526
f 3498//1542 3630//1542 3631//1542
f 3632//1543 3633//1543 3497//1543
f 3634//1544 3635//1545 3636//1546
f 3637//1547 3638//1548 3639//1549
f 3496//1550 3640//1551 3641//1552
f 3642//1553 3643//1554 3504//1555
f 3492//1556 3644//1556 3489//1556
f 3508//1556 3645//1556 3646//1556
f 3647//1557 3648//1557 3512//1557
f 3649//1543 3650//1543 3651//1543
f 3652//1556 3653//1556 3654//1556
f 3607//1542 3523//1542 3655//1542
f 3522//1558 3656//1558 3657//1558
f 3658//1558 3659//1558 3660//1558
f 3528//1543 3661//1543 3662//1543
f 3663//1542 3664//1542 3532//1542
f 3545//1556 3665//1556 3666//1556
f 3667//1558 3668//1558 3544//1558
f 3547//1542 3561//1542 3669//1542
f 3558//1543 3536//1543 3535//1543
f 3550//1558 3670//1558 3555//1558
f 3671//1556 3557//1556 3554//1556
f 3672//1543 3673//1543 3539//1543
f 3674//1542 3675//1542 3540//1542
f 3676//1543 3677//1543 3678//1543
f 3565//1542 3679//1542 3680//1542
f 3681//1558 3682//1558 3573//1558
f 3683//1558 3684//1558 3685//1558
f 3520//1542 3686//1542 3687//1542
f 3688//1556 3576//1556 3689//1556
f 3575//1543 3690//1543 3691//1543
f 3692//1542 3593//1542 3693//1542
f 3694//1559 3582//1559 3695//1559
f 3598//1560 3601//1560 3696//1560
f 3616//1556 3697//1556 3698//1556
f 3699//1558 3700//1558 3615//1558
f 3605//1543 3620//1543 3610//1543
f 3619//1542 3701//1542 3611//1542
f 3702//1543 3703//1543 3704//1543
f 3705//1556 3706//1556 3707//1556
f 3625//1542 3628//1542 3708//1542
f 3627//1558 3709//1558 3710//1558
f 3711//1523 3492//1523 3491//1523 3712//1523
f 3633//1522 3713//1522 3714//1522 3630//1522
f 3492//1561 3711//1561 3715//1561 3644//1561
f 3630//1541 3714//1541 3716//1541 3631//1541
f 3498//1562 3497//1562 3633//1562 3630//1562
f 3717//1523 3718//1523 3639//1523 3719//1523
f 3720//1563 3637//1563 3639//1563 3718//1563
f 3495//1564 3721//1565 3640//1551 3496//1550
f 3722//1566 3641//1566 3640//1566 3723//1566
f 3493//1567 3496//1567 3641//1567 3724//1567
f 3725//1526 3726//1526 3727//1526 3728//1526
f 3729//1568 3730//1568 3727//1568 3726//1568
f 3507//1561 3731//1561 3645//1561 3508//1561
f 3732//1569 3646//1569 3645//1569 3509//1569
f 3505//1519 3508//1519 3646//1519 3733//1519
f 3653//1528 3734//1528 3735//1528 3650//1528
f 3516//1562 3607//1562 3655//1562 3736//1562
f 3522//1570 3521//1570 3737//1570 3656//1570
f 3738//1519 3652//1519 3654//1519 3739//1519
f 3649//1571 3654//1571 3653//1571 3650//1571
f 3657//1572 3655//1572 3523//1572 3522//1572
f 3589//1573 3588//1573 3660//1573 3740//1573
f 3527//1530 3741//1530 3661//1530 3528//1530
f 3742//1562 3662//1562 3661//1562 3743//1562
f 3525//1571 3528//1571 3662//1571 3744//1571
f 3745//1572 3659//1572 3658//1572 3746//1572
f 3747//1574 3672//1574 3539//1574 3538//1574
f 3675//1541 3674//1541 3748//1541 3749//1541
f 3750//1572 3667//1572 3544//1572 3543//1572
f 3545//1519 3544//1519 3668//1519 3665//1519
f 3751//1575 3752//1575 3753//1576 3754//1576
f 3559//1577 3558//1577 3535//1577 3753//1577
f 3755//1578 3669//1578 3752//1578 3751//1578
f 3556//1579 3555//1579 3670//1579 3551//1579
f 3547//1572 3550//1572 3555//1572 3561//1572
f 3671//1571 3536//1571 3558//1571 3557//1571
f 3540//1562 3539//1562 3673//1562 3674//1562
f 3756//1580 3757//1580 3758//1580 3759//1580
f 3564//1541 3760//1541 3679//1541 3565//1541
f 3761//1572 3680//1572 3679//1572 3762//1572
f 3562//1581 3565//1581 3680//1581 3763//1581
f 3764//1519 3765//1519 3766//1519 3767//1519
f 3684//1570 3768//1570 3769//1570 3685//1570
f 3770//1519 3688//1519 3689//1519 3771//1519
f 3519//1541 3772//1541 3686//1541 3520//1541
f 3517//1562 3520//1562 3687//1562 3773//1562
f 3683//1572 3687//1572 3686//1572 3684//1572
f 3691//1571 3689//1571 3576//1571 3575//1571
f 3581//1526 3580//1526 3774//1526 3699//1526
f 3775//1582 3694//1582 3695//1582 3776//1582
f 3775//1528 3777//1528 3778//1528 3694//1528
f 3593//1541 3592//1541 3779//1541 3693//1541
f 3780//1583 3781//1583 3596//1583 3595//1583
f 3782//1584 3695//1584 3582//1584 3585//1584
f 3700//1523 3783//1523 3784//1523 3697//1523
f 3602//1571 3605//1571 3610//1571 3609//1571
f 3619//1541 3618//1541 3785//1541 3701//1541
f 3581//1572 3699//1572 3615//1572 3614//1572
f 3616//1519 3615//1519 3700//1519 3697//1519
f 3611//1562 3610//1562 3620//1562 3619//1562
f 3706//1528 3786//1528 3787//1528 3703//1528
f 3622//1562 3625//1562 3708//1562 3788//1562
f 3627//1570 3626//1570 3789//1570 3709//1570
f 3790//1519 3705//1519 3707//1519 3791//1519
f 3702//1571 3707//1571 3706//1571 3703//1571
f 3710//1572 3708//1572 3628//1572 3627//1572
f 3745//1526 3792//1526 3793//1526 3659//1526
f 3794//1570 3712//1570 3491//1570 3795//1570
f 3634//1585 3796//1585 3797//1585 3635//1585
f 3798//1521 3799//1521 3637//1521 3720//1521 3800//1521 3801//1521 3635//1521 3797//1521 3724//1521 3641//1521 3722//1521 3802//1521 3803//1521 3643//1521
f 3504//1555 3503//1586 3804//1587 3642//1553
f 3805//1588 3806//1588 3807//1589 3808//1589
f 3634//1528 3809//1528 3810//1528 3796//1528
f 3642//1590 3805//1590 3798//1590 3643//1590
f 3796//1591 3493//1591 3724//1591 3797//1591
f 3642//1526 3804//1526 3806//1588 3805//1588
f 3643//1566 3803//1566 3501//1566 3504//1566
f 3635//1563 3801//1563 3567//1563 3636//1563
f 3569//1592 3568//1592 3718//1592 3717//1592
f 3640//1522 3721//1522 3811//1522 3723//1522
f 3812//1593 3813//1593 3502//1593 3501//1593
f 3648//1594 3732//1594 3509//1594 3512//1594
f 3814//1595 3729//1595 3726//1595 3815//1595
f 3816//1526 3815//1526 3726//1526 3725//1526
f 3647//1596 3817//1596 3818//1596 3648//1596
f 3732//1597 3648//1597 3818//1597 3819//1597 3730//1597 3729//1597 3814//1597 3820//1597 3733//1597 3646//1597
f 3645//1598 3731//1598 3510//1598 3509//1598
f 3817//1599 3821//1599 3822//1599 3823//1599
f 3647//1600 3824//1600 3821//1600 3817//1600
f 3825//1601 3826//1601 3506//1601 3505//1601
f 3827//1602 3828//1602 3794//1603 3795//1603
f 3631//1572 3829//1572 3499//1572 3498//1572
f 3644//1571 3632//1571 3497//1571 3489//1571
f 3829//1589 3830//1589 3828//1602 3827//1602
f 3601//1604 3831//1604 3832//1604 3696//1604
f 3833//1605 3597//1605 3596//1605 3834//1605
f 3778//1606 3583//1606 3582//1606 3694//1606
f 3692//1562 3835//1562 3590//1562 3593//1562
f 3599//1607 3780//1607 3595//1607 3600//1607
f 3836//1561 3837//1561 3838//1561 3839//1561
f 3840//1608 3600//1608 3595//1608 3594//1608
f 3841//1609 3842//1609 3591//1539 3590//1539
f 3793//1570 3740//1570 3660//1570 3659//1570
f 3843//1610 3775//1610 3776//1610 3844//1610
f 3693//1572 3845//1572 3846//1572 3692//1572
f 3831//1523 3601//1523 3600//1523 3840//1523
f 3843//1528 3847//1528 3777//1528 3775//1528
f 3693//1526 3779//1526 3848//1526 3845//1526
f 3696//1611 3843//1611 3844//1611 3598//1611
f 3695//1521 3782//1521 3849//1521 3835//1521 3692//1521 3846//1521 3850//1521 3781//1521 3780//1521 3599//1521 3598//1521 3844//1521 3776//1521
f 3696//1528 3832//1528 3847//1528 3843//1528
f 3851//1572 3745//1572 3746//1572 3852//1572
f 3532//1541 3531//1541 3853//1541 3663//1541
f 3851//1526 3854//1526 3792//1526 3745//1526
f 3839//1612 3838//1612 3855//1613 3856//1613
f 3663//1572 3851//1572 3852//1572 3664//1572
f 3663//1526 3853//1526 3854//1526 3851//1526
f 3857//1521 3744//1521 3662//1521 3742//1521 3858//1521 3664//1521 3852//1521 3746//1521 3658//1521 3859//1521 3860//1521 3861//1521
f 3858//1614 3742//1614 3743//1614 3529//1614
f 3861//1519 3860//1519 3587//1519 3836//1519
f 3837//1523 3836//1523 3587//1523 3586//1523
f 3664//1615 3858//1615 3529//1615 3532//1615
f 3709//1519 3862//1519 3863//1519 3710//1519
f 3864//1562 3622//1562 3788//1562 3865//1562
f 3624//1541 3629//1541 3628//1541 3625//1541
f 3709//1523 3789//1523 3866//1523 3862//1523
f 3864//1522 3867//1522 3623//1522 3622//1522
f 3868//1562 3864//1562 3865//1562 3869//1562
f 3868//1522 3870//1522 3867//1522 3864//1522
f 3871//1562 3868//1562 3869//1562 3872//1562
f 3862//1616 3866//1616 3873//1616 3874//1616
f 3871//1522 3875//1522 3870//1522 3868//1522
f 3666//1617 3876//1617 3546//1617 3545//1617
f 3750//1618 3877//1618 3878//1618 3879//1618
f 3675//1572 3880//1572 3541//1572 3540//1572
f 3880//1526 3675//1526 3749//1526 3881//1526
f 3882//1619 3883//1619 3757//1619 3756//1619
f 3762//1526 3884//1526 3571//1526 3570//1526
f 3677//1620 3885//1620 3883//1620 3678//1620
f 3886//1621 3682//1621 3887//1621 3767//1621 3766//1621 3888//1621 3885//1621 3677//1621 3889//1621 3763//1621 3680//1621 3761//1621
f 3681//1622 3890//1622 3887//1622 3682//1622
f 3890//1623 3764//1623 3767//1623 3887//1623
f 3676//1562 3891//1562 3889//1562 3677//1562
f 3891//1624 3562//1624 3763//1624 3889//1624
f 3892//1528 3678//1528 3883//1528 3882//1528
f 3681//1625 3893//1625 3894//1625 3890//1625
f 3890//1626 3894//1626 3895//1626 3764//1626
f 3676//1522 3896//1522 3897//1522 3891//1522
f 3557//1627 3556//1627 3551//1627 3554//1627
f 3898//1628 3517//1628 3773//1628 3899//1628
f 3685//1629 3900//1629 3901//1629 3683//1629
f 3685//1630 3769//1630 3902//1630 3900//1630
f 3690//1631 3903//1631 3904//1632 3898//1632
f 3901//1521 3771//1521 3689//1521 3691//1521 3899//1521 3773//1521 3687//1521 3683//1521
f 3900//1633 3902//1633 3905//1633 3770//1633
f 3690//1634 3898//1634 3899//1634 3691//1634
f 3900//1635 3770//1635 3771//1635 3901//1635
f 3906//1636 3907//1636 3908//1637 3790//1637
f 3575//1530 3574//1530 3903//1530 3690//1530
f 3770//1523 3905//1523 3909//1523 3688//1523
f 3604//1530 3621//1530 3620//1530 3605//1530
f 3910//1638 3911//1638 3579//1638 3578//1638
f 3912//1528 3913//1528 3914//1528 3915//1528
f 3701//1572 3910//1572 3612//1572 3611//1572
f 3701//1526 3785//1526 3911//1526 3910//1526
f 3915//1639 3914//1639 3603//1639 3602//1639
f 3698//1640 3912//1640 3617//1640 3616//1640
f 3698//1641 3916//1641 3913//1641 3912//1641
f 3754//1576 3753//1576 3535//1642 3534//1642
f 3743//1643 3917//1643 3530//1643 3529//1643
f 3918//1644 3919//1644 3920//1644 3747//1644
f 3876//1645 3921//1645 3919//1645 3918//1645
f 3874//1646 3873//1646 3922//1646 3923//1646
f 3704//1522 3924//1522 3925//1522 3926//1522
f 3926//1522 3925//1522 3927//1522 3928//1522
f 3929//1521 3930//1521 3872//1521 3869//1521 3865//1521 3788//1521 3708//1521 3710//1521 3863//1521 3931//1521 3932//1521 3933//1521 3934//1521 3791//1521 3707//1521 3702//1521
f 3704//1562 3926//1562 3929//1562 3702//1562
f 3926//1562 3928//1562 3930//1562 3929//1562
f 3928//1562 3871//1562 3872//1562 3930//1562
f 3923//1519 3935//1519 3933//1519 3932//1519
f 3928//1522 3927//1522 3875//1522 3871//1522
f 3923//1523 3922//1523 3936//1647 3935//1647
f 3935//1647 3936//1647 3907//1648 3906//1648
f 3845//1649 3848//1649 3937//1649 3938//1649
f 3723//1650 3811//1650 3813//1650 3812//1650
f 3939//1523 3636//1523 3567//1523 3566//1523
f 3796//1651 3810//1651 3494//1651 3493//1651
f 3940//1652 3719//1653 3639//1549 3638//1548
f 3636//1546 3939//1654 3809//1655 3634//1544
f 3808//1589 3807//1589 3940//1656 3638//1656
f 3941//1570 3942//1570 3668//1570 3667//1570
f 3665//1561 3943//1561 3944//1561 3666//1561
f 3667//1526 3750//1526 3879//1526 3941//1526
f 3697//1561 3784//1561 3916//1561 3698//1561
f 3774//1570 3783//1570 3700//1570 3699//1570
f 3549//1570 3945//1570 3670//1570 3550//1570
f 3909//1561 3577//1561 3576//1561 3688//1561
f 3946//1561 3786//1561 3706//1561 3705//1561
f 3703//1530 3787//1530 3924//1530 3704//1530
f 3790//1637 3908//1637 3946//1523 3705//1523
f 3947//1561 3734//1561 3653//1561 3652//1561
f 3650//1530 3735//1530 3948//1530 3651//1530
f 3656//1523 3737//1523 3949//1523 3950//1523
f 3951//1530 3713//1530 3633//1530 3632//1530
f 3644//1528 3715//1528 3951//1528 3632//1528
f 3952//1657 3953//1657 3826//1657 3825//1657
f 3512//1530 3511//1530 3824//1530 3647//1530
f 3954//1541 3728//1541 3727//1541 3955//1541
f 3815//1570 3816//1570 3953//1570 3952//1570
f 3823//1522 3822//1522 3954//1522 3955//1522
f 3585//1537 3584//1537 3842//1609 3841//1609
f 3856//1613 3855//1613 3526//1527 3525//1527
f 3938//1658 3937//1658 3833//1658 3834//1658
f 3661//1522 3741//1522 3917//1522 3743//1522
f 3679//1526 3760//1526 3884//1526 3762//1526
f 3738//1523 3956//1523 3947//1523 3652//1523
f 3573//1570 3572//1570 3893//1570 3681//1570
f 3669//1541 3755//1541 3548//1541 3547//1541
f 3957//1561 3759//1561 3758//1561 3765//1561
f 3678//1530 3892//1530 3896//1530 3676//1530
f 3554//1561 3553//1561 3958//1561 3671//1561
f 3764//1523 3895//1523 3957//1523 3765//1523
f 3670//1659 3945//1659 3552//1659 3551//1659
f 3671//1528 3958//1528 3533//1528 3536//1528
f 3959//1521 3736//1521 3655//1521 3657//1521 3960//1521 3739//1521 3654//1521 3649//1521
f 3516//1522 3515//1522 3606//1522 3607//1522
f 3631//1526 3716//1526 3830//1589 3829//1589
f 3651//1522 3948//1522 3514//1522 3513//1522
f 3950//1523 3949//1523 3956//1523 3738//1523
f 3961//1522 3962//1522 3963//1660 3964//1660
f 3686//1526 3772//1526 3768//1526 3684//1526
f 3965//1521 3966//1521 3967//1521 3968//1521 3969//1521 3970//1521 3971//1521 3972//1521
f 3970//1543 3973//1543 3961//1543
f 3974//1556 3975//1556 3969//1556
f 3976//1558 3977//1558 3968//1558
f 3978//1526 3976//1526 3979//1526 3980//1526
f 3975//1528 3981//1528 3982//1528 3973//1528
f 3976//1570 3978//1570 3983//1570 3977//1570
f 3973//1530 3982//1530 3962//1530 3961//1530
f 3970//1571 3969//1571 3975//1571 3973//1571
f 3984//1541 3985//1541 3986//1541 3987//1541
f 3988//1661 3989//1661 3984//1662 3987//1662
f 3961//1562 3964//1562 3971//1562 3970//1562
f 3977//1519 3974//1519 3969//1519 3968//1519
f 3964//1660 3963//1660 3989//1661 3988//1661
f 3990//1561 3981//1561 3975//1561 3974//1561
f 3977//1523 3983//1523 3990//1523 3974//1523
f 3980//1526 3979//1526 3991//1526 3992//1526
f 3993//1663 3994//1663 3995//1664 3996//1664
f 3968//1572 3967//1572 3979//1572 3976//1572
f 3992//1526 3991//1526 3986//1526 3985//1526
f 3997//1665 3998//1665 3994//1663 3993//1663
f 3999//1666 4000//1666 4001//1666 4002//1666
f 4003//1526 4004//1526 4005//1526 4006//1526
f 4007//1556 4008//1556 4009//1556
f 4010//1543 4011//1543 4012//1543
f 3999//1667 4013//1667 4005//1667
f 4006//1668 4014//1668 3996//1668
f 4010//1522 4015//1522 4016//1522 4017//1522
f 4009//1528 4018//1528 4019//1528 4012//1528
f 3996//1669 3995//1669 4003//1669 4006//1669
f 4017//1562 4020//1562 4011//1562 4010//1562
f 4007//1571 4009//1571 4012//1571 4011//1571
f 4014//1670 4006//1670 4005//1670 4013//1670
f 4008//1519 4007//1519 4021//1519 4022//1519
f 4000//1671 3999//1671 4005//1671 4004//1671
f 4017//1672 4016//1672 3998//1672 3997//1672
f 4021//1521 4007//1521 4011//1521 4020//1521 4023//1521 4024//1521 4014//1521 4013//1521 4025//1521
f 4022//1523 4026//1523 4027//1523 4008//1523
f 4008//1561 4027//1561 4018//1561 4009//1561
f 4015//1530 4010//1530 4012//1530 4019//1530
f 3996//1673 4014//1673 4024//1673 3993//1673
f 4002//1674 4001//1674 4026//1674 4022//1674
f 4028//1675 3711//1675 3712//1675 4029//1675
f 4029//1676 4030//1676 4031//1676 4032//1676 4033//1676 4028//1676
f 3747//1528 3920//1528 4034//1528 3672//1528
f 4035//1677 4036//1677 4037//1677 4038//1677 4039//1677 4040//1677 4041//1677 4042//1677 4043//1677 4044//1677
f 4045//1676 4046//1676 4047//1676 4048//1676 4049//1676 4050//1676 4051//1676
f 3748//1522 3674//1522 3673//1522 4052//1522
f 4053//1675 3831//1675 3840//1675 4054//1675
f 4055//1676 4056//1676 4057//1676 4058//1676 4059//1676 4060//1676 4061//1676 4062//1676 4063//1676 4064//1676
f 4032//1678 3716//1678 3714//1678
f 3951//1679 4033//1679 3713//1679
f 3809//1655 3939//1654 4065//1680
f 4066//1681 3719//1653 3940//1652
f 3495//1564 4067//1682 3721//1565
f 3804//1587 3503//1586 4068//1683
f 3711//1684 4028//1684 3715//1684
f 3507//1684 4069//1684 3731//1684
f 3824//1685 3511//1685 4070//1685
f 4071//1679 3948//1679 3735//1679
f 3947//1684 4072//1684 3734//1684
f 3606//1678 4073//1678 3524//1678
f 3521//1686 4074//1686 3737//1686
f 4075//1686 3740//1686 3793//1686
f 3527//1679 4076//1679 3741//1679
f 3853//1678 3531//1678 4077//1678
f 4037//1684 3944//1684 3943//1684
f 3941//1686 4038//1686 3942//1686
f 3548//1678 3755//1678 4046//1678
f 4049//1679 3534//1679 3533//1679
f 3549//1686 4045//1686 3945//1686
f 3958//1684 3553//1684 4050//1684
f 4034//1679 4043//1679 4052//1679
f 3748//1678 4042//1678 3749//1678
f 3896//1679 3892//1679 4078//1679
f 3564//1678 4079//1678 3760//1678
f 3893//1686 3572//1686 4080//1686
f 4081//1686 3769//1686 3768//1686
f 3519//1678 4082//1678 3772//1678
f 3909//1684 4083//1684 3577//1684
f 3574//1679 4084//1679 3903//1679
f 4085//1678 3779//1678 3592//1678
f 3778//1687 4086//1687 3583//1687
f 4053//1688 3832//1688 3831//1688
f 4057//1684 3916//1684 3784//1684
f 3774//1686 4058//1686 3783//1686
f 3604//1679 4063//1679 3621//1679
f 3618//1678 4062//1678 3785//1678
f 4087//1679 3924//1679 3787//1679
f 3946//1684 4088//1684 3786//1684
f 3624//1678 4089//1678 3629//1678
f 3626//1686 4090//1686 3789//1686
f 4032//1689 3714//1689 3713//1689 4033//1689
f 4091//1690 3717//1690 3719//1690 4066//1690
f 4092//1691 3811//1691 3721//1691 4067//1691
f 3494//1692 4093//1692 4067//1692 3495//1692
f 4094//1693 3725//1693 3728//1693 4095//1693
f 4096//1694 3510//1694 3731//1694 4069//1694
f 3506//1675 4097//1675 4069//1675 3507//1675
f 3515//1689 4098//1689 4073//1689 3606//1689
f 3956//1675 4099//1675 4072//1675 3947//1675
f 4071//1695 3735//1695 3734//1695 4072//1695
f 4074//1696 3521//1696 3524//1696 4073//1696
f 4100//1689 3917//1689 3741//1689 4076//1689
f 3526//1695 4101//1695 4076//1695 3527//1695
f 3792//1696 4102//1696 4075//1696 3793//1696
f 3665//1523 3668//1523 3942//1523 3943//1523
f 3920//1697 4044//1697 4043//1697 4034//1697
f 3879//1696 4039//1696 4038//1696 3941//1696
f 4037//1675 3943//1675 3942//1675 4038//1675
f 4048//1698 3754//1698 3534//1698 4049//1698
f 4051//1699 3552//1699 3945//1699 4045//1699
f 3548//1696 4046//1696 4045//1696 3549//1696
f 3958//1695 4050//1695 4049//1695 3533//1695
f 4042//1689 3748//1689 4052//1689 4043//1689
f 3898//1632 3904//1632 3518//1525 3517//1525
f 4103//1696 3884//1696 3760//1696 4079//1696
f 3563//1700 4104//1700 4079//1700 3564//1700
f 3895//1675 4105//1675 4106//1675 3957//1675
f 3905//1675 4107//1675 4083//1675 3909//1675
f 3518//1689 4108//1689 4082//1689 3519//1689
f 4081//1696 3768//1696 3772//1696 4082//1696
f 4084//1695 3574//1695 3577//1695 4083//1695
f 3777//1701 4109//1701 4086//1701 3778//1701
f 4110//1702 3594//1702 3597//1702 4111//1702
f 4112//1703 3584//1703 3583//1703 4086//1703
f 3603//1695 4064//1695 4063//1695 3604//1695
f 3580//1696 4059//1696 4058//1696 3774//1696
f 4057//1675 3784//1675 3783//1675 4058//1675
f 4062//1689 3618//1689 3621//1689 4063//1689
f 3623//1689 4113//1689 4089//1689 3624//1689
f 3908//1675 4114//1675 4088//1675 3946//1675
f 4087//1695 3787//1695 3786//1695 4088//1695
f 4090//1696 3626//1696 3629//1696 4089//1696
f 3809//1704 4065//1704 4115//1704 3810//1704
f 4116//1676 4068//1676 4117//1676 4118//1676 4092//1676 4067//1676 4093//1676 4115//1676 4065//1676 4119//1676 4120//1676 4091//1676 4066//1676 4121//1676
f 3804//1705 4068//1705 4116//1705 3806//1705
f 3810//1706 4115//1706 4093//1706 3494//1706
f 4068//1691 3503//1691 3502//1691 4117//1691
f 4065//1690 3939//1690 3566//1690 4119//1690
f 4070//1707 3511//1707 3510//1707 4096//1707
f 4122//1708 3816//1708 3725//1708 4094//1708
f 3824//1709 4070//1709 4123//1709 3821//1709
f 4096//1710 4069//1710 4097//1710 4124//1710 4122//1710 4094//1710 4095//1710 4125//1710 4123//1710 4070//1710
f 3716//1696 4032//1696 4031//1696 3830//1696
f 3715//1695 4028//1695 4033//1695 3951//1695
f 4085//1689 3592//1689 3591//1689 4126//1689
f 4054//1711 3840//1711 3594//1711 4110//1711
f 3847//1712 4127//1712 4109//1712 3777//1712
f 3779//1696 4085//1696 4128//1696 3848//1696
f 3832//1713 4053//1713 4127//1713 3847//1713
f 4086//1676 4109//1676 4127//1676 4053//1676 4054//1676 4110//1676 4111//1676 4129//1676 4128//1676 4085//1676 4126//1676 4130//1676 4112//1676
f 3854//1696 4131//1696 4102//1696 3792//1696
f 3853//1696 4077//1696 4131//1696 3854//1696
f 4132//1676 4133//1676 4134//1676 4135//1676 4075//1676 4102//1676 4131//1676 4077//1676 4136//1676 4100//1676 4076//1676 4101//1676
f 4136//1714 3530//1714 3917//1714 4100//1714
f 4133//1675 3837//1675 3586//1675 4134//1675
f 4077//1715 3531//1715 3530//1715 4136//1715
f 3789//1675 4090//1675 4137//1675 3866//1675
f 3867//1689 4138//1689 4113//1689 3623//1689
f 3870//1689 4139//1689 4138//1689 3867//1689
f 3875//1689 4140//1689 4139//1689 3870//1689
f 3944//1716 4037//1716 4036//1716 3921//1716
f 4034//1530 4052//1530 3673//1530 3672//1530
f 3666//1717 3944//1717 3921//1717 3876//1717
f 3749//1696 4042//1696 4041//1696 3881//1696
f 3880//1718 3881//1718 3878//1718 3877//1718
f 4078//1719 3892//1719 3882//1719 4141//1719
f 4142//1720 4103//1720 4079//1720 4104//1720 4143//1720 4078//1720 4141//1720 4144//1720 4106//1720 4105//1720 4145//1720 4080//1720
f 3893//1721 4080//1721 4145//1721 3894//1721
f 3894//1722 4145//1722 4105//1722 3895//1722
f 3896//1689 4078//1689 4143//1689 3897//1689
f 3897//1723 4143//1723 4104//1723 3563//1723
f 4050//1724 3553//1724 3552//1724 4051//1724
f 3904//1725 4146//1725 4108//1725 3518//1725
f 3769//1726 4081//1726 4147//1726 3902//1726
f 4147//1676 4081//1676 4082//1676 4108//1676 4146//1676 4084//1676 4083//1676 4107//1676
f 3903//1727 4084//1727 4146//1727 3904//1727
f 3902//1728 4147//1728 4107//1728 3905//1728
f 3785//1696 4062//1696 4061//1696 3911//1696
f 3916//1729 4057//1729 4056//1729 3913//1729
f 4148//1676 4087//1676 4088//1676 4114//1676 4149//1676 4150//1676 4151//1676 4152//1676 4137//1676 4090//1676 4089//1676 4113//1676 4138//1676 4139//1676 4140//1676 4153//1676
f 3924//1689 4087//1689 4148//1689 3925//1689
f 3925//1689 4148//1689 4153//1689 3927//1689
f 3927//1689 4153//1689 4140//1689 3875//1689
f 3922//1675 4151//1675 4150//1675 3936//1675
f 3891//1730 3897//1730 3563//1730 3562//1730
f 4154//1676 4071//1676 4072//1676 4099//1676 4155//1676 4074//1676 4073//1676 4098//1676
f 4156//1676 4157//1676 4158//1676 4159//1676 4160//1676 4161//1676 4162//1676 4163//1676
f 4159//1679 3962//1679 3982//1679
f 3990//1684 4160//1684 3981//1684
f 3978//1686 4161//1686 3983//1686
f 4159//1695 3982//1695 3981//1695 4160//1695
f 3962//1689 4159//1689 4158//1689 3963//1689
f 3983//1675 4161//1675 4160//1675 3990//1675
f 4161//1696 3978//1696 3980//1696 4162//1696
f 4164//1684 4018//1684 4027//1684
f 4015//1679 4019//1679 4165//1679
f 4000//1731 4004//1731 4166//1731
f 4003//1732 3995//1732 4167//1732
f 4016//1689 4015//1689 4165//1689 4168//1689
f 4164//1695 4165//1695 4019//1695 4018//1695
f 4167//1733 4166//1733 4004//1733 4003//1733
f 4027//1675 4026//1675 4169//1675 4164//1675
f 4169//1676 4170//1676 4166//1676 4167//1676 4171//1676 4172//1676 4168//1676 4165//1676 4164//1676
f 3995//1734 3994//1734 4171//1734 4167//1734
usemtl Wall_Medium.005
f 4173//1526 4174//1526 4175//1526 4176//1526
f 4177//1522 4178//1522 4179//1522 4180//1522
f 4181//1522 4182//1522 4183//1522 4184//1522
f 4185//1526 4186//1526 4187//1526 4188//1526
f 4189//1526 4190//1526 4191//1526 4192//1526
f 4193//1735 4194//1735 4195//1736 4196//1736
f 4197//1522 4198//1522 4199//1522 4200//1522
f 4201//1523 4202//1523 4203//1523 4204//1523
f 4205//1528 4206//1528 4207//1528 4208//1528
f 4209//1522 4210//1522 4211//1522 4212//1522
f 4213//1737 4214//1737 4215//1737 4216//1737
f 4217//1522 4218//1522 4178//1522 4177//1522
f 4219//1526 4220//1526 4221//1526 4222//1526
f 4223//1522 4224//1522 4218//1522 4217//1522
f 4225//1526 4226//1526 4227//1526 4228//1526
f 4229//1543 4230//1543 4181//1543
f 4231//1556 4232//1556 4233//1556
f 4184//1542 4191//1542 4234//1542
f 4174//1558 4235//1558 4236//1558
f 4237//1558 4188//1558 4238//1558
f 4200//1542 4185//1542 4239//1542
f 4204//1556 4207//1556 4240//1556
f 4206//1543 4241//1543 4242//1543
f 4243//1543 4244//1543 4209//1543
f 4245//1556 4246//1556 4247//1556
f 4216//1738 4221//1738 4248//1738
f 4220//1739 4249//1739 4250//1739
f 4251//1543 4252//1543 4223//1543
f 4253//1556 4254//1556 4255//1556
f 4180//1542 4227//1542 4256//1542
f 4257//1558 4258//1558 4259//1558
f 4260//1528 4261//1528 4262//1528 4230//1528
f 4181//1562 4184//1562 4234//1562 4229//1562
f 4174//1570 4173//1570 4263//1570 4235//1570
f 4235//1519 4231//1519 4233//1519 4236//1519
f 4264//1571 4233//1571 4232//1571 4265//1571
f 4266//1740 4234//1740 4191//1740 4190//1740
f 4188//1570 4187//1570 4267//1570 4238//1570
f 4201//1519 4204//1519 4240//1519 4268//1519
f 4199//1541 4186//1541 4185//1541 4200//1541
f 4197//1562 4200//1562 4239//1562 4269//1562
f 4237//1572 4239//1572 4185//1572 4188//1572
f 4242//1571 4240//1571 4207//1571 4206//1571
f 4270//1523 4271//1523 4272//1523 4245//1523
f 4246//1528 4273//1528 4274//1528 4244//1528
f 4220//1671 4219//1671 4275//1671 4249//1671
f 4270//1519 4245//1519 4247//1519 4276//1519
f 4243//1571 4247//1571 4246//1571 4244//1571
f 4250//1670 4248//1670 4221//1670 4220//1670
f 4277//1741 4278//1741 4279//1741 4252//1741
f 4257//1570 4280//1570 4281//1570 4258//1570
f 4258//1742 4253//1742 4255//1742 4259//1742
f 4179//1541 4228//1541 4227//1541 4180//1541
f 4282//1572 4256//1572 4227//1572 4226//1572
f 4259//1572 4283//1572 4284//1572 4257//1572
f 4254//1528 4285//1528 4286//1528 4287//1528
f 4255//1521 4288//1521 4289//1521 4251//1521 4290//1521 4291//1521 4256//1521 4282//1521 4292//1521 4283//1521 4259//1521
f 4293//1743 4294//1743 4198//1743 4197//1743
f 4295//1744 4266//1744 4190//1744 4296//1744
f 4176//1526 4175//1526 4296//1526 4297//1526
f 4264//1521 4298//1521 4229//1521 4234//1521 4266//1521 4295//1521 4299//1521 4236//1521 4233//1521
f 4297//1526 4296//1526 4190//1526 4189//1526
f 4249//1745 4275//1745 4194//1735 4193//1735
f 4238//1746 4267//1746 4300//1746 4301//1746
f 4301//1747 4300//1747 4302//1747 4303//1747
f 4241//1523 4304//1523 4305//1523 4306//1523
f 4241//1748 4306//1748 4307//1748 4242//1748
f 4303//1523 4302//1523 4202//1523 4201//1523
f 4308//1521 4309//1521 4268//1521 4240//1521 4242//1521 4307//1521 4310//1521 4269//1521 4239//1521 4237//1521
f 4303//1519 4201//1519 4268//1519 4309//1519
f 4209//1562 4212//1562 4311//1562 4243//1562
f 4215//1669 4222//1669 4221//1669 4216//1669
f 4196//1749 4195//1749 4271//1749 4270//1749
f 4311//1521 4312//1521 4248//1521 4250//1521 4313//1521 4314//1521 4276//1521 4247//1521 4243//1521
f 4203//1561 4208//1561 4207//1561 4204//1561
f 4315//1750 4316//1750 4226//1750 4225//1750
f 4244//1530 4274//1530 4210//1530 4209//1530
f 4272//1561 4273//1561 4246//1561 4245//1561
f 4306//1751 4305//1751 4294//1751 4293//1751
f 4232//1528 4317//1528 4318//1528 4265//1528
f 4265//1528 4318//1528 4261//1528 4260//1528
f 4183//1541 4192//1541 4191//1541 4184//1541
f 4319//1561 4317//1561 4232//1561 4231//1561
f 4230//1530 4262//1530 4182//1530 4181//1530
f 4235//1523 4263//1523 4319//1523 4231//1523
f 4320//1752 4284//1752 4316//1752 4315//1752
f 4280//1526 4257//1526 4284//1526 4320//1526
f 4287//1753 4286//1753 4278//1753 4277//1753
f 4321//1561 4285//1561 4254//1561 4253//1561
f 4252//1530 4279//1530 4224//1530 4223//1530
f 4258//1523 4281//1523 4321//1523 4253//1523
f 4249//1754 4193//1754 4313//1754 4250//1754
f 4212//1755 4211//1755 4214//1755 4213//1755
f 4288//1571 4255//1571 4254//1571 4287//1571
f 4223//1562 4217//1562 4290//1562 4251//1562
f 4322//1679 4182//1679 4262//1679
f 4319//1684 4323//1684 4317//1684
f 4183//1678 4324//1678 4192//1678
f 4173//1686 4325//1686 4263//1686
f 4326//1686 4267//1686 4187//1686
f 4199//1678 4327//1678 4186//1678
f 4203//1684 4328//1684 4208//1684
f 4205//1679 4329//1679 4304//1679
f 4330//1679 4210//1679 4274//1679
f 4272//1684 4331//1684 4273//1684
f 4215//1756 4332//1756 4222//1756
f 4219//1757 4333//1757 4275//1757
f 4334//1679 4224//1679 4279//1679
f 4321//1684 4335//1684 4285//1684
f 4179//1678 4336//1678 4228//1678
f 4280//1686 4337//1686 4281//1686
f 4182//1689 4322//1689 4324//1689 4183//1689
f 4263//1675 4325//1675 4323//1675 4319//1675
f 4338//1695 4318//1695 4317//1695 4323//1695
f 4339//1758 4189//1758 4192//1758 4324//1758
f 4202//1675 4340//1675 4328//1675 4203//1675
f 4198//1689 4341//1689 4327//1689 4199//1689
f 4326//1696 4187//1696 4186//1696 4327//1696
f 4329//1695 4205//1695 4208//1695 4328//1695
f 4271//1675 4342//1675 4331//1675 4272//1675
f 4330//1695 4274//1695 4273//1695 4331//1695
f 4333//1733 4219//1733 4222//1733 4332//1733
f 4281//1759 4337//1759 4335//1759 4321//1759
f 4343//1696 4225//1696 4228//1696 4336//1696
f 4337//1696 4280//1696 4320//1696 4344//1696
f 4335//1676 4337//1676 4344//1676 4345//1676 4343//1676 4336//1676 4346//1676 4347//1676 4334//1676 4348//1676 4349//1676
f 4350//1760 4297//1760 4189//1760 4339//1760
f 4338//1676 4323//1676 4325//1676 4351//1676 4350//1676 4339//1676 4324//1676 4322//1676 4352//1676
f 4304//1761 4329//1761 4353//1761 4305//1761
f 4354//1676 4326//1676 4327//1676 4341//1676 4355//1676 4353//1676 4329//1676 4328//1676 4340//1676 4356//1676
f 4302//1675 4356//1675 4340//1675 4202//1675
f 4210//1689 4330//1689 4357//1689 4211//1689
f 4357//1676 4330//1676 4331//1676 4342//1676 4358//1676 4359//1676 4333//1676 4332//1676 4360//1676
f 4275//1762 4333//1762 4359//1762 4194//1762
f 4349//1695 4286//1695 4285//1695 4335//1695
f 4224//1689 4334//1689 4347//1689 4218//1689
f 4206//1530 4205//1530 4304//1530 4241//1530
usemtl Wall_Highlights.005
f 3795//1558 3491//1558 3490//1558
f 3952//1558 3814//1558 3815//1558
f 3730//1542 3955//1542 3727//1542
f 3839//1556 3861//1556 3836//1556
f 3766//1556 3765//1556 3758//1556
f 3834//1763 3596//1763 3781//1763
f 3827//1764 3795//1764 3490//1764 3500//1764
f 3808//1765 3638//1765 3637//1765 3799//1765
f 3823//1562 3955//1562 3730//1562 3819//1562
f 3859//1766 3658//1766 3660//1766 3588//1766
f 3888//1767 3766//1767 3758//1767 3757//1767
f 3938//1768 3834//1768 3781//1768 3850//1768
f 4213//1769 4216//1769 4248//1769 4312//1769
f 4177//1770 4180//1770 4256//1770 4291//1770
f 3805//1771 3808//1771 3799//1771 3798//1771
f 3802//1772 3722//1772 3723//1772 3812//1772
f 3800//1773 3720//1773 3718//1773 3568//1773
f 3801//1774 3800//1774 3568//1774 3567//1774
f 3803//1775 3802//1775 3812//1775 3501//1775
f 3817//1776 3823//1776 3819//1776 3818//1776
f 3825//1777 3505//1777 3733//1777 3820//1777
f 3952//1778 3825//1778 3820//1778 3814//1778
f 3829//1779 3827//1779 3500//1779 3499//1779
f 4283//1780 4292//1780 4316//1780 4284//1780
f 4292//1781 4282//1781 4226//1781 4316//1781
f 4251//1782 4289//1782 4277//1782 4252//1782
f 4289//1783 4288//1783 4287//1783 4277//1783
f 3835//1784 3849//1784 3841//1784 3590//1784
f 3845//1785 3938//1785 3850//1785 3846//1785
f 3839//1786 3856//1786 3857//1786 3861//1786
f 3856//1787 3525//1787 3744//1787 3857//1787
f 3860//1788 3859//1788 3588//1788 3587//1788
f 4299//1789 4295//1789 4296//1789 4175//1789
f 4298//1790 4264//1790 4265//1790 4260//1790
f 4229//1791 4298//1791 4260//1791 4230//1791
f 4236//1792 4299//1792 4175//1792 4174//1792
f 3862//1793 3874//1793 3931//1793 3863//1793
f 3874//1794 3923//1794 3932//1794 3931//1794
f 3877//1795 3750//1795 3543//1795 3542//1795
f 3918//1796 3747//1796 3538//1796 3537//1796
f 3682//1797 3886//1797 3570//1797 3573//1797
f 3885//1798 3888//1798 3757//1798 3883//1798
f 3886//1799 3761//1799 3762//1799 3570//1799
f 3561//1800 3560//1800 3752//1800 3669//1800
f 4293//1801 4197//1801 4269//1801 4310//1801
f 4238//1802 4301//1802 4308//1802 4237//1802
f 4306//1803 4293//1803 4310//1803 4307//1803
f 4301//1804 4303//1804 4309//1804 4308//1804
f 3910//1805 3578//1805 3613//1805 3612//1805
f 3912//1806 3915//1806 3608//1806 3617//1806
f 3915//1807 3602//1807 3609//1807 3608//1807
f 3578//1808 3581//1808 3614//1808 3613//1808
f 4196//1809 4270//1809 4276//1809 4314//1809
f 4193//1810 4196//1810 4314//1810 4313//1810
f 4212//1811 4213//1811 4312//1811 4311//1811
f 3876//1812 3918//1812 3537//1812 3546//1812
f 3880//1813 3877//1813 3542//1813 3541//1813
f 3935//1814 3906//1814 3934//1814 3933//1814
f 3906//1815 3790//1815 3791//1815 3934//1815
f 3849//1816 3782//1816 3585//1816 3841//1816
f 3560//1817 3559//1817 3753//1817 3752//1817
f 3950//1818 3738//1818 3739//1818 3960//1818
f 3651//1819 3513//1819 3959//1819 3649//1819
f 3656//1820 3950//1820 3960//1820 3657//1820
f 3513//1821 3516//1821 3736//1821 3959//1821
f 4217//1822 4177//1822 4291//1822 4290//1822
f 3966//1823 3965//1823 3986//1823 3991//1823
f 3987//1542 3986//1542 3965//1542
f 3988//1824 3987//1824 3965//1824 3972//1824
f 3964//1825 3988//1825 3972//1825 3971//1825
f 3967//1826 3966//1826 3991//1826 3979//1826
f 4002//1827 4025//1827 4013//1827 3999//1827
f 3997//1828 4023//1828 4020//1828 4017//1828
f 3993//1829 4024//1829 4023//1829 3997//1829
f 4022//1830 4021//1830 4025//1830 4002//1830
f 3794//1686 4029//1686 3712//1686
f 3953//1686 3816//1686 4122//1686
f 4095//1678 3728//1678 3954//1678
f 3838//1684 3837//1684 4133//1684
f 4106//1684 3759//1684 3957//1684
f 3833//1831 4111//1831 3597//1831
f 3828//1832 4030//1832 4029//1832 3794//1832
f 3807//1833 4121//1833 4066//1833 3940//1833
f 3822//1689 4125//1689 4095//1689 3954//1689
f 4135//1834 3589//1834 3740//1834 4075//1834
f 4144//1835 3756//1835 3759//1835 4106//1835
f 3937//1836 4129//1836 4111//1836 3833//1836
f 4214//1837 4360//1837 4332//1837 4215//1837
f 4178//1838 4346//1838 4336//1838 4179//1838
f 3806//1839 4116//1839 4121//1839 3807//1839
f 4118//1840 3813//1840 3811//1840 4092//1840
f 4120//1841 3569//1841 3717//1841 4091//1841
f 4119//1842 3566//1842 3569//1842 4120//1842
f 4117//1843 3502//1843 3813//1843 4118//1843
f 3821//1844 4123//1844 4125//1844 3822//1844
f 3826//1845 4124//1845 4097//1845 3506//1845
f 3953//1846 4122//1846 4124//1846 3826//1846
f 3830//1847 4031//1847 4030//1847 3828//1847
f 4344//1848 4320//1848 4315//1848 4345//1848
f 4345//1849 4315//1849 4225//1849 4343//1849
f 4334//1850 4279//1850 4278//1850 4348//1850
f 4348//1851 4278//1851 4286//1851 4349//1851
f 4126//1852 3591//1852 3842//1852 4130//1852
f 3848//1853 4128//1853 4129//1853 3937//1853
f 3838//1854 4133//1854 4132//1854 3855//1854
f 3855//1855 4132//1855 4101//1855 3526//1855
f 4134//1856 3586//1856 3589//1856 4135//1856
f 4351//1857 4176//1857 4297//1857 4350//1857
f 4352//1858 4261//1858 4318//1858 4338//1858
f 4322//1859 4262//1859 4261//1859 4352//1859
f 4325//1860 4173//1860 4176//1860 4351//1860
f 3866//1861 4137//1861 4152//1861 3873//1861
f 3873//1862 4152//1862 4151//1862 3922//1862
f 3878//1863 4040//1863 4039//1863 3879//1863
f 3919//1864 4035//1864 4044//1864 3920//1864
f 4080//1865 3572//1865 3571//1865 4142//1865
f 4141//1866 3882//1866 3756//1866 4144//1866
f 4142//1867 3571//1867 3884//1867 4103//1867
f 4046//1868 3755//1868 3751//1868 4047//1868
f 4294//1869 4355//1869 4341//1869 4198//1869
f 4267//1870 4326//1870 4354//1870 4300//1870
f 4305//1871 4353//1871 4355//1871 4294//1871
f 4300//1872 4354//1872 4356//1872 4302//1872
f 3911//1873 4061//1873 4060//1873 3579//1873
f 3913//1874 4056//1874 4055//1874 3914//1874
f 3914//1875 4055//1875 4064//1875 3603//1875
f 3579//1876 4060//1876 4059//1876 3580//1876
f 4195//1877 4358//1877 4342//1877 4271//1877
f 4194//1878 4359//1878 4358//1878 4195//1878
f 4211//1879 4357//1879 4360//1879 4214//1879
f 3921//1880 4036//1880 4035//1880 3919//1880
f 3881//1881 4041//1881 4040//1881 3878//1881
f 3936//1882 4150//1882 4149//1882 3907//1882
f 3907//1883 4149//1883 4114//1883 3908//1883
f 4130//1884 3842//1884 3584//1884 4112//1884
f 4047//1885 3751//1885 3754//1885 4048//1885
f 3949//1886 4155//1886 4099//1886 3956//1886
f 3948//1887 4071//1887 4154//1887 3514//1887
f 3737//1888 4074//1888 4155//1888 3949//1888
f 3514//1889 4154//1889 4098//1889 3515//1889
f 4218//1890 4347//1890 4346//1890 4178//1890
f 4163//1891 3992//1891 3985//1891 4156//1891
f 3984//1678 4156//1678 3985//1678
f 3989//1892 4157//1892 4156//1892 3984//1892
f 3963//1893 4158//1893 4157//1893 3989//1893
f 4162//1894 3980//1894 3992//1894 4163//1894
f 4001//1895 4000//1895 4166//1895 4170//1895
f 3998//1896 4016//1896 4168//1896 4172//1896
f 3994//1897 3998//1897 4172//1897 4171//1897
f 4026//1898 4001//1898 4170//1898 4169//1898
o Wall_Modular_Cube.004
v 1.031204 4.801557 0.978068
v 1.436793 4.801557 0.978068
v 1.436793 4.820557 0.945027
v 1.031204 4.820557 0.945027
v 0.896437 5.719898 0.907346
v 0.896437 5.719898 0.679834
v 0.880670 5.192621 0.679834
v 0.880670 5.192621 0.907346
v 1.031204 4.451290 0.978068
v 1.436793 4.451290 0.978068
v 1.436793 4.594989 0.978068
v 1.417661 4.703471 0.978068
v 1.219798 5.173621 0.907345
v 1.219798 5.173621 0.679833
v 1.436793 5.173621 0.679833
v 1.436793 5.173621 0.907345
v 1.233846 5.182026 0.862761
v 1.233846 5.182026 0.724417
v 0.639255 5.182025 0.724418
v 0.639255 5.182025 0.862762
v 0.613348 4.944404 0.862762
v 0.613348 4.944404 0.724418
v 0.611451 4.834126 0.724418
v 0.611451 4.834126 0.862762
v 0.467312 5.547903 0.967550
v 0.467312 5.547903 0.619630
v 0.538193 5.547903 0.619630
v 0.538193 5.547903 0.967550
v -0.262524 3.932585 0.967550
v -0.262525 3.932585 0.619630
v 0.266089 3.932585 0.619629
v 0.266089 3.932585 0.967551
v 0.885367 5.908916 0.619630
v 0.885367 5.908916 0.967550
v 0.885367 5.566903 0.967550
v 0.885367 5.566903 0.619630
v -0.190041 5.172174 0.907346
v -0.190041 5.172174 0.679834
v -0.190041 4.833163 0.679834
v -0.190041 4.833163 0.907346
v -0.021069 4.822244 0.907346
v -0.021069 4.822244 0.679834
v 0.585313 4.814163 0.679834
v 0.585313 4.814163 0.907346
v -1.461484 3.951584 0.679834
v -1.433680 3.932585 0.679834
v -1.433680 3.932585 0.907346
v -1.461484 3.951584 0.907346
v -1.398831 5.282846 0.995517
v -1.438739 5.214919 1.003777
v -1.433679 5.072310 1.000591
v -0.954875 5.072310 1.000591
v -0.954875 5.155032 1.000591
v -0.973795 5.196392 1.000591
v -0.954875 5.237752 1.000591
v -0.954875 5.911862 1.000591
v -1.433679 5.911862 1.000591
v -1.416474 5.502523 0.995603
v -0.765710 3.951585 0.907346
v -0.765710 3.951585 0.679834
v -0.765710 4.664076 0.679834
v -0.765710 4.664076 0.907346
v -0.900486 4.685688 0.907346
v -0.900487 4.685688 0.679834
v -1.433680 4.683076 0.679834
v -1.433680 4.683076 0.907346
v -0.793513 4.664076 0.940387
v -0.900486 4.655846 0.940387
v -1.433680 4.664076 0.940387
v -1.433680 3.951584 0.940387
v -1.021921 3.955710 0.940387
v -0.900486 3.965591 0.940387
v -0.793513 3.951585 0.940387
v -1.030172 4.688634 0.868261
v -1.030172 4.688634 0.718919
v -0.636142 4.674672 0.718919
v -0.636142 4.674672 0.868261
v 1.094221 5.930862 0.679833
v 1.094221 5.930862 0.907345
v 1.186551 5.933323 0.907345
v 1.186551 5.933323 0.679833
v -0.608339 4.903018 0.868261
v -0.608339 4.903018 0.718919
v -0.608339 5.042100 0.718919
v -0.608339 5.042100 0.868261
v -0.770406 3.951585 0.619630
v -0.770405 3.951585 0.967550
v -0.770405 4.303163 0.967550
v -0.770406 4.303163 0.619630
v -0.192476 4.770123 0.967550
v -0.192476 4.770123 0.619630
v -0.189663 4.790081 0.619630
v -0.189663 4.790081 0.967550
v -0.162237 4.319561 0.943946
v -0.162237 4.319561 0.643234
v 0.358340 4.319907 0.643234
v 0.358340 4.319907 0.943946
v -0.062778 5.558037 0.679834
v -0.062778 5.558037 0.907346
v 0.013092 5.556577 0.907346
v 0.013092 5.556577 0.679834
v 0.735512 4.319561 0.943946
v 0.735512 4.319561 0.643234
v 0.980416 4.319561 0.643234
v 0.980416 4.319561 0.943946
v 0.735512 4.807474 0.643234
v 0.735512 4.807474 0.943946
v 0.980416 4.817994 0.943946
v 0.980416 4.817994 0.643234
v -0.162237 4.798994 0.976987
v 0.648039 4.798994 0.976987
v 0.648039 4.817994 0.943946
v -0.162237 4.817994 0.943946
v -0.613567 4.871161 0.967550
v -0.613567 4.871161 0.619630
v -0.613567 4.694739 0.619630
v -0.613567 4.694739 0.967550
v 0.857563 5.547903 0.619630
v 0.857564 5.547903 0.967550
v -0.550180 4.913501 1.000591
v -0.585764 4.871161 1.000591
v -0.585764 4.694739 1.000591
v -0.217467 4.694739 1.000591
v -0.217467 4.713605 1.000591
v -0.239366 4.770123 1.000591
v -0.217467 4.790081 1.000591
v -0.217467 5.154684 1.000591
v -0.585764 5.154684 1.000591
v -0.573366 4.947636 1.000591
v -0.217467 4.675740 0.619630
v -0.217467 4.675740 0.967550
v -0.585764 4.675740 0.967550
v -0.585764 4.675740 0.619630
v -0.104876 5.547903 0.869555
v -0.104876 5.547903 0.717625
v 0.071106 5.547903 0.717625
v 0.071106 5.547903 0.869555
v 0.098909 5.908916 0.717625
v 0.098909 5.908916 0.869555
v 0.098909 5.566903 0.869555
v 0.098909 5.566903 0.717625
v 1.436793 4.432290 0.945027
v 1.464596 4.451290 0.945027
v 1.003400 4.451290 0.945028
v 1.031204 4.432290 0.945027
v 0.880670 5.911863 0.907346
v 0.899559 5.924437 0.928765
v 0.908473 5.930862 0.907346
v 1.445707 5.924437 0.928764
v 1.464596 5.911863 0.907345
v 1.436793 5.930863 0.907345
v 0.908473 5.173621 0.907346
v 0.899559 5.180047 0.928765
v 1.464596 5.192621 0.907345
v 1.445707 5.180047 0.928764
v 1.003400 4.801557 0.945028
v 0.611451 5.163026 0.862762
v 0.639255 5.163026 0.895803
v 0.639255 4.815125 0.862762
v 0.653898 4.841631 0.895733
v 0.124221 5.566903 1.000591
v 0.096417 5.566903 0.967550
v 0.124221 5.547903 0.967550
v 0.124221 5.927916 0.967550
v 0.096417 5.908916 0.967550
v 0.124221 5.908916 1.000591
v 0.857564 5.566903 1.000591
v 0.857564 5.927916 0.967550
v 0.857564 5.908916 1.000591
v 0.585313 5.539037 0.940387
v 0.613117 5.539037 0.907346
v 0.585313 5.558037 0.907346
v -0.162237 4.814163 0.907346
v -0.162237 4.833163 0.940387
v 0.613117 4.833163 0.907346
v 0.585313 4.833163 0.940387
v -1.433679 5.930862 0.967550
v -1.461483 5.911862 0.967550
v -0.927071 5.911862 0.967550
v -0.954875 5.930862 0.967550
v -0.793513 3.932585 0.907346
v -0.793513 4.683076 0.907346
v -1.461484 4.664076 0.907346
v -1.461483 5.072310 0.967550
v -1.433679 5.053310 0.967550
v -0.954875 5.053310 0.967550
v -0.927071 5.072310 0.967550
v -1.435969 4.674672 0.868261
v -1.435969 4.693672 0.901302
v -1.463773 4.693672 0.868261
v -0.608339 4.693672 0.868261
v -0.636142 4.693672 0.901302
v -0.636142 5.061100 0.868261
v -0.636142 5.042100 0.901302
v 0.266089 4.303163 1.000591
v 0.293893 4.303163 0.967550
v 0.266089 4.322163 0.967550
v 0.293893 3.951585 0.967551
v 0.266089 3.951585 1.000591
v -0.742602 4.322163 0.967550
v -0.742602 4.303163 1.000591
v -0.742602 3.932585 0.967550
v -0.742602 3.951585 1.000591
v 0.980416 4.338561 0.976987
v 1.008219 4.338561 0.943946
v -0.195224 4.338561 0.943946
v -0.162237 4.338561 0.976987
v -0.195224 4.798994 0.943946
v -0.585764 5.173684 0.967550
v -0.613567 5.154684 0.967550
v -0.189663 5.154684 0.967550
v -0.217467 5.173684 0.967550
v -0.189663 4.694739 0.967550
v -0.906777 5.566903 0.902596
v -0.934581 5.566903 0.869555
v -0.906777 5.547903 0.869555
v -0.906777 5.927916 0.869555
v -0.934581 5.908916 0.869555
v -0.906777 5.908916 0.902596
v 0.071106 5.566903 0.902596
v 0.071106 5.927916 0.869555
v 0.071106 5.908916 0.902596
v 1.031204 4.820557 0.642151
v 1.436793 4.820557 0.642151
v 1.031204 4.432290 0.642151
v 1.436793 4.432290 0.642151
v 1.003400 4.801557 0.642152
v 1.464596 4.451290 0.642151
v 1.225272 5.930863 0.679833
v 1.225272 5.930863 0.907345
v 1.436793 5.930863 0.679833
v 1.226652 5.924437 0.928764
v 0.908473 5.173621 0.679834
v 1.081815 5.180047 0.928764
v 1.085418 5.173621 0.907345
v 0.915887 5.725633 0.928765
v 1.466885 4.890733 0.724417
v 1.466885 4.890733 0.862761
v 1.466885 4.834126 0.862761
v 1.466885 4.834126 0.724417
v 1.405691 4.901317 0.895802
v 1.439081 4.834126 0.895802
v 0.611451 5.163026 0.724418
v 0.663221 4.948090 0.895824
v 1.233846 5.163026 0.895802
v 0.096417 5.908916 0.619630
v 0.096417 5.566903 0.619630
v 0.538193 5.566903 1.000591
v 0.857563 5.927916 0.619630
v 0.592305 5.927916 0.967550
v 0.592305 5.908916 1.000591
v 0.585313 5.558037 0.679834
v -0.162237 4.814163 0.679834
v -0.062778 4.833163 0.940387
v -0.062778 4.814163 0.907346
v -0.162237 5.172174 0.940387
v 0.613117 5.322993 0.907346
v 0.585313 5.322993 0.940387
v -1.461483 5.224850 0.967550
v -0.954875 5.053310 0.619630
v -0.927071 5.072310 0.619630
v -0.927071 5.237752 0.967550
v -0.900486 3.934083 0.679834
v -0.900486 3.934083 0.907346
v -1.021921 3.933620 0.907346
v -1.021921 3.933620 0.679834
v -0.793513 3.932585 0.679834
v -1.452735 4.808204 0.718919
v -1.452735 4.808204 0.868261
v -1.463773 5.042100 0.868261
v -1.463773 5.042100 0.718919
v -0.608339 4.693672 0.718919
v -0.636142 4.823865 0.901302
v -0.608339 4.823865 0.868261
v -1.030172 4.707634 0.901302
v -1.295656 5.061100 0.868261
v -1.435969 5.061100 0.868261
v -1.435969 5.042100 0.901302
v -1.295656 5.042100 0.901302
v 0.293893 4.303163 0.619630
v 0.266089 4.322163 0.619630
v -0.294566 4.322163 0.967550
v -0.294566 4.303163 1.000591
v 0.293893 3.951585 0.619629
v -0.262524 3.951585 1.000591
v -0.189663 5.154684 0.619630
v -0.195224 4.427356 0.943946
v -0.162237 4.427356 0.976987
v -0.195224 4.427356 0.643234
v -0.195224 4.338561 0.643234
v 1.008219 4.338561 0.643234
v 0.735512 4.777350 0.976987
v 0.980416 4.798994 0.976987
v 0.358341 4.341233 0.976987
v -0.217467 5.173684 0.619630
v -0.585764 5.173684 0.619630
v -0.189663 4.694739 0.619630
v -0.934581 5.908916 0.717625
v -0.934581 5.566903 0.717625
v -0.104876 5.566903 0.902596
v 0.071106 5.927916 0.717625
v -0.811060 5.927916 0.869555
v -0.811060 5.908916 0.902596
v 0.613116 5.322993 0.679834
v 0.613116 5.539037 0.679834
v 1.464596 4.801557 0.642151
v 1.464596 4.801557 0.945027
v 0.880670 5.837503 0.907346
v 0.899559 5.847429 0.928765
v 1.445707 5.725633 0.928764
v 1.412584 5.847429 0.928764
v 1.186551 5.905840 0.928764
v 1.090932 5.924437 0.928764
v 1.121916 5.199419 0.928764
v 1.220982 5.180047 0.928764
v 1.464596 5.192621 0.679833
v 1.464596 5.719898 0.907345
v 1.464596 5.719898 0.679833
v 1.464031 5.837504 0.679833
v 1.464031 5.837504 0.907345
v 0.880670 5.911863 0.679834
v 0.880670 5.837503 0.679834
v 1.085418 5.173621 0.679833
v 1.124141 5.177216 0.907345
v 1.124141 5.177216 0.679833
v 1.439081 5.163026 0.895802
v 1.466885 5.163026 0.862761
v 1.466885 5.163026 0.724417
v 1.233846 4.821853 0.862761
v 1.233846 4.853580 0.895802
v 1.324248 4.834126 0.895802
v 1.324248 5.145817 0.895802
v 1.233846 4.821853 0.724417
v 1.324248 4.815125 0.724417
v 1.324248 4.815125 0.862761
v 0.639255 4.815125 0.724418
v 1.324248 5.172538 0.862761
v 1.324248 5.172538 0.724417
v 1.464942 4.703471 0.945027
v 1.464942 4.703471 0.642151
v 1.464596 4.594989 0.945027
v 1.464596 4.594989 0.642151
v -0.162237 4.817994 0.643234
v -0.195224 4.798994 0.643234
v 1.004884 4.799538 0.643234
v 1.004884 4.799538 0.943946
v 0.735512 4.338561 0.976987
v -0.162237 5.558037 0.907346
v -0.162237 5.558037 0.679834
v -0.190041 5.539037 0.679834
v -0.190041 5.539037 0.907346
v 0.648039 4.817994 0.643234
v 0.648039 4.320254 0.943946
v 0.648039 4.320254 0.643234
v -0.195224 4.594613 0.943946
v -0.137011 4.594613 0.976987
v 1.008219 4.544798 0.943946
v 0.980416 4.544798 0.976987
v -0.195224 4.594613 0.643234
v 1.008219 4.544798 0.643234
v 0.648039 4.357266 0.976987
v 0.950853 4.611852 0.976987
v 0.613117 5.278172 0.907346
v 0.585313 5.278172 0.940387
v 0.613116 4.833163 0.679834
v 0.613116 5.278172 0.679834
v -0.189663 5.266378 0.679834
v -0.189663 5.266378 0.907346
v -0.137273 5.266378 0.940387
v -0.021069 4.841244 0.940387
v 0.013092 5.520182 0.940387
v -0.062778 5.539037 0.940387
v -0.162237 5.539037 0.940387
v -0.104876 5.927916 0.869555
v -0.104876 5.908916 0.902596
v -0.206016 5.547903 0.869555
v -0.206016 5.566903 0.902596
v -0.104876 5.927916 0.717625
v -0.206016 5.547903 0.717625
v -0.272810 5.547903 0.869555
v -0.272810 5.566903 0.902596
v -0.272810 5.547903 0.717625
v -0.750075 5.547903 0.869555
v -0.750075 5.566903 0.902596
v -0.206016 5.924880 0.717625
v -0.206016 5.924880 0.869555
v -0.750075 5.547903 0.717625
v -1.448326 5.495887 0.980862
v -0.945992 5.196392 0.967550
v -0.945992 5.196392 0.619630
v -0.927071 5.237752 0.619630
v -0.927071 5.155032 0.967550
v -0.927071 5.155032 0.619630
v -1.463773 4.848415 0.718919
v -1.463773 4.848415 0.868261
v -0.608339 4.823865 0.718919
v -1.441872 4.842828 0.902876
v -0.664480 4.914158 0.895302
v -1.169856 5.038509 0.901302
v -1.413125 4.821559 0.897374
v -1.155973 4.693672 0.901302
v -1.169856 5.057509 0.868261
v -1.155973 4.674672 0.868261
v -1.463773 4.693672 0.718919
v -0.636142 5.061100 0.718919
v -1.169856 5.057509 0.718919
v -1.295656 5.061100 0.718919
v -1.435969 4.674672 0.718919
v -1.155973 4.674672 0.718919
v -0.349750 3.932763 0.967550
v -0.349750 3.967747 1.000591
v -0.207340 4.319335 0.967550
v -0.207340 4.294543 1.000591
v -0.207340 4.319335 0.619630
v -0.742602 3.932585 0.619630
v -0.349750 3.932763 0.619630
v -0.294566 4.322163 0.619630
v -0.780569 5.928093 0.869555
v -0.780569 5.928093 0.717625
v -0.811060 5.927916 0.717625
v -0.742602 4.322163 0.619630
v -0.189663 4.713605 0.967550
v -0.189663 4.713605 0.619630
v -0.607790 4.947636 0.967550
v -0.607790 4.947636 0.619630
v -0.607790 4.927678 0.619630
v -0.607790 4.927678 0.967550
v -0.613567 5.154684 0.619630
v -0.062778 4.814163 0.679834
v -1.454315 5.266211 0.967550
v -1.454315 5.266211 0.619630
v -1.461483 5.224850 0.619630
v -1.448326 5.495887 0.606318
v -0.272811 5.927916 0.717625
v -0.272810 5.927916 0.869555
v -0.906777 5.547903 0.717625
v -0.811060 5.547903 0.717625
v -0.811060 5.547903 0.869555
v -0.780569 5.547903 0.717625
v -0.780569 5.547903 0.869555
v -0.811060 5.566903 0.902596
v -0.780568 5.566903 0.902596
v -0.206016 5.885643 0.902596
v -0.272810 5.908916 0.902596
v -0.750075 5.908916 0.902596
v -0.780568 5.897243 0.902596
v -0.750075 5.927916 0.869555
v -0.750075 5.927916 0.717625
v 1.004363 4.611309 0.643234
v 1.004363 4.611309 0.943946
v 0.908473 5.930862 0.679834
v 1.464596 5.911863 0.679833
v -0.927071 5.911862 0.619630
v -0.954875 5.930862 0.619630
v -1.433679 5.930862 0.619630
v -1.461483 5.911862 0.619630
v -0.793513 4.683076 0.679834
v -0.906777 5.927916 0.717625
v 0.124221 5.927916 0.619630
v 0.124221 5.547903 0.619630
v 0.663186 5.927916 0.619630
v 0.663186 5.927916 0.967550
v 1.003400 4.451290 0.642152
v 1.439081 5.182026 0.862761
v 1.439081 5.182026 0.724417
v 1.439081 4.815125 0.724417
v 1.439081 4.815125 0.862761
v 0.592305 5.927916 0.619630
v -1.435969 5.061100 0.718919
v -1.461484 4.664076 0.679834
v 0.467312 5.578537 1.000591
v 0.663186 5.890231 1.000591
v 1.025337 3.935049 0.979585
v 1.025337 3.935049 0.607594
v 1.140725 3.935049 0.607594
v 1.140725 3.935049 0.979584
v 1.443003 3.954049 1.012625
v 1.416644 4.000932 1.012625
v 1.443003 4.053957 1.012625
v 1.443003 4.415670 1.012625
v 1.025337 4.415669 1.012625
v 1.025337 3.954049 1.012625
v 1.140725 3.954049 1.012625
v 1.299470 3.967122 1.012625
v 0.997534 3.954049 0.979585
v 1.025337 4.434669 0.979585
v 0.997534 4.415669 0.979585
v 1.470807 4.415670 0.979584
v 1.443003 4.434669 0.979584
v 1.470807 4.415670 0.607594
v 1.470807 4.053957 0.979584
v 1.470807 4.053957 0.607594
v 0.997534 4.415669 0.607594
v 0.997534 3.954049 0.607594
v 1.443003 4.434669 0.607594
v 1.443003 3.935049 0.607594
v 1.470807 3.954049 0.607594
v 1.470807 3.954049 0.979584
v 1.443003 3.935049 0.979584
v 1.299470 3.934812 0.979584
v 1.299470 3.934812 0.607594
v 1.025337 4.434669 0.607594
v 1.470807 4.000932 0.979584
v 1.470807 4.000932 0.607594
v -0.307437 5.174282 0.899750
v -0.307438 5.174282 0.687430
v -0.208469 5.172573 0.687430
v -0.208469 5.172573 0.899750
v -0.386730 5.175011 0.899750
v -0.386730 5.175011 0.687430
v -0.208469 5.549593 0.899750
v -0.208469 5.549593 0.687430
v -0.272061 5.550290 0.687430
v -0.272061 5.550290 0.899750
v -0.187278 5.191573 0.687430
v -0.187278 5.530593 0.687430
v -0.187278 5.530593 0.899750
v -0.187278 5.191573 0.899750
v -0.584791 5.530593 0.932791
v -0.584791 5.549593 0.899750
v -0.612594 5.530593 0.899750
v -0.584791 5.172573 0.899750
v -0.584791 5.191573 0.932791
v -0.612594 5.191573 0.899750
v -0.208469 5.530593 0.932791
v -0.208469 5.191573 0.932791
v -0.584791 5.172573 0.687430
v -0.439610 5.172573 0.687430
v -0.439610 5.172573 0.899750
v -0.612594 5.530593 0.687430
v -0.612594 5.191573 0.687430
v -0.439610 5.191573 0.932791
v -0.324942 5.530593 0.932791
v -0.324942 5.549593 0.899750
v -0.386730 5.213121 0.932791
v -0.307437 5.191087 0.932791
v -0.272061 5.518742 0.932791
v -0.324942 5.549593 0.687430
v -0.584791 5.549593 0.687430
v 1.031204 4.801557 0.609110
v 1.436793 4.801557 0.609110
v 1.417661 4.703471 0.609110
v 1.436793 4.594989 0.609110
v 1.436793 4.451290 0.609110
v 1.031204 4.451290 0.609110
v -1.461483 5.072310 0.619630
v -1.398831 5.282846 0.591663
v -1.416475 5.502523 0.591577
v -1.433679 5.911862 0.586589
v -0.954875 5.911862 0.586589
v -0.954875 5.237752 0.586589
v -0.973796 5.196392 0.586589
v -0.954875 5.155032 0.586589
v -0.954875 5.072310 0.586589
v -1.433679 5.072310 0.586589
v -1.438739 5.214919 0.583403
v -0.793513 4.664076 0.646793
v -0.793513 3.951585 0.646793
v -0.900486 3.965591 0.646793
v -1.021921 3.955710 0.646793
v -1.433680 3.951584 0.646793
v -1.433680 4.664076 0.646793
v -0.900487 4.655846 0.646793
v -1.433679 5.053310 0.619630
v -0.162237 4.798994 0.610193
v 0.648039 4.798994 0.610193
v -0.550180 4.913501 0.586589
v -0.573366 4.947636 0.586589
v -0.585764 5.154684 0.586589
v -0.217467 5.154684 0.586589
v -0.217467 4.790081 0.586589
v -0.239366 4.770123 0.586589
v -0.217467 4.713605 0.586589
v -0.217467 4.694739 0.586589
v -0.585764 4.694739 0.586589
v -0.585764 4.871161 0.586589
v 0.899558 5.924437 0.658415
v 1.445707 5.924437 0.658414
v 0.899558 5.180047 0.658415
v 1.445707 5.180047 0.658414
v 0.639255 5.163026 0.691377
v 0.653898 4.841631 0.691447
v 0.124221 5.566903 0.586589
v 0.124221 5.908916 0.586589
v 0.857563 5.566903 0.586589
v 0.857563 5.908916 0.586589
v 0.585313 5.539037 0.646793
v -0.162237 4.833163 0.646793
v 0.585313 4.833163 0.646793
v -1.435969 4.693672 0.685878
v -0.636142 4.693672 0.685878
v -0.636142 5.042100 0.685878
v 0.266089 4.303163 0.586589
v 0.266089 3.951585 0.586589
v -0.742602 4.303163 0.586589
v -0.742602 3.951585 0.586589
v 0.980416 4.338561 0.610193
v -0.162237 4.338561 0.610193
v -0.906778 5.566903 0.684584
v -0.906778 5.908916 0.684584
v 0.071106 5.566903 0.684584
v 0.071106 5.908916 0.684584
v 1.226652 5.924437 0.658414
v 1.081815 5.180047 0.658414
v 0.915886 5.725633 0.658415
v 1.405691 4.901317 0.691376
v 1.439081 4.834126 0.691376
v 0.663221 4.948090 0.691356
v 1.233846 5.163026 0.691376
v 0.538193 5.566903 0.586589
v 0.592305 5.908916 0.586589
v -0.062778 4.833163 0.646793
v -0.162237 5.172174 0.646793
v 0.585313 5.322993 0.646793
v -0.636142 4.823865 0.685878
v -1.030172 4.707634 0.685878
v -1.295656 5.042100 0.685878
v -1.435969 5.042100 0.685878
v -0.294566 4.303163 0.586589
v -0.262525 3.951585 0.586589
v -0.162237 4.427356 0.610193
v 0.735512 4.777350 0.610193
v 0.980416 4.798994 0.610193
v 0.358341 4.341233 0.610193
v -0.104876 5.566903 0.684584
v -0.811060 5.908916 0.684584
v 0.899558 5.847429 0.658415
v 1.445707 5.725633 0.658414
v 1.220982 5.180047 0.658414
v 1.121916 5.199419 0.658414
v 1.090932 5.924437 0.658414
v 1.186551 5.905840 0.658414
v 1.412584 5.847429 0.658414
v 1.439081 5.163026 0.691376
v 1.233846 4.853580 0.691376
v 1.324248 5.145817 0.691376
v 1.324248 4.834126 0.691376
v 0.735512 4.338561 0.610193
v -0.137011 4.594613 0.610193
v 0.980416 4.544798 0.610193
v 0.950853 4.611852 0.610193
v 0.648039 4.357266 0.610193
v 0.585313 5.278172 0.646793
v -0.137273 5.266378 0.646793
v -0.162237 5.539037 0.646793
v -0.062778 5.539037 0.646793
v 0.013092 5.520182 0.646793
v -0.021069 4.841244 0.646793
v -0.104876 5.908916 0.684584
v -0.206016 5.566903 0.684584
v -0.272810 5.566903 0.684584
v -0.750075 5.566903 0.684584
v -1.441872 4.842828 0.684304
v -0.664480 4.914158 0.691878
v -1.155973 4.693672 0.685878
v -1.413125 4.821559 0.689806
v -1.169856 5.038509 0.685878
v -0.349750 3.967747 0.586589
v -0.207340 4.294543 0.586589
v -0.811060 5.566903 0.684584
v -0.780569 5.897243 0.684584
v -0.750075 5.908916 0.684584
v -0.272810 5.908916 0.684584
v -0.206016 5.885643 0.684584
v -0.780569 5.566903 0.684584
v 0.467312 5.578537 0.586589
v 0.663186 5.890231 0.586589
v 1.443003 3.954049 0.574553
v 1.299470 3.967122 0.574553
v 1.140725 3.954049 0.574553
v 1.025337 3.954049 0.574553
v 1.025337 4.415669 0.574553
v 1.443003 4.415670 0.574553
v 1.443003 4.053957 0.574553
v 1.416644 4.000932 0.574553
v -0.584791 5.530593 0.654389
v -0.584791 5.191573 0.654389
v -0.208469 5.530593 0.654389
v -0.208469 5.191573 0.654389
v -0.439610 5.191573 0.654389
v -0.324942 5.530593 0.654389
v -0.272061 5.518742 0.654389
v -0.307438 5.191087 0.654389
v -0.386730 5.213121 0.654389
v 0.885367 5.539236 0.713691
v 0.885367 5.539236 0.873489
v 0.885367 5.456829 0.873489
v 0.885367 5.456829 0.713691
v 0.788874 3.936481 0.944360
v 0.788874 3.936481 0.642820
v 0.978144 3.936481 0.642820
v 0.978145 3.936481 0.944360
v 0.636713 5.177239 0.873489
v 0.636713 5.177239 0.713691
v 0.857564 5.177239 0.713691
v 0.857564 5.177239 0.873489
v -0.185640 4.330830 0.868285
v -0.185640 4.330830 0.718895
v -0.185641 4.660458 0.718895
v -0.185640 4.660458 0.868285
v 0.885367 5.287320 0.713691
v 0.885367 5.287320 0.873489
v 0.885367 5.196239 0.873489
v 0.885367 5.196239 0.713691
v -0.729211 5.548580 0.944360
v -0.729211 5.548580 0.642820
v -0.808502 5.547852 0.642820
v -0.808502 5.547852 0.944360
v -0.474567 4.311830 0.868285
v -0.474567 4.311830 0.718895
v -0.213444 4.311830 0.718895
v -0.213444 4.311830 0.868285
v -0.666974 4.679458 0.868285
v -0.666974 4.679458 0.718895
v -0.742602 4.679458 0.718895
v -0.742602 4.679458 0.868285
v -0.770405 4.330830 0.718894
v -0.770405 4.330830 0.868286
v -0.770406 4.660458 0.868285
v -0.770406 4.660458 0.718895
v -0.906777 5.060791 0.944359
v -0.906777 5.060791 0.642821
v -0.746714 5.060791 0.642821
v -0.746714 5.060791 0.944359
v -0.693833 5.060094 0.944359
v -0.693833 5.060094 0.642821
v -0.630241 5.060791 0.642820
v -0.630241 5.060791 0.944360
v 0.588705 3.936481 0.944360
v 0.588705 3.936481 0.642820
v -0.609052 5.531290 0.642820
v -0.609051 5.531290 0.944360
v -0.609051 5.079791 0.944360
v -0.609052 5.079791 0.642820
v 0.319772 3.936481 0.944360
v 0.319772 3.936481 0.642820
v 1.005948 4.144547 0.642820
v 1.005948 4.144547 0.944360
v 1.005948 3.955481 0.944360
v 1.005948 3.955481 0.642820
v 0.636713 5.196239 0.906530
v 0.608909 5.196239 0.873489
v 0.636713 5.558236 0.873489
v 0.608909 5.539236 0.873489
v 0.636713 5.539236 0.906530
v 0.857564 5.196239 0.906530
v 0.857564 5.558236 0.873489
v 0.857564 5.539236 0.906530
v -0.213444 4.660458 0.901326
v -0.213444 4.679458 0.868285
v -0.213444 4.330830 0.901326
v -0.742602 4.660458 0.901326
v -0.742602 4.311830 0.868286
v -0.742602 4.330830 0.901326
v -0.906777 5.079791 0.977400
v -0.934581 5.079791 0.944359
v -0.906777 5.550290 0.944359
v -0.934581 5.531290 0.944359
v -0.906777 5.531290 0.977400
v -0.630241 5.079791 0.977400
v -0.630241 5.550290 0.944360
v -0.630241 5.531290 0.977401
v 0.319772 3.955481 0.977400
v 0.291968 3.955481 0.944360
v 0.319772 4.322864 0.944360
v 0.291968 4.303864 0.944360
v 0.319772 4.303864 0.977401
v 0.978145 3.955481 0.977401
v 1.005948 4.303864 0.944360
v 0.978145 4.322864 0.944360
v 0.978145 4.303864 0.977401
v 0.608909 5.287320 0.873489
v 0.608909 5.287320 0.713691
v 0.608909 5.196239 0.713691
v 0.857564 5.558236 0.713691
v 0.636713 5.361053 0.906530
v 0.608909 5.361053 0.873489
v 0.839259 5.258132 0.906530
v -0.213444 4.679458 0.718895
v -0.666973 4.660458 0.901326
v -0.474567 4.330830 0.901326
v -0.861383 5.550290 0.944360
v -0.861383 5.550290 0.642820
v -0.906778 5.550290 0.642821
v -0.934581 5.531290 0.642821
v -0.934581 5.079791 0.642821
v -0.630241 5.550290 0.642820
v -0.861383 5.531290 0.977400
v 0.298435 4.088879 0.944360
v 0.298435 4.088879 0.642820
v 0.291968 3.955481 0.642820
v 1.005948 4.303864 0.642820
v 0.978144 4.322864 0.642820
v 0.978145 4.144547 0.977401
v 0.978145 4.226135 0.977401
v 1.005948 4.226135 0.944360
v 0.291968 4.303864 0.642820
v 0.291968 4.129673 0.642820
v 0.291968 4.129673 0.944360
v 0.319772 4.129673 0.977401
v 0.339480 4.088879 0.977401
v 0.588705 3.955481 0.977401
v 0.788874 3.972193 0.977401
v 0.942670 4.185341 0.977401
v -0.561608 4.323112 0.868285
v -0.561608 4.323112 0.718895
v 0.857564 5.361053 0.906530
v 0.885367 5.361053 0.873489
v 0.885367 5.361053 0.713691
v 0.647695 5.298995 0.906530
v 0.835597 5.456829 0.906530
v -0.404930 4.674510 0.718895
v -0.404930 4.674510 0.868285
v -0.561608 4.679458 0.718895
v -0.561608 4.679458 0.868285
v -0.742602 4.311830 0.718894
v -0.747122 4.311830 0.718895
v -0.747122 4.311830 0.868285
v -0.747122 4.330830 0.901326
v -0.404930 4.642499 0.901326
v -0.561608 4.660458 0.901326
v -0.561608 4.360459 0.901326
v -0.746714 5.079791 0.977400
v -0.693833 5.091642 0.977400
v -0.729211 5.531775 0.977400
v -0.808502 5.509740 0.977400
v 1.002691 4.185341 0.642820
v 1.002691 4.185341 0.944360
v 0.608909 5.539236 0.713691
v 0.608909 5.361053 0.713691
v 0.636713 5.558236 0.713691
v 1.005948 4.226135 0.642820
v 0.319772 4.322864 0.642820
v 0.636713 5.196239 0.680650
v 0.636713 5.539236 0.680650
v 0.857564 5.196239 0.680650
v 0.857563 5.539236 0.680650
v -0.213444 4.660458 0.685854
v -0.213444 4.330830 0.685854
v -0.742602 4.660458 0.685854
v -0.742602 4.330830 0.685854
v -0.906777 5.079791 0.609780
v -0.906778 5.531290 0.609780
v -0.630241 5.079791 0.609780
v -0.630241 5.531290 0.609779
v 0.319772 3.955481 0.609780
v 0.319772 4.303864 0.609779
v 0.978144 3.955481 0.609779
v 0.978144 4.303864 0.609779
v 0.636713 5.361053 0.680650
v 0.839258 5.258132 0.680650
v -0.666974 4.660458 0.685854
v -0.474567 4.330830 0.685854
v -0.861383 5.531290 0.609780
v 0.978144 4.144547 0.609779
v 0.978144 4.226135 0.609779
v 0.942670 4.185341 0.609779
v 0.788874 3.972193 0.609779
v 0.588705 3.955481 0.609779
v 0.339480 4.088879 0.609779
v 0.319772 4.129673 0.609779
v 0.857563 5.361053 0.680650
v 0.835597 5.456829 0.680650
v 0.647695 5.298995 0.680650
v -0.747122 4.330830 0.685854
v -0.404930 4.642499 0.685854
v -0.561608 4.360459 0.685854
v -0.561608 4.660458 0.685854
v -0.746714 5.079791 0.609780
v -0.808502 5.509740 0.609780
v -0.729211 5.531775 0.609780
v -0.693833 5.091642 0.609780
vn 0.0000 0.8669 0.4985
vn -0.9996 0.0299 0.0000
vn 0.0000 0.0000 1.0000
vn 0.0000 -1.0000 0.0000
vn -0.0000 1.0000 0.0000
vn -0.9999 0.0172 0.0000
vn -0.0010 -1.0000 0.0000
vn 1.0000 0.0000 -0.0000
vn -1.0000 0.0020 0.0000
vn -1.0000 -0.0000 0.0000
vn -0.0133 -0.9999 0.0000
vn -0.5642 -0.8256 0.0000
vn -0.0050 -0.0002 1.0000
vn -0.0049 1.0000 -0.0000
vn -0.0354 -0.9994 0.0000
vn -0.0266 0.9996 0.0000
vn 0.9902 -0.1395 -0.0000
vn 0.0007 -1.0000 -0.0000
vn 0.0009 -1.0000 -0.0000
vn 0.0192 0.9998 -0.0000
vn -0.0040 -1.0000 -0.0000
vn -0.0429 0.9991 -0.0000
vn 0.5642 -0.8256 -0.0000
vn 0.5097 -0.7458 0.4289
vn -0.5097 -0.7458 0.4289
vn -0.5637 0.8259 0.0099
vn -0.5642 0.8256 0.0129
vn -0.5645 0.8254 0.0109
vn 0.5642 0.8256 0.0129
vn 0.5637 0.8259 0.0099
vn 0.5645 0.8254 0.0109
vn -0.5637 -0.8259 0.0099
vn -0.5645 -0.8254 0.0108
vn -0.5642 -0.8256 0.0129
vn 0.5637 -0.8259 0.0099
vn 0.5642 -0.8256 0.0129
vn 0.5645 -0.8254 0.0109
vn -0.5097 0.7458 0.4289
vn -0.5097 0.7459 0.4289
vn -0.4164 -0.6093 0.6748
vn 0.5097 0.7458 0.4289
vn -0.4467 -0.7756 0.4460
vn -0.4467 0.7756 0.4460
vn -0.5097 -0.7459 0.4289
vn -0.5642 0.8256 0.0000
vn 0.0000 -0.8669 0.4985
vn 0.0000 0.9578 0.2874
vn -0.5637 -0.8259 -0.0099
vn -0.5645 -0.8254 -0.0108
vn 0.0000 -0.9578 0.2874
vn -0.7432 0.0222 0.6687
vn 0.6006 0.1620 0.7830
vn -0.6465 -0.0385 0.7619
vn 0.5642 0.8256 -0.0000
vn -0.7651 -0.0000 0.6439
vn 0.7651 0.0000 0.6439
vn -0.0026 1.0000 -0.0000
vn -0.8090 -0.0202 0.5875
vn 0.0038 -1.0000 0.0000
vn 0.0032 -1.0000 0.0000
vn 0.0053 -0.8492 0.5280
vn -0.0140 -0.9999 -0.0000
vn -0.0211 0.8040 0.5943
vn -0.9989 -0.0471 0.0000
vn -0.0307 -0.8665 0.4983
vn -0.7077 0.0000 0.7065
vn -0.0526 0.8014 0.5958
vn 0.0025 -0.8536 0.5209
vn -0.7500 0.0000 0.6614
vn 0.5645 -0.8254 -0.0109
vn 0.5637 -0.8259 -0.0099
vn 1.0000 0.0024 0.0000
vn 1.0000 -0.0014 0.0000
vn 0.7500 0.0000 0.6614
vn -0.7238 -0.0970 0.6832
vn 0.0000 -0.9578 0.2873
vn 0.0634 0.9980 0.0000
vn -0.0376 -0.9993 0.0000
vn -0.5839 0.0299 0.8113
vn 0.5929 -0.0371 0.8044
vn 0.0119 -0.7512 0.6600
vn 0.0000 -0.0001 1.0000
vn -1.0000 -0.0087 0.0000
vn -0.0742 -0.9972 0.0000
vn 0.0113 -0.9999 0.0000
vn 0.1044 0.9945 0.0000
vn 1.0000 0.0002 0.0000
vn 1.0000 0.0035 0.0000
vn 1.0000 -0.0016 0.0000
vn -0.4991 0.8665 0.0000
vn 0.6022 0.7984 0.0000
vn -0.4991 -0.8665 0.0000
vn 0.1460 0.7939 0.5902
vn 0.1194 0.9928 0.0000
vn -0.0034 -1.0000 -0.0000
vn -0.5862 0.0442 0.8090
vn -0.5864 -0.0362 0.8092
vn -1.0000 -0.0014 0.0000
vn -1.0000 0.0013 0.0000
vn 0.1656 -0.8549 0.4916
vn -0.0116 -0.8668 0.4985
vn -0.0300 0.9995 0.0000
vn -0.6241 -0.0151 0.7812
vn 0.9094 -0.4160 -0.0000
vn 0.9643 0.2647 0.0000
vn -0.8065 -0.0187 0.5910
vn 0.0014 -0.0000 1.0000
vn -0.0058 0.8669 0.4985
vn 0.0247 0.8666 0.4984
vn 0.0958 -0.8629 0.4962
vn -0.0067 1.0000 0.0000
vn 0.0285 0.9996 0.0000
vn 0.0042 0.8042 0.5944
vn -0.0723 -0.7724 0.6310
vn -0.0101 0.8335 0.5524
vn -0.0060 1.0000 -0.0000
vn 0.0005 -1.0000 0.0000
vn -0.0008 -1.0000 0.0000
vn 0.0324 0.9995 -0.0000
vn 0.0161 -0.7743 0.6326
vn 0.0546 0.8323 0.5516
vn -0.0058 1.0000 0.0000
vn -0.0029 1.0000 0.0000
vn 0.9988 0.0497 -0.0000
vn -0.9948 0.1017 0.0000
vn -0.7277 -0.0319 0.6852
vn -0.9996 -0.0279 0.0000
vn 0.0025 -1.0000 0.0000
vn 0.1902 -0.9817 -0.0000
vn -0.9853 0.1707 0.0000
vn -0.9997 0.0261 0.0000
vn 0.0454 0.9990 0.0000
vn 0.0029 1.0000 -0.0000
vn 0.0058 1.0000 0.0000
vn 0.9983 0.0579 0.0000
vn 0.0924 -0.9957 0.0000
vn -0.9911 -0.1329 0.0000
vn 0.5637 0.8259 -0.0099
vn 0.5645 0.8254 -0.0109
vn -0.5645 0.8254 -0.0109
vn -0.5637 0.8259 -0.0099
vn 1.0000 -0.0076 0.0000
vn -0.0823 0.9966 0.0000
vn 1.0000 -0.0028 0.0000
vn 0.0244 0.9997 -0.0000
vn -0.0007 -1.0000 0.0000
vn 0.0001 -1.0000 0.0000
vn 0.0017 -1.0000 0.0000
vn -0.0132 -0.9999 -0.0000
vn -0.0173 -0.9999 -0.0000
vn -0.0092 -1.0000 -0.0000
vn 0.0109 0.9999 -0.0000
vn 0.6137 0.6845 0.3936
vn 0.6137 -0.6844 0.3936
vn 0.6676 -0.7445 -0.0000
vn 0.8418 0.0000 0.5399
vn 0.6676 0.7445 0.0000
vn 0.0461 -0.9989 -0.0000
vn -0.0054 -0.8792 0.4764
vn -0.0132 0.9999 -0.0000
vn -0.0000 0.8669 -0.4985
vn -0.0000 0.0000 -1.0000
vn -0.0050 -0.0002 -1.0000
vn 0.5097 -0.7458 -0.4289
vn -0.5097 -0.7458 -0.4289
vn -0.5642 0.8256 -0.0129
vn 0.5642 0.8256 -0.0129
vn -0.5642 -0.8256 -0.0129
vn 0.5642 -0.8256 -0.0129
vn -0.5097 0.7458 -0.4289
vn -0.4164 -0.6093 -0.6748
vn 0.5097 0.7458 -0.4289
vn -0.4467 -0.7756 -0.4460
vn -0.4467 0.7756 -0.4460
vn -0.5097 -0.7459 -0.4289
vn 0.5097 -0.7459 -0.4289
vn -0.0000 -0.8669 -0.4985
vn 0.0000 0.9578 -0.2874
vn 0.0000 -0.9578 -0.2874
vn -0.7432 0.0222 -0.6687
vn 0.6006 0.1620 -0.7830
vn -0.6465 -0.0385 -0.7619
vn -0.7651 -0.0000 -0.6439
vn 0.7651 0.0000 -0.6439
vn -0.8090 -0.0202 -0.5875
vn 0.0053 -0.8492 -0.5280
vn -0.0211 0.8040 -0.5943
vn -0.0307 -0.8665 -0.4983
vn -0.7077 0.0000 -0.7065
vn -0.0526 0.8014 -0.5958
vn 0.0025 -0.8536 -0.5209
vn -0.7500 0.0000 -0.6614
vn 0.7500 0.0000 -0.6614
vn -0.7238 -0.0970 -0.6832
vn -0.5839 0.0299 -0.8113
vn 0.5929 -0.0371 -0.8044
vn 0.0119 -0.7512 -0.6600
vn -0.0000 -0.0001 -1.0000
vn 0.1460 0.7939 -0.5902
vn -0.5862 0.0442 -0.8090
vn -0.5864 -0.0362 -0.8092
vn 0.1656 -0.8549 -0.4916
vn -0.0116 -0.8668 -0.4985
vn -0.6241 -0.0151 -0.7812
vn -0.9995 -0.0316 0.0000
vn 0.9094 0.4160 -0.0000
vn -0.8065 -0.0187 -0.5909
vn 0.0014 -0.0000 -1.0000
vn -0.0058 0.8669 -0.4985
vn 0.0247 0.8666 -0.4984
vn 0.0958 -0.8629 -0.4962
vn 0.0042 0.8042 -0.5944
vn -0.0723 -0.7724 -0.6310
vn -0.0101 0.8335 -0.5524
vn 0.0161 -0.7743 -0.6326
vn 0.0546 0.8323 -0.5516
vn -0.7277 -0.0319 -0.6852
vn 0.1103 -0.9939 0.0000
vn 0.6137 0.6845 -0.3936
vn 0.6137 -0.6844 -0.3936
vn 0.8418 0.0000 -0.5399
vn -0.0054 -0.8792 -0.4764
vn -0.0092 1.0000 -0.0000
vn 0.0109 -0.9999 -0.0000
vn 0.6137 0.6844 0.3936
vn 0.5097 0.7459 0.4289
vn 0.6473 0.0775 0.7583
vn 0.8418 -0.0000 0.5398
vn -0.9988 0.0484 0.0000
vn -0.1286 -0.9917 -0.0000
vn 0.6802 -0.0705 0.7296
vn -0.0173 0.9999 -0.0000
vn -0.0258 0.9997 0.0000
vn 0.0316 0.9995 0.0000
vn 0.0001 0.8669 -0.4985
vn 0.0461 0.9989 -0.0000
vn 0.9968 0.0796 0.0000
vn 0.0607 -0.9982 0.0000
vn 0.9968 -0.0796 0.0000
vn -0.9877 -0.1566 0.0000
vn -0.0054 0.8792 0.4764
vn 0.6137 0.6844 -0.3936
vn -0.5097 0.7459 -0.4289
vn 0.5097 0.7459 -0.4289
vn 0.6473 0.0775 -0.7583
vn 0.8418 -0.0000 -0.5398
vn 0.6802 -0.0705 -0.7296
vn 0.0001 0.8669 0.4985
vn -0.0054 0.8792 -0.4764
vn 0.5473 0.7256 0.4172
vn 0.6594 -0.0631 0.7492
vn 0.4913 -0.1093 0.8641
vn -0.0136 0.7663 0.6424
vn -0.6707 -0.0564 0.7396
vn 0.6456 -0.0517 0.7619
vn -0.0695 -0.7924 0.6061
vn -0.0340 -0.7698 0.6374
vn 0.5308 0.0747 0.8442
vn 0.2314 -0.7940 0.5621
vn -0.1580 0.7718 0.6160
vn 0.0670 0.7798 0.6224
vn -0.0977 -0.8285 0.5513
vn -0.1141 -0.7881 0.6049
vn 0.1205 0.8164 0.5648
vn -0.0952 0.8186 0.5664
vn 0.6596 0.0571 0.7494
vn 0.5782 -0.2745 0.7684
vn 0.5782 0.2745 0.7684
vn -0.6909 0.0678 0.7198
vn -0.6760 -0.2169 0.7043
vn -0.0843 -0.7601 0.6443
vn 0.6236 0.1560 0.7660
vn -0.6357 -0.0295 0.7714
vn -0.6336 0.0852 0.7689
vn 0.1021 0.7623 0.6391
vn 0.6467 0.0742 0.7591
vn -0.6983 -0.0565 0.7136
vn -0.7074 0.0401 0.7057
vn 0.6461 -0.0861 0.7584
vn -0.0971 0.7467 0.6580
vn 0.1462 0.7422 0.6541
vn 0.7222 -0.3304 0.6077
vn -0.6172 0.3202 0.7187
vn 0.5732 -0.0792 0.8156
vn 0.6126 0.4543 -0.6467
vn 0.5884 0.1267 0.7986
vn -0.0575 -0.7932 0.6063
vn -0.1760 -0.7490 0.6387
vn -0.0473 0.7907 0.6104
vn 0.0836 -0.7583 0.6466
vn 0.0578 0.7903 0.6100
vn 0.6558 0.1434 0.7412
vn -0.5897 -0.2528 0.7670
vn -0.5693 0.2382 0.7869
vn 0.6130 -0.3795 0.6929
vn 0.1691 0.7457 0.6445
vn -0.1097 0.7644 0.6353
vn 0.0835 -0.7915 0.6054
vn -0.4308 -0.0381 0.9017
vn 0.7222 0.3304 0.6077
vn -0.1488 0.7894 0.5955
vn 0.1488 0.7894 0.5955
vn 0.0212 -0.7495 0.6617
vn 0.0331 -0.7762 0.6296
vn 0.0995 0.7552 0.6478
vn 0.0136 -0.7995 0.6005
vn -0.0365 0.7585 0.6506
vn -0.0655 -0.7979 0.5993
vn 0.0321 -0.7699 0.6374
vn 0.6181 0.1738 0.7667
vn -0.0353 -0.7894 0.6129
vn 0.0319 -0.7895 0.6130
vn 0.6201 -0.1541 0.7692
vn -0.0695 0.7924 0.6061
vn 0.1691 -0.7457 0.6445
vn -0.1097 -0.7644 0.6353
vn 0.0835 0.7915 0.6054
vn 0.5473 0.7256 -0.4172
vn 0.6594 -0.0631 -0.7492
vn 0.4913 -0.1093 -0.8641
vn -0.0136 0.7663 -0.6424
vn -0.6707 -0.0564 -0.7396
vn 0.6456 -0.0517 -0.7619
vn -0.0695 -0.7924 -0.6061
vn -0.0340 -0.7698 -0.6374
vn 0.5308 0.0747 -0.8442
vn 0.2314 -0.7940 -0.5621
vn -0.1580 0.7718 -0.6160
vn 0.0670 0.7798 -0.6224
vn -0.0977 -0.8285 -0.5513
vn -0.1141 -0.7881 -0.6049
vn 0.1205 0.8164 -0.5648
vn -0.0952 0.8186 -0.5664
vn 0.6596 0.0571 -0.7494
vn 0.5782 -0.2745 -0.7684
vn 0.5782 0.2745 -0.7684
vn -0.6909 0.0678 -0.7198
vn -0.6760 -0.2169 -0.7043
vn -0.0843 -0.7601 -0.6443
vn 0.6236 0.1560 -0.7660
vn -0.6357 -0.0295 -0.7714
vn -0.6336 0.0852 -0.7689
vn 0.1021 0.7624 -0.6391
vn 0.6467 0.0742 -0.7591
vn -0.6983 -0.0565 -0.7136
vn -0.7074 0.0401 -0.7057
vn 0.6461 -0.0861 -0.7584
vn -0.0971 0.7467 -0.6580
vn 0.1462 0.7422 -0.6541
vn 0.7222 -0.3304 -0.6077
vn -0.6172 0.3202 -0.7187
vn 0.5732 -0.0792 -0.8156
vn 0.6126 0.4543 0.6467
vn 0.5884 0.1267 -0.7986
vn -0.0575 -0.7932 -0.6063
vn -0.1760 -0.7491 -0.6387
vn -0.0473 0.7907 -0.6104
vn 0.0836 -0.7583 -0.6466
vn 0.0578 0.7903 -0.6100
vn 0.6558 0.1434 -0.7412
vn -0.5897 -0.2528 -0.7670
vn -0.5693 0.2382 -0.7869
vn 0.6130 -0.3795 -0.6929
vn 0.1691 0.7457 -0.6445
vn -0.1097 0.7644 -0.6353
vn 0.0835 -0.7915 -0.6054
vn -0.4308 -0.0381 -0.9017
vn 0.7222 0.3304 -0.6077
vn -0.1488 0.7894 -0.5955
vn 0.1488 0.7894 -0.5955
vn 0.0212 -0.7495 -0.6617
vn 0.0331 -0.7762 -0.6296
vn 0.0995 0.7552 -0.6478
vn 0.0136 -0.7995 -0.6005
vn -0.0365 0.7585 -0.6506
vn -0.0655 -0.7979 -0.5993
vn 0.0321 -0.7699 -0.6374
vn 0.6181 0.1738 -0.7667
vn -0.0353 -0.7894 -0.6129
vn 0.0319 -0.7895 -0.6130
vn 0.6201 -0.1541 -0.7692
vn -0.0695 0.7924 -0.6061
vn 0.1691 -0.7457 -0.6445
vn -0.1097 -0.7644 -0.6353
vn 0.0835 0.7915 -0.6054
usemtl Wall_Dark.004
s 1
f 4361//1899 4362//1899 4363//1899 4364//1899
f 4365//1900 4366//1900 4367//1900 4368//1900
f 4362//1901 4361//1901 4369//1901 4370//1901 4371//1901 4372//1901
f 4373//1902 4374//1902 4375//1902 4376//1902
f 4377//1903 4378//1903 4379//1903 4380//1903
f 4381//1904 4382//1904 4383//1904 4384//1904
f 4385//1902 4386//1902 4387//1902 4388//1902
f 4389//1905 4390//1905 4391//1902 4392//1902
f 4393//1906 4394//1906 4395//1906 4396//1906
f 4397//1907 4398//1907 4399//1908 4400//1908
f 4401//1909 4402//1909 4403//1909 4404//1909
f 4405//1910 4406//1910 4407//1910 4408//1910
f 4409//1911 4410//1911 4411//1911 4412//1911 4413//1911 4414//1911 4415//1911 4416//1911 4417//1911 4418//1911
f 4419//1906 4420//1906 4421//1906 4422//1906
f 4423//1912 4424//1912 4425//1912 4426//1912
f 4427//1901 4428//1901 4429//1901 4430//1901 4431//1901 4432//1901 4433//1901
f 4434//1913 4435//1913 4436//1913 4437//1913
f 4438//1914 4439//1914 4440//1914 4441//1914
f 4442//1906 4443//1906 4444//1906 4445//1906
f 4446//1908 4447//1908 4448//1908 4449//1908
f 4450//1915 4451//1915 4452//1915 4453//1915
f 4454//1916 4455//1916 4456//1917 4457//1917
f 4458//1918 4459//1918 4460//1918 4461//1918
f 4462//1919 4463//1919 4464//1902 4465//1902
f 4466//1920 4467//1920 4468//1920 4469//1920
f 4470//1899 4471//1899 4472//1899 4473//1899
f 4474//1908 4475//1908 4476//1908 4477//1908
f 4478//1921 4396//1921 4395//1921 4479//1921
f 4480//1901 4481//1901 4482//1901 4483//1901 4484//1901 4485//1901 4486//1901 4487//1901 4488//1901 4489//1901
f 4490//1902 4491//1902 4492//1902 4493//1902
f 4494//1902 4495//1902 4496//1902 4497//1902
f 4498//1906 4499//1906 4500//1906 4501//1906
f 4370//1922 4502//1922 4503//1922
f 4504//1923 4505//1923 4369//1923
f 4506//1924 4507//1925 4508//1926
f 4509//1927 4510//1928 4511//1929
f 4368//1930 4512//1931 4513//1932
f 4514//1933 4515//1934 4376//1935
f 4364//1936 4516//1936 4361//1936
f 4380//1937 4517//1937 4518//1937
f 4519//1938 4520//1938 4384//1938
f 4521//1923 4522//1923 4523//1923
f 4524//1936 4525//1936 4526//1936
f 4479//1922 4395//1922 4527//1922
f 4394//1939 4528//1939 4529//1939
f 4530//1939 4531//1939 4532//1939
f 4400//1923 4533//1923 4534//1923
f 4535//1922 4536//1922 4404//1922
f 4417//1936 4537//1936 4538//1936
f 4539//1939 4540//1939 4416//1939
f 4419//1922 4433//1922 4541//1922
f 4430//1923 4408//1923 4407//1923
f 4422//1939 4542//1939 4427//1939
f 4543//1936 4429//1936 4426//1936
f 4544//1923 4545//1923 4411//1923
f 4546//1922 4547//1922 4412//1922
f 4548//1923 4549//1923 4550//1923
f 4437//1922 4551//1922 4552//1922
f 4553//1939 4554//1939 4445//1939
f 4555//1939 4556//1939 4557//1939
f 4392//1922 4558//1922 4559//1922
f 4560//1936 4448//1936 4561//1936
f 4447//1923 4562//1923 4563//1923
f 4564//1922 4465//1922 4565//1922
f 4566//1940 4454//1940 4567//1940
f 4470//1941 4473//1941 4568//1941
f 4488//1936 4569//1936 4570//1936
f 4571//1939 4572//1939 4487//1939
f 4477//1942 4492//1942 4482//1942
f 4491//1922 4573//1922 4483//1922
f 4574//1923 4575//1923 4576//1923
f 4577//1936 4578//1936 4579//1936
f 4497//1922 4500//1922 4580//1922
f 4499//1939 4581//1939 4582//1939
f 4583//1903 4364//1903 4363//1903 4584//1903
f 4505//1902 4585//1902 4586//1902 4502//1902
f 4364//1943 4583//1943 4587//1943 4516//1943
f 4502//1921 4586//1921 4588//1921 4503//1921
f 4370//1944 4369//1944 4505//1944 4502//1944
f 4589//1903 4590//1903 4511//1903 4591//1903
f 4592//1945 4509//1945 4511//1945 4590//1945
f 4367//1946 4593//1947 4512//1931 4368//1930
f 4594//1948 4513//1948 4512//1948 4595//1948
f 4365//1949 4368//1949 4513//1949 4596//1949
f 4597//1906 4598//1906 4599//1906 4600//1906
f 4601//1950 4602//1950 4599//1950 4598//1950
f 4379//1943 4603//1943 4517//1943 4380//1943
f 4604//1951 4518//1951 4517//1951 4381//1951
f 4377//1899 4380//1899 4518//1899 4605//1899
f 4525//1908 4606//1908 4607//1908 4522//1908
f 4388//1944 4479//1944 4527//1944 4608//1944
f 4394//1952 4393//1952 4609//1952 4528//1952
f 4610//1899 4524//1899 4526//1899 4611//1899
f 4521//1953 4526//1953 4525//1953 4522//1953
f 4529//1954 4527//1954 4395//1954 4394//1954
f 4461//1955 4460//1955 4532//1955 4612//1955
f 4399//1910 4613//1910 4533//1910 4400//1910
f 4614//1944 4534//1944 4533//1944 4615//1944
f 4397//1953 4400//1953 4534//1953 4616//1953
f 4617//1954 4531//1954 4530//1954 4618//1954
f 4619//1956 4544//1956 4411//1956 4410//1956
f 4547//1921 4546//1921 4620//1921 4621//1921
f 4622//1954 4539//1954 4416//1954 4415//1954
f 4417//1899 4416//1899 4540//1899 4537//1899
f 4623//1957 4624//1957 4625//1958 4626//1958
f 4431//1959 4430//1959 4407//1959 4625//1959
f 4627//1960 4541//1960 4624//1960 4623//1960
f 4428//1961 4427//1961 4542//1961 4423//1961
f 4419//1954 4422//1954 4427//1954 4433//1954
f 4543//1953 4408//1953 4430//1953 4429//1953
f 4412//1944 4411//1944 4545//1944 4546//1944
f 4628//1962 4629//1962 4630//1962 4631//1962
f 4436//1921 4632//1921 4551//1921 4437//1921
f 4633//1954 4552//1954 4551//1954 4634//1954
f 4434//1963 4437//1963 4552//1963 4635//1963
f 4636//1899 4637//1899 4638//1899 4639//1899
f 4556//1952 4640//1952 4641//1952 4557//1952
f 4642//1899 4560//1899 4561//1899 4643//1899
f 4391//1921 4644//1921 4558//1921 4392//1921
f 4389//1944 4392//1944 4559//1944 4645//1944
f 4555//1954 4559//1954 4558//1954 4556//1954
f 4563//1953 4561//1953 4448//1953 4447//1953
f 4453//1906 4452//1906 4646//1906 4571//1906
f 4647//1964 4566//1964 4567//1964 4648//1964
f 4647//1908 4649//1908 4650//1908 4566//1908
f 4465//1921 4464//1921 4651//1921 4565//1921
f 4652//1965 4653//1965 4468//1965 4467//1965
f 4654//1966 4567//1966 4454//1966 4457//1966
f 4572//1903 4655//1903 4656//1903 4569//1903
f 4474//1953 4477//1953 4482//1953 4481//1953
f 4491//1921 4490//1921 4657//1921 4573//1921
f 4453//1954 4571//1954 4487//1954 4486//1954
f 4488//1899 4487//1899 4572//1899 4569//1899
f 4483//1944 4482//1944 4492//1944 4491//1944
f 4578//1908 4658//1908 4659//1908 4575//1908
f 4494//1944 4497//1944 4580//1944 4660//1944
f 4499//1952 4498//1952 4661//1952 4581//1952
f 4662//1899 4577//1899 4579//1899 4663//1899
f 4574//1953 4579//1953 4578//1953 4575//1953
f 4582//1954 4580//1954 4500//1954 4499//1954
f 4617//1906 4664//1906 4665//1906 4531//1906
f 4666//1952 4584//1952 4363//1952 4667//1952
f 4506//1967 4668//1967 4669//1967 4507//1967
f 4670//1901 4671//1901 4509//1901 4592//1901 4672//1901 4673//1901 4507//1901 4669//1901 4596//1901 4513//1901 4594//1901 4674//1901 4675//1901 4515//1901
f 4376//1935 4375//1968 4676//1969 4514//1933
f 4677//1970 4678//1970 4679//1971 4680//1971
f 4506//1908 4681//1908 4682//1908 4668//1908
f 4514//1972 4677//1972 4670//1972 4515//1972
f 4668//1973 4365//1973 4596//1973 4669//1973
f 4514//1906 4676//1906 4678//1970 4677//1970
f 4515//1974 4675//1974 4373//1974 4376//1974
f 4507//1945 4673//1945 4439//1945 4508//1945
f 4441//1975 4440//1975 4590//1975 4589//1975
f 4512//1902 4593//1902 4683//1902 4595//1902
f 4684//1976 4685//1976 4374//1976 4373//1976
f 4520//1977 4604//1977 4381//1977 4384//1977
f 4686//1978 4601//1978 4598//1978 4687//1978
f 4688//1906 4687//1906 4598//1906 4597//1906
f 4519//1979 4689//1979 4690//1979 4520//1979
f 4604//1980 4520//1980 4690//1980 4691//1980 4602//1980 4601//1980 4686//1980 4692//1980 4605//1980 4518//1980
f 4517//1981 4603//1981 4382//1981 4381//1981
f 4689//1982 4693//1982 4694//1982 4695//1982
f 4519//1983 4696//1983 4693//1983 4689//1983
f 4697//1984 4698//1984 4378//1984 4377//1984
f 4699//1985 4700//1985 4666//1986 4667//1986
f 4503//1954 4701//1954 4371//1954 4370//1954
f 4516//1953 4504//1953 4369//1953 4361//1953
f 4701//1987 4702//1987 4700//1985 4699//1985
f 4473//1988 4703//1988 4704//1988 4568//1988
f 4705//1989 4469//1989 4468//1989 4706//1989
f 4650//1990 4455//1990 4454//1990 4566//1990
f 4564//1944 4707//1944 4462//1944 4465//1944
f 4471//1991 4652//1991 4467//1991 4472//1991
f 4708//1943 4709//1943 4710//1943 4711//1943
f 4712//1992 4472//1992 4467//1992 4466//1992
f 4713//1993 4714//1993 4463//1919 4462//1919
f 4665//1952 4612//1952 4532//1952 4531//1952
f 4715//1994 4647//1994 4648//1994 4716//1994
f 4565//1954 4717//1954 4718//1954 4564//1954
f 4703//1903 4473//1903 4472//1903 4712//1903
f 4715//1908 4719//1908 4649//1908 4647//1908
f 4565//1906 4651//1906 4720//1906 4717//1906
f 4568//1995 4715//1995 4716//1995 4470//1995
f 4567//1901 4654//1901 4721//1901 4707//1901 4564//1901 4718//1901 4722//1901 4653//1901 4652//1901 4471//1901 4470//1901 4716//1901 4648//1901
f 4568//1908 4704//1908 4719//1908 4715//1908
f 4723//1954 4617//1954 4618//1954 4724//1954
f 4404//1921 4403//1921 4725//1921 4535//1921
f 4723//1906 4726//1906 4664//1906 4617//1906
f 4711//1996 4710//1996 4727//1997 4728//1997
f 4535//1954 4723//1954 4724//1954 4536//1954
f 4535//1906 4725//1906 4726//1906 4723//1906
f 4729//1901 4616//1901 4534//1901 4614//1901 4730//1901 4536//1901 4724//1901 4618//1901 4530//1901 4731//1901 4732//1901 4733//1901
f 4730//1998 4614//1998 4615//1998 4401//1998
f 4733//1899 4732//1899 4459//1899 4708//1899
f 4709//1903 4708//1903 4459//1903 4458//1903
f 4536//1999 4730//1999 4401//1999 4404//1999
f 4581//1899 4734//1899 4735//1899 4582//1899
f 4736//1944 4494//1944 4660//1944 4737//1944
f 4496//1921 4501//1921 4500//1921 4497//1921
f 4581//1903 4661//1903 4738//1903 4734//1903
f 4736//1902 4739//1902 4495//1902 4494//1902
f 4740//1944 4736//1944 4737//1944 4741//1944
f 4740//1902 4742//1902 4739//1902 4736//1902
f 4743//1944 4740//1944 4741//1944 4744//1944
f 4734//2000 4738//2000 4745//2000 4746//2000
f 4743//1902 4747//1902 4742//1902 4740//1902
f 4538//2001 4748//2001 4418//2001 4417//2001
f 4622//2002 4749//2002 4750//2002 4751//2002
f 4547//1954 4752//1954 4413//1954 4412//1954
f 4752//1906 4547//1906 4621//1906 4753//1906
f 4754//2003 4755//2003 4629//2003 4628//2003
f 4634//1906 4756//1906 4443//1906 4442//1906
f 4549//2004 4757//2004 4755//2004 4550//2004
f 4758//2005 4554//2005 4759//2005 4639//2005 4638//2005 4760//2005 4757//2005 4549//2005 4761//2005 4635//2005 4552//2005 4633//2005
f 4553//2006 4762//2006 4759//2006 4554//2006
f 4762//2007 4636//2007 4639//2007 4759//2007
f 4548//1944 4763//1944 4761//1944 4549//1944
f 4763//2008 4434//2008 4635//2008 4761//2008
f 4764//1908 4550//1908 4755//1908 4754//1908
f 4553//2009 4765//2009 4766//2009 4762//2009
f 4762//2010 4766//2010 4767//2010 4636//2010
f 4548//1902 4768//1902 4769//1902 4763//1902
f 4429//2011 4428//2011 4423//2011 4426//2011
f 4770//2012 4389//2012 4645//2012 4771//2012
f 4557//2013 4772//2013 4773//2013 4555//2013
f 4557//2014 4641//2014 4774//2014 4772//2014
f 4562//2015 4775//2015 4776//2016 4770//2016
f 4773//1901 4643//1901 4561//1901 4563//1901 4771//1901 4645//1901 4559//1901 4555//1901
f 4772//2017 4774//2017 4777//2017 4642//2017
f 4562//2018 4770//2018 4771//2018 4563//2018
f 4772//2019 4642//2019 4643//2019 4773//2019
f 4778//2020 4779//2020 4780//2021 4662//2021
f 4447//1910 4446//1910 4775//1910 4562//1910
f 4642//1903 4777//1903 4781//1903 4560//1903
f 4476//1910 4493//1910 4492//1910 4477//1910
f 4782//2022 4783//2022 4451//2022 4450//2022
f 4784//1908 4785//1908 4786//1908 4787//1908
f 4573//1954 4782//1954 4484//1954 4483//1954
f 4573//1906 4657//1906 4783//1906 4782//1906
f 4787//2023 4786//2023 4475//2023 4474//2023
f 4570//2024 4784//2024 4489//2024 4488//2024
f 4570//2025 4788//2025 4785//2025 4784//2025
f 4626//1958 4625//1958 4407//2026 4406//2026
f 4615//2027 4789//2027 4402//2027 4401//2027
f 4790//2028 4791//2028 4792//2028 4619//2028
f 4748//2029 4793//2029 4791//2029 4790//2029
f 4746//2030 4745//2030 4794//2030 4795//2030
f 4576//1902 4796//1902 4797//1902 4798//1902
f 4798//1902 4797//1902 4799//1902 4800//1902
f 4801//1901 4802//1901 4744//1901 4741//1901 4737//1901 4660//1901 4580//1901 4582//1901 4735//1901 4803//1901 4804//1901 4805//1901 4806//1901 4663//1901 4579//1901 4574//1901
f 4576//1944 4798//1944 4801//1944 4574//1944
f 4798//1944 4800//1944 4802//1944 4801//1944
f 4800//1944 4743//1944 4744//1944 4802//1944
f 4795//1899 4807//1899 4805//1899 4804//1899
f 4800//1902 4799//1902 4747//1902 4743//1902
f 4795//1903 4794//1903 4808//2031 4807//2031
f 4807//2031 4808//2031 4779//2032 4778//2032
f 4717//2033 4720//2033 4809//2033 4810//2033
f 4595//2034 4683//2034 4685//2034 4684//2034
f 4811//1903 4508//1903 4439//1903 4438//1903
f 4668//2035 4682//2035 4366//2035 4365//2035
f 4812//2036 4591//2037 4511//1929 4510//1928
f 4508//1926 4811//2038 4681//2039 4506//1924
f 4680//1971 4679//1971 4812//2040 4510//2040
f 4813//1952 4814//1952 4540//1952 4539//1952
f 4537//1943 4815//1943 4816//1943 4538//1943
f 4539//1906 4622//1906 4751//1906 4813//1906
f 4569//1943 4656//1943 4788//1943 4570//1943
f 4646//1952 4655//1952 4572//1952 4571//1952
f 4421//1952 4817//1952 4542//1952 4422//1952
f 4781//1943 4449//1943 4448//1943 4560//1943
f 4818//1943 4658//1943 4578//1943 4577//1943
f 4575//1910 4659//1910 4796//1910 4576//1910
f 4662//2021 4780//2021 4818//1903 4577//1903
f 4819//1943 4606//1943 4525//1943 4524//1943
f 4522//1910 4607//1910 4820//1910 4523//1910
f 4528//1903 4609//1903 4821//1903 4822//1903
f 4823//1910 4585//1910 4505//1910 4504//1910
f 4516//1908 4587//1908 4823//1908 4504//1908
f 4824//2041 4825//2041 4698//2041 4697//2041
f 4384//1910 4383//1910 4696//1910 4519//1910
f 4826//1921 4600//1921 4599//1921 4827//1921
f 4687//1952 4688//1952 4825//1952 4824//1952
f 4695//1902 4694//1902 4826//1902 4827//1902
f 4457//1917 4456//1917 4714//1993 4713//1993
f 4728//1997 4727//1997 4398//1907 4397//1907
f 4810//2042 4809//2042 4705//2042 4706//2042
f 4533//1902 4613//1902 4789//1902 4615//1902
f 4551//1906 4632//1906 4756//1906 4634//1906
f 4610//1903 4828//1903 4819//1903 4524//1903
f 4445//1952 4444//1952 4765//1952 4553//1952
f 4541//1921 4627//1921 4420//1921 4419//1921
f 4829//1943 4631//1943 4630//1943 4637//1943
f 4550//1910 4764//1910 4768//1910 4548//1910
f 4426//1943 4425//1943 4830//1943 4543//1943
f 4636//1903 4767//1903 4829//1903 4637//1903
f 4542//2043 4817//2043 4424//2043 4423//2043
f 4543//1908 4830//1908 4405//1908 4408//1908
f 4831//1901 4608//1901 4527//1901 4529//1901 4832//1901 4611//1901 4526//1901 4521//1901
f 4388//1902 4387//1902 4478//1902 4479//1902
f 4503//1906 4588//1906 4702//1987 4701//1987
f 4523//1902 4820//1902 4386//1902 4385//1902
f 4822//1903 4821//1903 4828//1903 4610//1903
f 4833//1902 4834//1902 4835//2044 4836//2044
f 4558//1906 4644//1906 4640//1906 4556//1906
f 4837//1901 4838//1901 4839//1901 4840//1901 4841//1901 4842//1901 4843//1901 4844//1901
f 4842//1923 4845//1923 4833//1923
f 4846//1936 4847//1936 4841//1936
f 4848//1939 4849//1939 4840//1939
f 4850//1906 4848//1906 4851//1906 4852//1906
f 4847//1908 4853//1908 4854//1908 4845//1908
f 4848//1952 4850//1952 4855//1952 4849//1952
f 4845//1910 4854//1910 4834//1910 4833//1910
f 4842//1953 4841//1953 4847//1953 4845//1953
f 4856//1921 4857//1921 4858//1921 4859//1921
f 4860//2045 4861//2045 4856//2046 4859//2046
f 4833//1944 4836//1944 4843//1944 4842//1944
f 4849//1899 4846//1899 4841//1899 4840//1899
f 4836//2044 4835//2044 4861//2045 4860//2045
f 4862//1943 4853//1943 4847//1943 4846//1943
f 4849//1903 4855//1903 4862//1903 4846//1903
f 4852//1906 4851//1906 4863//1906 4864//1906
f 4865//2047 4866//2047 4867//2048 4868//2048
f 4840//1954 4839//1954 4851//1954 4848//1954
f 4864//1906 4863//1906 4858//1906 4857//1906
f 4869//2049 4870//2049 4866//2047 4865//2047
f 4871//2050 4872//2050 4873//2050 4874//2050
f 4875//1906 4876//1906 4877//1906 4878//1906
f 4879//1936 4880//1936 4881//1936
f 4882//1923 4883//1923 4884//1923
f 4871//2051 4885//2051 4877//2051
f 4878//2052 4886//2052 4868//2052
f 4882//1902 4887//1902 4888//1902 4889//1902
f 4881//1908 4890//1908 4891//1908 4884//1908
f 4868//2053 4867//2053 4875//2053 4878//2053
f 4889//1944 4892//1944 4883//1944 4882//1944
f 4879//1953 4881//1953 4884//1953 4883//1953
f 4886//2054 4878//2054 4877//2054 4885//2054
f 4880//1899 4879//1899 4893//1899 4894//1899
f 4872//2055 4871//2055 4877//2055 4876//2055
f 4889//2056 4888//2056 4870//2056 4869//2056
f 4893//1901 4879//1901 4883//1901 4892//1901 4895//1901 4896//1901 4886//1901 4885//1901 4897//1901
f 4894//1903 4898//1903 4899//1903 4880//1903
f 4880//1943 4899//1943 4890//1943 4881//1943
f 4887//1910 4882//1910 4884//1910 4891//1910
f 4868//2057 4886//2057 4896//2057 4865//2057
f 4874//2058 4873//2058 4898//2058 4894//2058
f 4900//2059 4583//2059 4584//2059 4901//2059
f 4901//2060 4902//2060 4903//2060 4904//2060 4905//2060 4900//2060
f 4619//1908 4792//1908 4906//1908 4544//1908
f 4907//2061 4908//2061 4909//2061 4910//2061 4911//2061 4912//2061 4913//2061 4914//2061 4915//2061 4916//2061
f 4917//2060 4918//2060 4919//2060 4920//2060 4921//2060 4922//2060 4923//2060
f 4620//1902 4546//1902 4545//1902 4924//1902
f 4925//2059 4703//2059 4712//2059 4926//2059
f 4927//2060 4928//2060 4929//2060 4930//2060 4931//2060 4932//2060 4933//2060 4934//2060 4935//2060 4936//2060
f 4904//2062 4588//2062 4586//2062
f 4823//2063 4905//2063 4585//2063
f 4681//2039 4811//2038 4937//2064
f 4938//2065 4591//2037 4812//2036
f 4367//1946 4939//2066 4593//1947
f 4676//1969 4375//1968 4940//2067
f 4583//2068 4900//2068 4587//2068
f 4379//2068 4941//2068 4603//2068
f 4696//2069 4383//2069 4942//2069
f 4943//2063 4820//2063 4607//2063
f 4819//2068 4944//2068 4606//2068
f 4478//2062 4945//2062 4396//2062
f 4393//2070 4946//2070 4609//2070
f 4947//2070 4612//2070 4665//2070
f 4399//2063 4948//2063 4613//2063
f 4725//2062 4403//2062 4949//2062
f 4909//2068 4816//2068 4815//2068
f 4813//2070 4910//2070 4814//2070
f 4420//2062 4627//2062 4918//2062
f 4921//2063 4406//2063 4405//2063
f 4421//2070 4917//2070 4817//2070
f 4830//2068 4425//2068 4922//2068
f 4906//2063 4915//2063 4924//2063
f 4620//2062 4914//2062 4621//2062
f 4768//2063 4764//2063 4950//2063
f 4436//2062 4951//2062 4632//2062
f 4765//2070 4444//2070 4952//2070
f 4953//2070 4641//2070 4640//2070
f 4391//2062 4954//2062 4644//2062
f 4781//2068 4955//2068 4449//2068
f 4446//2063 4956//2063 4775//2063
f 4957//2062 4651//2062 4464//2062
f 4650//2071 4958//2071 4455//2071
f 4925//2072 4704//2072 4703//2072
f 4929//2068 4788//2068 4656//2068
f 4646//2070 4930//2070 4655//2070
f 4476//2073 4935//2073 4493//2073
f 4490//2074 4934//2074 4657//2074
f 4959//2063 4796//2063 4659//2063
f 4818//2068 4960//2068 4658//2068
f 4496//2062 4961//2062 4501//2062
f 4498//2070 4962//2070 4661//2070
f 4904//2075 4586//2075 4585//2075 4905//2075
f 4963//2076 4589//2076 4591//2076 4938//2076
f 4964//2077 4683//2077 4593//2077 4939//2077
f 4366//2078 4965//2078 4939//2078 4367//2078
f 4966//2079 4597//2079 4600//2079 4967//2079
f 4968//2080 4382//2080 4603//2080 4941//2080
f 4378//2059 4969//2059 4941//2059 4379//2059
f 4387//2075 4970//2075 4945//2075 4478//2075
f 4828//2059 4971//2059 4944//2059 4819//2059
f 4943//2081 4607//2081 4606//2081 4944//2081
f 4946//2082 4393//2082 4396//2082 4945//2082
f 4972//2075 4789//2075 4613//2075 4948//2075
f 4398//2081 4973//2081 4948//2081 4399//2081
f 4664//2082 4974//2082 4947//2082 4665//2082
f 4537//1903 4540//1903 4814//1903 4815//1903
f 4792//2083 4916//2083 4915//2083 4906//2083
f 4751//2082 4911//2082 4910//2082 4813//2082
f 4909//2059 4815//2059 4814//2059 4910//2059
f 4920//2084 4626//2084 4406//2084 4921//2084
f 4923//2085 4424//2085 4817//2085 4917//2085
f 4420//2082 4918//2082 4917//2082 4421//2082
f 4830//2081 4922//2081 4921//2081 4405//2081
f 4914//2075 4620//2075 4924//2075 4915//2075
f 4770//2016 4776//2016 4390//1905 4389//1905
f 4975//2082 4756//2082 4632//2082 4951//2082
f 4435//2086 4976//2086 4951//2086 4436//2086
f 4767//2059 4977//2059 4978//2059 4829//2059
f 4777//2059 4979//2059 4955//2059 4781//2059
f 4390//2075 4980//2075 4954//2075 4391//2075
f 4953//2082 4640//2082 4644//2082 4954//2082
f 4956//2081 4446//2081 4449//2081 4955//2081
f 4649//2087 4981//2087 4958//2087 4650//2087
f 4982//2088 4466//2088 4469//2088 4983//2088
f 4984//2089 4456//2089 4455//2089 4958//2089
f 4475//2081 4936//2081 4935//2081 4476//2081
f 4452//2082 4931//2082 4930//2082 4646//2082
f 4929//2059 4656//2059 4655//2059 4930//2059
f 4934//2075 4490//2075 4493//2075 4935//2075
f 4495//2075 4985//2075 4961//2075 4496//2075
f 4780//2059 4986//2059 4960//2059 4818//2059
f 4959//2081 4659//2081 4658//2081 4960//2081
f 4962//2082 4498//2082 4501//2082 4961//2082
f 4681//2090 4937//2090 4987//2090 4682//2090
f 4988//2060 4940//2060 4989//2060 4990//2060 4964//2060 4939//2060 4965//2060 4987//2060 4937//2060 4991//2060 4992//2060 4963//2060 4938//2060 4993//2060
f 4676//2091 4940//2091 4988//2091 4678//2091
f 4682//2092 4987//2092 4965//2092 4366//2092
f 4940//2077 4375//2077 4374//2077 4989//2077
f 4937//2076 4811//2076 4438//2076 4991//2076
f 4942//2093 4383//2093 4382//2093 4968//2093
f 4994//2094 4688//2094 4597//2094 4966//2094
f 4696//2095 4942//2095 4995//2095 4693//2095
f 4968//2096 4941//2096 4969//2096 4996//2096 4994//2096 4966//2096 4967//2096 4997//2096 4995//2096 4942//2096
f 4588//2082 4904//2082 4903//2082 4702//2082
f 4587//2081 4900//2081 4905//2081 4823//2081
f 4957//2075 4464//2075 4463//2075 4998//2075
f 4926//2097 4712//2097 4466//2097 4982//2097
f 4719//2098 4999//2098 4981//2098 4649//2098
f 4651//2082 4957//2082 5000//2082 4720//2082
f 4704//2099 4925//2099 4999//2099 4719//2099
f 4958//2060 4981//2060 4999//2060 4925//2060 4926//2060 4982//2060 4983//2060 5001//2060 5000//2060 4957//2060 4998//2060 5002//2060 4984//2060
f 4726//2082 5003//2082 4974//2082 4664//2082
f 4725//2082 4949//2082 5003//2082 4726//2082
f 5004//2060 5005//2060 5006//2060 5007//2060 4947//2060 4974//2060 5003//2060 4949//2060 5008//2060 4972//2060 4948//2060 4973//2060
f 5008//2100 4402//2100 4789//2100 4972//2100
f 5005//2059 4709//2059 4458//2059 5006//2059
f 4949//2101 4403//2101 4402//2101 5008//2101
f 4661//2059 4962//2059 5009//2059 4738//2059
f 4739//2075 5010//2075 4985//2075 4495//2075
f 4742//2075 5011//2075 5010//2075 4739//2075
f 4747//2075 5012//2075 5011//2075 4742//2075
f 4816//2102 4909//2102 4908//2102 4793//2102
f 4906//1910 4924//1910 4545//1910 4544//1910
f 4538//2103 4816//2103 4793//2103 4748//2103
f 4621//2082 4914//2082 4913//2082 4753//2082
f 4752//2104 4753//2104 4750//2104 4749//2104
f 4950//2105 4764//2105 4754//2105 5013//2105
f 5014//2106 4975//2106 4951//2106 4976//2106 5015//2106 4950//2106 5013//2106 5016//2106 4978//2106 4977//2106 5017//2106 4952//2106
f 4765//2107 4952//2107 5017//2107 4766//2107
f 4766//2108 5017//2108 4977//2108 4767//2108
f 4768//2075 4950//2075 5015//2075 4769//2075
f 4769//2109 5015//2109 4976//2109 4435//2109
f 4922//2110 4425//2110 4424//2110 4923//2110
f 4776//2111 5018//2111 4980//2111 4390//2111
f 4641//2112 4953//2112 5019//2112 4774//2112
f 5019//2060 4953//2060 4954//2060 4980//2060 5018//2060 4956//2060 4955//2060 4979//2060
f 4775//2113 4956//2113 5018//2113 4776//2113
f 4774//2114 5019//2114 4979//2114 4777//2114
f 4657//2082 4934//2082 4933//2082 4783//2082
f 4788//2115 4929//2115 4928//2115 4785//2115
f 5020//2060 4959//2060 4960//2060 4986//2060 5021//2060 5022//2060 5023//2060 5024//2060 5009//2060 4962//2060 4961//2060 4985//2060 5010//2060 5011//2060 5012//2060 5025//2060
f 4796//2075 4959//2075 5020//2075 4797//2075
f 4797//2075 5020//2075 5025//2075 4799//2075
f 4799//2075 5025//2075 5012//2075 4747//2075
f 4794//2059 5023//2059 5022//2059 4808//2059
f 4763//2116 4769//2116 4435//2116 4434//2116
f 5026//2060 4943//2060 4944//2060 4971//2060 5027//2060 4946//2060 4945//2060 4970//2060
f 5028//2060 5029//2060 5030//2060 5031//2060 5032//2060 5033//2060 5034//2060 5035//2060
f 5031//2063 4834//2063 4854//2063
f 4862//2068 5032//2068 4853//2068
f 4850//2070 5033//2070 4855//2070
f 5031//2081 4854//2081 4853//2081 5032//2081
f 4834//2075 5031//2075 5030//2075 4835//2075
f 4855//2059 5033//2059 5032//2059 4862//2059
f 5033//2082 4850//2082 4852//2082 5034//2082
f 5036//2068 4890//2068 4899//2068
f 4887//2063 4891//2063 5037//2063
f 4872//2117 4876//2117 5038//2117
f 4875//2118 4867//2118 5039//2118
f 4888//2075 4887//2075 5037//2075 5040//2075
f 5036//2081 5037//2081 4891//2081 4890//2081
f 5039//2119 5038//2119 4876//2119 4875//2119
f 4899//2059 4898//2059 5041//2059 5036//2059
f 5041//2060 5042//2060 5038//2060 5039//2060 5043//2060 5044//2060 5040//2060 5037//2060 5036//2060
f 4867//2120 4866//2120 5043//2120 5039//2120
usemtl Wall_Medium.004
f 5045//1906 5046//1906 5047//1906 5048//1906
f 5049//1902 5050//1902 5051//1902 5052//1902
f 5053//1902 5054//1902 5055//1902 5056//1902
f 5057//1906 5058//1906 5059//1906 5060//1906
f 5061//1906 5062//1906 5063//1906 5064//1906
f 5065//2058 5066//2058 5067//2121 5068//2121
f 5069//1902 5070//1902 5071//1902 5072//1902
f 5073//1903 5074//1903 5075//1903 5076//1903
f 5077//1908 5078//1908 5079//1908 5080//1908
f 5081//1902 5082//1902 5083//1902 5084//1902
f 5085//2122 5086//2122 5087//2122 5088//2122
f 5089//1902 5090//1902 5050//1902 5049//1902
f 5091//1906 5092//1906 5093//1906 5094//1906
f 5095//1902 5096//1902 5090//1902 5089//1902
f 5097//1906 5098//1906 5099//1906 5100//1906
f 5101//1923 5102//1923 5053//1923
f 5103//1936 5104//1936 5105//1936
f 5056//1922 5063//1922 5106//1922
f 5046//1939 5107//1939 5108//1939
f 5109//1939 5060//1939 5110//1939
f 5072//1922 5057//1922 5111//1922
f 5076//1936 5079//1936 5112//1936
f 5078//1923 5113//1923 5114//1923
f 5115//1923 5116//1923 5081//1923
f 5117//1936 5118//1936 5119//1936
f 5088//2052 5093//2052 5120//2052
f 5092//2123 5121//2123 5122//2123
f 5123//1923 5124//1923 5095//1923
f 5125//1937 5126//1937 5127//1937
f 5052//1922 5099//1922 5128//1922
f 5129//2124 5130//2124 5131//2124
f 5132//1908 5133//1908 5134//1908 5102//1908
f 5053//1944 5056//1944 5106//1944 5101//1944
f 5046//1952 5045//1952 5135//1952 5107//1952
f 5107//1899 5103//1899 5105//1899 5108//1899
f 5136//1953 5105//1953 5104//1953 5137//1953
f 5138//2125 5106//2125 5063//2125 5062//2125
f 5060//1952 5059//1952 5139//1952 5110//1952
f 5073//1899 5076//1899 5112//1899 5140//1899
f 5071//1921 5058//1921 5057//1921 5072//1921
f 5069//1944 5072//1944 5111//1944 5141//1944
f 5109//1954 5111//1954 5057//1954 5060//1954
f 5114//1953 5112//1953 5079//1953 5078//1953
f 5142//1903 5143//1903 5144//1903 5117//1903
f 5118//1908 5145//1908 5146//1908 5116//1908
f 5092//2055 5091//2055 5147//2055 5121//2055
f 5142//1899 5117//1899 5119//1899 5148//1899
f 5115//1953 5119//1953 5118//1953 5116//1953
f 5122//2126 5120//2126 5093//2126 5092//2126
f 5149//2127 5150//2127 5151//2127 5124//2127
f 5129//1952 5152//1952 5153//1952 5130//1952
f 5130//1899 5125//1899 5127//1899 5131//1899
f 5051//1921 5100//1921 5099//1921 5052//1921
f 5154//1954 5128//1954 5099//1954 5098//1954
f 5131//1954 5155//1954 5156//1954 5129//1954
f 5126//1908 5157//1908 5158//1908 5159//1908
f 5127//1901 5160//1901 5161//1901 5123//1901 5162//1901 5163//1901 5128//1901 5154//1901 5164//1901 5155//1901 5131//1901
f 5165//2128 5166//2128 5070//2128 5069//2128
f 5167//2129 5138//2129 5062//2129 5168//2129
f 5048//1906 5047//1906 5168//1906 5169//1906
f 5136//1901 5170//1901 5101//1901 5106//1901 5138//1901 5167//1901 5171//1901 5108//1901 5105//1901
f 5169//1906 5168//1906 5062//1906 5061//1906
f 5121//2130 5147//2130 5066//2058 5065//2058
f 5110//2131 5139//2131 5172//2131 5173//2131
f 5173//2132 5172//2132 5174//2132 5175//2132
f 5113//1903 5176//1903 5177//1903 5178//1903
f 5113//2133 5178//2133 5179//2133 5114//2133
f 5175//1903 5174//1903 5074//1903 5073//1903
f 5180//1901 5181//1901 5140//1901 5112//1901 5114//1901 5179//1901 5182//1901 5141//1901 5111//1901 5109//1901
f 5175//1899 5073//1899 5140//1899 5181//1899
f 5081//1944 5084//1944 5183//1944 5115//1944
f 5087//2053 5094//2053 5093//2053 5088//2053
f 5068//2134 5067//2134 5143//2134 5142//2134
f 5183//1901 5184//1901 5120//1901 5122//1901 5185//1901 5186//1901 5148//1901 5119//1901 5115//1901
f 5075//1943 5080//1943 5079//1943 5076//1943
f 5187//2135 5188//2135 5098//2135 5097//2135
f 5116//1910 5146//1910 5082//1910 5081//1910
f 5144//1943 5145//1943 5118//1943 5117//1943
f 5178//2136 5177//2136 5166//2136 5165//2136
f 5104//1908 5189//1908 5190//1908 5137//1908
f 5137//1908 5190//1908 5133//1908 5132//1908
f 5055//1921 5064//1921 5063//1921 5056//1921
f 5191//1943 5189//1943 5104//1943 5103//1943
f 5102//1910 5134//1910 5054//1910 5053//1910
f 5107//1903 5135//1903 5191//1903 5103//1903
f 5192//2137 5156//2137 5188//2137 5187//2137
f 5152//1906 5129//1906 5156//1906 5192//1906
f 5159//2138 5158//2138 5150//2138 5149//2138
f 5193//1943 5157//1943 5126//1943 5125//1943
f 5124//1910 5151//1910 5096//1910 5095//1910
f 5130//1903 5153//1903 5193//1903 5125//1903
f 5121//2139 5065//2139 5185//2139 5122//2139
f 5084//2047 5083//2047 5086//2047 5085//2047
f 5160//1953 5127//1953 5126//1953 5159//1953
f 5095//1944 5089//1944 5162//1944 5123//1944
f 5194//2063 5054//2063 5134//2063
f 5191//2068 5195//2068 5189//2068
f 5055//2062 5196//2062 5064//2062
f 5045//2070 5197//2070 5135//2070
f 5198//2070 5139//2070 5059//2070
f 5071//2062 5199//2062 5058//2062
f 5075//2068 5200//2068 5080//2068
f 5077//2063 5201//2063 5176//2063
f 5202//2063 5082//2063 5146//2063
f 5144//2068 5203//2068 5145//2068
f 5087//2118 5204//2118 5094//2118
f 5091//2140 5205//2140 5147//2140
f 5206//2063 5096//2063 5151//2063
f 5193//2141 5207//2141 5157//2141
f 5051//2062 5208//2062 5100//2062
f 5152//2142 5209//2142 5153//2142
f 5054//2075 5194//2075 5196//2075 5055//2075
f 5135//2059 5197//2059 5195//2059 5191//2059
f 5210//2081 5190//2081 5189//2081 5195//2081
f 5211//2143 5061//2143 5064//2143 5196//2143
f 5074//2059 5212//2059 5200//2059 5075//2059
f 5070//2075 5213//2075 5199//2075 5071//2075
f 5198//2082 5059//2082 5058//2082 5199//2082
f 5201//2081 5077//2081 5080//2081 5200//2081
f 5143//2059 5214//2059 5203//2059 5144//2059
f 5202//2081 5146//2081 5145//2081 5203//2081
f 5205//2144 5091//2144 5094//2144 5204//2144
f 5153//2059 5209//2059 5207//2059 5193//2059
f 5215//2082 5097//2082 5100//2082 5208//2082
f 5209//2082 5152//2082 5192//2082 5216//2082
f 5207//2060 5209//2060 5216//2060 5217//2060 5215//2060 5208//2060 5218//2060 5219//2060 5206//2060 5220//2060 5221//2060
f 5222//2145 5169//2145 5061//2145 5211//2145
f 5210//2060 5195//2060 5197//2060 5223//2060 5222//2060 5211//2060 5196//2060 5194//2060 5224//2060
f 5176//2146 5201//2146 5225//2146 5177//2146
f 5226//2060 5198//2060 5199//2060 5213//2060 5227//2060 5225//2060 5201//2060 5200//2060 5212//2060 5228//2060
f 5174//2059 5228//2059 5212//2059 5074//2059
f 5082//2075 5202//2075 5229//2075 5083//2075
f 5229//2060 5202//2060 5203//2060 5214//2060 5230//2060 5231//2060 5205//2060 5204//2060 5232//2060
f 5147//2147 5205//2147 5231//2147 5066//2147
f 5221//2081 5158//2081 5157//2081 5207//2081
f 5096//2075 5206//2075 5219//2075 5090//2075
f 5078//1910 5077//1910 5176//1910 5113//1910
usemtl Wall_Highlights.004
f 4667//1939 4363//1939 4362//1939
f 4824//1939 4686//1939 4687//1939
f 4602//1922 4827//1922 4599//1922
f 4711//1936 4733//1936 4708//1936
f 4638//1936 4637//1936 4630//1936
f 4706//2148 4468//2148 4653//2148
f 4699//2149 4667//2149 4362//2149 4372//2149
f 4680//2150 4510//2150 4509//2150 4671//2150
f 4695//1944 4827//1944 4602//1944 4691//1944
f 4731//2151 4530//2151 4532//2151 4460//2151
f 4760//2152 4638//2152 4630//2152 4629//2152
f 4810//2153 4706//2153 4653//2153 4722//2153
f 5085//2154 5088//2154 5120//2154 5184//2154
f 5049//2155 5052//2155 5128//2155 5163//2155
f 4677//2156 4680//2156 4671//2156 4670//2156
f 4674//2157 4594//2157 4595//2157 4684//2157
f 4672//2158 4592//2158 4590//2158 4440//2158
f 4673//2159 4672//2159 4440//2159 4439//2159
f 4675//2160 4674//2160 4684//2160 4373//2160
f 4689//2161 4695//2161 4691//2161 4690//2161
f 4697//2162 4377//2162 4605//2162 4692//2162
f 4824//2163 4697//2163 4692//2163 4686//2163
f 4701//2164 4699//2164 4372//2164 4371//2164
f 5155//2165 5164//2165 5188//2165 5156//2165
f 5164//2166 5154//2166 5098//2166 5188//2166
f 5123//2167 5161//2167 5149//2167 5124//2167
f 5161//2168 5160//2168 5159//2168 5149//2168
f 4707//2169 4721//2169 4713//2169 4462//2169
f 4717//2170 4810//2170 4722//2170 4718//2170
f 4711//2171 4728//2171 4729//2171 4733//2171
f 4728//2172 4397//2172 4616//2172 4729//2172
f 4732//2173 4731//2173 4460//2173 4459//2173
f 5171//2174 5167//2174 5168//2174 5047//2174
f 5170//2175 5136//2175 5137//2175 5132//2175
f 5101//2176 5170//2176 5132//2176 5102//2176
f 5108//2177 5171//2177 5047//2177 5046//2177
f 4734//2178 4746//2178 4803//2178 4735//2178
f 4746//2179 4795//2179 4804//2179 4803//2179
f 4749//2180 4622//2180 4415//2180 4414//2180
f 4790//2181 4619//2181 4410//2181 4409//2181
f 4554//2182 4758//2182 4442//2182 4445//2182
f 4757//2183 4760//2183 4629//2183 4755//2183
f 4758//2184 4633//2184 4634//2184 4442//2184
f 4433//2185 4432//2185 4624//2185 4541//2185
f 5165//2186 5069//2186 5141//2186 5182//2186
f 5110//2187 5173//2187 5180//2187 5109//2187
f 5178//2188 5165//2188 5182//2188 5179//2188
f 5173//2189 5175//2189 5181//2189 5180//2189
f 4782//2190 4450//2190 4485//2190 4484//2190
f 4784//2191 4787//2191 4480//2191 4489//2191
f 4787//2192 4474//2192 4481//2192 4480//2192
f 4450//2193 4453//2193 4486//2193 4485//2193
f 5068//2194 5142//2194 5148//2194 5186//2194
f 5065//2195 5068//2195 5186//2195 5185//2195
f 5084//2196 5085//2196 5184//2196 5183//2196
f 4748//2197 4790//2197 4409//2197 4418//2197
f 4752//2198 4749//2198 4414//2198 4413//2198
f 4807//2199 4778//2199 4806//2199 4805//2199
f 4778//2200 4662//2200 4663//2200 4806//2200
f 4721//2201 4654//2201 4457//2201 4713//2201
f 4432//2202 4431//2202 4625//2202 4624//2202
f 4822//2203 4610//2203 4611//2203 4832//2203
f 4523//2204 4385//2204 4831//2204 4521//2204
f 4528//2205 4822//2205 4832//2205 4529//2205
f 4385//2206 4388//2206 4608//2206 4831//2206
f 5089//2207 5049//2207 5163//2207 5162//2207
f 4838//2208 4837//2208 4858//2208 4863//2208
f 4859//1922 4858//1922 4837//1922
f 4860//2209 4859//2209 4837//2209 4844//2209
f 4836//2210 4860//2210 4844//2210 4843//2210
f 4839//2211 4838//2211 4863//2211 4851//2211
f 4874//2212 4897//2212 4885//2212 4871//2212
f 4869//2213 4895//2213 4892//2213 4889//2213
f 4865//2214 4896//2214 4895//2214 4869//2214
f 4894//2215 4893//2215 4897//2215 4874//2215
f 4666//2070 4901//2070 4584//2070
f 4825//2070 4688//2070 4994//2070
f 4967//2062 4600//2062 4826//2062
f 4710//2068 4709//2068 5005//2068
f 4978//2068 4631//2068 4829//2068
f 4705//2216 4983//2216 4469//2216
f 4700//2217 4902//2217 4901//2217 4666//2217
f 4679//2218 4993//2218 4938//2218 4812//2218
f 4694//2075 4997//2075 4967//2075 4826//2075
f 5007//2219 4461//2219 4612//2219 4947//2219
f 5016//2220 4628//2220 4631//2220 4978//2220
f 4809//2221 5001//2221 4983//2221 4705//2221
f 5086//2222 5232//2222 5204//2222 5087//2222
f 5050//2223 5218//2223 5208//2223 5051//2223
f 4678//2224 4988//2224 4993//2224 4679//2224
f 4990//2225 4685//2225 4683//2225 4964//2225
f 4992//2226 4441//2226 4589//2226 4963//2226
f 4991//2227 4438//2227 4441//2227 4992//2227
f 4989//2228 4374//2228 4685//2228 4990//2228
f 4693//2229 4995//2229 4997//2229 4694//2229
f 4698//2230 4996//2230 4969//2230 4378//2230
f 4825//2231 4994//2231 4996//2231 4698//2231
f 4702//2232 4903//2232 4902//2232 4700//2232
f 5216//2233 5192//2233 5187//2233 5217//2233
f 5217//2234 5187//2234 5097//2234 5215//2234
f 5206//2235 5151//2235 5150//2235 5220//2235
f 5220//2236 5150//2236 5158//2236 5221//2236
f 4998//2237 4463//2237 4714//2237 5002//2237
f 4720//2238 5000//2238 5001//2238 4809//2238
f 4710//2239 5005//2239 5004//2239 4727//2239
f 4727//2240 5004//2240 4973//2240 4398//2240
f 5006//2241 4458//2241 4461//2241 5007//2241
f 5223//2242 5048//2242 5169//2242 5222//2242
f 5224//2243 5133//2243 5190//2243 5210//2243
f 5194//2244 5134//2244 5133//2244 5224//2244
f 5197//2245 5045//2245 5048//2245 5223//2245
f 4738//2246 5009//2246 5024//2246 4745//2246
f 4745//2247 5024//2247 5023//2247 4794//2247
f 4750//2248 4912//2248 4911//2248 4751//2248
f 4791//2249 4907//2249 4916//2249 4792//2249
f 4952//2250 4444//2250 4443//2250 5014//2250
f 5013//2251 4754//2251 4628//2251 5016//2251
f 5014//2252 4443//2252 4756//2252 4975//2252
f 4918//2253 4627//2253 4623//2253 4919//2253
f 5166//2254 5227//2254 5213//2254 5070//2254
f 5139//2255 5198//2255 5226//2255 5172//2255
f 5177//2256 5225//2256 5227//2256 5166//2256
f 5172//2257 5226//2257 5228//2257 5174//2257
f 4783//2258 4933//2258 4932//2258 4451//2258
f 4785//2259 4928//2259 4927//2259 4786//2259
f 4786//2260 4927//2260 4936//2260 4475//2260
f 4451//2261 4932//2261 4931//2261 4452//2261
f 5067//2262 5230//2262 5214//2262 5143//2262
f 5066//2263 5231//2263 5230//2263 5067//2263
f 5083//2264 5229//2264 5232//2264 5086//2264
f 4793//2265 4908//2265 4907//2265 4791//2265
f 4753//2266 4913//2266 4912//2266 4750//2266
f 4808//2267 5022//2267 5021//2267 4779//2267
f 4779//2268 5021//2268 4986//2268 4780//2268
f 5002//2269 4714//2269 4456//2269 4984//2269
f 4919//2270 4623//2270 4626//2270 4920//2270
f 4821//2271 5027//2271 4971//2271 4828//2271
f 4820//2272 4943//2272 5026//2272 4386//2272
f 4609//2273 4946//2273 5027//2273 4821//2273
f 4386//2274 5026//2274 4970//2274 4387//2274
f 5090//2275 5219//2275 5218//2275 5050//2275
f 5035//2276 4864//2276 4857//2276 5028//2276
f 4856//2062 5028//2062 4857//2062
f 4861//2277 5029//2277 5028//2277 4856//2277
f 4835//2278 5030//2278 5029//2278 4861//2278
f 5034//2279 4852//2279 4864//2279 5035//2279
f 4873//2280 4872//2280 5038//2280 5042//2280
f 4870//2281 4888//2281 5040//2281 5044//2281
f 4866//2282 4870//2282 5044//2282 5043//2282
f 4898//2283 4873//2283 5042//2283 5041//2283
o Wall_Modular_Cube.009_Wall_Modular_Cube.010
v -0.590367 4.801557 -0.971801
v -0.590367 4.801557 -1.356532
v -0.623408 4.820557 -1.356532
v -0.623408 4.820557 -0.971801
v -0.661090 5.719898 -0.843965
v -0.888602 5.719898 -0.843965
v -0.888602 5.192621 -0.829008
v -0.661090 5.192621 -0.829008
v -0.590367 4.451290 -0.971801
v -0.590367 4.451290 -1.356532
v -0.590367 4.594989 -1.356532
v -0.590367 4.703471 -1.338384
v -0.661090 5.173621 -1.150696
v -0.888602 5.173621 -1.150696
v -0.888602 5.173621 -1.356532
v -0.661090 5.173621 -1.356532
v -0.705674 5.182025 -1.164022
v -0.844018 5.182025 -1.164022
v -0.844018 5.182025 -0.600009
v -0.705674 5.182025 -0.600009
v -0.705674 4.944404 -0.575434
v -0.844018 4.944404 -0.575434
v -0.844018 4.834126 -0.573635
v -0.705674 4.834126 -0.573635
v -0.600886 5.547903 -0.436908
v -0.948806 5.547903 -0.436908
v -0.948806 5.547903 -0.504144
v -0.600886 5.547903 -0.504144
v -0.600886 3.932585 0.255395
v -0.948806 3.932585 0.255395
v -0.948807 3.932585 -0.246034
v -0.600885 3.932585 -0.246034
v -0.948806 5.908916 -0.833464
v -0.600886 5.908916 -0.833464
v -0.600886 5.566903 -0.833464
v -0.948806 5.566903 -0.833464
v -0.661090 5.172174 0.186639
v -0.888602 5.172174 0.186639
v -0.888602 4.833163 0.186639
v -0.661090 4.833163 0.186639
v -0.661090 4.822244 0.026356
v -0.888602 4.822244 0.026356
v -0.888602 4.814163 -0.548841
v -0.661090 4.814163 -0.548841
v -0.888601 3.951585 1.392695
v -0.888601 3.932585 1.366322
v -0.661089 3.932585 1.366322
v -0.661089 3.951585 1.392695
v -0.572918 5.282846 1.333264
v -0.564658 5.214919 1.371120
v -0.567844 5.072310 1.366320
v -0.567845 5.072310 0.912139
v -0.567845 5.155032 0.912139
v -0.567845 5.196392 0.930087
v -0.567845 5.237752 0.912139
v -0.567845 5.911862 0.912139
v -0.567844 5.911862 1.366320
v -0.572832 5.502523 1.350001
v -0.661089 3.951585 0.732703
v -0.888601 3.951585 0.732703
v -0.888602 4.664077 0.732703
v -0.661090 4.664077 0.732703
v -0.661090 4.685688 0.860548
v -0.888602 4.685688 0.860548
v -0.888601 4.683076 1.366322
v -0.661089 4.683076 1.366322
v -0.628049 4.664077 0.759076
v -0.628049 4.655846 0.860548
v -0.628048 4.664077 1.366322
v -0.628048 3.951585 1.366322
v -0.628048 3.955711 0.975737
v -0.628048 3.965592 0.860548
v -0.628048 3.951585 0.759076
v -0.700174 4.688634 0.983565
v -0.849516 4.688634 0.983565
v -0.849517 4.674672 0.609799
v -0.700175 4.674672 0.609799
v -0.888602 5.930862 -1.031577
v -0.661090 5.930862 -1.031577
v -0.661090 5.933322 -1.119159
v -0.888602 5.933322 -1.119159
v -0.700175 4.903018 0.583425
v -0.849517 4.903018 0.583425
v -0.849517 5.042100 0.583425
v -0.700175 5.042100 0.583425
v -0.948806 3.951585 0.737157
v -0.600886 3.951585 0.737157
v -0.600886 4.303163 0.737157
v -0.948806 4.303163 0.737157
v -0.600886 4.770123 0.188948
v -0.948806 4.770123 0.188949
v -0.948806 4.790081 0.186281
v -0.600886 4.790081 0.186281
v -0.624490 4.319561 0.160265
v -0.925202 4.319561 0.160265
v -0.925202 4.319907 -0.333540
v -0.624490 4.319907 -0.333540
v -0.888602 5.558037 0.065921
v -0.661090 5.558037 0.065921
v -0.661090 5.556577 -0.006047
v -0.888602 5.556577 -0.006047
v -0.624490 4.319561 -0.691316
v -0.925202 4.319561 -0.691315
v -0.925202 4.319561 -0.923624
v -0.624490 4.319561 -0.923625
v -0.925202 4.807474 -0.691315
v -0.624490 4.807474 -0.691316
v -0.624490 4.817994 -0.923625
v -0.925202 4.817994 -0.923624
v -0.591449 4.798994 0.160265
v -0.591449 4.798994 -0.608341
v -0.624490 4.817994 -0.608341
v -0.624490 4.817994 0.160265
v -0.600886 4.871161 0.588385
v -0.948806 4.871161 0.588385
v -0.948806 4.694739 0.588385
v -0.600886 4.694740 0.588385
v -0.948806 5.547903 -0.807090
v -0.600886 5.547903 -0.807090
v -0.567845 4.913501 0.528257
v -0.567845 4.871161 0.562011
v -0.567845 4.694740 0.562011
v -0.567845 4.694740 0.212654
v -0.567845 4.713605 0.212654
v -0.567845 4.770123 0.233427
v -0.567845 4.790081 0.212654
v -0.567845 5.154684 0.212654
v -0.567845 5.154684 0.562011
v -0.567845 4.947636 0.550251
v -0.948806 4.675740 0.212654
v -0.600886 4.675740 0.212654
v -0.600886 4.675740 0.562011
v -0.948806 4.675740 0.562011
v -0.698881 5.547903 0.105853
v -0.850811 5.547903 0.105853
v -0.850811 5.547903 -0.061078
v -0.698881 5.547903 -0.061078
v -0.850811 5.908916 -0.087452
v -0.698881 5.908916 -0.087452
v -0.698881 5.566903 -0.087452
v -0.850811 5.566903 -0.087452
v -0.623408 4.432290 -1.356532
v -0.623408 4.451290 -1.382905
v -0.623408 4.451290 -0.945427
v -0.623408 4.432290 -0.971801
v -0.661090 5.911862 -0.829008
v -0.639671 5.924437 -0.846926
v -0.661090 5.930862 -0.855382
v -0.639671 5.924437 -1.364988
v -0.661090 5.911862 -1.382905
v -0.661090 5.930862 -1.356532
v -0.661090 5.173621 -0.855382
v -0.639671 5.180047 -0.846926
v -0.661090 5.192621 -1.382905
v -0.639671 5.180047 -1.364988
v -0.623408 4.801557 -0.945427
v -0.705674 5.163025 -0.573635
v -0.672633 5.163025 -0.600009
v -0.705674 4.815125 -0.600009
v -0.672703 4.841631 -0.613899
v -0.567845 5.566903 -0.111461
v -0.600886 5.566903 -0.085088
v -0.600886 5.547903 -0.111461
v -0.600886 5.927916 -0.111461
v -0.600886 5.908916 -0.085088
v -0.567845 5.908916 -0.111461
v -0.567845 5.566903 -0.807090
v -0.600886 5.927916 -0.807090
v -0.567845 5.908916 -0.807090
v -0.628049 5.539037 -0.548841
v -0.661090 5.539037 -0.575215
v -0.661090 5.558037 -0.548841
v -0.661090 4.814163 0.160265
v -0.628049 4.833163 0.160265
v -0.661090 4.833163 -0.575215
v -0.628049 4.833163 -0.548841
v -0.600885 5.930862 1.366320
v -0.600885 5.911862 1.392694
v -0.600886 5.911862 0.885766
v -0.600886 5.930862 0.912139
v -0.661089 3.932585 0.759076
v -0.661090 4.683076 0.759076
v -0.661089 4.664077 1.392695
v -0.600885 5.072310 1.392694
v -0.600885 5.053310 1.366320
v -0.600886 5.053310 0.912139
v -0.600886 5.072310 0.885766
v -0.700174 4.674672 1.368493
v -0.667133 4.693672 1.368493
v -0.700174 4.693672 1.394866
v -0.700175 4.693672 0.583425
v -0.667134 4.693672 0.609799
v -0.700175 5.061100 0.609799
v -0.667134 5.042100 0.609799
v -0.567845 4.303163 -0.246034
v -0.600886 4.303163 -0.272407
v -0.600886 4.322163 -0.246034
v -0.600885 3.951585 -0.272407
v -0.567845 3.951585 -0.246034
v -0.600886 4.322163 0.710783
v -0.567845 4.303163 0.710783
v -0.600886 3.932585 0.710783
v -0.567845 3.951585 0.710783
v -0.591449 4.338561 -0.923625
v -0.624490 4.338561 -0.949998
v -0.624490 4.338561 0.191555
v -0.591449 4.338561 0.160265
v -0.624490 4.798994 0.191555
v -0.600886 5.173684 0.562011
v -0.600886 5.154684 0.588385
v -0.600886 5.154684 0.186281
v -0.600886 5.173684 0.212654
v -0.600886 4.694740 0.186281
v -0.665840 5.566903 0.866516
v -0.698881 5.566903 0.892889
v -0.698881 5.547903 0.866516
v -0.698881 5.927916 0.866516
v -0.698881 5.908916 0.892889
v -0.665840 5.908916 0.866516
v -0.665840 5.566903 -0.061078
v -0.698881 5.927916 -0.061078
v -0.665840 5.908916 -0.061078
v -0.926284 4.820557 -0.971801
v -0.926284 4.820557 -1.356532
v -0.926284 4.432290 -0.971801
v -0.926284 4.432290 -1.356532
v -0.926284 4.801557 -0.945427
v -0.926284 4.451290 -1.382905
v -0.888602 5.930862 -1.155889
v -0.661090 5.930862 -1.155889
v -0.888602 5.930862 -1.356532
v -0.639671 5.924437 -1.157198
v -0.888602 5.173621 -0.855382
v -0.639671 5.180047 -1.019809
v -0.661090 5.173621 -1.023227
v -0.639671 5.725633 -0.862414
v -0.844018 4.890733 -1.385076
v -0.705674 4.890733 -1.385076
v -0.705674 4.834126 -1.385076
v -0.844018 4.834126 -1.385076
v -0.672633 4.901317 -1.327029
v -0.672633 4.834126 -1.358703
v -0.844018 5.163025 -0.573635
v -0.672612 4.948090 -0.622743
v -0.672633 5.163025 -1.164022
v -0.948806 5.908916 -0.085088
v -0.948806 5.566903 -0.085088
v -0.567845 5.566903 -0.504144
v -0.948806 5.927916 -0.807090
v -0.600886 5.927916 -0.555473
v -0.567845 5.908916 -0.555473
v -0.888602 5.558037 -0.548841
v -0.888602 4.814163 0.160265
v -0.628049 4.833163 0.065921
v -0.661090 4.814163 0.065921
v -0.628049 5.172174 0.160265
v -0.661090 5.322993 -0.575215
v -0.628049 5.322993 -0.548841
v -0.600885 5.224850 1.392694
v -0.948806 5.053310 0.912139
v -0.948806 5.072310 0.885766
v -0.600886 5.237752 0.885766
v -0.888601 3.934083 0.860548
v -0.661089 3.934083 0.860548
v -0.661089 3.933620 0.975737
v -0.888601 3.933620 0.975738
v -0.888601 3.932585 0.759076
v -0.849516 4.808204 1.384396
v -0.700174 4.808204 1.384396
v -0.700174 5.042100 1.394866
v -0.849516 5.042100 1.394866
v -0.849517 4.693672 0.583425
v -0.667134 4.823865 0.609799
v -0.700175 4.823865 0.583425
v -0.667133 4.707634 0.983565
v -0.700174 5.061100 1.235396
v -0.700174 5.061100 1.368493
v -0.667133 5.042100 1.368493
v -0.667133 5.042100 1.235396
v -0.948806 4.303163 -0.272407
v -0.948806 4.322163 -0.246034
v -0.600886 4.322163 0.285788
v -0.567845 4.303163 0.285788
v -0.948807 3.951585 -0.272407
v -0.567845 3.951585 0.255395
v -0.948806 5.154684 0.186281
v -0.624490 4.427356 0.191555
v -0.591449 4.427356 0.160265
v -0.925202 4.427356 0.191555
v -0.925202 4.338561 0.191555
v -0.925202 4.338561 -0.949998
v -0.591449 4.777350 -0.691316
v -0.591449 4.798994 -0.923625
v -0.591449 4.341233 -0.333542
v -0.948806 5.173684 0.212654
v -0.948806 5.173684 0.562011
v -0.948806 4.694739 0.186281
v -0.850811 5.908916 0.892889
v -0.850811 5.566903 0.892889
v -0.665840 5.566903 0.105853
v -0.850811 5.927916 -0.061078
v -0.698881 5.927916 0.775721
v -0.665840 5.908916 0.775721
v -0.888602 5.322993 -0.575214
v -0.888602 5.539037 -0.575214
v -0.926284 4.801557 -1.382905
v -0.623408 4.801557 -1.382905
v -0.661090 5.837503 -0.829008
v -0.639671 5.847429 -0.846926
v -0.639671 5.725633 -1.364988
v -0.639671 5.847429 -1.333568
v -0.639671 5.905839 -1.119159
v -0.639671 5.924437 -1.028457
v -0.639671 5.199419 -1.057848
v -0.639671 5.180047 -1.151819
v -0.888602 5.192621 -1.382905
v -0.661090 5.719898 -1.382905
v -0.888602 5.719898 -1.382905
v -0.888602 5.837503 -1.382369
v -0.661090 5.837503 -1.382369
v -0.888602 5.911862 -0.829008
v -0.888602 5.837503 -0.829008
v -0.888602 5.173621 -1.023227
v -0.661090 5.177216 -1.059958
v -0.888602 5.177216 -1.059958
v -0.672633 5.163025 -1.358703
v -0.705674 5.163025 -1.385076
v -0.844018 5.163025 -1.385076
v -0.705674 4.821853 -1.164022
v -0.672633 4.853580 -1.164022
v -0.672633 4.834126 -1.249775
v -0.672633 5.145817 -1.249775
v -0.844018 4.821853 -1.164022
v -0.844018 4.815125 -1.249775
v -0.705674 4.815125 -1.249775
v -0.844018 4.815125 -0.600009
v -0.705674 5.172538 -1.249775
v -0.844018 5.172538 -1.249775
v -0.623408 4.703471 -1.383233
v -0.926284 4.703471 -1.383233
v -0.623408 4.594989 -1.382905
v -0.926284 4.594989 -1.382905
v -0.925202 4.817994 0.160265
v -0.925202 4.798994 0.191555
v -0.925202 4.799538 -0.946835
v -0.624490 4.799538 -0.946835
v -0.591449 4.338561 -0.691316
v -0.661090 5.558037 0.160265
v -0.888602 5.558037 0.160265
v -0.888602 5.539037 0.186639
v -0.661090 5.539037 0.186639
v -0.925202 4.817994 -0.608341
v -0.624490 4.320253 -0.608341
v -0.925202 4.320253 -0.608341
v -0.624490 4.594613 0.191555
v -0.591449 4.594613 0.136336
v -0.624490 4.544797 -0.949998
v -0.591449 4.544797 -0.923625
v -0.925202 4.594613 0.191555
v -0.925202 4.544797 -0.949998
v -0.591449 4.357266 -0.608341
v -0.591449 4.611852 -0.895582
v -0.661090 5.278172 -0.575215
v -0.628049 5.278172 -0.548841
v -0.888602 4.833163 -0.575214
v -0.888602 5.278172 -0.575214
v -0.888602 5.266378 0.186281
v -0.661090 5.266378 0.186281
v -0.628049 5.266378 0.136584
v -0.628049 4.841244 0.026356
v -0.628049 5.520182 -0.006047
v -0.628049 5.539037 0.065921
v -0.628049 5.539037 0.160265
v -0.698881 5.927916 0.105853
v -0.665840 5.908916 0.105853
v -0.698881 5.547903 0.201792
v -0.665840 5.566903 0.201792
v -0.850811 5.927916 0.105853
v -0.850811 5.547903 0.201793
v -0.698881 5.547903 0.265152
v -0.665840 5.566903 0.265152
v -0.850811 5.547903 0.265152
v -0.698881 5.547903 0.717872
v -0.665840 5.566903 0.717872
v -0.850811 5.924880 0.201793
v -0.698881 5.924880 0.201792
v -0.850811 5.547903 0.717872
v -0.587573 5.495888 1.380214
v -0.600886 5.196392 0.903714
v -0.948806 5.196392 0.903714
v -0.948806 5.237752 0.885766
v -0.600886 5.155032 0.885766
v -0.948806 5.155032 0.885766
v -0.849516 4.848415 1.394866
v -0.700174 4.848415 1.394866
v -0.849517 4.823865 0.583425
v -0.665559 4.842829 1.374092
v -0.673134 4.914159 0.636679
v -0.667133 5.038509 1.116065
v -0.671061 4.821559 1.346823
v -0.667133 4.693672 1.102896
v -0.700174 5.057509 1.116065
v -0.700174 4.674672 1.102896
v -0.849516 4.693672 1.394866
v -0.849517 5.061100 0.609799
v -0.849516 5.057509 1.116065
v -0.849516 5.061100 1.235396
v -0.849516 4.674672 1.368493
v -0.849516 4.674672 1.102896
v -0.600886 3.932763 0.338135
v -0.567845 3.967747 0.338135
v -0.600886 4.319335 0.203049
v -0.567845 4.294543 0.203049
v -0.948806 4.319335 0.203049
v -0.948806 3.932585 0.710783
v -0.948806 3.932763 0.338135
v -0.948806 4.322163 0.285789
v -0.698881 5.928093 0.746797
v -0.850811 5.928093 0.746797
v -0.850811 5.927916 0.775721
v -0.948806 4.322163 0.710783
v -0.600886 4.713605 0.186281
v -0.948806 4.713605 0.186281
v -0.600886 4.947636 0.582904
v -0.948806 4.947636 0.582905
v -0.948806 4.927678 0.582905
v -0.600886 4.927678 0.582904
v -0.948806 5.154684 0.588385
v -0.888602 4.814163 0.065921
v -0.600885 5.266211 1.385895
v -0.948805 5.266211 1.385895
v -0.948805 5.224850 1.392694
v -0.962117 5.495888 1.380214
v -0.850811 5.927916 0.265152
v -0.698881 5.927916 0.265152
v -0.850811 5.547903 0.866516
v -0.850811 5.547903 0.775721
v -0.698881 5.547903 0.775721
v -0.850811 5.547903 0.746797
v -0.698881 5.547903 0.746797
v -0.665840 5.566903 0.775721
v -0.665840 5.566903 0.746797
v -0.665840 5.885643 0.201792
v -0.665840 5.908916 0.265152
v -0.665840 5.908916 0.717872
v -0.665840 5.897243 0.746797
v -0.698881 5.927916 0.717872
v -0.850811 5.927916 0.717872
v -0.925202 4.611309 -0.946341
v -0.624490 4.611309 -0.946341
v -0.888602 5.930862 -0.855382
v -0.888602 5.911862 -1.382905
v -0.948806 5.911862 0.885766
v -0.948806 5.930862 0.912139
v -0.948805 5.930862 1.366320
v -0.948805 5.911862 1.392694
v -0.888602 4.683076 0.759076
v -0.850811 5.927916 0.866516
v -0.948806 5.927916 -0.111461
v -0.948806 5.547903 -0.111461
v -0.948806 5.927916 -0.622709
v -0.600886 5.927916 -0.622709
v -0.926284 4.451290 -0.945427
v -0.705674 5.182025 -1.358703
v -0.844018 5.182025 -1.358703
v -0.844018 4.815125 -1.358703
v -0.705674 4.815125 -1.358703
v -0.948806 5.927916 -0.555473
v -0.849516 5.061100 1.368493
v -0.888601 4.664077 1.392695
v -0.567845 5.578537 -0.436908
v -0.567845 5.890231 -0.622709
v -0.588851 3.935049 -0.966236
v -0.960841 3.935049 -0.966236
v -0.960841 3.935049 -1.075689
v -0.588851 3.935049 -1.075690
v -0.555810 3.954049 -1.362423
v -0.555810 4.000932 -1.337419
v -0.555810 4.053957 -1.362423
v -0.555810 4.415669 -1.362423
v -0.555810 4.415669 -0.966236
v -0.555810 3.954049 -0.966236
v -0.555810 3.954049 -1.075690
v -0.555810 3.967122 -1.226271
v -0.588851 3.954049 -0.939862
v -0.588851 4.434669 -0.966236
v -0.588851 4.415669 -0.939862
v -0.588851 4.415669 -1.388796
v -0.588851 4.434669 -1.362423
v -0.960841 4.415669 -1.388796
v -0.588851 4.053957 -1.388796
v -0.960841 4.053957 -1.388796
v -0.960841 4.415669 -0.939862
v -0.960841 3.954049 -0.939862
v -0.960841 4.434669 -1.362422
v -0.960841 3.935049 -1.362422
v -0.960841 3.954049 -1.388796
v -0.588851 3.954049 -1.388796
v -0.588851 3.935049 -1.362423
v -0.588851 3.934812 -1.226271
v -0.960841 3.934812 -1.226270
v -0.960841 4.434669 -0.966236
v -0.588851 4.000932 -1.388796
v -0.960841 4.000932 -1.388796
v -0.668686 5.174282 0.297998
v -0.881006 5.174282 0.297998
v -0.881006 5.172573 0.204119
v -0.668686 5.172573 0.204119
v -0.668686 5.175011 0.373213
v -0.881006 5.175011 0.373213
v -0.668686 5.549593 0.204119
v -0.881006 5.549593 0.204119
v -0.881006 5.550290 0.264441
v -0.668686 5.550290 0.264441
v -0.881006 5.191573 0.184018
v -0.881006 5.530593 0.184018
v -0.668686 5.530593 0.184018
v -0.668686 5.191573 0.184018
v -0.635645 5.530593 0.561088
v -0.668686 5.549593 0.561088
v -0.668686 5.530593 0.587462
v -0.668686 5.172573 0.561088
v -0.635645 5.191573 0.561088
v -0.668686 5.191573 0.587462
v -0.635645 5.530593 0.204119
v -0.635645 5.191573 0.204119
v -0.881006 5.172573 0.561088
v -0.881006 5.172573 0.423373
v -0.668686 5.172573 0.423373
v -0.881006 5.530593 0.587462
v -0.881006 5.191573 0.587462
v -0.635645 5.191573 0.423373
v -0.635645 5.530593 0.314602
v -0.668686 5.549593 0.314602
v -0.635645 5.213121 0.373213
v -0.635645 5.191087 0.297998
v -0.635645 5.518742 0.264441
v -0.881006 5.549593 0.314602
v -0.881006 5.549593 0.561088
v -0.959325 4.801557 -0.971801
v -0.959325 4.801557 -1.356531
v -0.959325 4.703471 -1.338384
v -0.959325 4.594989 -1.356531
v -0.959325 4.451290 -1.356531
v -0.959325 4.451290 -0.971801
v -0.948805 5.072310 1.392694
v -0.976772 5.282846 1.333265
v -0.976858 5.502523 1.350001
v -0.981846 5.911862 1.366320
v -0.981847 5.911862 0.912139
v -0.981847 5.237752 0.912139
v -0.981847 5.196392 0.930087
v -0.981847 5.155032 0.912139
v -0.981847 5.072310 0.912139
v -0.981846 5.072310 1.366320
v -0.985032 5.214919 1.371120
v -0.921643 4.664077 0.759076
v -0.921642 3.951585 0.759076
v -0.921642 3.965592 0.860548
v -0.921642 3.955711 0.975738
v -0.921642 3.951585 1.366322
v -0.921642 4.664077 1.366322
v -0.921643 4.655846 0.860548
v -0.948805 5.053310 1.366320
v -0.958243 4.798994 0.160265
v -0.958243 4.798994 -0.608341
v -0.981847 4.913501 0.528257
v -0.981847 4.947636 0.550251
v -0.981847 5.154684 0.562011
v -0.981847 5.154684 0.212654
v -0.981847 4.790081 0.212654
v -0.981847 4.770123 0.233427
v -0.981847 4.713605 0.212654
v -0.981847 4.694739 0.212654
v -0.981847 4.694739 0.562011
v -0.981847 4.871161 0.562011
v -0.910021 5.924437 -0.846926
v -0.910021 5.924437 -1.364988
v -0.910021 5.180047 -0.846926
v -0.910021 5.180047 -1.364988
v -0.877059 5.163025 -0.600008
v -0.876989 4.841631 -0.613899
v -0.981847 5.566903 -0.111461
v -0.981847 5.908916 -0.111461
v -0.981847 5.566903 -0.807090
v -0.981847 5.908916 -0.807090
v -0.921643 5.539037 -0.548841
v -0.921643 4.833163 0.160265
v -0.921643 4.833163 -0.548841
v -0.882557 4.693672 1.368493
v -0.882558 4.693672 0.609799
v -0.882558 5.042100 0.609799
v -0.981847 4.303163 -0.246034
v -0.981847 3.951585 -0.246034
v -0.981847 4.303163 0.710783
v -0.981847 3.951585 0.710783
v -0.958243 4.338561 -0.923624
v -0.958243 4.338561 0.160265
v -0.883852 5.566903 0.866516
v -0.883852 5.908916 0.866516
v -0.883852 5.566903 -0.061078
v -0.883852 5.908916 -0.061078
v -0.910021 5.924437 -1.157198
v -0.910021 5.180047 -1.019809
v -0.910021 5.725633 -0.862414
v -0.877059 4.901317 -1.327029
v -0.877059 4.834126 -1.358703
v -0.877080 4.948090 -0.622743
v -0.877059 5.163025 -1.164022
v -0.981847 5.566903 -0.504144
v -0.981847 5.908916 -0.555473
v -0.921643 4.833163 0.065921
v -0.921643 5.172174 0.160265
v -0.921643 5.322993 -0.548841
v -0.882558 4.823865 0.609799
v -0.882557 4.707634 0.983565
v -0.882557 5.042100 1.235396
v -0.882557 5.042100 1.368493
v -0.981847 4.303163 0.285789
v -0.981847 3.951585 0.255395
v -0.958243 4.427356 0.160265
v -0.958243 4.777350 -0.691315
v -0.958243 4.798994 -0.923624
v -0.958243 4.341233 -0.333541
v -0.883852 5.566903 0.105854
v -0.883852 5.908916 0.775721
v -0.910021 5.847429 -0.846926
v -0.910021 5.725633 -1.364988
v -0.910021 5.180047 -1.151819
v -0.910021 5.199419 -1.057848
v -0.910021 5.924437 -1.028457
v -0.910021 5.905839 -1.119159
v -0.910021 5.847429 -1.333568
v -0.877059 5.163025 -1.358703
v -0.877059 4.853580 -1.164022
v -0.877059 5.145817 -1.249775
v -0.877059 4.834126 -1.249775
v -0.958243 4.338561 -0.691315
v -0.958243 4.594613 0.136336
v -0.958243 4.544797 -0.923624
v -0.958243 4.611852 -0.895582
v -0.958243 4.357266 -0.608341
v -0.921643 5.278172 -0.548841
v -0.921643 5.266378 0.136584
v -0.921643 5.539037 0.160265
v -0.921643 5.539037 0.065921
v -0.921643 5.520182 -0.006047
v -0.921643 4.841244 0.026356
v -0.883852 5.908916 0.105854
v -0.883852 5.566903 0.201793
v -0.883852 5.566903 0.265152
v -0.883852 5.566903 0.717872
v -0.884131 4.842829 1.374092
v -0.876558 4.914159 0.636679
v -0.882557 4.693672 1.102896
v -0.878629 4.821559 1.346823
v -0.882557 5.038509 1.116065
v -0.981847 3.967747 0.338135
v -0.981847 4.294543 0.203049
v -0.883852 5.566903 0.775721
v -0.883852 5.897243 0.746797
v -0.883852 5.908916 0.717872
v -0.883852 5.908916 0.265152
v -0.883852 5.885643 0.201793
v -0.883852 5.566903 0.746797
v -0.981847 5.578537 -0.436908
v -0.981847 5.890231 -0.622709
v -0.993882 3.954049 -1.362422
v -0.993882 3.967122 -1.226270
v -0.993882 3.954049 -1.075689
v -0.993882 3.954049 -0.966236
v -0.993882 4.415669 -0.966236
v -0.993882 4.415669 -1.362422
v -0.993882 4.053957 -1.362422
v -0.993882 4.000932 -1.337419
v -0.914047 5.530593 0.561088
v -0.914047 5.191573 0.561088
v -0.914047 5.530593 0.204119
v -0.914047 5.191573 0.204119
v -0.914047 5.191573 0.423373
v -0.914047 5.530593 0.314602
v -0.914047 5.518742 0.264441
v -0.914047 5.191087 0.297998
v -0.914047 5.213121 0.373213
v -0.854745 5.539236 -0.833464
v -0.694947 5.539236 -0.833464
v -0.694947 5.456829 -0.833464
v -0.854745 5.456829 -0.833464
v -0.624076 3.936481 -0.741934
v -0.925616 3.936481 -0.741933
v -0.925616 3.936481 -0.921470
v -0.624076 3.936481 -0.921470
v -0.694947 5.177239 -0.597597
v -0.854745 5.177239 -0.597597
v -0.854745 5.177239 -0.807090
v -0.694947 5.177239 -0.807090
v -0.700151 4.330830 0.182465
v -0.849541 4.330830 0.182465
v -0.849541 4.660458 0.182465
v -0.700151 4.660458 0.182465
v -0.854745 5.287320 -0.833464
v -0.694947 5.287320 -0.833464
v -0.694947 5.196239 -0.833464
v -0.854745 5.196239 -0.833464
v -0.624076 5.548580 0.698081
v -0.925616 5.548580 0.698081
v -0.925616 5.547852 0.773295
v -0.624076 5.547852 0.773295
v -0.700151 4.311830 0.456533
v -0.849541 4.311830 0.456533
v -0.849541 4.311830 0.208838
v -0.700151 4.311830 0.208838
v -0.700151 4.679458 0.639044
v -0.849541 4.679458 0.639044
v -0.849541 4.679458 0.710783
v -0.700151 4.679458 0.710783
v -0.849542 4.330830 0.737157
v -0.700150 4.330830 0.737157
v -0.700151 4.660458 0.737157
v -0.849541 4.660458 0.737157
v -0.624077 5.060791 0.866516
v -0.925615 5.060791 0.866516
v -0.925615 5.060791 0.714684
v -0.624077 5.060791 0.714684
v -0.624077 5.060095 0.664523
v -0.925615 5.060094 0.664523
v -0.925616 5.060791 0.604201
v -0.624076 5.060791 0.604200
v -0.624076 3.936481 -0.552059
v -0.925616 3.936481 -0.552058
v -0.925616 5.531290 0.584101
v -0.624076 5.531290 0.584101
v -0.624076 5.079791 0.584101
v -0.925616 5.079791 0.584101
v -0.624076 3.936481 -0.296956
v -0.925616 3.936481 -0.296956
v -0.925616 4.144547 -0.947844
v -0.624076 4.144547 -0.947844
v -0.624076 3.955481 -0.947844
v -0.925616 3.955481 -0.947844
v -0.661906 5.196239 -0.597597
v -0.694947 5.196239 -0.571224
v -0.694947 5.558236 -0.597597
v -0.694947 5.539236 -0.571224
v -0.661906 5.539236 -0.597597
v -0.661906 5.196239 -0.807090
v -0.694947 5.558236 -0.807090
v -0.661906 5.539236 -0.807090
v -0.667110 4.660458 0.208838
v -0.700151 4.679458 0.208838
v -0.667110 4.330830 0.208838
v -0.667110 4.660458 0.710783
v -0.700150 4.311830 0.710783
v -0.667110 4.330830 0.710783
v -0.591036 5.079791 0.866516
v -0.624077 5.079791 0.892889
v -0.624077 5.550290 0.866516
v -0.624077 5.531290 0.892889
v -0.591036 5.531290 0.866516
v -0.591036 5.079791 0.604200
v -0.624076 5.550290 0.604200
v -0.591035 5.531290 0.604200
v -0.591036 3.955481 -0.296956
v -0.624076 3.955481 -0.270582
v -0.624076 4.322864 -0.296956
v -0.624076 4.303864 -0.270582
v -0.591035 4.303864 -0.296956
v -0.591035 3.955481 -0.921470
v -0.624076 4.303864 -0.947844
v -0.624076 4.322864 -0.921470
v -0.591035 4.303864 -0.921470
v -0.694947 5.287320 -0.571224
v -0.854745 5.287320 -0.571224
v -0.854745 5.196239 -0.571224
v -0.854745 5.558236 -0.807090
v -0.661906 5.361053 -0.597597
v -0.694947 5.361053 -0.571224
v -0.661906 5.258132 -0.789727
v -0.849541 4.679458 0.208838
v -0.667110 4.660458 0.639044
v -0.667110 4.330830 0.456533
v -0.624076 5.550290 0.823456
v -0.925616 5.550290 0.823456
v -0.925615 5.550290 0.866516
v -0.925615 5.531290 0.892889
v -0.925615 5.079791 0.892889
v -0.925616 5.550290 0.604201
v -0.591036 5.531290 0.823456
v -0.624076 4.088879 -0.276716
v -0.925616 4.088879 -0.276716
v -0.925616 3.955481 -0.270582
v -0.925616 4.303864 -0.947844
v -0.925616 4.322864 -0.921470
v -0.591035 4.144547 -0.921470
v -0.591035 4.226135 -0.921470
v -0.624076 4.226135 -0.947844
v -0.925616 4.303864 -0.270582
v -0.925616 4.129673 -0.270582
v -0.624076 4.129673 -0.270582
v -0.591035 4.129673 -0.296956
v -0.591035 4.088879 -0.315650
v -0.591035 3.955481 -0.552059
v -0.591035 3.972193 -0.741934
v -0.591035 4.185340 -0.887820
v -0.700151 4.323112 0.539098
v -0.849541 4.323112 0.539098
v -0.661906 5.361053 -0.807090
v -0.694947 5.361053 -0.833464
v -0.854745 5.361053 -0.833464
v -0.661906 5.298995 -0.608015
v -0.661906 5.456829 -0.786254
v -0.849541 4.674510 0.390477
v -0.700151 4.674510 0.390477
v -0.849541 4.679458 0.539098
v -0.700151 4.679458 0.539098
v -0.849542 4.311830 0.710783
v -0.849541 4.311830 0.715071
v -0.700151 4.311830 0.715071
v -0.667110 4.330830 0.715071
v -0.667110 4.642499 0.390477
v -0.667110 4.660458 0.539098
v -0.667110 4.360459 0.539098
v -0.591036 5.079791 0.714684
v -0.591036 5.091642 0.664523
v -0.591036 5.531775 0.698081
v -0.591036 5.509741 0.773295
v -0.925616 4.185340 -0.944754
v -0.624076 4.185340 -0.944754
v -0.854745 5.539236 -0.571224
v -0.854745 5.361053 -0.571224
v -0.854745 5.558236 -0.597597
v -0.925616 4.226135 -0.947844
v -0.925616 4.322864 -0.296956
v -0.887786 5.196239 -0.597597
v -0.887786 5.539236 -0.597597
v -0.887786 5.196239 -0.807090
v -0.887786 5.539236 -0.807090
v -0.882582 4.660458 0.208839
v -0.882582 4.330830 0.208839
v -0.882582 4.660458 0.710783
v -0.882582 4.330830 0.710783
v -0.958656 5.079791 0.866516
v -0.958656 5.531290 0.866516
v -0.958656 5.079791 0.604201
v -0.958657 5.531290 0.604201
v -0.958656 3.955481 -0.296956
v -0.958657 4.303864 -0.296956
v -0.958657 3.955481 -0.921470
v -0.958657 4.303864 -0.921470
v -0.887786 5.361053 -0.597597
v -0.887786 5.258132 -0.789727
v -0.882582 4.660458 0.639044
v -0.882582 4.330830 0.456533
v -0.958656 5.531290 0.823456
v -0.958657 4.144547 -0.921470
v -0.958657 4.226135 -0.921470
v -0.958657 4.185340 -0.887820
v -0.958657 3.972193 -0.741933
v -0.958657 3.955481 -0.552058
v -0.958657 4.088879 -0.315650
v -0.958657 4.129673 -0.296956
v -0.887786 5.361053 -0.807090
v -0.887786 5.456829 -0.786254
v -0.887786 5.298995 -0.608015
v -0.882582 4.330830 0.715071
v -0.882582 4.642499 0.390477
v -0.882582 4.360459 0.539098
v -0.882582 4.660458 0.539098
v -0.958656 5.079791 0.714684
v -0.958656 5.509741 0.773295
v -0.958656 5.531775 0.698081
v -0.958656 5.091642 0.664523
vn 0.4985 0.8669 -0.0000
vn 0.0000 0.0284 0.9996
vn 1.0000 0.0000 -0.0000
vn 0.0000 -1.0000 0.0000
vn 0.0000 1.0000 0.0000
vn 0.0000 0.0163 0.9999
vn 0.0000 -1.0000 0.0011
vn -0.0000 0.0000 -1.0000
vn 0.0000 0.0019 1.0000
vn 0.0000 0.0000 1.0000
vn 0.0000 -0.9999 0.0140
vn 0.0000 -0.8114 0.5845
vn 1.0000 -0.0002 0.0053
vn 0.0000 1.0000 0.0052
vn 0.0000 -0.9993 0.0373
vn 0.0000 0.9996 0.0281
vn -0.0000 -0.1325 -0.9912
vn -0.0000 -1.0000 -0.0007
vn -0.0000 -1.0000 -0.0010
vn -0.0000 0.9998 -0.0203
vn 0.0000 -1.0000 0.0042
vn 0.0000 0.9990 0.0452
vn -0.0000 -0.8114 -0.5845
vn 0.4228 -0.7353 -0.5297
vn 0.4228 -0.7353 0.5297
vn 0.0099 0.8116 0.5841
vn 0.0126 0.8113 0.5845
vn 0.0108 0.8111 0.5848
vn 0.0126 0.8113 -0.5845
vn 0.0099 0.8116 -0.5841
vn 0.0108 0.8111 -0.5848
vn 0.0099 -0.8116 0.5841
vn 0.0108 -0.8111 0.5848
vn 0.0126 -0.8113 0.5845
vn 0.0099 -0.8116 -0.5841
vn 0.0126 -0.8113 -0.5845
vn 0.0108 -0.8111 -0.5848
vn 0.4228 0.7353 0.5297
vn 0.6684 -0.6035 0.4348
vn 0.4228 0.7353 -0.5297
vn 0.4411 -0.7671 0.4658
vn 0.4411 0.7671 0.4658
vn 0.0000 0.8114 0.5845
vn 0.4985 -0.8669 0.0000
vn 0.2874 0.9578 0.0000
vn -0.0099 -0.8116 0.5841
vn -0.0108 -0.8111 0.5848
vn 0.2874 -0.9578 0.0000
vn 0.6490 0.0216 0.7605
vn 0.7677 0.1588 -0.6208
vn 0.7448 -0.0377 0.6663
vn -0.0000 0.8114 -0.5845
vn 0.6238 0.0000 0.7816
vn 0.6238 0.0000 -0.7816
vn 0.0000 1.0000 0.0027
vn 0.5672 -0.0195 0.8234
vn -0.0000 -1.0000 -0.0040
vn -0.0000 -1.0000 -0.0033
vn 0.5280 -0.8492 -0.0056
vn 0.0000 -0.9999 0.0148
vn 0.5942 0.8040 0.0223
vn 0.0000 -0.0447 0.9990
vn 0.4982 -0.8664 0.0324
vn 0.6238 0.0000 -0.7815
vn 0.6876 0.0000 0.7261
vn 0.5957 0.8013 0.0555
vn 0.5209 -0.8536 -0.0026
vn 0.6238 0.0000 0.7815
vn 0.6416 0.0000 0.7670
vn -0.0108 -0.8111 -0.5848
vn -0.0099 -0.8116 -0.5841
vn 0.0000 0.0023 -1.0000
vn 0.0000 -0.0013 -1.0000
vn 0.6416 0.0000 -0.7670
vn 0.6641 -0.0943 0.7417
vn 0.0000 0.9978 -0.0668
vn 0.0000 -0.9992 0.0396
vn 0.7963 0.0293 0.6042
vn 0.7891 -0.0364 -0.6131
vn 0.6600 -0.7512 -0.0125
vn 1.0000 -0.0001 -0.0000
vn 0.0000 -0.0082 1.0000
vn 0.0000 -0.9969 0.0782
vn 0.0000 -0.9999 -0.0119
vn 0.0000 0.9939 -0.1100
vn 0.0000 0.0002 -1.0000
vn 0.0000 0.0033 -1.0000
vn 0.0000 -0.0015 -1.0000
vn 0.0000 0.8548 0.5190
vn -0.0000 0.7827 -0.6224
vn 0.0000 -0.8548 0.5190
vn 0.5895 0.7930 -0.1537
vn -0.0000 0.9921 -0.1258
vn 0.0000 -1.0000 0.0035
vn 0.7939 0.0434 0.6065
vn 0.7942 -0.0355 0.6066
vn 0.0000 -0.0013 1.0000
vn 0.0000 0.0012 1.0000
vn 0.4909 -0.8536 -0.1743
vn 0.4985 -0.8668 0.0122
vn 0.0000 0.9995 0.0316
vn 0.7648 -0.0148 0.6441
vn -0.0000 -0.3981 -0.9174
vn 0.0000 0.2520 -0.9677
vn 0.5706 -0.0181 0.8210
vn 1.0000 -0.0000 -0.0014
vn 0.4985 0.8669 0.0061
vn 0.4983 0.8666 -0.0261
vn 0.4960 -0.8625 -0.1009
vn 0.0000 1.0000 0.0071
vn 0.0000 0.9995 -0.0301
vn 0.5944 0.8042 -0.0045
vn 0.6308 -0.7722 0.0762
vn 0.5524 0.8335 0.0106
vn 0.0000 1.0000 0.0063
vn -0.0000 -1.0000 -0.0005
vn 0.0000 -1.0000 0.0008
vn -0.0000 0.9994 -0.0342
vn 0.6326 -0.7743 -0.0170
vn 0.5515 0.8322 -0.0576
vn 0.0000 1.0000 0.0062
vn 0.0000 1.0000 0.0031
vn -0.0000 0.0472 -0.9989
vn 0.0000 0.0965 0.9953
vn 0.6659 -0.0310 0.7454
vn 0.0000 -0.0265 0.9996
vn -0.0000 -1.0000 -0.0027
vn -0.0000 -0.9798 -0.2001
vn 0.0000 0.1622 0.9868
vn 0.0000 0.0247 0.9997
vn -0.0000 0.9989 -0.0479
vn 0.0000 1.0000 -0.0031
vn 0.0000 1.0000 -0.0061
vn -0.0000 0.0549 -0.9985
vn 0.0000 -0.9952 -0.0974
vn 0.0000 -0.1262 0.9920
vn -0.0099 0.8116 -0.5841
vn -0.0108 0.8111 -0.5848
vn -0.0108 0.8111 0.5848
vn -0.0099 0.8116 0.5841
vn 0.0000 -0.0072 -1.0000
vn 0.0000 0.9962 0.0868
vn -0.0000 -0.0026 -1.0000
vn -0.0000 0.9997 -0.0257
vn -0.0000 -1.0000 -0.0001
vn -0.0000 -1.0000 -0.0017
vn 0.0000 -0.9999 0.0139
vn 0.0000 -0.9998 0.0182
vn 0.0000 -1.0000 0.0097
vn -0.0000 0.9999 -0.0115
vn 0.3856 0.6705 -0.6338
vn 0.3856 -0.6705 -0.6338
vn -0.0000 -0.7267 -0.6869
vn 0.5197 0.0000 -0.8543
vn -0.0000 0.7267 -0.6869
vn -0.0000 -0.9988 -0.0486
vn 0.4764 -0.8792 0.0057
vn 0.0000 0.9999 0.0139
vn -0.4985 0.8669 0.0000
vn -1.0000 -0.0000 0.0000
vn -1.0000 -0.0002 0.0053
vn -0.4228 -0.7353 -0.5297
vn -0.4228 -0.7353 0.5297
vn -0.0126 0.8113 0.5845
vn -0.0126 0.8113 -0.5845
vn -0.0126 -0.8113 0.5845
vn -0.0126 -0.8113 -0.5845
vn -0.4228 0.7353 0.5297
vn -0.6684 -0.6035 0.4348
vn -0.4228 0.7353 -0.5297
vn -0.4411 -0.7671 0.4658
vn -0.4411 0.7671 0.4658
vn -0.4985 -0.8669 0.0000
vn -0.2874 0.9578 0.0000
vn -0.2874 -0.9578 -0.0000
vn -0.6490 0.0216 0.7605
vn -0.7677 0.1588 -0.6208
vn -0.7448 -0.0377 0.6663
vn -0.6238 0.0000 0.7816
vn -0.6238 0.0000 -0.7816
vn -0.5671 -0.0195 0.8234
vn -0.5280 -0.8492 -0.0056
vn -0.5942 0.8040 0.0223
vn -0.4982 -0.8664 0.0324
vn -0.6238 0.0000 -0.7815
vn -0.6876 -0.0000 0.7261
vn -0.5957 0.8013 0.0555
vn -0.5209 -0.8536 -0.0026
vn -0.6416 0.0000 0.7670
vn -0.6416 0.0000 -0.7670
vn -0.6641 -0.0943 0.7417
vn -0.7963 0.0293 0.6042
vn -0.7891 -0.0364 -0.6131
vn -0.6600 -0.7512 -0.0125
vn -1.0000 -0.0001 0.0000
vn -0.5895 0.7930 -0.1537
vn -0.7939 0.0434 0.6065
vn -0.7942 -0.0355 0.6066
vn -0.4909 -0.8536 -0.1743
vn -0.4985 -0.8668 0.0122
vn -0.7648 -0.0148 0.6441
vn 0.0000 -0.0300 0.9996
vn -0.0000 0.3981 -0.9174
vn -0.5706 -0.0181 0.8210
vn -1.0000 -0.0000 -0.0014
vn -0.4985 0.8669 0.0061
vn -0.4983 0.8666 -0.0261
vn -0.4960 -0.8625 -0.1009
vn -0.5944 0.8042 -0.0045
vn -0.6308 -0.7722 0.0762
vn -0.5524 0.8335 0.0106
vn -0.6326 -0.7743 -0.0170
vn -0.5515 0.8322 -0.0576
vn -0.6659 -0.0310 0.7454
vn 0.0000 -0.9932 -0.1162
vn -0.3856 0.6705 -0.6338
vn -0.3856 -0.6705 -0.6338
vn -0.5197 -0.0000 -0.8543
vn -0.4764 -0.8792 0.0057
vn 0.0000 1.0000 0.0097
vn 0.0000 -0.9999 -0.0115
vn 0.7412 0.0757 -0.6670
vn 0.0000 0.0459 0.9989
vn 0.0000 -0.9908 0.1354
vn 0.7115 -0.0687 -0.6993
vn 0.0000 0.9998 0.0182
vn 0.0000 0.9996 0.0272
vn 0.0000 0.9994 -0.0333
vn 0.0000 1.0000 0.0001
vn -0.4985 0.8669 -0.0001
vn -0.0000 0.9988 -0.0485
vn -0.0000 0.0755 -0.9971
vn 0.0000 -0.9980 -0.0640
vn -0.0000 -0.0755 -0.9971
vn 0.0000 -0.1487 0.9889
vn 0.4764 0.8792 0.0057
vn -0.7412 0.0757 -0.6670
vn -0.6238 0.0000 0.7815
vn -0.7115 -0.0687 -0.6993
vn 0.4985 0.8669 -0.0001
vn -0.4764 0.8792 0.0057
vn 0.4104 0.7138 -0.5675
vn 0.7317 -0.0617 -0.6789
vn 0.8527 -0.1079 -0.5111
vn 0.6424 0.7663 0.0143
vn 0.7217 -0.0550 0.6900
vn 0.7448 -0.0506 -0.6654
vn 0.6059 -0.7921 0.0733
vn 0.6373 -0.7698 0.0358
vn 0.8313 0.0735 -0.5510
vn 0.5605 -0.7917 -0.2432
vn 0.6151 0.7707 0.1663
vn 0.6223 0.7796 -0.0706
vn 0.5510 -0.8281 0.1030
vn 0.6045 -0.7875 0.1202
vn 0.5644 0.8157 -0.1270
vn 0.5661 0.8182 0.1003
vn 0.7319 0.0558 -0.6791
vn 0.7545 -0.2695 -0.5985
vn 0.7545 0.2695 -0.5985
vn 0.7014 0.0660 0.7097
vn 0.6870 -0.2116 0.6952
vn 0.6440 -0.7598 0.0888
vn 0.7500 0.1527 -0.6436
vn 0.7546 -0.0289 0.6555
vn 0.7523 0.0834 0.6535
vn 0.6387 0.7619 -0.1075
vn 0.7421 0.0725 -0.6664
vn 0.6950 -0.0550 0.7169
vn 0.6868 0.0390 0.7258
vn 0.7414 -0.0842 -0.6658
vn 0.6577 0.7463 0.1023
vn 0.6533 0.7413 -0.1539
vn 0.5908 -0.3212 -0.7401
vn 0.7039 0.3136 0.6373
vn 0.8010 -0.0777 -0.5935
vn -0.6336 0.4451 -0.6328
vn 0.7836 0.1243 -0.6087
vn 0.6061 -0.7930 0.0606
vn 0.6376 -0.7478 0.1853
vn 0.6103 0.7906 0.0499
vn 0.6463 -0.7580 -0.0881
vn 0.6099 0.7901 -0.0609
vn 0.7241 0.1400 -0.6753
vn 0.7526 -0.2480 0.6100
vn 0.7731 0.2340 0.5896
vn 0.6789 -0.3718 -0.6332
vn 0.6434 0.7445 -0.1780
vn 0.6349 0.7639 0.1156
vn 0.6052 -0.7912 -0.0880
vn 0.8925 -0.0377 0.4495
vn 0.5908 0.3212 -0.7401
vn 0.5948 0.7885 0.1567
vn 0.5948 0.7885 -0.1567
vn 0.6617 -0.7495 -0.0223
vn 0.6296 -0.7762 -0.0349
vn 0.6475 0.7548 -0.1049
vn 0.6005 -0.7995 -0.0143
vn 0.6506 0.7585 0.0384
vn 0.5991 -0.7977 0.0690
vn 0.6374 -0.7698 -0.0339
vn 0.7509 0.1702 -0.6382
vn 0.6129 -0.7893 0.0372
vn 0.6129 -0.7894 -0.0336
vn 0.7532 -0.1509 -0.6402
vn 0.6059 0.7921 0.0733
vn 0.6434 -0.7445 -0.1780
vn 0.6349 -0.7639 0.1156
vn 0.6052 0.7912 -0.0880
vn -0.4104 0.7138 -0.5675
vn -0.7317 -0.0617 -0.6789
vn -0.8527 -0.1079 -0.5111
vn -0.6424 0.7663 0.0143
vn -0.7217 -0.0550 0.6900
vn -0.7448 -0.0506 -0.6654
vn -0.6059 -0.7921 0.0733
vn -0.6373 -0.7698 0.0358
vn -0.8313 0.0735 -0.5510
vn -0.5605 -0.7917 -0.2432
vn -0.6151 0.7707 0.1663
vn -0.6223 0.7796 -0.0706
vn -0.5510 -0.8281 0.1030
vn -0.6045 -0.7875 0.1202
vn -0.5644 0.8157 -0.1270
vn -0.5661 0.8182 0.1003
vn -0.7319 0.0558 -0.6791
vn -0.7545 -0.2695 -0.5985
vn -0.7545 0.2695 -0.5985
vn -0.7014 0.0660 0.7097
vn -0.6870 -0.2116 0.6952
vn -0.6440 -0.7598 0.0888
vn -0.7500 0.1527 -0.6436
vn -0.7546 -0.0289 0.6555
vn -0.7523 0.0834 0.6535
vn -0.6387 0.7619 -0.1075
vn -0.7421 0.0725 -0.6664
vn -0.6950 -0.0550 0.7169
vn -0.6868 0.0390 0.7258
vn -0.7414 -0.0842 -0.6658
vn -0.6577 0.7463 0.1023
vn -0.6533 0.7413 -0.1539
vn -0.5908 -0.3212 -0.7401
vn -0.7039 0.3136 0.6373
vn -0.8010 -0.0777 -0.5935
vn 0.6336 0.4451 -0.6328
vn -0.7836 0.1243 -0.6087
vn -0.6061 -0.7930 0.0606
vn -0.6376 -0.7478 0.1853
vn -0.6103 0.7906 0.0499
vn -0.6463 -0.7580 -0.0881
vn -0.6099 0.7901 -0.0609
vn -0.7241 0.1400 -0.6753
vn -0.7526 -0.2480 0.6100
vn -0.7731 0.2340 0.5896
vn -0.6789 -0.3718 -0.6332
vn -0.6434 0.7445 -0.1780
vn -0.6349 0.7639 0.1156
vn -0.6052 -0.7912 -0.0880
vn -0.8925 -0.0377 0.4495
vn -0.5908 0.3212 -0.7401
vn -0.5948 0.7885 0.1567
vn -0.5948 0.7885 -0.1567
vn -0.6617 -0.7495 -0.0223
vn -0.6296 -0.7762 -0.0348
vn -0.6475 0.7548 -0.1049
vn -0.6005 -0.7995 -0.0143
vn -0.6506 0.7585 0.0384
vn -0.5991 -0.7977 0.0690
vn -0.6374 -0.7698 -0.0339
vn -0.7509 0.1702 -0.6382
vn -0.6129 -0.7893 0.0372
vn -0.6129 -0.7894 -0.0336
vn -0.7532 -0.1509 -0.6402
vn -0.6059 0.7921 0.0733
vn -0.6434 -0.7445 -0.1780
vn -0.6349 -0.7639 0.1156
vn -0.6052 0.7912 -0.0880
usemtl Wall_Dark.009
s 1
f 5233//2284 5234//2284 5235//2284 5236//2284
f 5237//2285 5238//2285 5239//2285 5240//2285
f 5234//2286 5233//2286 5241//2286 5242//2286 5243//2286 5244//2286
f 5245//2287 5246//2287 5247//2287 5248//2287
f 5249//2288 5250//2288 5251//2288 5252//2288
f 5253//2289 5254//2289 5255//2289 5256//2289
f 5257//2287 5258//2287 5259//2287 5260//2287
f 5261//2290 5262//2290 5263//2287 5264//2287
f 5265//2291 5266//2291 5267//2291 5268//2291
f 5269//2292 5270//2292 5271//2293 5272//2293
f 5273//2294 5274//2294 5275//2294 5276//2294
f 5277//2295 5278//2295 5279//2295 5280//2295
f 5281//2296 5282//2296 5283//2296 5284//2296 5285//2296 5286//2296 5287//2296 5288//2296 5289//2296 5290//2296
f 5291//2291 5292//2291 5293//2291 5294//2291
f 5295//2297 5296//2297 5297//2297 5298//2297
f 5299//2286 5300//2286 5301//2286 5302//2286 5303//2286 5304//2286 5305//2286
f 5306//2298 5307//2298 5308//2298 5309//2298
f 5310//2299 5311//2299 5312//2299 5313//2299
f 5314//2291 5315//2291 5316//2291 5317//2291
f 5318//2293 5319//2293 5320//2293 5321//2293
f 5322//2300 5323//2300 5324//2300 5325//2300
f 5326//2301 5327//2301 5328//2302 5329//2302
f 5330//2303 5331//2303 5332//2303 5333//2303
f 5334//2304 5335//2304 5336//2287 5337//2287
f 5338//2305 5339//2305 5340//2305 5341//2305
f 5342//2284 5343//2284 5344//2284 5345//2284
f 5346//2293 5347//2293 5348//2293 5349//2293
f 5350//2306 5268//2306 5267//2306 5351//2306
f 5352//2286 5353//2286 5354//2286 5355//2286 5356//2286 5357//2286 5358//2286 5359//2286 5360//2286 5361//2286
f 5362//2287 5363//2287 5364//2287 5365//2287
f 5366//2287 5367//2287 5368//2287 5369//2287
f 5370//2291 5371//2291 5372//2291 5373//2291
f 5242//2307 5374//2307 5375//2307
f 5376//2308 5377//2308 5241//2308
f 5378//2309 5379//2310 5380//2311
f 5381//2312 5382//2313 5383//2314
f 5240//2315 5384//2316 5385//2317
f 5386//2318 5387//2319 5248//2320
f 5236//2321 5388//2321 5233//2321
f 5252//2321 5389//2321 5390//2321
f 5391//2322 5392//2322 5256//2322
f 5393//2308 5394//2308 5395//2308
f 5396//2321 5397//2321 5398//2321
f 5351//2307 5267//2307 5399//2307
f 5266//2323 5400//2323 5401//2323
f 5402//2323 5403//2323 5404//2323
f 5272//2308 5405//2308 5406//2308
f 5407//2307 5408//2307 5276//2307
f 5289//2321 5409//2321 5410//2321
f 5411//2323 5412//2323 5288//2323
f 5291//2307 5305//2307 5413//2307
f 5302//2308 5280//2308 5279//2308
f 5294//2323 5414//2323 5299//2323
f 5415//2321 5301//2321 5298//2321
f 5416//2308 5417//2308 5283//2308
f 5418//2307 5419//2307 5284//2307
f 5420//2308 5421//2308 5422//2308
f 5309//2307 5423//2307 5424//2307
f 5425//2323 5426//2323 5317//2323
f 5427//2323 5428//2323 5429//2323
f 5264//2307 5430//2307 5431//2307
f 5432//2321 5320//2321 5433//2321
f 5319//2308 5434//2308 5435//2308
f 5436//2307 5337//2307 5437//2307
f 5438//2324 5326//2324 5439//2324
f 5342//2325 5345//2325 5440//2325
f 5360//2321 5441//2321 5442//2321
f 5443//2323 5444//2323 5359//2323
f 5349//2308 5364//2308 5354//2308
f 5363//2307 5445//2307 5355//2307
f 5446//2308 5447//2308 5448//2308
f 5449//2321 5450//2321 5451//2321
f 5369//2307 5372//2307 5452//2307
f 5371//2323 5453//2323 5454//2323
f 5455//2288 5236//2288 5235//2288 5456//2288
f 5377//2287 5457//2287 5458//2287 5374//2287
f 5236//2326 5455//2326 5459//2326 5388//2326
f 5374//2306 5458//2306 5460//2306 5375//2306
f 5242//2327 5241//2327 5377//2327 5374//2327
f 5461//2288 5462//2288 5383//2288 5463//2288
f 5464//2328 5381//2328 5383//2328 5462//2328
f 5239//2329 5465//2330 5384//2316 5240//2315
f 5466//2331 5385//2331 5384//2331 5467//2331
f 5237//2332 5240//2332 5385//2332 5468//2332
f 5469//2291 5470//2291 5471//2291 5472//2291
f 5473//2333 5474//2333 5471//2333 5470//2333
f 5251//2326 5475//2326 5389//2326 5252//2326
f 5476//2334 5390//2334 5389//2334 5253//2334
f 5249//2284 5252//2284 5390//2284 5477//2284
f 5397//2293 5478//2293 5479//2293 5394//2293
f 5260//2327 5351//2327 5399//2327 5480//2327
f 5266//2335 5265//2335 5481//2335 5400//2335
f 5482//2284 5396//2284 5398//2284 5483//2284
f 5393//2336 5398//2336 5397//2336 5394//2336
f 5401//2337 5399//2337 5267//2337 5266//2337
f 5333//2338 5332//2338 5404//2338 5484//2338
f 5271//2295 5485//2295 5405//2295 5272//2295
f 5486//2327 5406//2327 5405//2327 5487//2327
f 5269//2336 5272//2336 5406//2336 5488//2336
f 5489//2337 5403//2337 5402//2337 5490//2337
f 5491//2339 5416//2339 5283//2339 5282//2339
f 5419//2306 5418//2306 5492//2306 5493//2306
f 5494//2337 5411//2337 5288//2337 5287//2337
f 5289//2284 5288//2284 5412//2284 5409//2284
f 5495//2340 5496//2340 5497//2341 5498//2341
f 5303//2342 5302//2342 5279//2342 5497//2342
f 5499//2343 5413//2343 5496//2343 5495//2343
f 5300//2344 5299//2344 5414//2344 5295//2344
f 5291//2337 5294//2337 5299//2337 5305//2337
f 5415//2336 5280//2336 5302//2336 5301//2336
f 5284//2327 5283//2327 5417//2327 5418//2327
f 5500//2345 5501//2345 5502//2345 5503//2345
f 5308//2306 5504//2306 5423//2306 5309//2306
f 5505//2337 5424//2337 5423//2337 5506//2337
f 5306//2346 5309//2346 5424//2346 5507//2346
f 5508//2284 5509//2284 5510//2284 5511//2284
f 5428//2335 5512//2335 5513//2335 5429//2335
f 5514//2284 5432//2284 5433//2284 5515//2284
f 5263//2306 5516//2306 5430//2306 5264//2306
f 5261//2327 5264//2327 5431//2327 5517//2327
f 5427//2347 5431//2347 5430//2347 5428//2347
f 5435//2336 5433//2336 5320//2336 5319//2336
f 5325//2291 5324//2291 5518//2291 5443//2291
f 5519//2348 5438//2348 5439//2348 5520//2348
f 5519//2293 5521//2293 5522//2293 5438//2293
f 5337//2306 5336//2306 5523//2306 5437//2306
f 5524//2349 5525//2349 5340//2349 5339//2349
f 5526//2350 5439//2350 5326//2350 5329//2350
f 5444//2288 5527//2288 5528//2288 5441//2288
f 5346//2336 5349//2336 5354//2336 5353//2336
f 5363//2306 5362//2306 5529//2306 5445//2306
f 5325//2337 5443//2337 5359//2337 5358//2337
f 5360//2284 5359//2284 5444//2284 5441//2284
f 5355//2327 5354//2327 5364//2327 5363//2327
f 5450//2293 5530//2293 5531//2293 5447//2293
f 5366//2327 5369//2327 5452//2327 5532//2327
f 5371//2335 5370//2335 5533//2335 5453//2335
f 5534//2284 5449//2284 5451//2284 5535//2284
f 5446//2351 5451//2351 5450//2351 5447//2351
f 5454//2337 5452//2337 5372//2337 5371//2337
f 5489//2291 5536//2291 5537//2291 5403//2291
f 5538//2335 5456//2335 5235//2335 5539//2335
f 5378//2352 5540//2352 5541//2352 5379//2352
f 5542//2286 5543//2286 5381//2286 5464//2286 5544//2286 5545//2286 5379//2286 5541//2286 5468//2286 5385//2286 5466//2286 5546//2286 5547//2286 5387//2286
f 5248//2320 5247//2353 5548//2354 5386//2318
f 5549//2355 5550//2355 5551//2356 5552//2356
f 5378//2293 5553//2293 5554//2293 5540//2293
f 5386//2357 5549//2357 5542//2357 5387//2357
f 5540//2358 5237//2358 5468//2358 5541//2358
f 5386//2291 5548//2291 5550//2355 5549//2355
f 5387//2331 5547//2331 5245//2331 5248//2331
f 5379//2328 5545//2328 5311//2328 5380//2328
f 5313//2359 5312//2359 5462//2359 5461//2359
f 5384//2287 5465//2287 5555//2287 5467//2287
f 5556//2360 5557//2360 5246//2360 5245//2360
f 5392//2361 5476//2361 5253//2361 5256//2361
f 5558//2362 5473//2362 5470//2362 5559//2362
f 5560//2291 5559//2291 5470//2291 5469//2291
f 5391//2363 5561//2363 5562//2363 5392//2363
f 5476//2364 5392//2364 5562//2364 5563//2364 5474//2364 5473//2364 5558//2364 5564//2364 5477//2364 5390//2364
f 5389//2365 5475//2365 5254//2365 5253//2365
f 5561//2366 5565//2366 5566//2366 5567//2366
f 5391//2367 5568//2367 5565//2367 5561//2367
f 5569//2368 5570//2368 5250//2368 5249//2368
f 5571//2369 5572//2369 5538//2370 5539//2370
f 5375//2337 5573//2337 5243//2337 5242//2337
f 5388//2336 5376//2336 5241//2336 5233//2336
f 5573//2371 5574//2371 5572//2369 5571//2369
f 5345//2372 5575//2372 5576//2372 5440//2372
f 5577//2373 5341//2373 5340//2373 5578//2373
f 5522//2374 5327//2374 5326//2374 5438//2374
f 5436//2327 5579//2327 5334//2327 5337//2327
f 5343//2375 5524//2375 5339//2375 5344//2375
f 5580//2326 5581//2326 5582//2326 5583//2326
f 5584//2376 5344//2376 5339//2376 5338//2376
f 5585//2377 5586//2377 5335//2304 5334//2304
f 5537//2335 5484//2335 5404//2335 5403//2335
f 5587//2378 5519//2378 5520//2378 5588//2378
f 5437//2337 5589//2337 5590//2337 5436//2337
f 5575//2288 5345//2288 5344//2288 5584//2288
f 5587//2293 5591//2293 5521//2293 5519//2293
f 5437//2291 5523//2291 5592//2291 5589//2291
f 5440//2379 5587//2379 5588//2379 5342//2379
f 5439//2286 5526//2286 5593//2286 5579//2286 5436//2286 5590//2286 5594//2286 5525//2286 5524//2286 5343//2286 5342//2286 5588//2286 5520//2286
f 5440//2293 5576//2293 5591//2293 5587//2293
f 5595//2337 5489//2337 5490//2337 5596//2337
f 5276//2306 5275//2306 5597//2306 5407//2306
f 5595//2291 5598//2291 5536//2291 5489//2291
f 5583//2380 5582//2380 5599//2381 5600//2381
f 5407//2337 5595//2337 5596//2337 5408//2337
f 5407//2291 5597//2291 5598//2291 5595//2291
f 5601//2286 5488//2286 5406//2286 5486//2286 5602//2286 5408//2286 5596//2286 5490//2286 5402//2286 5603//2286 5604//2286 5605//2286
f 5602//2382 5486//2382 5487//2382 5273//2382
f 5605//2284 5604//2284 5331//2284 5580//2284
f 5581//2288 5580//2288 5331//2288 5330//2288
f 5408//2383 5602//2383 5273//2383 5276//2383
f 5453//2284 5606//2284 5607//2284 5454//2284
f 5608//2327 5366//2327 5532//2327 5609//2327
f 5368//2306 5373//2306 5372//2306 5369//2306
f 5453//2288 5533//2288 5610//2288 5606//2288
f 5608//2287 5611//2287 5367//2287 5366//2287
f 5612//2327 5608//2327 5609//2327 5613//2327
f 5612//2287 5614//2287 5611//2287 5608//2287
f 5615//2327 5612//2327 5613//2327 5616//2327
f 5606//2384 5610//2384 5617//2384 5618//2384
f 5615//2287 5619//2287 5614//2287 5612//2287
f 5410//2385 5620//2385 5290//2385 5289//2385
f 5494//2386 5621//2386 5622//2386 5623//2386
f 5419//2337 5624//2337 5285//2337 5284//2337
f 5624//2291 5419//2291 5493//2291 5625//2291
f 5626//2387 5627//2387 5501//2387 5500//2387
f 5506//2291 5628//2291 5315//2291 5314//2291
f 5421//2388 5629//2388 5627//2388 5422//2388
f 5630//2389 5426//2389 5631//2389 5511//2389 5510//2389 5632//2389 5629//2389 5421//2389 5633//2389 5507//2389 5424//2389 5505//2389
f 5425//2390 5634//2390 5631//2390 5426//2390
f 5634//2391 5508//2391 5511//2391 5631//2391
f 5420//2327 5635//2327 5633//2327 5421//2327
f 5635//2392 5306//2392 5507//2392 5633//2392
f 5636//2293 5422//2293 5627//2293 5626//2293
f 5425//2393 5637//2393 5638//2393 5634//2393
f 5634//2394 5638//2394 5639//2394 5508//2394
f 5420//2287 5640//2287 5641//2287 5635//2287
f 5301//2395 5300//2395 5295//2395 5298//2395
f 5642//2396 5261//2396 5517//2396 5643//2396
f 5429//2397 5644//2397 5645//2397 5427//2397
f 5429//2398 5513//2398 5646//2398 5644//2398
f 5434//2399 5647//2399 5648//2400 5642//2400
f 5645//2286 5515//2286 5433//2286 5435//2286 5643//2286 5517//2286 5431//2286 5427//2286
f 5644//2401 5646//2401 5649//2401 5514//2401
f 5434//2402 5642//2402 5643//2402 5435//2402
f 5644//2403 5514//2403 5515//2403 5645//2403
f 5650//2404 5651//2404 5652//2405 5534//2405
f 5319//2295 5318//2295 5647//2295 5434//2295
f 5514//2288 5649//2288 5653//2288 5432//2288
f 5348//2295 5365//2295 5364//2295 5349//2295
f 5654//2406 5655//2406 5323//2406 5322//2406
f 5656//2293 5657//2293 5658//2293 5659//2293
f 5445//2337 5654//2337 5356//2337 5355//2337
f 5445//2291 5529//2291 5655//2291 5654//2291
f 5659//2407 5658//2407 5347//2407 5346//2407
f 5442//2408 5656//2408 5361//2408 5360//2408
f 5442//2409 5660//2409 5657//2409 5656//2409
f 5498//2341 5497//2341 5279//2410 5278//2410
f 5487//2411 5661//2411 5274//2411 5273//2411
f 5662//2412 5663//2412 5664//2412 5491//2412
f 5620//2413 5665//2413 5663//2413 5662//2413
f 5618//2414 5617//2414 5666//2414 5667//2414
f 5448//2287 5668//2287 5669//2287 5670//2287
f 5670//2287 5669//2287 5671//2287 5672//2287
f 5673//2286 5674//2286 5616//2286 5613//2286 5609//2286 5532//2286 5452//2286 5454//2286 5607//2286 5675//2286 5676//2286 5677//2286 5678//2286 5535//2286 5451//2286 5446//2286
f 5448//2327 5670//2327 5673//2327 5446//2327
f 5670//2327 5672//2327 5674//2327 5673//2327
f 5672//2327 5615//2327 5616//2327 5674//2327
f 5667//2284 5679//2284 5677//2284 5676//2284
f 5672//2287 5671//2287 5619//2287 5615//2287
f 5667//2288 5666//2288 5680//2415 5679//2415
f 5679//2415 5680//2415 5651//2416 5650//2416
f 5589//2417 5592//2417 5681//2417 5682//2417
f 5467//2418 5555//2418 5557//2418 5556//2418
f 5683//2288 5380//2288 5311//2288 5310//2288
f 5540//2419 5554//2419 5238//2419 5237//2419
f 5684//2420 5463//2421 5383//2314 5382//2313
f 5380//2311 5683//2422 5553//2423 5378//2309
f 5552//2356 5551//2356 5684//2424 5382//2424
f 5685//2335 5686//2335 5412//2335 5411//2335
f 5409//2326 5687//2326 5688//2326 5410//2326
f 5411//2291 5494//2291 5623//2291 5685//2291
f 5441//2326 5528//2326 5660//2326 5442//2326
f 5518//2335 5527//2335 5444//2335 5443//2335
f 5293//2335 5689//2335 5414//2335 5294//2335
f 5653//2326 5321//2326 5320//2326 5432//2326
f 5690//2326 5530//2326 5450//2326 5449//2326
f 5447//2295 5531//2295 5668//2295 5448//2295
f 5534//2405 5652//2405 5690//2288 5449//2288
f 5691//2326 5478//2326 5397//2326 5396//2326
f 5394//2295 5479//2295 5692//2295 5395//2295
f 5400//2288 5481//2288 5693//2288 5694//2288
f 5695//2295 5457//2295 5377//2295 5376//2295
f 5388//2293 5459//2293 5695//2293 5376//2293
f 5696//2425 5697//2425 5570//2425 5569//2425
f 5256//2295 5255//2295 5568//2295 5391//2295
f 5698//2306 5472//2306 5471//2306 5699//2306
f 5559//2335 5560//2335 5697//2335 5696//2335
f 5567//2287 5566//2287 5698//2287 5699//2287
f 5329//2302 5328//2302 5586//2377 5585//2377
f 5600//2381 5599//2381 5270//2292 5269//2292
f 5682//2426 5681//2426 5577//2426 5578//2426
f 5405//2287 5485//2287 5661//2287 5487//2287
f 5423//2291 5504//2291 5628//2291 5506//2291
f 5482//2288 5700//2288 5691//2288 5396//2288
f 5317//2335 5316//2335 5637//2335 5425//2335
f 5413//2306 5499//2306 5292//2306 5291//2306
f 5701//2326 5503//2326 5502//2326 5509//2326
f 5422//2295 5636//2295 5640//2295 5420//2295
f 5298//2326 5297//2326 5702//2326 5415//2326
f 5508//2288 5639//2288 5701//2288 5509//2288
f 5414//2427 5689//2427 5296//2427 5295//2427
f 5415//2293 5702//2293 5277//2293 5280//2293
f 5703//2286 5480//2286 5399//2286 5401//2286 5704//2286 5483//2286 5398//2286 5393//2286
f 5260//2287 5259//2287 5350//2287 5351//2287
f 5375//2291 5460//2291 5574//2371 5573//2371
f 5395//2287 5692//2287 5258//2287 5257//2287
f 5694//2288 5693//2288 5700//2288 5482//2288
f 5705//2287 5706//2287 5707//2400 5708//2400
f 5430//2291 5516//2291 5512//2291 5428//2291
f 5709//2286 5710//2286 5711//2286 5712//2286 5713//2286 5714//2286 5715//2286 5716//2286
f 5714//2308 5717//2308 5705//2308
f 5718//2321 5719//2321 5713//2321
f 5720//2323 5721//2323 5712//2323
f 5722//2291 5720//2291 5723//2291 5724//2291
f 5719//2293 5725//2293 5726//2293 5717//2293
f 5720//2335 5722//2335 5727//2335 5721//2335
f 5717//2295 5726//2295 5706//2295 5705//2295
f 5714//2336 5713//2336 5719//2336 5717//2336
f 5728//2306 5729//2306 5730//2306 5731//2306
f 5732//2428 5733//2428 5728//2429 5731//2429
f 5705//2327 5708//2327 5715//2327 5714//2327
f 5721//2284 5718//2284 5713//2284 5712//2284
f 5708//2400 5707//2400 5733//2428 5732//2428
f 5734//2326 5725//2326 5719//2326 5718//2326
f 5721//2288 5727//2288 5734//2288 5718//2288
f 5724//2291 5723//2291 5735//2291 5736//2291
f 5737//2430 5738//2430 5739//2431 5740//2431
f 5712//2347 5711//2347 5723//2347 5720//2347
f 5736//2291 5735//2291 5730//2291 5729//2291
f 5741//2432 5742//2432 5738//2430 5737//2430
f 5743//2433 5744//2433 5745//2433 5746//2433
f 5747//2291 5748//2291 5749//2291 5750//2291
f 5751//2321 5752//2321 5753//2321
f 5754//2308 5755//2308 5756//2308
f 5743//2434 5757//2434 5749//2434
f 5750//2435 5758//2435 5740//2435
f 5754//2287 5759//2287 5760//2287 5761//2287
f 5753//2293 5762//2293 5763//2293 5756//2293
f 5740//2436 5739//2436 5747//2436 5750//2436
f 5761//2327 5764//2327 5755//2327 5754//2327
f 5751//2336 5753//2336 5756//2336 5755//2336
f 5758//2437 5750//2437 5749//2437 5757//2437
f 5752//2284 5751//2284 5765//2284 5766//2284
f 5744//2438 5743//2438 5749//2438 5748//2438
f 5761//2439 5760//2439 5742//2439 5741//2439
f 5765//2286 5751//2286 5755//2286 5764//2286 5767//2286 5768//2286 5758//2286 5757//2286 5769//2286
f 5766//2288 5770//2288 5771//2288 5752//2288
f 5752//2326 5771//2326 5762//2326 5753//2326
f 5759//2295 5754//2295 5756//2295 5763//2295
f 5740//2440 5758//2440 5768//2440 5737//2440
f 5746//2441 5745//2441 5770//2441 5766//2441
f 5772//2442 5455//2442 5456//2442 5773//2442
f 5773//2443 5774//2443 5775//2443 5776//2443 5777//2443 5772//2443
f 5491//2293 5664//2293 5778//2293 5416//2293
f 5779//2444 5780//2444 5781//2444 5782//2444 5783//2444 5784//2444 5785//2444 5786//2444 5787//2444 5788//2444
f 5789//2443 5790//2443 5791//2443 5792//2443 5793//2443 5794//2443 5795//2443
f 5492//2287 5418//2287 5417//2287 5796//2287
f 5797//2442 5575//2442 5584//2442 5798//2442
f 5799//2443 5800//2443 5801//2443 5802//2443 5803//2443 5804//2443 5805//2443 5806//2443 5807//2443 5808//2443
f 5776//2445 5460//2445 5458//2445
f 5695//2446 5777//2446 5457//2446
f 5553//2423 5683//2422 5809//2447
f 5810//2448 5463//2421 5684//2420
f 5239//2329 5811//2449 5465//2330
f 5548//2354 5247//2353 5812//2450
f 5455//2451 5772//2451 5459//2451
f 5251//2451 5813//2451 5475//2451
f 5568//2452 5255//2452 5814//2452
f 5815//2446 5692//2446 5479//2446
f 5691//2451 5816//2451 5478//2451
f 5350//2445 5817//2445 5268//2445
f 5265//2453 5818//2453 5481//2453
f 5819//2453 5484//2453 5537//2453
f 5271//2446 5820//2446 5485//2446
f 5597//2445 5275//2445 5821//2445
f 5781//2451 5688//2451 5687//2451
f 5685//2453 5782//2453 5686//2453
f 5292//2445 5499//2445 5790//2445
f 5793//2446 5278//2446 5277//2446
f 5293//2453 5789//2453 5689//2453
f 5702//2451 5297//2451 5794//2451
f 5778//2446 5787//2446 5796//2446
f 5492//2445 5786//2445 5493//2445
f 5640//2446 5636//2446 5822//2446
f 5308//2445 5823//2445 5504//2445
f 5637//2453 5316//2453 5824//2453
f 5825//2453 5513//2453 5512//2453
f 5263//2445 5826//2445 5516//2445
f 5653//2451 5827//2451 5321//2451
f 5318//2446 5828//2446 5647//2446
f 5829//2445 5523//2445 5336//2445
f 5522//2454 5830//2454 5327//2454
f 5797//2455 5576//2455 5575//2455
f 5801//2451 5660//2451 5528//2451
f 5518//2453 5802//2453 5527//2453
f 5348//2446 5807//2446 5365//2446
f 5362//2445 5806//2445 5529//2445
f 5831//2446 5668//2446 5531//2446
f 5690//2451 5832//2451 5530//2451
f 5368//2445 5833//2445 5373//2445
f 5370//2453 5834//2453 5533//2453
f 5776//2456 5458//2456 5457//2456 5777//2456
f 5835//2457 5461//2457 5463//2457 5810//2457
f 5836//2458 5555//2458 5465//2458 5811//2458
f 5238//2459 5837//2459 5811//2459 5239//2459
f 5838//2460 5469//2460 5472//2460 5839//2460
f 5840//2461 5254//2461 5475//2461 5813//2461
f 5250//2442 5841//2442 5813//2442 5251//2442
f 5259//2456 5842//2456 5817//2456 5350//2456
f 5700//2442 5843//2442 5816//2442 5691//2442
f 5815//2462 5479//2462 5478//2462 5816//2462
f 5818//2463 5265//2463 5268//2463 5817//2463
f 5844//2456 5661//2456 5485//2456 5820//2456
f 5270//2462 5845//2462 5820//2462 5271//2462
f 5536//2463 5846//2463 5819//2463 5537//2463
f 5409//2288 5412//2288 5686//2288 5687//2288
f 5664//2464 5788//2464 5787//2464 5778//2464
f 5623//2463 5783//2463 5782//2463 5685//2463
f 5781//2442 5687//2442 5686//2442 5782//2442
f 5792//2465 5498//2465 5278//2465 5793//2465
f 5795//2466 5296//2466 5689//2466 5789//2466
f 5292//2463 5790//2463 5789//2463 5293//2463
f 5702//2462 5794//2462 5793//2462 5277//2462
f 5786//2456 5492//2456 5796//2456 5787//2456
f 5642//2400 5648//2400 5262//2290 5261//2290
f 5847//2463 5628//2463 5504//2463 5823//2463
f 5307//2467 5848//2467 5823//2467 5308//2467
f 5639//2442 5849//2442 5850//2442 5701//2442
f 5649//2442 5851//2442 5827//2442 5653//2442
f 5262//2456 5852//2456 5826//2456 5263//2456
f 5825//2468 5512//2468 5516//2468 5826//2468
f 5828//2462 5318//2462 5321//2462 5827//2462
f 5521//2469 5853//2469 5830//2469 5522//2469
f 5854//2470 5338//2470 5341//2470 5855//2470
f 5856//2471 5328//2471 5327//2471 5830//2471
f 5347//2462 5808//2462 5807//2462 5348//2462
f 5324//2463 5803//2463 5802//2463 5518//2463
f 5801//2442 5528//2442 5527//2442 5802//2442
f 5806//2456 5362//2456 5365//2456 5807//2456
f 5367//2456 5857//2456 5833//2456 5368//2456
f 5652//2442 5858//2442 5832//2442 5690//2442
f 5831//2462 5531//2462 5530//2462 5832//2462
f 5834//2463 5370//2463 5373//2463 5833//2463
f 5553//2472 5809//2472 5859//2472 5554//2472
f 5860//2443 5812//2443 5861//2443 5862//2443 5836//2443 5811//2443 5837//2443 5859//2443 5809//2443 5863//2443 5864//2443 5835//2443 5810//2443 5865//2443
f 5548//2473 5812//2473 5860//2473 5550//2473
f 5554//2474 5859//2474 5837//2474 5238//2474
f 5812//2458 5247//2458 5246//2458 5861//2458
f 5809//2457 5683//2457 5310//2457 5863//2457
f 5814//2475 5255//2475 5254//2475 5840//2475
f 5866//2476 5560//2476 5469//2476 5838//2476
f 5568//2477 5814//2477 5867//2477 5565//2477
f 5840//2478 5813//2478 5841//2478 5868//2478 5866//2478 5838//2478 5839//2478 5869//2478 5867//2478 5814//2478
f 5460//2463 5776//2463 5775//2463 5574//2463
f 5459//2462 5772//2462 5777//2462 5695//2462
f 5829//2456 5336//2456 5335//2456 5870//2456
f 5798//2479 5584//2479 5338//2479 5854//2479
f 5591//2480 5871//2480 5853//2480 5521//2480
f 5523//2463 5829//2463 5872//2463 5592//2463
f 5576//2481 5797//2481 5871//2481 5591//2481
f 5830//2443 5853//2443 5871//2443 5797//2443 5798//2443 5854//2443 5855//2443 5873//2443 5872//2443 5829//2443 5870//2443 5874//2443 5856//2443
f 5598//2463 5875//2463 5846//2463 5536//2463
f 5597//2463 5821//2463 5875//2463 5598//2463
f 5876//2443 5877//2443 5878//2443 5879//2443 5819//2443 5846//2443 5875//2443 5821//2443 5880//2443 5844//2443 5820//2443 5845//2443
f 5880//2482 5274//2482 5661//2482 5844//2482
f 5877//2442 5581//2442 5330//2442 5878//2442
f 5821//2483 5275//2483 5274//2483 5880//2483
f 5533//2442 5834//2442 5881//2442 5610//2442
f 5611//2456 5882//2456 5857//2456 5367//2456
f 5614//2456 5883//2456 5882//2456 5611//2456
f 5619//2456 5884//2456 5883//2456 5614//2456
f 5688//2484 5781//2484 5780//2484 5665//2484
f 5778//2295 5796//2295 5417//2295 5416//2295
f 5410//2485 5688//2485 5665//2485 5620//2485
f 5493//2463 5786//2463 5785//2463 5625//2463
f 5624//2486 5625//2486 5622//2486 5621//2486
f 5822//2487 5636//2487 5626//2487 5885//2487
f 5886//2488 5847//2488 5823//2488 5848//2488 5887//2488 5822//2488 5885//2488 5888//2488 5850//2488 5849//2488 5889//2488 5824//2488
f 5637//2489 5824//2489 5889//2489 5638//2489
f 5638//2490 5889//2490 5849//2490 5639//2490
f 5640//2456 5822//2456 5887//2456 5641//2456
f 5641//2491 5887//2491 5848//2491 5307//2491
f 5794//2492 5297//2492 5296//2492 5795//2492
f 5648//2493 5890//2493 5852//2493 5262//2493
f 5513//2494 5825//2494 5891//2494 5646//2494
f 5891//2443 5825//2443 5826//2443 5852//2443 5890//2443 5828//2443 5827//2443 5851//2443
f 5647//2495 5828//2495 5890//2495 5648//2495
f 5646//2496 5891//2496 5851//2496 5649//2496
f 5529//2463 5806//2463 5805//2463 5655//2463
f 5660//2497 5801//2497 5800//2497 5657//2497
f 5892//2443 5831//2443 5832//2443 5858//2443 5893//2443 5894//2443 5895//2443 5896//2443 5881//2443 5834//2443 5833//2443 5857//2443 5882//2443 5883//2443 5884//2443 5897//2443
f 5668//2456 5831//2456 5892//2456 5669//2456
f 5669//2456 5892//2456 5897//2456 5671//2456
f 5671//2456 5897//2456 5884//2456 5619//2456
f 5666//2442 5895//2442 5894//2442 5680//2442
f 5635//2498 5641//2498 5307//2498 5306//2498
f 5898//2443 5815//2443 5816//2443 5843//2443 5899//2443 5818//2443 5817//2443 5842//2443
f 5900//2443 5901//2443 5902//2443 5903//2443 5904//2443 5905//2443 5906//2443 5907//2443
f 5903//2446 5706//2446 5726//2446
f 5734//2451 5904//2451 5725//2451
f 5722//2453 5905//2453 5727//2453
f 5903//2462 5726//2462 5725//2462 5904//2462
f 5706//2456 5903//2456 5902//2456 5707//2456
f 5727//2442 5905//2442 5904//2442 5734//2442
f 5905//2468 5722//2468 5724//2468 5906//2468
f 5908//2451 5762//2451 5771//2451
f 5759//2446 5763//2446 5909//2446
f 5744//2499 5748//2499 5910//2499
f 5747//2500 5739//2500 5911//2500
f 5760//2456 5759//2456 5909//2456 5912//2456
f 5908//2462 5909//2462 5763//2462 5762//2462
f 5911//2501 5910//2501 5748//2501 5747//2501
f 5771//2442 5770//2442 5913//2442 5908//2442
f 5913//2443 5914//2443 5910//2443 5911//2443 5915//2443 5916//2443 5912//2443 5909//2443 5908//2443
f 5739//2502 5738//2502 5915//2502 5911//2502
usemtl Wall_Medium.009
f 5917//2291 5918//2291 5919//2291 5920//2291
f 5921//2287 5922//2287 5923//2287 5924//2287
f 5925//2287 5926//2287 5927//2287 5928//2287
f 5929//2291 5930//2291 5931//2291 5932//2291
f 5933//2291 5934//2291 5935//2291 5936//2291
f 5937//2441 5938//2441 5939//2503 5940//2503
f 5941//2287 5942//2287 5943//2287 5944//2287
f 5945//2288 5946//2288 5947//2288 5948//2288
f 5949//2293 5950//2293 5951//2293 5952//2293
f 5953//2287 5954//2287 5955//2287 5956//2287
f 5957//2504 5958//2504 5959//2504 5960//2504
f 5961//2287 5962//2287 5922//2287 5921//2287
f 5963//2291 5964//2291 5965//2291 5966//2291
f 5967//2287 5968//2287 5962//2287 5961//2287
f 5969//2291 5970//2291 5971//2291 5972//2291
f 5973//2308 5974//2308 5925//2308
f 5975//2321 5976//2321 5977//2321
f 5928//2307 5935//2307 5978//2307
f 5918//2323 5979//2323 5980//2323
f 5981//2323 5932//2323 5982//2323
f 5944//2307 5929//2307 5983//2307
f 5948//2321 5951//2321 5984//2321
f 5950//2308 5985//2308 5986//2308
f 5987//2308 5988//2308 5953//2308
f 5989//2321 5990//2321 5991//2321
f 5960//2435 5965//2435 5992//2435
f 5964//2434 5993//2434 5994//2434
f 5995//2308 5996//2308 5967//2308
f 5997//2321 5998//2321 5999//2321
f 5924//2307 5971//2307 6000//2307
f 6001//2323 6002//2323 6003//2323
f 6004//2293 6005//2293 6006//2293 5974//2293
f 5925//2327 5928//2327 5978//2327 5973//2327
f 5918//2335 5917//2335 6007//2335 5979//2335
f 5979//2284 5975//2284 5977//2284 5980//2284
f 6008//2351 5977//2351 5976//2351 6009//2351
f 6010//2505 5978//2505 5935//2505 5934//2505
f 5932//2335 5931//2335 6011//2335 5982//2335
f 5945//2284 5948//2284 5984//2284 6012//2284
f 5943//2306 5930//2306 5929//2306 5944//2306
f 5941//2327 5944//2327 5983//2327 6013//2327
f 5981//2337 5983//2337 5929//2337 5932//2337
f 5986//2351 5984//2351 5951//2351 5950//2351
f 6014//2288 6015//2288 6016//2288 5989//2288
f 5990//2293 6017//2293 6018//2293 5988//2293
f 5964//2438 5963//2438 6019//2438 5993//2438
f 6014//2284 5989//2284 5991//2284 6020//2284
f 5987//2336 5991//2336 5990//2336 5988//2336
f 5994//2437 5992//2437 5965//2437 5964//2437
f 6021//2506 6022//2506 6023//2506 5996//2506
f 6001//2335 6024//2335 6025//2335 6002//2335
f 6002//2284 5997//2284 5999//2284 6003//2284
f 5923//2306 5972//2306 5971//2306 5924//2306
f 6026//2337 6000//2337 5971//2337 5970//2337
f 6003//2337 6027//2337 6028//2337 6001//2337
f 5998//2293 6029//2293 6030//2293 6031//2293
f 5999//2286 6032//2286 6033//2286 5995//2286 6034//2286 6035//2286 6000//2286 6026//2286 6036//2286 6027//2286 6003//2286
f 6037//2507 6038//2507 5942//2507 5941//2507
f 6039//2508 6010//2508 5934//2508 6040//2508
f 5920//2291 5919//2291 6040//2291 6041//2291
f 6008//2286 6042//2286 5973//2286 5978//2286 6010//2286 6039//2286 6043//2286 5980//2286 5977//2286
f 6041//2291 6040//2291 5934//2291 5933//2291
f 5993//2509 6019//2509 5938//2441 5937//2441
f 5982//2510 6011//2510 6044//2510 6045//2510
f 6045//2511 6044//2511 6046//2511 6047//2511
f 5985//2512 6048//2512 6049//2512 6050//2512
f 5985//2513 6050//2513 6051//2513 5986//2513
f 6047//2288 6046//2288 5946//2288 5945//2288
f 6052//2286 6053//2286 6012//2286 5984//2286 5986//2286 6051//2286 6054//2286 6013//2286 5983//2286 5981//2286
f 6047//2284 5945//2284 6012//2284 6053//2284
f 5953//2327 5956//2327 6055//2327 5987//2327
f 5959//2436 5966//2436 5965//2436 5960//2436
f 5940//2514 5939//2514 6015//2514 6014//2514
f 6055//2286 6056//2286 5992//2286 5994//2286 6057//2286 6058//2286 6020//2286 5991//2286 5987//2286
f 5947//2326 5952//2326 5951//2326 5948//2326
f 6059//2515 6060//2515 5970//2515 5969//2515
f 5988//2295 6018//2295 5954//2295 5953//2295
f 6016//2326 6017//2326 5990//2326 5989//2326
f 6050//2516 6049//2516 6038//2516 6037//2516
f 5976//2293 6061//2293 6062//2293 6009//2293
f 6009//2293 6062//2293 6005//2293 6004//2293
f 5927//2306 5936//2306 5935//2306 5928//2306
f 6063//2326 6061//2326 5976//2326 5975//2326
f 5974//2295 6006//2295 5926//2295 5925//2295
f 5979//2288 6007//2288 6063//2288 5975//2288
f 6064//2517 6028//2517 6060//2517 6059//2517
f 6024//2291 6001//2291 6028//2291 6064//2291
f 6031//2518 6030//2518 6022//2518 6021//2518
f 6065//2326 6029//2326 5998//2326 5997//2326
f 5996//2295 6023//2295 5968//2295 5967//2295
f 6002//2288 6025//2288 6065//2288 5997//2288
f 5993//2519 5937//2519 6057//2519 5994//2519
f 5956//2430 5955//2430 5958//2430 5957//2430
f 6032//2336 5999//2336 5998//2336 6031//2336
f 5967//2327 5961//2327 6034//2327 5995//2327
f 6066//2446 5926//2446 6006//2446
f 6063//2451 6067//2451 6061//2451
f 5927//2445 6068//2445 5936//2445
f 5917//2453 6069//2453 6007//2453
f 6070//2453 6011//2453 5931//2453
f 5943//2445 6071//2445 5930//2445
f 5947//2451 6072//2451 5952//2451
f 5949//2446 6073//2446 6048//2446
f 6074//2446 5954//2446 6018//2446
f 6016//2451 6075//2451 6017//2451
f 5959//2500 6076//2500 5966//2500
f 5963//2499 6077//2499 6019//2499
f 6078//2446 5968//2446 6023//2446
f 6065//2451 6079//2451 6029//2451
f 5923//2445 6080//2445 5972//2445
f 6024//2453 6081//2453 6025//2453
f 5926//2456 6066//2456 6068//2456 5927//2456
f 6007//2442 6069//2442 6067//2442 6063//2442
f 6082//2462 6062//2462 6061//2462 6067//2462
f 6083//2520 5933//2520 5936//2520 6068//2520
f 5946//2442 6084//2442 6072//2442 5947//2442
f 5942//2456 6085//2456 6071//2456 5943//2456
f 6070//2463 5931//2463 5930//2463 6071//2463
f 6073//2521 5949//2521 5952//2521 6072//2521
f 6015//2442 6086//2442 6075//2442 6016//2442
f 6074//2521 6018//2521 6017//2521 6075//2521
f 6077//2501 5963//2501 5966//2501 6076//2501
f 6025//2442 6081//2442 6079//2442 6065//2442
f 6087//2463 5969//2463 5972//2463 6080//2463
f 6081//2468 6024//2468 6064//2468 6088//2468
f 6079//2443 6081//2443 6088//2443 6089//2443 6087//2443 6080//2443 6090//2443 6091//2443 6078//2443 6092//2443 6093//2443
f 6094//2522 6041//2522 5933//2522 6083//2522
f 6082//2443 6067//2443 6069//2443 6095//2443 6094//2443 6083//2443 6068//2443 6066//2443 6096//2443
f 6048//2523 6073//2523 6097//2523 6049//2523
f 6098//2443 6070//2443 6071//2443 6085//2443 6099//2443 6097//2443 6073//2443 6072//2443 6084//2443 6100//2443
f 6046//2442 6100//2442 6084//2442 5946//2442
f 5954//2456 6074//2456 6101//2456 5955//2456
f 6101//2443 6074//2443 6075//2443 6086//2443 6102//2443 6103//2443 6077//2443 6076//2443 6104//2443
f 6019//2524 6077//2524 6103//2524 5938//2524
f 6093//2462 6030//2462 6029//2462 6079//2462
f 5968//2456 6078//2456 6091//2456 5962//2456
f 5950//2295 5949//2295 6048//2295 5985//2295
usemtl Wall_Highlights.009
f 5539//2323 5235//2323 5234//2323
f 5696//2323 5558//2323 5559//2323
f 5474//2307 5699//2307 5471//2307
f 5583//2321 5605//2321 5580//2321
f 5510//2321 5509//2321 5502//2321
f 5578//2525 5340//2525 5525//2525
f 5571//2526 5539//2526 5234//2526 5244//2526
f 5552//2527 5382//2527 5381//2527 5543//2527
f 5567//2327 5699//2327 5474//2327 5563//2327
f 5603//2528 5402//2528 5404//2528 5332//2528
f 5632//2529 5510//2529 5502//2529 5501//2529
f 5682//2530 5578//2530 5525//2530 5594//2530
f 5957//2531 5960//2531 5992//2531 6056//2531
f 5921//2532 5924//2532 6000//2532 6035//2532
f 5549//2533 5552//2533 5543//2533 5542//2533
f 5546//2534 5466//2534 5467//2534 5556//2534
f 5544//2535 5464//2535 5462//2535 5312//2535
f 5545//2536 5544//2536 5312//2536 5311//2536
f 5547//2537 5546//2537 5556//2537 5245//2537
f 5561//2538 5567//2538 5563//2538 5562//2538
f 5569//2539 5249//2539 5477//2539 5564//2539
f 5696//2540 5569//2540 5564//2540 5558//2540
f 5573//2541 5571//2541 5244//2541 5243//2541
f 6027//2542 6036//2542 6060//2542 6028//2542
f 6036//2543 6026//2543 5970//2543 6060//2543
f 5995//2544 6033//2544 6021//2544 5996//2544
f 6033//2545 6032//2545 6031//2545 6021//2545
f 5579//2546 5593//2546 5585//2546 5334//2546
f 5589//2547 5682//2547 5594//2547 5590//2547
f 5583//2548 5600//2548 5601//2548 5605//2548
f 5600//2549 5269//2549 5488//2549 5601//2549
f 5604//2550 5603//2550 5332//2550 5331//2550
f 6043//2551 6039//2551 6040//2551 5919//2551
f 6042//2552 6008//2552 6009//2552 6004//2552
f 5973//2553 6042//2553 6004//2553 5974//2553
f 5980//2554 6043//2554 5919//2554 5918//2554
f 5606//2555 5618//2555 5675//2555 5607//2555
f 5618//2556 5667//2556 5676//2556 5675//2556
f 5621//2557 5494//2557 5287//2557 5286//2557
f 5662//2558 5491//2558 5282//2558 5281//2558
f 5426//2559 5630//2559 5314//2559 5317//2559
f 5629//2560 5632//2560 5501//2560 5627//2560
f 5630//2561 5505//2561 5506//2561 5314//2561
f 5305//2562 5304//2562 5496//2562 5413//2562
f 6037//2563 5941//2563 6013//2563 6054//2563
f 5982//2564 6045//2564 6052//2564 5981//2564
f 6050//2565 6037//2565 6054//2565 6051//2565
f 6045//2566 6047//2566 6053//2566 6052//2566
f 5654//2567 5322//2567 5357//2567 5356//2567
f 5656//2568 5659//2568 5352//2568 5361//2568
f 5659//2569 5346//2569 5353//2569 5352//2569
f 5322//2570 5325//2570 5358//2570 5357//2570
f 5940//2571 6014//2571 6020//2571 6058//2571
f 5937//2572 5940//2572 6058//2572 6057//2572
f 5956//2573 5957//2573 6056//2573 6055//2573
f 5620//2574 5662//2574 5281//2574 5290//2574
f 5624//2575 5621//2575 5286//2575 5285//2575
f 5679//2576 5650//2576 5678//2576 5677//2576
f 5650//2577 5534//2577 5535//2577 5678//2577
f 5593//2578 5526//2578 5329//2578 5585//2578
f 5304//2579 5303//2579 5497//2579 5496//2579
f 5694//2580 5482//2580 5483//2580 5704//2580
f 5395//2581 5257//2581 5703//2581 5393//2581
f 5400//2582 5694//2582 5704//2582 5401//2582
f 5257//2583 5260//2583 5480//2583 5703//2583
f 5961//2584 5921//2584 6035//2584 6034//2584
f 5710//2585 5709//2585 5730//2585 5735//2585
f 5731//2307 5730//2307 5709//2307
f 5732//2586 5731//2586 5709//2586 5716//2586
f 5708//2587 5732//2587 5716//2587 5715//2587
f 5711//2588 5710//2588 5735//2588 5723//2588
f 5746//2589 5769//2589 5757//2589 5743//2589
f 5741//2590 5767//2590 5764//2590 5761//2590
f 5737//2591 5768//2591 5767//2591 5741//2591
f 5766//2592 5765//2592 5769//2592 5746//2592
f 5538//2453 5773//2453 5456//2453
f 5697//2453 5560//2453 5866//2453
f 5839//2445 5472//2445 5698//2445
f 5582//2451 5581//2451 5877//2451
f 5850//2451 5503//2451 5701//2451
f 5577//2593 5855//2593 5341//2593
f 5572//2594 5774//2594 5773//2594 5538//2594
f 5551//2595 5865//2595 5810//2595 5684//2595
f 5566//2456 5869//2456 5839//2456 5698//2456
f 5879//2596 5333//2596 5484//2596 5819//2596
f 5888//2597 5500//2597 5503//2597 5850//2597
f 5681//2598 5873//2598 5855//2598 5577//2598
f 5958//2599 6104//2599 6076//2599 5959//2599
f 5922//2600 6090//2600 6080//2600 5923//2600
f 5550//2601 5860//2601 5865//2601 5551//2601
f 5862//2602 5557//2602 5555//2602 5836//2602
f 5864//2603 5313//2603 5461//2603 5835//2603
f 5863//2604 5310//2604 5313//2604 5864//2604
f 5861//2605 5246//2605 5557//2605 5862//2605
f 5565//2606 5867//2606 5869//2606 5566//2606
f 5570//2607 5868//2607 5841//2607 5250//2607
f 5697//2608 5866//2608 5868//2608 5570//2608
f 5574//2609 5775//2609 5774//2609 5572//2609
f 6088//2610 6064//2610 6059//2610 6089//2610
f 6089//2611 6059//2611 5969//2611 6087//2611
f 6078//2612 6023//2612 6022//2612 6092//2612
f 6092//2613 6022//2613 6030//2613 6093//2613
f 5870//2614 5335//2614 5586//2614 5874//2614
f 5592//2615 5872//2615 5873//2615 5681//2615
f 5582//2616 5877//2616 5876//2616 5599//2616
f 5599//2617 5876//2617 5845//2617 5270//2617
f 5878//2618 5330//2618 5333//2618 5879//2618
f 6095//2619 5920//2619 6041//2619 6094//2619
f 6096//2620 6005//2620 6062//2620 6082//2620
f 6066//2621 6006//2621 6005//2621 6096//2621
f 6069//2622 5917//2622 5920//2622 6095//2622
f 5610//2623 5881//2623 5896//2623 5617//2623
f 5617//2624 5896//2624 5895//2624 5666//2624
f 5622//2625 5784//2625 5783//2625 5623//2625
f 5663//2626 5779//2626 5788//2626 5664//2626
f 5824//2627 5316//2627 5315//2627 5886//2627
f 5885//2628 5626//2628 5500//2628 5888//2628
f 5886//2629 5315//2629 5628//2629 5847//2629
f 5790//2630 5499//2630 5495//2630 5791//2630
f 6038//2631 6099//2631 6085//2631 5942//2631
f 6011//2632 6070//2632 6098//2632 6044//2632
f 6049//2633 6097//2633 6099//2633 6038//2633
f 6044//2634 6098//2634 6100//2634 6046//2634
f 5655//2635 5805//2635 5804//2635 5323//2635
f 5657//2636 5800//2636 5799//2636 5658//2636
f 5658//2637 5799//2637 5808//2637 5347//2637
f 5323//2638 5804//2638 5803//2638 5324//2638
f 5939//2639 6102//2639 6086//2639 6015//2639
f 5938//2640 6103//2640 6102//2640 5939//2640
f 5955//2641 6101//2641 6104//2641 5958//2641
f 5665//2642 5780//2642 5779//2642 5663//2642
f 5625//2643 5785//2643 5784//2643 5622//2643
f 5680//2644 5894//2644 5893//2644 5651//2644
f 5651//2645 5893//2645 5858//2645 5652//2645
f 5874//2646 5586//2646 5328//2646 5856//2646
f 5791//2647 5495//2647 5498//2647 5792//2647
f 5693//2648 5899//2648 5843//2648 5700//2648
f 5692//2649 5815//2649 5898//2649 5258//2649
f 5481//2650 5818//2650 5899//2650 5693//2650
f 5258//2651 5898//2651 5842//2651 5259//2651
f 5962//2652 6091//2652 6090//2652 5922//2652
f 5907//2653 5736//2653 5729//2653 5900//2653
f 5728//2445 5900//2445 5729//2445
f 5733//2654 5901//2654 5900//2654 5728//2654
f 5707//2655 5902//2655 5901//2655 5733//2655
f 5906//2656 5724//2656 5736//2656 5907//2656
f 5745//2657 5744//2657 5910//2657 5914//2657
f 5742//2658 5760//2658 5912//2658 5916//2658
f 5738//2659 5742//2659 5916//2659 5915//2659
f 5770//2660 5745//2660 5914//2660 5913//2660
o Wall_Modular_Cube.008_Wall_Modular_Cube.009
v -0.959325 3.666415 0.187055
v -0.959325 3.943581 0.187055
v -0.926284 3.943581 0.160682
v -0.926284 3.666415 0.160682
v -0.888602 3.574320 -1.087682
v -0.661090 3.574320 -1.087682
v -0.661090 3.563545 -0.355776
v -0.888602 3.563545 -0.355776
v -0.959325 3.666415 0.673256
v -0.959325 3.943581 0.673256
v -0.959325 3.943581 0.473790
v -0.959325 3.930507 0.323207
v -0.888602 3.795294 -0.329402
v -0.661090 3.795294 -0.329402
v -0.661090 3.943581 -0.329402
v -0.888602 3.943581 -0.329402
v -0.844018 3.804894 -0.341069
v -0.705674 3.804894 -0.341069
v -0.705674 3.398570 -0.341069
v -0.844018 3.398570 -0.341069
v -0.844018 3.380866 -0.011229
v -0.705674 3.380866 -0.011229
v -0.705674 3.379570 0.141847
v -0.844018 3.379570 0.141847
v -0.948806 3.281070 -0.848938
v -0.600886 3.281070 -0.848938
v -0.600886 3.329508 -0.848938
v -0.948806 3.329508 -0.848938
v -0.948806 2.782324 1.393264
v -0.600886 2.782324 1.393264
v -0.600885 3.143561 1.393264
v -0.948807 3.143561 1.393264
v -0.600886 3.566755 -1.350056
v -0.948806 3.566755 -1.350056
v -0.948806 3.566755 -0.875312
v -0.600886 3.566755 -0.875312
v -0.888602 2.831857 -0.327395
v -0.661090 2.831857 -0.327395
v -0.661090 2.831857 0.143183
v -0.888602 2.831857 0.143183
v -0.888602 2.947327 0.158340
v -0.661090 2.947327 0.158340
v -0.661090 3.361708 0.169557
v -0.888602 3.361708 0.169557
v -0.661090 1.962995 1.366891
v -0.661090 1.981995 1.393264
v -0.888602 1.981995 1.393264
v -0.888602 1.962995 1.366891
v -0.976773 2.005810 -0.481017
v -0.985033 1.978538 -0.386727
v -0.981847 1.981996 -0.188775
v -0.981847 2.309195 -0.188775
v -0.981847 2.309195 -0.303599
v -0.981847 2.296265 -0.361010
v -0.981847 2.309195 -0.418423
v -0.981847 2.309195 -1.354147
v -0.981847 1.981996 -1.354147
v -0.976859 1.993753 -0.785948
v -0.888602 2.438464 1.366891
v -0.661090 2.438464 1.366891
v -0.661090 2.438464 0.377890
v -0.888602 2.438464 0.377890
v -0.888602 2.346362 0.347892
v -0.661090 2.346362 0.347892
v -0.661090 1.981995 0.351516
v -0.888602 1.981995 0.351516
v -0.921643 2.419464 0.377890
v -0.921643 2.346362 0.389315
v -0.921643 1.981995 0.377890
v -0.921643 1.981995 1.366891
v -0.921643 2.263378 1.361164
v -0.921643 2.346362 1.347448
v -0.921643 2.419464 1.366891
v -0.849517 2.257739 0.343801
v -0.700175 2.257739 0.343801
v -0.700175 2.527006 0.363183
v -0.849517 2.527006 0.363183
v -0.661090 3.709479 -1.380520
v -0.888602 3.709479 -1.380520
v -0.888602 3.772574 -1.383935
v -0.661090 3.772574 -1.383935
v -0.849517 2.546006 0.046217
v -0.700175 2.546006 0.046217
v -0.700175 2.546006 -0.146841
v -0.849517 2.546006 -0.146841
v -0.600886 2.435255 1.366891
v -0.948806 2.435255 1.366891
v -0.948806 2.435255 0.878870
v -0.600886 2.435255 0.878870
v -0.948806 2.830193 0.230688
v -0.600886 2.830193 0.230688
v -0.600886 2.832115 0.202985
v -0.948806 2.832115 0.202985
v -0.925202 2.850857 0.856108
v -0.624490 2.850857 0.856108
v -0.624490 3.206602 0.855628
v -0.925202 3.206602 0.855628
v -0.661090 2.918824 -0.863005
v -0.888602 2.918824 -0.863005
v -0.888602 2.970671 -0.860979
v -0.661090 2.970671 -0.860979
v -0.925202 3.464349 0.856108
v -0.624490 3.464349 0.856108
v -0.624490 3.631708 0.856108
v -0.925202 3.631708 0.856108
v -0.624490 3.464349 0.178842
v -0.925202 3.464349 0.178842
v -0.925202 3.631708 0.164239
v -0.624490 3.631708 0.164239
v -0.958243 2.850857 0.190613
v -0.958243 3.404573 0.190613
v -0.925202 3.404573 0.164239
v -0.925202 2.850857 0.164239
v -0.948806 2.542433 0.090439
v -0.600886 2.542433 0.090439
v -0.600886 2.542433 0.335327
v -0.948806 2.542433 0.335327
v -0.600886 3.547755 -0.848938
v -0.948806 3.547755 -0.848938
v -0.981847 2.585750 0.031667
v -0.981847 2.561433 0.090439
v -0.981847 2.561433 0.335327
v -0.981847 2.813115 0.335327
v -0.981847 2.813115 0.309139
v -0.981847 2.798150 0.230688
v -0.981847 2.813115 0.202985
v -0.981847 2.813115 -0.303116
v -0.981847 2.561433 -0.303116
v -0.981847 2.569905 -0.015715
v -0.600886 2.813115 0.361700
v -0.948806 2.813115 0.361700
v -0.948806 2.561433 0.361700
v -0.600886 2.561433 0.361700
v -0.850811 2.890056 -0.848938
v -0.698881 2.890056 -0.848938
v -0.698881 3.010316 -0.848938
v -0.850811 3.010316 -0.848938
v -0.698881 3.029316 -1.350056
v -0.850811 3.029316 -1.350056
v -0.850811 3.029316 -0.875312
v -0.698881 3.029316 -0.875312
v -0.926284 3.943581 0.699630
v -0.926284 3.962581 0.673256
v -0.926284 3.647415 0.673256
v -0.926284 3.666415 0.699630
v -0.888602 3.563545 -1.354147
v -0.910021 3.576453 -1.371601
v -0.888602 3.582545 -1.380520
v -0.910021 3.949673 -1.371601
v -0.888602 3.962581 -1.354147
v -0.888602 3.943581 -1.380520
v -0.888602 3.582545 -0.329402
v -0.910021 3.576453 -0.338322
v -0.888602 3.962581 -0.355776
v -0.910021 3.949673 -0.338322
v -0.926284 3.647415 0.187055
v -0.844018 3.379570 -0.314695
v -0.877059 3.398570 -0.314695
v -0.844018 3.398570 0.168220
v -0.876989 3.408577 0.131428
v -0.981847 3.046613 -0.875312
v -0.948806 3.027613 -0.875312
v -0.948806 3.046613 -0.848938
v -0.948806 3.046613 -1.376430
v -0.948806 3.027613 -1.350056
v -0.981847 3.046613 -1.350056
v -0.981847 3.547755 -0.875312
v -0.948806 3.547755 -1.376430
v -0.981847 3.547755 -1.350056
v -0.921643 3.361708 -0.836632
v -0.888602 3.380708 -0.836632
v -0.888602 3.361708 -0.863005
v -0.888602 2.850857 0.169557
v -0.921643 2.850857 0.143183
v -0.888602 3.380708 0.143183
v -0.921643 3.361708 0.143183
v -0.948806 1.981996 -1.380520
v -0.948806 1.962996 -1.354147
v -0.948806 2.328195 -1.354147
v -0.948806 2.309195 -1.380520
v -0.888602 2.419464 1.393264
v -0.888602 2.419464 0.351516
v -0.888602 1.962995 0.377890
v -0.948806 1.962996 -0.188775
v -0.948806 1.981996 -0.162401
v -0.948806 2.309195 -0.162401
v -0.948806 2.328195 -0.188775
v -0.849517 1.980431 0.363183
v -0.882558 1.980431 0.336809
v -0.849517 1.961431 0.336809
v -0.849517 2.546006 0.336809
v -0.882558 2.527006 0.336809
v -0.849517 2.527006 -0.173215
v -0.882558 2.527006 -0.146841
v -0.981847 3.143561 0.878870
v -0.948806 3.162561 0.878870
v -0.948806 3.143561 0.852496
v -0.948807 3.162561 1.366891
v -0.981847 3.143561 1.366891
v -0.948806 2.454255 0.852496
v -0.981847 2.454255 0.878870
v -0.948806 2.454255 1.393264
v -0.981847 2.454255 1.366891
v -0.958243 3.631708 0.829734
v -0.925202 3.650708 0.829734
v -0.925202 2.828315 0.829734
v -0.958243 2.850857 0.829734
v -0.925202 2.828315 0.190613
v -0.948806 2.561433 -0.329490
v -0.948806 2.542433 -0.303116
v -0.948806 2.832115 -0.303116
v -0.948806 2.813115 -0.329490
v -0.948806 2.832115 0.335327
v -0.883852 2.342063 -0.875312
v -0.850811 2.323063 -0.875312
v -0.850811 2.342063 -0.848938
v -0.850811 2.342063 -1.376430
v -0.850811 2.323063 -1.350056
v -0.883852 2.342063 -1.350056
v -0.883852 3.010316 -0.875312
v -0.850811 3.010316 -1.376430
v -0.883852 3.010316 -1.350056
v -0.623408 3.666415 0.160682
v -0.623408 3.943581 0.160682
v -0.623408 3.666415 0.699630
v -0.623408 3.943581 0.699630
v -0.623408 3.647415 0.187055
v -0.623408 3.962581 0.673256
v -0.661090 3.799035 -1.380520
v -0.888602 3.799035 -1.380520
v -0.661090 3.943581 -1.380520
v -0.910021 3.799978 -1.371601
v -0.661090 3.582545 -0.329402
v -0.910021 3.701001 -0.338322
v -0.888602 3.703463 -0.329402
v -0.910021 3.587611 -1.095643
v -0.705674 3.964145 0.063271
v -0.844018 3.964145 0.063271
v -0.844018 3.964145 0.141847
v -0.705674 3.964145 0.141847
v -0.877059 3.922327 0.048580
v -0.877059 3.945145 0.141847
v -0.705674 3.379570 -0.314695
v -0.877080 3.414948 -0.016345
v -0.877059 3.804894 -0.314695
v -0.600886 3.027613 -1.350056
v -0.600886 3.027613 -0.875312
v -0.981847 3.329508 -0.875312
v -0.600886 3.547755 -1.376430
v -0.948806 3.366486 -1.376430
v -0.981847 3.366486 -1.350056
v -0.661090 3.361708 -0.863005
v -0.661090 2.850857 0.169557
v -0.921643 2.918824 0.143183
v -0.888602 2.918824 0.169557
v -0.921643 2.850857 -0.327395
v -0.888602 3.380708 -0.536744
v -0.921643 3.361708 -0.536744
v -0.948806 1.962996 -0.400513
v -0.600886 2.309195 -0.162401
v -0.600886 2.328195 -0.188775
v -0.948806 2.328195 -0.418423
v -0.661090 2.346362 1.391185
v -0.888602 2.346362 1.391185
v -0.888602 2.263378 1.391827
v -0.661090 2.263378 1.391827
v -0.661090 2.419464 1.393264
v -0.700175 1.968974 0.177829
v -0.849517 1.968974 0.177829
v -0.849517 1.961431 -0.146841
v -0.700175 1.961431 -0.146841
v -0.700175 2.546006 0.336809
v -0.882558 2.527006 0.156088
v -0.849517 2.546006 0.156088
v -0.882558 2.257739 0.317427
v -0.849517 2.076316 -0.173215
v -0.849517 1.980431 -0.173215
v -0.882558 1.980431 -0.146841
v -0.882558 2.076316 -0.146841
v -0.600886 3.162561 0.878870
v -0.600886 3.143561 0.852496
v -0.948806 2.760428 0.852496
v -0.981847 2.760428 0.878870
v -0.600885 3.162561 1.366891
v -0.981847 2.782324 1.366891
v -0.600886 2.832115 -0.303116
v -0.925202 2.828315 0.706479
v -0.958243 2.850857 0.706479
v -0.624490 2.828315 0.706479
v -0.624490 2.828315 0.829734
v -0.624490 3.650708 0.829734
v -0.958243 3.464349 0.220655
v -0.958243 3.631708 0.190613
v -0.958243 3.206603 0.826025
v -0.600886 2.813115 -0.329490
v -0.600886 2.561433 -0.329490
v -0.600886 2.832115 0.335327
v -0.698881 2.323063 -1.350056
v -0.698881 2.323063 -0.875312
v -0.883852 2.890056 -0.875312
v -0.698881 3.010316 -1.376430
v -0.850811 2.407473 -1.376430
v -0.883852 2.407473 -1.350056
v -0.661090 3.380708 -0.536744
v -0.661090 3.380708 -0.836632
v -0.623408 3.962581 0.187055
v -0.926284 3.962581 0.187055
v -0.888602 3.563545 -1.250930
v -0.910021 3.576453 -1.264707
v -0.910021 3.949673 -1.095643
v -0.910021 3.927038 -1.264707
v -0.910021 3.772574 -1.345786
v -0.910021 3.707231 -1.371601
v -0.910021 3.728405 -0.365212
v -0.910021 3.796103 -0.338322
v -0.661090 3.962581 -0.355776
v -0.888602 3.962581 -1.087682
v -0.661090 3.962581 -1.087682
v -0.661090 3.962195 -1.250930
v -0.888602 3.962195 -1.250930
v -0.661090 3.563545 -1.354147
v -0.661090 3.563545 -1.250930
v -0.661090 3.703463 -0.329402
v -0.888602 3.729925 -0.334392
v -0.661090 3.729925 -0.334392
v -0.877059 3.945145 -0.314695
v -0.844018 3.964145 -0.314695
v -0.705674 3.964145 -0.314695
v -0.844018 3.804894 0.158883
v -0.877059 3.804894 0.114843
v -0.877059 3.866672 0.141847
v -0.877059 3.866672 -0.290808
v -0.705674 3.804894 0.158883
v -0.705674 3.866672 0.168220
v -0.844018 3.866672 0.168220
v -0.705674 3.398570 0.168220
v -0.844018 3.866672 -0.327899
v -0.705674 3.866672 -0.327899
v -0.926284 3.962817 0.323207
v -0.623408 3.962817 0.323207
v -0.926284 3.962581 0.473790
v -0.623408 3.962581 0.473790
v -0.624490 2.850857 0.164239
v -0.624490 2.828315 0.190613
v -0.624490 3.648429 0.189858
v -0.925202 3.648429 0.189858
v -0.958243 3.464349 0.829734
v -0.888602 2.850857 -0.863005
v -0.661090 2.850857 -0.863005
v -0.661090 2.831857 -0.836632
v -0.888602 2.831857 -0.836632
v -0.624490 3.404573 0.164239
v -0.925202 3.404573 0.855146
v -0.624490 3.404573 0.855146
v -0.925202 2.828315 0.474312
v -0.958243 2.868096 0.474312
v -0.925202 3.650708 0.543459
v -0.958243 3.631708 0.543459
v -0.624490 2.828315 0.474312
v -0.624490 3.650708 0.543459
v -0.958243 3.404573 0.803769
v -0.958243 3.611506 0.450382
v -0.888602 3.380708 -0.474528
v -0.921643 3.361708 -0.474528
v -0.661090 3.380708 0.143183
v -0.661090 3.380708 -0.474528
v -0.661090 2.832115 -0.458158
v -0.888602 2.832115 -0.458158
v -0.921643 2.867917 -0.458158
v -0.921643 2.947327 0.131966
v -0.921643 2.970671 -0.810459
v -0.921643 2.918824 -0.836632
v -0.921643 2.850857 -0.836632
v -0.850811 2.890056 -1.376430
v -0.883852 2.890056 -1.350056
v -0.850811 2.820940 -0.848938
v -0.883852 2.820940 -0.875312
v -0.698881 2.890056 -1.376430
v -0.698881 2.820940 -0.848938
v -0.850811 2.775295 -0.848938
v -0.883852 2.775295 -0.875312
v -0.698881 2.775295 -0.848938
v -0.850811 2.449148 -0.848938
v -0.883852 2.449148 -0.875312
v -0.698881 2.820940 -1.372216
v -0.850811 2.820940 -1.372216
v -0.698881 2.449148 -0.848938
v -0.962118 1.971987 -0.776737
v -0.948806 2.315265 -0.361010
v -0.600886 2.315265 -0.361010
v -0.600886 2.328195 -0.418423
v -0.948806 2.328195 -0.303599
v -0.600886 2.328195 -0.303599
v -0.700175 1.961431 0.122011
v -0.849517 1.961431 0.122011
v -0.700175 2.546006 0.156088
v -0.884132 1.976397 0.129766
v -0.876558 2.507641 0.030754
v -0.882558 2.162284 -0.141856
v -0.878630 1.996042 0.159289
v -0.882558 2.171771 0.336809
v -0.849517 2.162284 -0.168230
v -0.849517 2.171771 0.363183
v -0.700175 1.961431 0.336809
v -0.700175 2.527006 -0.173215
v -0.700175 2.162284 -0.168230
v -0.700175 2.076316 -0.173215
v -0.700175 1.980431 0.363183
v -0.700175 2.171771 0.363183
v -0.948806 2.722717 1.393017
v -0.981847 2.722717 1.344457
v -0.948806 2.820035 0.856422
v -0.981847 2.820035 0.890835
v -0.600886 2.820035 0.856422
v -0.600886 2.454255 1.393264
v -0.600886 2.722717 1.393017
v -0.600886 2.760428 0.852496
v -0.850811 2.428310 -1.376677
v -0.698881 2.428310 -1.376677
v -0.698881 2.407473 -1.376430
v -0.600886 2.454255 0.852496
v -0.948806 2.832115 0.309139
v -0.600886 2.832115 0.309139
v -0.948806 2.546381 -0.015715
v -0.600886 2.546381 -0.015715
v -0.600886 2.546381 0.011988
v -0.948806 2.546381 0.011988
v -0.600886 2.542433 -0.303116
v -0.661090 2.918824 0.169557
v -0.948806 1.967894 -0.457925
v -0.600886 1.967894 -0.457925
v -0.600886 1.962996 -0.400513
v -0.587574 1.971987 -0.776737
v -0.698881 2.775295 -1.376430
v -0.850811 2.775295 -1.376430
v -0.698881 2.342063 -0.848938
v -0.698881 2.407473 -0.848938
v -0.850811 2.407473 -0.848938
v -0.698881 2.428310 -0.848938
v -0.850811 2.428310 -0.848938
v -0.883852 2.407473 -0.875312
v -0.883852 2.428310 -0.875312
v -0.883852 2.820940 -1.317751
v -0.883852 2.775295 -1.350056
v -0.883852 2.449148 -1.350056
v -0.883852 2.428310 -1.333854
v -0.850811 2.449148 -1.376430
v -0.698881 2.449148 -1.376430
v -0.624490 3.648073 0.451136
v -0.925202 3.648073 0.451136
v -0.661090 3.582545 -1.380520
v -0.661090 3.962581 -1.354147
v -0.600886 2.328195 -1.354147
v -0.600886 2.309195 -1.380520
v -0.600886 1.981996 -1.380520
v -0.600886 1.962996 -1.354147
v -0.661090 2.419464 0.351516
v -0.698881 2.342063 -1.376430
v -0.600886 3.046613 -1.376430
v -0.600886 3.046613 -0.848938
v -0.600886 3.414924 -1.376430
v -0.948806 3.414924 -1.376430
v -0.623408 3.647415 0.673256
v -0.844018 3.945145 -0.341069
v -0.705674 3.945145 -0.341069
v -0.705674 3.945145 0.168220
v -0.844018 3.945145 0.168220
v -0.600886 3.366486 -1.376430
v -0.700175 1.980431 -0.173215
v -0.661090 1.962995 0.377890
v -0.981847 3.281070 -0.891461
v -0.981847 3.414924 -1.324120
v -0.960841 3.662406 1.389844
v -0.588851 3.662406 1.389844
v -0.588851 3.741258 1.389844
v -0.960841 3.741258 1.389844
v -0.993882 3.947825 1.363471
v -0.993882 3.929812 1.298393
v -0.993882 3.947825 1.224790
v -0.993882 3.947825 0.722700
v -0.993882 3.662406 0.722700
v -0.993882 3.662406 1.363471
v -0.993882 3.741258 1.363471
v -0.993882 3.849739 1.345324
v -0.960841 3.643406 1.363471
v -0.960841 3.662406 0.696326
v -0.960841 3.643406 0.722700
v -0.960841 3.966825 0.722700
v -0.960841 3.947825 0.696326
v -0.588851 3.966825 0.722700
v -0.960841 3.966825 1.224790
v -0.588851 3.966825 1.224790
v -0.588851 3.643406 0.722700
v -0.588851 3.643406 1.363471
v -0.588851 3.947825 0.696326
v -0.588851 3.947825 1.389844
v -0.588851 3.966825 1.363471
v -0.960841 3.966825 1.363471
v -0.960841 3.947825 1.389844
v -0.960841 3.849739 1.390173
v -0.588851 3.849739 1.390173
v -0.588851 3.662406 0.696326
v -0.960841 3.966825 1.298393
v -0.588851 3.966825 1.298393
v -0.881006 2.751632 -0.330320
v -0.668686 2.751632 -0.330320
v -0.668686 2.819264 -0.327947
v -0.881006 2.819264 -0.327947
v -0.881006 2.697446 -0.331332
v -0.668686 2.697446 -0.331332
v -0.881006 2.819264 -0.851286
v -0.668686 2.819264 -0.851286
v -0.668686 2.775807 -0.852252
v -0.881006 2.775807 -0.852252
v -0.668686 2.833745 -0.354321
v -0.668686 2.833745 -0.824912
v -0.881006 2.833745 -0.824912
v -0.881006 2.833745 -0.354321
v -0.914047 2.562098 -0.824912
v -0.881006 2.562098 -0.851286
v -0.881006 2.543098 -0.824912
v -0.881006 2.562098 -0.327947
v -0.914047 2.562098 -0.354321
v -0.881006 2.543098 -0.354321
v -0.914047 2.819264 -0.824912
v -0.914047 2.819264 -0.354321
v -0.668686 2.562098 -0.327947
v -0.668686 2.661310 -0.327947
v -0.881006 2.661310 -0.327947
v -0.668686 2.543098 -0.824912
v -0.668686 2.543098 -0.354321
v -0.914047 2.661310 -0.354321
v -0.914047 2.739670 -0.824912
v -0.881006 2.739670 -0.851286
v -0.914047 2.697446 -0.384233
v -0.914047 2.751632 -0.353647
v -0.914047 2.775807 -0.808460
v -0.668686 2.739670 -0.851286
v -0.668686 2.562098 -0.851286
v -0.590367 3.666415 0.187055
v -0.590367 3.943581 0.187055
v -0.590367 3.930507 0.323207
v -0.590367 3.943581 0.473790
v -0.590367 3.943581 0.673256
v -0.590367 3.666415 0.673256
v -0.600886 1.962996 -0.188775
v -0.572919 2.005810 -0.481018
v -0.572833 1.993753 -0.785948
v -0.567845 1.981996 -1.354147
v -0.567845 2.309195 -1.354147
v -0.567845 2.309195 -0.418423
v -0.567845 2.296265 -0.361010
v -0.567845 2.309195 -0.303599
v -0.567845 2.309195 -0.188775
v -0.567845 1.981996 -0.188775
v -0.564659 1.978538 -0.386727
v -0.628049 2.419464 0.377890
v -0.628049 2.419464 1.366891
v -0.628049 2.346362 1.347448
v -0.628049 2.263378 1.361164
v -0.628049 1.981995 1.366891
v -0.628049 1.981995 0.377890
v -0.628049 2.346362 0.389315
v -0.600886 1.981996 -0.162401
v -0.591449 2.850857 0.190613
v -0.591449 3.404573 0.190613
v -0.567845 2.585750 0.031667
v -0.567845 2.569905 -0.015715
v -0.567845 2.561433 -0.303116
v -0.567845 2.813115 -0.303116
v -0.567845 2.813115 0.202985
v -0.567845 2.798150 0.230688
v -0.567845 2.813115 0.309139
v -0.567845 2.813115 0.335327
v -0.567845 2.561433 0.335327
v -0.567845 2.561433 0.090439
v -0.639671 3.576453 -1.371601
v -0.639671 3.949673 -1.371601
v -0.639671 3.576453 -0.338322
v -0.639671 3.949673 -0.338322
v -0.672633 3.398570 -0.314695
v -0.672703 3.408577 0.131428
v -0.567845 3.046613 -0.875312
v -0.567845 3.046613 -1.350056
v -0.567845 3.547755 -0.875312
v -0.567845 3.547755 -1.350056
v -0.628049 3.361708 -0.836632
v -0.628049 2.850857 0.143183
v -0.628049 3.361708 0.143183
v -0.667134 1.980431 0.336809
v -0.667134 2.527006 0.336809
v -0.667134 2.527006 -0.146841
v -0.567845 3.143561 0.878870
v -0.567845 3.143561 1.366891
v -0.567845 2.454255 0.878870
v -0.567845 2.454255 1.366891
v -0.591449 3.631708 0.829734
v -0.591449 2.850857 0.829734
v -0.665840 2.342063 -0.875312
v -0.665840 2.342063 -1.350056
v -0.665840 3.010316 -0.875312
v -0.665840 3.010316 -1.350056
v -0.639671 3.799978 -1.371601
v -0.639671 3.701001 -0.338322
v -0.639671 3.587611 -1.095643
v -0.672633 3.922327 0.048580
v -0.672633 3.945145 0.141847
v -0.672612 3.414948 -0.016345
v -0.672633 3.804894 -0.314695
v -0.567845 3.329508 -0.875312
v -0.567845 3.366486 -1.350056
v -0.628049 2.918824 0.143183
v -0.628049 2.850857 -0.327395
v -0.628049 3.361708 -0.536744
v -0.667134 2.527006 0.156088
v -0.667134 2.257739 0.317427
v -0.667134 2.076316 -0.146841
v -0.667134 1.980431 -0.146841
v -0.567845 2.760428 0.878870
v -0.567845 2.782324 1.366891
v -0.591449 2.850857 0.706479
v -0.591449 3.464349 0.220655
v -0.591449 3.631708 0.190613
v -0.591449 3.206603 0.826025
v -0.665840 2.890056 -0.875312
v -0.665840 2.407473 -1.350056
v -0.639671 3.576453 -1.264707
v -0.639671 3.949673 -1.095643
v -0.639671 3.796103 -0.338322
v -0.639671 3.728405 -0.365212
v -0.639671 3.707231 -1.371601
v -0.639671 3.772574 -1.345786
v -0.639671 3.927038 -1.264707
v -0.672633 3.945145 -0.314695
v -0.672633 3.804894 0.114843
v -0.672633 3.866672 -0.290808
v -0.672633 3.866672 0.141847
v -0.591449 3.464349 0.829734
v -0.591449 2.868096 0.474312
v -0.591449 3.631708 0.543459
v -0.591449 3.611506 0.450382
v -0.591449 3.404573 0.803769
v -0.628049 3.361708 -0.474528
v -0.628049 2.867917 -0.458158
v -0.628049 2.850857 -0.836632
v -0.628049 2.918824 -0.836632
v -0.628049 2.970671 -0.810459
v -0.628049 2.947327 0.131966
v -0.665840 2.890056 -1.350056
v -0.665840 2.820940 -0.875312
v -0.665840 2.775295 -0.875312
v -0.665840 2.449148 -0.875312
v -0.665560 1.976397 0.129766
v -0.673134 2.507641 0.030754
v -0.667134 2.171771 0.336809
v -0.671062 1.996042 0.159289
v -0.667134 2.162284 -0.141856
v -0.567845 2.722717 1.344457
v -0.567845 2.820035 0.890835
v -0.665840 2.407473 -0.875312
v -0.665840 2.428310 -1.333854
v -0.665840 2.449148 -1.350056
v -0.665840 2.775295 -1.350056
v -0.665840 2.820940 -1.317751
v -0.665840 2.428310 -0.875312
v -0.567845 3.281070 -0.891461
v -0.567845 3.414924 -1.324120
v -0.555810 3.947825 1.363471
v -0.555810 3.849739 1.345324
v -0.555810 3.741258 1.363471
v -0.555810 3.662406 1.363471
v -0.555810 3.662406 0.722700
v -0.555810 3.947825 0.722700
v -0.555810 3.947825 1.224790
v -0.555810 3.929812 1.298393
v -0.635645 2.562098 -0.824912
v -0.635645 2.562098 -0.354321
v -0.635645 2.819264 -0.824912
v -0.635645 2.819264 -0.354321
v -0.635645 2.661310 -0.354321
v -0.635645 2.739670 -0.824912
v -0.635645 2.775807 -0.808460
v -0.635645 2.751632 -0.353647
v -0.635645 2.697446 -0.384233
v -0.694947 3.566755 -0.836908
v -0.854745 3.566755 -0.836908
v -0.854745 3.566755 -0.722520
v -0.694947 3.566755 -0.722520
v -0.925616 3.500815 1.387857
v -0.624076 3.500815 1.387857
v -0.624076 3.630156 1.387857
v -0.925616 3.630156 1.387857
v -0.854745 3.396833 -0.334426
v -0.694947 3.396833 -0.334426
v -0.694947 3.547755 -0.334426
v -0.854745 3.547755 -0.334426
v -0.849541 2.834864 0.840465
v -0.700151 2.834864 0.840465
v -0.700151 2.834864 0.382913
v -0.849541 2.834864 0.382913
v -0.694947 3.566755 -0.487226
v -0.854745 3.566755 -0.487226
v -0.854745 3.566755 -0.360799
v -0.694947 3.566755 -0.360799
v -0.925616 2.463406 -0.849878
v -0.624076 2.463406 -0.849878
v -0.624076 2.409221 -0.848868
v -0.925616 2.409221 -0.848868
v -0.849541 2.637421 0.866839
v -0.700151 2.637421 0.866839
v -0.700151 2.815864 0.866839
v -0.849541 2.815864 0.866839
v -0.849541 2.505937 0.356539
v -0.700151 2.505937 0.356539
v -0.700151 2.454255 0.356539
v -0.849541 2.454255 0.356539
v -0.700150 2.435255 0.840465
v -0.849542 2.435255 0.840465
v -0.849541 2.435255 0.382913
v -0.700151 2.435255 0.382913
v -0.925615 2.342063 -0.172784
v -0.624077 2.342063 -0.172784
v -0.624077 2.451445 -0.172784
v -0.925615 2.451445 -0.172784
v -0.925615 2.487582 -0.171818
v -0.624077 2.487582 -0.171818
v -0.624076 2.531039 -0.172784
v -0.925616 2.531039 -0.172784
v -0.925616 3.364026 1.387857
v -0.624076 3.364026 1.387857
v -0.624076 2.545519 -0.825878
v -0.925616 2.545519 -0.825878
v -0.925616 2.545519 -0.199158
v -0.624076 2.545519 -0.199158
v -0.925616 3.180246 1.387857
v -0.624076 3.180246 1.387857
v -0.624076 3.649156 1.099043
v -0.925616 3.649156 1.099043
v -0.925616 3.649156 1.361483
v -0.624076 3.649156 1.361483
v -0.887786 3.396833 -0.360799
v -0.854745 3.377833 -0.360799
v -0.854745 3.396833 -0.863282
v -0.854745 3.377833 -0.836908
v -0.887786 3.396833 -0.836908
v -0.887786 3.547755 -0.360799
v -0.854745 3.547755 -0.863282
v -0.887786 3.547755 -0.836908
v -0.882582 2.815864 0.382913
v -0.849541 2.815864 0.356539
v -0.882582 2.815864 0.840465
v -0.882582 2.454255 0.382913
v -0.849542 2.454255 0.866839
v -0.882582 2.454255 0.840465
v -0.958656 2.342063 -0.199158
v -0.925615 2.323063 -0.199158
v -0.925615 2.342063 -0.852252
v -0.925615 2.323063 -0.825878
v -0.958656 2.342063 -0.825878
v -0.958656 2.531039 -0.199158
v -0.925616 2.531039 -0.852252
v -0.958657 2.531039 -0.825878
v -0.958656 3.180246 1.361483
v -0.925616 3.161246 1.361483
v -0.925616 3.180246 0.851523
v -0.925616 3.161246 0.877895
v -0.958657 3.180246 0.877895
v -0.958657 3.630156 1.361483
v -0.925616 3.649156 0.877895
v -0.925616 3.630156 0.851523
v -0.958657 3.630156 0.877895
v -0.854745 3.377833 -0.487226
v -0.694947 3.377833 -0.487226
v -0.694947 3.377833 -0.360799
v -0.694947 3.547755 -0.863282
v -0.887786 3.396833 -0.589576
v -0.854745 3.377833 -0.589576
v -0.887786 3.535246 -0.446711
v -0.700151 2.815864 0.356539
v -0.882582 2.505937 0.382913
v -0.882582 2.637421 0.840465
v -0.925616 2.373084 -0.852252
v -0.624076 2.373084 -0.852252
v -0.624077 2.342063 -0.852252
v -0.624077 2.323063 -0.825878
v -0.624077 2.323063 -0.199158
v -0.624076 2.531039 -0.852252
v -0.958656 2.373084 -0.825878
v -0.925616 3.165665 1.176315
v -0.624076 3.165665 1.176315
v -0.624076 3.161246 1.361483
v -0.624076 3.649156 0.877895
v -0.624076 3.630156 0.851523
v -0.958657 3.630156 1.099043
v -0.958657 3.630156 0.985791
v -0.925616 3.649156 0.985791
v -0.624076 3.161246 0.877895
v -0.624076 3.161246 1.119689
v -0.925616 3.161246 1.119689
v -0.958657 3.180246 1.119689
v -0.958657 3.193714 1.176315
v -0.958657 3.364026 1.361483
v -0.958657 3.500815 1.338285
v -0.958657 3.605914 1.042417
v -0.849541 2.577940 0.851177
v -0.700151 2.577940 0.851177
v -0.887786 3.547755 -0.589576
v -0.854745 3.566755 -0.589576
v -0.694947 3.566755 -0.589576
v -0.887786 3.404338 -0.503432
v -0.887786 3.532744 -0.722520
v -0.700151 2.685009 0.363408
v -0.849541 2.685009 0.363408
v -0.700151 2.577940 0.356539
v -0.849541 2.577940 0.356539
v -0.700150 2.454255 0.866839
v -0.700151 2.451166 0.866839
v -0.849541 2.451166 0.866839
v -0.882582 2.451166 0.840465
v -0.882582 2.685009 0.407840
v -0.882582 2.577940 0.382913
v -0.882582 2.577940 0.799336
v -0.958656 2.451445 -0.199158
v -0.958656 2.487582 -0.215610
v -0.958656 2.463406 -0.826553
v -0.958656 2.409221 -0.795966
v -0.624076 3.646930 1.042417
v -0.925616 3.646930 1.042417
v -0.694947 3.377833 -0.836908
v -0.694947 3.377833 -0.589576
v -0.694947 3.396833 -0.863282
v -0.624076 3.649156 0.985791
v -0.624076 3.180246 0.851523
v -0.661906 3.396833 -0.360799
v -0.661906 3.396833 -0.836908
v -0.661906 3.547755 -0.360799
v -0.661906 3.547755 -0.836908
v -0.667110 2.815864 0.382913
v -0.667110 2.815864 0.840465
v -0.667110 2.454255 0.382913
v -0.667110 2.454255 0.840465
v -0.591036 2.342063 -0.199158
v -0.591036 2.342063 -0.825878
v -0.591036 2.531039 -0.199158
v -0.591035 2.531039 -0.825878
v -0.591036 3.180246 1.361483
v -0.591035 3.180246 0.877895
v -0.591035 3.630156 1.361483
v -0.591035 3.630156 0.877895
v -0.661906 3.396833 -0.589576
v -0.661906 3.535246 -0.446711
v -0.667110 2.505937 0.382913
v -0.667110 2.637421 0.840465
v -0.591036 2.373084 -0.825878
v -0.591035 3.630156 1.099043
v -0.591035 3.630156 0.985791
v -0.591035 3.605914 1.042417
v -0.591035 3.500815 1.338285
v -0.591035 3.364026 1.361483
v -0.591035 3.193714 1.176315
v -0.591035 3.180246 1.119689
v -0.661906 3.547755 -0.589576
v -0.661906 3.532744 -0.722520
v -0.661906 3.404338 -0.503432
v -0.667110 2.451166 0.840465
v -0.667110 2.685009 0.407840
v -0.667110 2.577940 0.799336
v -0.667110 2.577940 0.382913
v -0.591036 2.451445 -0.199158
v -0.591036 2.409221 -0.795966
v -0.591036 2.463406 -0.826553
v -0.591036 2.487582 -0.215610
vn -0.6238 0.0000 -0.7816
vn 0.0000 -0.9999 -0.0147
vn -1.0000 -0.0000 0.0000
vn 0.0000 0.0000 1.0000
vn 0.0000 0.0000 -1.0000
vn -0.0000 -1.0000 -0.0085
vn 0.0000 -0.0021 1.0000
vn 0.0000 1.0000 0.0000
vn 0.0000 -1.0000 -0.0010
vn 0.0000 -1.0000 0.0000
vn 0.0000 -0.0271 0.9996
vn 0.0000 -0.8114 0.5845
vn -1.0000 -0.0073 0.0002
vn 0.0000 -0.0099 -1.0000
vn 0.0000 -0.0718 0.9974
vn 0.0000 -0.0540 -0.9985
vn 0.0000 0.9976 0.0692
vn 0.0000 0.0014 1.0000
vn 0.0000 0.0019 1.0000
vn 0.0000 0.0391 -0.9992
vn 0.0000 -0.0080 1.0000
vn -0.0000 -0.0869 -0.9962
vn 0.0000 0.8114 0.5845
vn -0.4228 0.7353 0.5297
vn -0.4228 -0.7353 0.5297
vn -0.0099 -0.8111 -0.5849
vn -0.0127 -0.8113 -0.5845
vn -0.0108 -0.8115 -0.5842
vn -0.0127 0.8113 -0.5845
vn -0.0099 0.8111 -0.5849
vn -0.0108 0.8115 -0.5842
vn -0.0099 -0.8111 0.5849
vn -0.0108 -0.8115 0.5842
vn -0.0126 -0.8113 0.5845
vn -0.0099 0.8111 0.5849
vn -0.0127 0.8113 0.5845
vn -0.0108 0.8115 0.5842
vn -0.4228 -0.7353 -0.5297
vn -0.6684 -0.6035 0.4348
vn -0.4228 0.7353 -0.5297
vn -0.4604 -0.6748 0.5768
vn -0.4604 -0.6748 -0.5768
vn -0.0000 -0.8114 -0.5845
vn -0.6238 0.0000 0.7816
vn -0.3844 -0.0000 -0.9231
vn 0.0099 -0.8111 0.5849
vn 0.0108 -0.8115 0.5842
vn -0.3844 0.0000 0.9231
vn -0.5237 -0.8518 -0.0125
vn -0.6619 0.7431 -0.0987
vn -0.6270 -0.7787 0.0228
vn 0.0000 0.8114 -0.5845
vn -0.4985 -0.8669 0.0000
vn -0.4985 0.8669 0.0000
vn 0.0000 -0.0052 -1.0000
vn -0.4445 -0.8957 0.0110
vn 0.0000 0.0077 1.0000
vn 0.0000 0.0064 1.0000
vn -0.6534 0.0096 0.7570
vn 0.0000 -0.0284 0.9996
vn -0.7156 -0.0372 -0.6975
vn 0.0000 -0.9997 0.0232
vn -0.6229 -0.0562 0.7803
vn -0.6238 -0.0000 0.7815
vn -0.5636 -0.8261 0.0000
vn -0.7150 -0.0924 -0.6930
vn -0.6463 0.0045 0.7630
vn -0.6238 0.0000 -0.7815
vn -0.5162 -0.8565 0.0000
vn 0.0108 0.8115 0.5842
vn 0.0099 0.8111 0.5848
vn 0.0000 1.0000 -0.0012
vn 0.0000 1.0000 0.0007
vn -0.5162 0.8565 0.0000
vn -0.5412 -0.8390 0.0554
vn 0.0000 0.1280 -0.9918
vn 0.0000 -0.0761 0.9971
vn -0.6884 -0.7251 -0.0183
vn -0.6797 0.7331 0.0226
vn -0.7731 0.0204 0.6339
vn -1.0000 0.0000 0.0001
vn 0.0000 -1.0000 0.0043
vn 0.0000 -0.1495 0.9888
vn 0.0000 0.0230 0.9997
vn 0.0000 0.2085 -0.9780
vn -0.0000 1.0000 -0.0001
vn -0.0000 1.0000 -0.0017
vn 0.0000 1.0000 0.0008
vn -0.0000 -0.7602 -0.6497
vn -0.0000 0.8374 -0.5466
vn 0.0000 -0.7602 0.6497
vn -0.6950 0.2515 -0.6736
vn -0.0000 0.2373 -0.9714
vn 0.0000 -0.0068 1.0000
vn -0.6859 -0.7272 -0.0270
vn -0.6859 -0.7273 0.0221
vn 0.0000 -1.0000 0.0007
vn 0.0000 -1.0000 -0.0006
vn -0.5963 0.2940 0.7470
vn -0.6237 -0.0212 0.7814
vn 0.0000 -0.0609 -0.9981
vn -0.6500 -0.7599 0.0090
vn 0.0000 0.9756 0.2197
vn -0.0000 0.9910 -0.1339
vn -0.4477 -0.8941 0.0102
vn -1.0000 0.0020 0.0000
vn -0.6238 -0.0107 -0.7815
vn -0.6232 0.0453 -0.7807
vn -0.6144 0.1735 0.7697
vn 0.0000 -0.0137 -0.9999
vn 0.0000 0.0579 -0.9983
vn -0.7161 0.0075 -0.6980
vn -0.7441 -0.1249 0.6562
vn -0.6769 -0.0181 -0.7359
vn 0.0000 -0.0121 -0.9999
vn 0.0000 0.0009 1.0000
vn 0.0000 -0.0016 1.0000
vn 0.0000 0.0657 -0.9978
vn -0.7497 0.0279 0.6612
vn -0.6738 0.0976 -0.7325
vn 0.0000 -0.0119 -0.9999
vn 0.0000 -0.0059 -1.0000
vn 0.0000 0.9997 -0.0245
vn -0.0000 -0.9987 -0.0503
vn -0.5411 -0.8408 0.0182
vn 0.0000 -0.9999 0.0137
vn 0.0000 0.0051 1.0000
vn 0.0000 0.3662 0.9305
vn 0.0000 -0.9964 -0.0850
vn 0.0000 -0.9999 -0.0128
vn 0.0000 0.0919 -0.9958
vn 0.0000 0.0059 -1.0000
vn 0.0000 0.0119 -0.9999
vn 0.0000 0.9996 -0.0285
vn 0.0000 0.1853 0.9827
vn 0.0000 -0.9978 0.0659
vn 0.0099 0.8111 -0.5848
vn 0.0108 0.8115 -0.5842
vn 0.0108 -0.8115 -0.5842
vn 0.0099 -0.8111 -0.5849
vn 0.0000 1.0000 0.0037
vn 0.0000 -0.1655 -0.9862
vn 0.0000 1.0000 0.0014
vn 0.0000 0.0495 -0.9988
vn 0.0000 -0.0015 1.0000
vn 0.0000 0.0002 1.0000
vn 0.0000 0.0034 1.0000
vn 0.0000 -0.0269 0.9996
vn 0.0000 -0.0351 0.9994
vn 0.0000 -0.0187 0.9998
vn 0.0000 0.0222 -0.9998
vn -0.3586 0.8183 -0.4493
vn -0.3586 0.8183 0.4493
vn 0.0000 0.8766 0.4813
vn -0.4014 0.9159 0.0000
vn 0.0000 0.8766 -0.4813
vn 0.0000 0.0932 0.9956
vn -0.6010 -0.0100 0.7992
vn 0.0000 -0.0267 -0.9996
vn 0.6238 0.0000 -0.7816
vn 1.0000 0.0000 0.0000
vn 1.0000 -0.0073 0.0002
vn 0.4228 0.7353 0.5297
vn 0.4228 -0.7353 0.5297
vn 0.0127 -0.8113 -0.5845
vn 0.0127 0.8113 -0.5845
vn 0.0126 -0.8113 0.5845
vn 0.0127 0.8113 0.5845
vn 0.4228 -0.7353 -0.5297
vn 0.6684 -0.6035 0.4348
vn 0.4228 0.7353 -0.5297
vn 0.4604 -0.6748 0.5768
vn 0.4604 -0.6748 -0.5768
vn 0.6238 0.0000 0.7816
vn 0.3844 0.0000 -0.9231
vn 0.3844 0.0000 0.9231
vn 0.5237 -0.8518 -0.0125
vn 0.6619 0.7431 -0.0987
vn 0.6270 -0.7787 0.0228
vn 0.4985 -0.8669 0.0000
vn 0.4985 0.8669 -0.0000
vn 0.4445 -0.8957 0.0110
vn 0.6534 0.0096 0.7570
vn 0.7156 -0.0372 -0.6975
vn 0.6229 -0.0562 0.7803
vn 0.6238 -0.0000 0.7815
vn 0.5636 -0.8261 0.0000
vn 0.7150 -0.0924 -0.6930
vn 0.6463 0.0045 0.7630
vn 0.5162 -0.8565 0.0000
vn 0.5162 0.8565 0.0000
vn 0.5412 -0.8390 0.0554
vn 0.6884 -0.7251 -0.0183
vn 0.6797 0.7331 0.0226
vn 0.7731 0.0204 0.6339
vn 1.0000 0.0000 0.0001
vn 0.6950 0.2515 -0.6736
vn 0.6859 -0.7272 -0.0270
vn 0.6859 -0.7273 0.0221
vn 0.5963 0.2940 0.7470
vn 0.6237 -0.0212 0.7814
vn 0.6500 -0.7599 0.0090
vn 0.0000 -0.9999 0.0156
vn 0.0000 0.9756 -0.2197
vn 0.4477 -0.8941 0.0102
vn 1.0000 0.0020 0.0000
vn 0.6238 -0.0107 -0.7815
vn 0.6232 0.0453 -0.7807
vn 0.6144 0.1735 0.7697
vn 0.7161 0.0075 -0.6980
vn 0.7442 -0.1249 0.6562
vn 0.6769 -0.0181 -0.7359
vn 0.7497 0.0279 0.6612
vn 0.6738 0.0976 -0.7325
vn 0.5411 -0.8408 0.0182
vn 0.0000 0.2199 0.9755
vn 0.3586 0.8183 -0.4493
vn 0.3586 0.8183 0.4493
vn 0.4014 0.9159 0.0000
vn 0.6010 -0.0100 0.7992
vn 0.0000 -0.0269 -0.9996
vn 0.0000 -0.0186 -0.9998
vn 0.0000 0.0222 0.9998
vn -0.6243 0.7799 -0.0459
vn 0.0000 -0.9997 -0.0239
vn 0.0000 0.8114 -0.5846
vn 0.0000 -0.2546 0.9670
vn -0.5907 0.8058 0.0411
vn 0.0000 -0.0351 -0.9994
vn 0.0000 -0.0524 -0.9986
vn 0.0000 0.0640 -0.9979
vn 0.6239 0.0001 -0.7815
vn 0.0000 0.0932 -0.9956
vn 0.0000 0.9992 -0.0393
vn 0.0000 0.1226 0.9925
vn 0.0000 0.9992 0.0393
vn 0.0000 -0.9970 0.0778
vn -0.6010 -0.0100 -0.7992
vn 0.0000 -0.0267 0.9996
vn 0.6243 0.7799 -0.0459
vn 0.6238 0.0000 -0.7815
vn 0.5907 0.8058 0.0411
vn -0.6239 0.0001 -0.7815
vn 0.6010 -0.0100 -0.7992
vn -0.3999 0.7675 -0.5010
vn -0.6129 0.7893 0.0372
vn -0.7668 0.6380 0.0699
vn -0.7582 -0.0235 -0.6516
vn -0.6015 -0.7982 0.0330
vn -0.6274 0.7781 0.0307
vn -0.7226 -0.1213 0.6805
vn -0.7531 -0.0588 0.6553
vn -0.7351 0.6763 -0.0469
vn -0.6457 0.3889 0.6571
vn -0.7151 -0.2684 -0.6454
vn -0.7373 0.1161 -0.6655
vn -0.6683 -0.1733 0.7235
vn -0.7148 -0.1973 0.6709
vn -0.6770 0.2114 -0.7049
vn -0.6829 -0.1679 -0.7110
vn -0.6129 0.7894 -0.0337
vn -0.6625 0.7294 0.1705
vn -0.6625 0.7294 -0.1705
vn -0.5795 -0.8140 -0.0393
vn -0.5753 -0.8080 0.1276
vn -0.7540 -0.1443 0.6408
vn -0.6401 0.7625 -0.0939
vn -0.6383 -0.7696 0.0176
vn -0.6375 -0.7687 -0.0509
vn -0.7468 0.1745 -0.6418
vn -0.6251 0.7793 -0.0440
vn -0.5723 -0.8194 0.0326
vn -0.5632 -0.8260 -0.0230
vn -0.6249 0.7790 0.0511
vn -0.7636 -0.1649 -0.6242
vn -0.7505 0.2454 -0.6135
vn -0.4893 0.8508 0.1916
vn -0.6106 -0.7673 -0.1960
vn -0.6963 0.7161 0.0487
vn 0.5610 0.7776 -0.2839
vn -0.6780 0.7310 -0.0775
vn -0.7240 -0.1005 0.6824
vn -0.7300 -0.2944 0.6168
vn -0.7286 -0.0826 -0.6800
vn -0.7560 0.1431 0.6387
vn -0.7274 0.1008 -0.6788
vn -0.6091 0.7885 -0.0849
vn -0.6563 -0.7383 0.1558
vn -0.6791 -0.7189 -0.1481
vn -0.5943 0.7693 0.2345
vn -0.7368 0.2829 -0.6141
vn -0.7422 -0.1876 -0.6434
vn -0.7202 0.1453 0.6783
vn -0.8193 -0.5728 0.0249
vn -0.4893 0.8508 -0.1916
vn -0.6992 -0.2556 -0.6677
vn -0.6992 0.2556 -0.6677
vn -0.7743 0.0363 0.6318
vn -0.7464 0.0574 0.6630
vn -0.7547 0.1697 -0.6338
vn -0.7215 0.0238 0.6920
vn -0.7643 -0.0627 -0.6419
vn -0.7169 -0.1146 0.6876
vn -0.7532 0.0556 0.6554
vn -0.6430 0.7586 -0.1050
vn -0.7317 -0.0617 0.6789
vn -0.7319 0.0558 0.6791
vn -0.6438 0.7595 0.0929
vn -0.7226 -0.1213 -0.6805
vn -0.7367 0.2829 0.6141
vn -0.7422 -0.1876 0.6434
vn -0.7202 0.1453 -0.6783
vn 0.3999 0.7675 -0.5010
vn 0.6129 0.7893 0.0372
vn 0.7668 0.6380 0.0699
vn 0.7582 -0.0235 -0.6516
vn 0.6015 -0.7982 0.0330
vn 0.6274 0.7781 0.0307
vn 0.7226 -0.1213 0.6805
vn 0.7531 -0.0588 0.6553
vn 0.7351 0.6763 -0.0469
vn 0.6457 0.3889 0.6571
vn 0.7151 -0.2684 -0.6454
vn 0.7373 0.1161 -0.6655
vn 0.6683 -0.1733 0.7235
vn 0.7148 -0.1973 0.6709
vn 0.6770 0.2114 -0.7049
vn 0.6828 -0.1679 -0.7110
vn 0.6129 0.7894 -0.0337
vn 0.6625 0.7294 0.1705
vn 0.6625 0.7294 -0.1705
vn 0.5796 -0.8140 -0.0393
vn 0.5753 -0.8080 0.1276
vn 0.7540 -0.1443 0.6408
vn 0.6401 0.7625 -0.0939
vn 0.6383 -0.7696 0.0176
vn 0.6375 -0.7687 -0.0509
vn 0.7468 0.1745 -0.6418
vn 0.6251 0.7793 -0.0440
vn 0.5723 -0.8194 0.0326
vn 0.5632 -0.8260 -0.0230
vn 0.6249 0.7790 0.0511
vn 0.7636 -0.1649 -0.6242
vn 0.7505 0.2454 -0.6135
vn 0.4893 0.8508 0.1916
vn 0.6106 -0.7673 -0.1960
vn 0.6963 0.7161 0.0487
vn -0.5610 0.7776 -0.2839
vn 0.6780 0.7310 -0.0775
vn 0.7240 -0.1005 0.6824
vn 0.7300 -0.2944 0.6168
vn 0.7286 -0.0826 -0.6800
vn 0.7560 0.1431 0.6387
vn 0.7274 0.1008 -0.6788
vn 0.6091 0.7885 -0.0849
vn 0.6563 -0.7383 0.1558
vn 0.6791 -0.7189 -0.1481
vn 0.5943 0.7693 0.2345
vn 0.7368 0.2829 -0.6141
vn 0.7422 -0.1876 -0.6434
vn 0.7202 0.1453 0.6783
vn 0.8193 -0.5728 0.0249
vn 0.4893 0.8508 -0.1916
vn 0.6992 -0.2556 -0.6677
vn 0.6992 0.2556 -0.6677
vn 0.7743 0.0363 0.6318
vn 0.7464 0.0574 0.6630
vn 0.7547 0.1697 -0.6338
vn 0.7215 0.0238 0.6920
vn 0.7643 -0.0627 -0.6419
vn 0.7169 -0.1146 0.6876
vn 0.7532 0.0556 0.6554
vn 0.6430 0.7586 -0.1050
vn 0.7317 -0.0617 0.6789
vn 0.7319 0.0558 0.6791
vn 0.6438 0.7595 0.0929
vn 0.7226 -0.1213 -0.6805
vn 0.7367 0.2829 0.6141
vn 0.7422 -0.1876 0.6434
vn 0.7202 0.1453 -0.6783
usemtl Wall_Dark.008
s 1
f 6105//2661 6106//2661 6107//2661 6108//2661
f 6109//2662 6110//2662 6111//2662 6112//2662
f 6106//2663 6105//2663 6113//2663 6114//2663 6115//2663 6116//2663
f 6117//2664 6118//2664 6119//2664 6120//2664
f 6121//2665 6122//2665 6123//2665 6124//2665
f 6125//2666 6126//2666 6127//2666 6128//2666
f 6129//2664 6130//2664 6131//2664 6132//2664
f 6133//2667 6134//2667 6135//2664 6136//2664
f 6137//2668 6138//2668 6139//2668 6140//2668
f 6141//2669 6142//2669 6143//2670 6144//2670
f 6145//2671 6146//2671 6147//2671 6148//2671
f 6149//2672 6150//2672 6151//2672 6152//2672
f 6153//2673 6154//2673 6155//2673 6156//2673 6157//2673 6158//2673 6159//2673 6160//2673 6161//2673 6162//2673
f 6163//2668 6164//2668 6165//2668 6166//2668
f 6167//2674 6168//2674 6169//2674 6170//2674
f 6171//2663 6172//2663 6173//2663 6174//2663 6175//2663 6176//2663 6177//2663
f 6178//2675 6179//2675 6180//2675 6181//2675
f 6182//2676 6183//2676 6184//2676 6185//2676
f 6186//2668 6187//2668 6188//2668 6189//2668
f 6190//2670 6191//2670 6192//2670 6193//2670
f 6194//2677 6195//2677 6196//2677 6197//2677
f 6198//2678 6199//2678 6200//2679 6201//2679
f 6202//2680 6203//2680 6204//2680 6205//2680
f 6206//2681 6207//2681 6208//2664 6209//2664
f 6210//2682 6211//2682 6212//2682 6213//2682
f 6214//2661 6215//2661 6216//2661 6217//2661
f 6218//2670 6219//2670 6220//2670 6221//2670
f 6222//2683 6140//2683 6139//2683 6223//2683
f 6224//2663 6225//2663 6226//2663 6227//2663 6228//2663 6229//2663 6230//2663 6231//2663 6232//2663 6233//2663
f 6234//2664 6235//2664 6236//2664 6237//2664
f 6238//2664 6239//2664 6240//2664 6241//2664
f 6242//2668 6243//2668 6244//2668 6245//2668
f 6114//2684 6246//2684 6247//2684
f 6248//2685 6249//2685 6113//2685
f 6250//2686 6251//2687 6252//2688
f 6253//2689 6254//2690 6255//2691
f 6112//2692 6256//2693 6257//2694
f 6258//2695 6259//2696 6120//2697
f 6108//2698 6260//2698 6105//2698
f 6124//2698 6261//2698 6262//2698
f 6263//2699 6264//2699 6128//2699
f 6265//2685 6266//2685 6267//2685
f 6268//2698 6269//2698 6270//2698
f 6223//2684 6139//2684 6271//2684
f 6138//2700 6272//2700 6273//2700
f 6274//2700 6275//2700 6276//2700
f 6144//2685 6277//2685 6278//2685
f 6279//2684 6280//2684 6148//2684
f 6161//2698 6281//2698 6282//2698
f 6283//2700 6284//2700 6160//2700
f 6163//2684 6177//2684 6285//2684
f 6174//2685 6152//2685 6151//2685
f 6166//2700 6286//2700 6171//2700
f 6287//2698 6173//2698 6170//2698
f 6288//2685 6289//2685 6155//2685
f 6290//2684 6291//2684 6156//2684
f 6292//2685 6293//2685 6294//2685
f 6181//2684 6295//2684 6296//2684
f 6297//2700 6298//2700 6189//2700
f 6299//2700 6300//2700 6301//2700
f 6136//2684 6302//2684 6303//2684
f 6304//2698 6192//2698 6305//2698
f 6191//2685 6306//2685 6307//2685
f 6308//2684 6209//2684 6309//2684
f 6310//2701 6198//2701 6311//2701
f 6214//2702 6217//2702 6312//2702
f 6232//2698 6313//2698 6314//2698
f 6315//2700 6316//2700 6231//2700
f 6221//2685 6236//2685 6226//2685
f 6235//2684 6317//2684 6227//2684
f 6318//2685 6319//2685 6320//2685
f 6321//2698 6322//2698 6323//2698
f 6241//2684 6244//2684 6324//2684
f 6243//2700 6325//2700 6326//2700
f 6327//2665 6108//2665 6107//2665 6328//2665
f 6249//2664 6329//2664 6330//2664 6246//2664
f 6108//2703 6327//2703 6331//2703 6260//2703
f 6246//2683 6330//2683 6332//2683 6247//2683
f 6114//2704 6113//2704 6249//2704 6246//2704
f 6333//2665 6334//2665 6255//2665 6335//2665
f 6336//2705 6253//2705 6255//2705 6334//2705
f 6111//2706 6337//2707 6256//2693 6112//2692
f 6338//2708 6257//2708 6256//2708 6339//2708
f 6109//2709 6112//2709 6257//2709 6340//2709
f 6341//2668 6342//2668 6343//2668 6344//2668
f 6345//2710 6346//2710 6343//2710 6342//2710
f 6123//2703 6347//2703 6261//2703 6124//2703
f 6348//2711 6262//2711 6261//2711 6125//2711
f 6121//2661 6124//2661 6262//2661 6349//2661
f 6269//2670 6350//2670 6351//2670 6266//2670
f 6132//2704 6223//2704 6271//2704 6352//2704
f 6138//2712 6137//2712 6353//2712 6272//2712
f 6354//2661 6268//2661 6270//2661 6355//2661
f 6265//2713 6270//2713 6269//2713 6266//2713
f 6273//2714 6271//2714 6139//2714 6138//2714
f 6205//2715 6204//2715 6276//2715 6356//2715
f 6143//2672 6357//2672 6277//2672 6144//2672
f 6358//2704 6278//2704 6277//2704 6359//2704
f 6141//2713 6144//2713 6278//2713 6360//2713
f 6361//2714 6275//2714 6274//2714 6362//2714
f 6363//2716 6288//2716 6155//2716 6154//2716
f 6291//2683 6290//2683 6364//2683 6365//2683
f 6366//2714 6283//2714 6160//2714 6159//2714
f 6161//2661 6160//2661 6284//2661 6281//2661
f 6367//2717 6368//2717 6369//2718 6370//2718
f 6175//2719 6174//2719 6151//2719 6369//2719
f 6371//2720 6285//2720 6368//2720 6367//2720
f 6172//2721 6171//2721 6286//2721 6167//2721
f 6163//2714 6166//2714 6171//2714 6177//2714
f 6287//2713 6152//2713 6174//2713 6173//2713
f 6156//2704 6155//2704 6289//2704 6290//2704
f 6372//2722 6373//2722 6374//2722 6375//2722
f 6180//2683 6376//2683 6295//2683 6181//2683
f 6377//2714 6296//2714 6295//2714 6378//2714
f 6178//2723 6181//2723 6296//2723 6379//2723
f 6380//2661 6381//2661 6382//2661 6383//2661
f 6300//2712 6384//2712 6385//2712 6301//2712
f 6386//2661 6304//2661 6305//2661 6387//2661
f 6135//2683 6388//2683 6302//2683 6136//2683
f 6133//2724 6136//2724 6303//2724 6389//2724
f 6299//2714 6303//2714 6302//2714 6300//2714
f 6307//2713 6305//2713 6192//2713 6191//2713
f 6197//2668 6196//2668 6390//2668 6315//2668
f 6391//2725 6310//2725 6311//2725 6392//2725
f 6391//2670 6393//2670 6394//2670 6310//2670
f 6209//2683 6208//2683 6395//2683 6309//2683
f 6396//2726 6397//2726 6212//2726 6211//2726
f 6398//2727 6311//2727 6198//2727 6201//2727
f 6316//2665 6399//2665 6400//2665 6313//2665
f 6218//2713 6221//2713 6226//2713 6225//2713
f 6235//2683 6234//2683 6401//2683 6317//2683
f 6197//2714 6315//2714 6231//2714 6230//2714
f 6232//2728 6231//2728 6316//2728 6313//2728
f 6227//2704 6226//2704 6236//2704 6235//2704
f 6322//2670 6402//2670 6403//2670 6319//2670
f 6238//2704 6241//2704 6324//2704 6404//2704
f 6243//2712 6242//2712 6405//2712 6325//2712
f 6406//2661 6321//2661 6323//2661 6407//2661
f 6318//2713 6323//2713 6322//2713 6319//2713
f 6326//2714 6324//2714 6244//2714 6243//2714
f 6361//2668 6408//2668 6409//2668 6275//2668
f 6410//2712 6328//2712 6107//2712 6411//2712
f 6250//2729 6412//2729 6413//2729 6251//2729
f 6414//2663 6415//2663 6253//2663 6336//2663 6416//2663 6417//2663 6251//2663 6413//2663 6340//2663 6257//2663 6338//2663 6418//2663 6419//2663 6259//2663
f 6120//2697 6119//2730 6420//2731 6258//2695
f 6421//2732 6422//2732 6423//2733 6424//2733
f 6250//2670 6425//2670 6426//2670 6412//2670
f 6258//2734 6421//2734 6414//2734 6259//2734
f 6412//2735 6109//2735 6340//2735 6413//2735
f 6258//2668 6420//2668 6422//2732 6421//2732
f 6259//2708 6419//2708 6117//2708 6120//2708
f 6251//2705 6417//2705 6183//2705 6252//2705
f 6185//2736 6184//2736 6334//2736 6333//2736
f 6256//2664 6337//2664 6427//2664 6339//2664
f 6428//2737 6429//2737 6118//2737 6117//2737
f 6264//2738 6348//2738 6125//2738 6128//2738
f 6430//2739 6345//2739 6342//2739 6431//2739
f 6432//2668 6431//2668 6342//2668 6341//2668
f 6263//2740 6433//2740 6434//2740 6264//2740
f 6348//2741 6264//2741 6434//2741 6435//2741 6346//2741 6345//2741 6430//2741 6436//2741 6349//2741 6262//2741
f 6261//2742 6347//2742 6126//2742 6125//2742
f 6433//2743 6437//2743 6438//2743 6439//2743
f 6263//2744 6440//2744 6437//2744 6433//2744
f 6441//2745 6442//2745 6122//2745 6121//2745
f 6443//2746 6444//2746 6410//2747 6411//2747
f 6247//2714 6445//2714 6115//2714 6114//2714
f 6260//2713 6248//2713 6113//2713 6105//2713
f 6445//2748 6446//2748 6444//2746 6443//2746
f 6217//2749 6447//2749 6448//2749 6312//2749
f 6449//2750 6213//2750 6212//2750 6450//2750
f 6394//2751 6199//2751 6198//2751 6310//2751
f 6308//2704 6451//2704 6206//2704 6209//2704
f 6215//2752 6396//2752 6211//2752 6216//2752
f 6452//2703 6453//2703 6454//2703 6455//2703
f 6456//2753 6216//2753 6211//2753 6210//2753
f 6457//2754 6458//2754 6207//2681 6206//2681
f 6409//2712 6356//2712 6276//2712 6275//2712
f 6459//2755 6391//2755 6392//2755 6460//2755
f 6309//2714 6461//2714 6462//2714 6308//2714
f 6447//2665 6217//2665 6216//2665 6456//2665
f 6459//2670 6463//2670 6393//2670 6391//2670
f 6309//2668 6395//2668 6464//2668 6461//2668
f 6312//2756 6459//2756 6460//2756 6214//2756
f 6311//2663 6398//2663 6465//2663 6451//2663 6308//2663 6462//2663 6466//2663 6397//2663 6396//2663 6215//2663 6214//2663 6460//2663 6392//2663
f 6312//2670 6448//2670 6463//2670 6459//2670
f 6467//2714 6361//2714 6362//2714 6468//2714
f 6148//2683 6147//2683 6469//2683 6279//2683
f 6467//2668 6470//2668 6408//2668 6361//2668
f 6455//2757 6454//2757 6471//2758 6472//2758
f 6279//2714 6467//2714 6468//2714 6280//2714
f 6279//2668 6469//2668 6470//2668 6467//2668
f 6473//2663 6360//2663 6278//2663 6358//2663 6474//2663 6280//2663 6468//2663 6362//2663 6274//2663 6475//2663 6476//2663 6477//2663
f 6474//2759 6358//2759 6359//2759 6145//2759
f 6477//2661 6476//2661 6203//2661 6452//2661
f 6453//2665 6452//2665 6203//2665 6202//2665
f 6280//2760 6474//2760 6145//2760 6148//2760
f 6325//2661 6478//2661 6479//2661 6326//2661
f 6480//2704 6238//2704 6404//2704 6481//2704
f 6240//2683 6245//2683 6244//2683 6241//2683
f 6325//2665 6405//2665 6482//2665 6478//2665
f 6480//2664 6483//2664 6239//2664 6238//2664
f 6484//2704 6480//2704 6481//2704 6485//2704
f 6484//2664 6486//2664 6483//2664 6480//2664
f 6487//2704 6484//2704 6485//2704 6488//2704
f 6478//2761 6482//2761 6489//2761 6490//2761
f 6487//2664 6491//2664 6486//2664 6484//2664
f 6282//2762 6492//2762 6162//2762 6161//2762
f 6366//2763 6493//2763 6494//2763 6495//2763
f 6291//2714 6496//2714 6157//2714 6156//2714
f 6496//2668 6291//2668 6365//2668 6497//2668
f 6498//2764 6499//2764 6373//2764 6372//2764
f 6378//2668 6500//2668 6187//2668 6186//2668
f 6293//2765 6501//2765 6499//2765 6294//2765
f 6502//2766 6298//2766 6503//2766 6383//2766 6382//2766 6504//2766 6501//2766 6293//2766 6505//2766 6379//2766 6296//2766 6377//2766
f 6297//2767 6506//2767 6503//2767 6298//2767
f 6506//2768 6380//2768 6383//2768 6503//2768
f 6292//2704 6507//2704 6505//2704 6293//2704
f 6507//2769 6178//2769 6379//2769 6505//2769
f 6508//2670 6294//2670 6499//2670 6498//2670
f 6297//2770 6509//2770 6510//2770 6506//2770
f 6506//2771 6510//2771 6511//2771 6380//2771
f 6292//2664 6512//2664 6513//2664 6507//2664
f 6173//2772 6172//2772 6167//2772 6170//2772
f 6514//2773 6133//2773 6389//2773 6515//2773
f 6301//2774 6516//2774 6517//2774 6299//2774
f 6301//2775 6385//2775 6518//2775 6516//2775
f 6306//2776 6519//2776 6520//2777 6514//2777
f 6517//2663 6387//2663 6305//2663 6307//2663 6515//2663 6389//2663 6303//2663 6299//2663
f 6516//2778 6518//2778 6521//2778 6386//2778
f 6306//2779 6514//2779 6515//2779 6307//2779
f 6516//2780 6386//2780 6387//2780 6517//2780
f 6522//2781 6523//2781 6524//2782 6406//2782
f 6191//2672 6190//2672 6519//2672 6306//2672
f 6386//2665 6521//2665 6525//2665 6304//2665
f 6220//2672 6237//2672 6236//2672 6221//2672
f 6526//2783 6527//2783 6195//2783 6194//2783
f 6528//2670 6529//2670 6530//2670 6531//2670
f 6317//2714 6526//2714 6228//2714 6227//2714
f 6317//2668 6401//2668 6527//2668 6526//2668
f 6531//2784 6530//2784 6219//2784 6218//2784
f 6314//2785 6528//2785 6233//2785 6232//2785
f 6314//2786 6532//2786 6529//2786 6528//2786
f 6370//2718 6369//2718 6151//2787 6150//2787
f 6359//2788 6533//2788 6146//2788 6145//2788
f 6534//2789 6535//2789 6536//2789 6363//2789
f 6492//2790 6537//2790 6535//2790 6534//2790
f 6490//2791 6489//2791 6538//2791 6539//2791
f 6320//2664 6540//2664 6541//2664 6542//2664
f 6542//2664 6541//2664 6543//2664 6544//2664
f 6545//2663 6546//2663 6488//2663 6485//2663 6481//2663 6404//2663 6324//2663 6326//2663 6479//2663 6547//2663 6548//2663 6549//2663 6550//2663 6407//2663 6323//2663 6318//2663
f 6320//2704 6542//2704 6545//2704 6318//2704
f 6542//2704 6544//2704 6546//2704 6545//2704
f 6544//2704 6487//2704 6488//2704 6546//2704
f 6539//2661 6551//2661 6549//2661 6548//2661
f 6544//2664 6543//2664 6491//2664 6487//2664
f 6539//2665 6538//2665 6552//2792 6551//2792
f 6551//2792 6552//2792 6523//2793 6522//2793
f 6461//2794 6464//2794 6553//2794 6554//2794
f 6339//2795 6427//2795 6429//2795 6428//2795
f 6555//2665 6252//2665 6183//2665 6182//2665
f 6412//2796 6426//2796 6110//2796 6109//2796
f 6556//2797 6335//2798 6255//2691 6254//2690
f 6252//2688 6555//2799 6425//2800 6250//2686
f 6424//2733 6423//2733 6556//2801 6254//2801
f 6557//2712 6558//2712 6284//2712 6283//2712
f 6281//2703 6559//2703 6560//2703 6282//2703
f 6283//2668 6366//2668 6495//2668 6557//2668
f 6313//2703 6400//2703 6532//2703 6314//2703
f 6390//2712 6399//2712 6316//2712 6315//2712
f 6165//2712 6561//2712 6286//2712 6166//2712
f 6525//2703 6193//2703 6192//2703 6304//2703
f 6562//2703 6402//2703 6322//2703 6321//2703
f 6319//2672 6403//2672 6540//2672 6320//2672
f 6406//2782 6524//2782 6562//2665 6321//2665
f 6563//2703 6350//2703 6269//2703 6268//2703
f 6266//2672 6351//2672 6564//2672 6267//2672
f 6272//2665 6353//2665 6565//2665 6566//2665
f 6567//2672 6329//2672 6249//2672 6248//2672
f 6260//2670 6331//2670 6567//2670 6248//2670
f 6568//2802 6569//2802 6442//2802 6441//2802
f 6128//2672 6127//2672 6440//2672 6263//2672
f 6570//2683 6344//2683 6343//2683 6571//2683
f 6431//2712 6432//2712 6569//2712 6568//2712
f 6439//2664 6438//2664 6570//2664 6571//2664
f 6201//2679 6200//2679 6458//2754 6457//2754
f 6472//2758 6471//2758 6142//2669 6141//2669
f 6554//2803 6553//2803 6449//2803 6450//2803
f 6277//2664 6357//2664 6533//2664 6359//2664
f 6295//2668 6376//2668 6500//2668 6378//2668
f 6354//2665 6572//2665 6563//2665 6268//2665
f 6189//2712 6188//2712 6509//2712 6297//2712
f 6285//2683 6371//2683 6164//2683 6163//2683
f 6573//2703 6375//2703 6374//2703 6381//2703
f 6294//2672 6508//2672 6512//2672 6292//2672
f 6170//2703 6169//2703 6574//2703 6287//2703
f 6380//2665 6511//2665 6573//2665 6381//2665
f 6286//2804 6561//2804 6168//2804 6167//2804
f 6287//2670 6574//2670 6149//2670 6152//2670
f 6575//2663 6352//2663 6271//2663 6273//2663 6576//2663 6355//2663 6270//2663 6265//2663
f 6132//2664 6131//2664 6222//2664 6223//2664
f 6247//2668 6332//2668 6446//2748 6445//2748
f 6267//2664 6564//2664 6130//2664 6129//2664
f 6566//2665 6565//2665 6572//2665 6354//2665
f 6577//2664 6578//2664 6579//2805 6580//2805
f 6302//2668 6388//2668 6384//2668 6300//2668
f 6581//2663 6582//2663 6583//2663 6584//2663 6585//2663 6586//2663 6587//2663 6588//2663
f 6586//2685 6589//2685 6577//2685
f 6590//2698 6591//2698 6585//2698
f 6592//2700 6593//2700 6584//2700
f 6594//2668 6592//2668 6595//2668 6596//2668
f 6591//2670 6597//2670 6598//2670 6589//2670
f 6592//2712 6594//2712 6599//2712 6593//2712
f 6589//2672 6598//2672 6578//2672 6577//2672
f 6586//2713 6585//2713 6591//2713 6589//2713
f 6600//2683 6601//2683 6602//2683 6603//2683
f 6604//2806 6605//2806 6600//2807 6603//2807
f 6577//2704 6580//2704 6587//2704 6586//2704
f 6593//2661 6590//2661 6585//2661 6584//2661
f 6580//2805 6579//2805 6605//2806 6604//2806
f 6606//2703 6597//2703 6591//2703 6590//2703
f 6593//2665 6599//2665 6606//2665 6590//2665
f 6596//2668 6595//2668 6607//2668 6608//2668
f 6609//2808 6610//2808 6611//2809 6612//2809
f 6584//2714 6583//2714 6595//2714 6592//2714
f 6608//2668 6607//2668 6602//2668 6601//2668
f 6613//2810 6614//2810 6610//2808 6609//2808
f 6615//2811 6616//2811 6617//2811 6618//2811
f 6619//2668 6620//2668 6621//2668 6622//2668
f 6623//2698 6624//2698 6625//2698
f 6626//2685 6627//2685 6628//2685
f 6615//2812 6629//2812 6621//2812
f 6622//2813 6630//2813 6612//2813
f 6626//2664 6631//2664 6632//2664 6633//2664
f 6625//2670 6634//2670 6635//2670 6628//2670
f 6612//2814 6611//2814 6619//2814 6622//2814
f 6633//2704 6636//2704 6627//2704 6626//2704
f 6623//2713 6625//2713 6628//2713 6627//2713
f 6630//2815 6622//2815 6621//2815 6629//2815
f 6624//2661 6623//2661 6637//2661 6638//2661
f 6616//2816 6615//2816 6621//2816 6620//2816
f 6633//2817 6632//2817 6614//2817 6613//2817
f 6637//2663 6623//2663 6627//2663 6636//2663 6639//2663 6640//2663 6630//2663 6629//2663 6641//2663
f 6638//2665 6642//2665 6643//2665 6624//2665
f 6624//2703 6643//2703 6634//2703 6625//2703
f 6631//2672 6626//2672 6628//2672 6635//2672
f 6612//2818 6630//2818 6640//2818 6609//2818
f 6618//2819 6617//2819 6642//2819 6638//2819
f 6644//2820 6327//2820 6328//2820 6645//2820
f 6645//2821 6646//2821 6647//2821 6648//2821 6649//2821 6644//2821
f 6363//2670 6536//2670 6650//2670 6288//2670
f 6651//2822 6652//2822 6653//2822 6654//2822 6655//2822 6656//2822 6657//2822 6658//2822 6659//2822 6660//2822
f 6661//2821 6662//2821 6663//2821 6664//2821 6665//2821 6666//2821 6667//2821
f 6364//2664 6290//2664 6289//2664 6668//2664
f 6669//2820 6447//2820 6456//2820 6670//2820
f 6671//2821 6672//2821 6673//2821 6674//2821 6675//2821 6676//2821 6677//2821 6678//2821 6679//2821 6680//2821
f 6648//2823 6332//2823 6330//2823
f 6567//2824 6649//2824 6329//2824
f 6425//2800 6555//2799 6681//2825
f 6682//2826 6335//2798 6556//2797
f 6111//2706 6683//2827 6337//2707
f 6420//2731 6119//2730 6684//2828
f 6327//2829 6644//2829 6331//2829
f 6123//2829 6685//2829 6347//2829
f 6440//2830 6127//2830 6686//2830
f 6687//2824 6564//2824 6351//2824
f 6563//2829 6688//2829 6350//2829
f 6222//2823 6689//2823 6140//2823
f 6137//2831 6690//2831 6353//2831
f 6691//2831 6356//2831 6409//2831
f 6143//2824 6692//2824 6357//2824
f 6469//2823 6147//2823 6693//2823
f 6653//2829 6560//2829 6559//2829
f 6557//2831 6654//2831 6558//2831
f 6164//2823 6371//2823 6662//2823
f 6665//2824 6150//2824 6149//2824
f 6165//2831 6661//2831 6561//2831
f 6574//2829 6169//2829 6666//2829
f 6650//2824 6659//2824 6668//2824
f 6364//2823 6658//2823 6365//2823
f 6512//2824 6508//2824 6694//2824
f 6180//2823 6695//2823 6376//2823
f 6509//2831 6188//2831 6696//2831
f 6697//2831 6385//2831 6384//2831
f 6135//2823 6698//2823 6388//2823
f 6525//2829 6699//2829 6193//2829
f 6190//2824 6700//2824 6519//2824
f 6701//2823 6395//2823 6208//2823
f 6394//2832 6702//2832 6199//2832
f 6669//2833 6448//2833 6447//2833
f 6673//2829 6532//2829 6400//2829
f 6390//2831 6674//2831 6399//2831
f 6220//2824 6679//2824 6237//2824
f 6234//2823 6678//2823 6401//2823
f 6703//2824 6540//2824 6403//2824
f 6562//2829 6704//2829 6402//2829
f 6240//2823 6705//2823 6245//2823
f 6242//2831 6706//2831 6405//2831
f 6648//2834 6330//2834 6329//2834 6649//2834
f 6707//2835 6333//2835 6335//2835 6682//2835
f 6708//2836 6427//2836 6337//2836 6683//2836
f 6110//2837 6709//2837 6683//2837 6111//2837
f 6710//2838 6341//2838 6344//2838 6711//2838
f 6712//2839 6126//2839 6347//2839 6685//2839
f 6122//2820 6713//2820 6685//2820 6123//2820
f 6131//2834 6714//2834 6689//2834 6222//2834
f 6572//2820 6715//2820 6688//2820 6563//2820
f 6687//2840 6351//2840 6350//2840 6688//2840
f 6690//2841 6137//2841 6140//2841 6689//2841
f 6716//2834 6533//2834 6357//2834 6692//2834
f 6142//2840 6717//2840 6692//2840 6143//2840
f 6408//2841 6718//2841 6691//2841 6409//2841
f 6281//2665 6284//2665 6558//2665 6559//2665
f 6536//2842 6660//2842 6659//2842 6650//2842
f 6495//2841 6655//2841 6654//2841 6557//2841
f 6653//2820 6559//2820 6558//2820 6654//2820
f 6664//2843 6370//2843 6150//2843 6665//2843
f 6667//2844 6168//2844 6561//2844 6661//2844
f 6164//2841 6662//2841 6661//2841 6165//2841
f 6574//2840 6666//2840 6665//2840 6149//2840
f 6658//2834 6364//2834 6668//2834 6659//2834
f 6514//2777 6520//2777 6134//2667 6133//2667
f 6719//2841 6500//2841 6376//2841 6695//2841
f 6179//2845 6720//2845 6695//2845 6180//2845
f 6511//2820 6721//2820 6722//2820 6573//2820
f 6521//2820 6723//2820 6699//2820 6525//2820
f 6134//2846 6724//2846 6698//2846 6135//2846
f 6697//2841 6384//2841 6388//2841 6698//2841
f 6700//2840 6190//2840 6193//2840 6699//2840
f 6393//2847 6725//2847 6702//2847 6394//2847
f 6726//2848 6210//2848 6213//2848 6727//2848
f 6728//2849 6200//2849 6199//2849 6702//2849
f 6219//2840 6680//2840 6679//2840 6220//2840
f 6196//2841 6675//2841 6674//2841 6390//2841
f 6673//2820 6400//2820 6399//2820 6674//2820
f 6678//2834 6234//2834 6237//2834 6679//2834
f 6239//2834 6729//2834 6705//2834 6240//2834
f 6524//2820 6730//2820 6704//2820 6562//2820
f 6703//2840 6403//2840 6402//2840 6704//2840
f 6706//2841 6242//2841 6245//2841 6705//2841
f 6425//2850 6681//2850 6731//2850 6426//2850
f 6732//2821 6684//2821 6733//2821 6734//2821 6708//2821 6683//2821 6709//2821 6731//2821 6681//2821 6735//2821 6736//2821 6707//2821 6682//2821 6737//2821
f 6420//2851 6684//2851 6732//2851 6422//2851
f 6426//2852 6731//2852 6709//2852 6110//2852
f 6684//2836 6119//2836 6118//2836 6733//2836
f 6681//2835 6555//2835 6182//2835 6735//2835
f 6686//2853 6127//2853 6126//2853 6712//2853
f 6738//2854 6432//2854 6341//2854 6710//2854
f 6440//2855 6686//2855 6739//2855 6437//2855
f 6712//2856 6685//2856 6713//2856 6740//2856 6738//2856 6710//2856 6711//2856 6741//2856 6739//2856 6686//2856
f 6332//2841 6648//2841 6647//2841 6446//2841
f 6331//2840 6644//2840 6649//2840 6567//2840
f 6701//2834 6208//2834 6207//2834 6742//2834
f 6670//2857 6456//2857 6210//2857 6726//2857
f 6463//2858 6743//2858 6725//2858 6393//2858
f 6395//2841 6701//2841 6744//2841 6464//2841
f 6448//2859 6669//2859 6743//2859 6463//2859
f 6702//2821 6725//2821 6743//2821 6669//2821 6670//2821 6726//2821 6727//2821 6745//2821 6744//2821 6701//2821 6742//2821 6746//2821 6728//2821
f 6470//2841 6747//2841 6718//2841 6408//2841
f 6469//2841 6693//2841 6747//2841 6470//2841
f 6748//2821 6749//2821 6750//2821 6751//2821 6691//2821 6718//2821 6747//2821 6693//2821 6752//2821 6716//2821 6692//2821 6717//2821
f 6752//2860 6146//2860 6533//2860 6716//2860
f 6749//2820 6453//2820 6202//2820 6750//2820
f 6693//2861 6147//2861 6146//2861 6752//2861
f 6405//2820 6706//2820 6753//2820 6482//2820
f 6483//2834 6754//2834 6729//2834 6239//2834
f 6486//2834 6755//2834 6754//2834 6483//2834
f 6491//2834 6756//2834 6755//2834 6486//2834
f 6560//2862 6653//2862 6652//2862 6537//2862
f 6650//2672 6668//2672 6289//2672 6288//2672
f 6282//2863 6560//2863 6537//2863 6492//2863
f 6365//2841 6658//2841 6657//2841 6497//2841
f 6496//2864 6497//2864 6494//2864 6493//2864
f 6694//2865 6508//2865 6498//2865 6757//2865
f 6758//2866 6719//2866 6695//2866 6720//2866 6759//2866 6694//2866 6757//2866 6760//2866 6722//2866 6721//2866 6761//2866 6696//2866
f 6509//2867 6696//2867 6761//2867 6510//2867
f 6510//2868 6761//2868 6721//2868 6511//2868
f 6512//2834 6694//2834 6759//2834 6513//2834
f 6513//2869 6759//2869 6720//2869 6179//2869
f 6666//2870 6169//2870 6168//2870 6667//2870
f 6520//2871 6762//2871 6724//2871 6134//2871
f 6385//2872 6697//2872 6763//2872 6518//2872
f 6763//2821 6697//2821 6698//2821 6724//2821 6762//2821 6700//2821 6699//2821 6723//2821
f 6519//2873 6700//2873 6762//2873 6520//2873
f 6518//2874 6763//2874 6723//2874 6521//2874
f 6401//2841 6678//2841 6677//2841 6527//2841
f 6532//2875 6673//2875 6672//2875 6529//2875
f 6764//2821 6703//2821 6704//2821 6730//2821 6765//2821 6766//2821 6767//2821 6768//2821 6753//2821 6706//2821 6705//2821 6729//2821 6754//2821 6755//2821 6756//2821 6769//2821
f 6540//2834 6703//2834 6764//2834 6541//2834
f 6541//2834 6764//2834 6769//2834 6543//2834
f 6543//2834 6769//2834 6756//2834 6491//2834
f 6538//2820 6767//2820 6766//2820 6552//2820
f 6507//2876 6513//2876 6179//2876 6178//2876
f 6770//2821 6687//2821 6688//2821 6715//2821 6771//2821 6690//2821 6689//2821 6714//2821
f 6772//2821 6773//2821 6774//2821 6775//2821 6776//2821 6777//2821 6778//2821 6779//2821
f 6775//2824 6578//2824 6598//2824
f 6606//2829 6776//2829 6597//2829
f 6594//2831 6777//2831 6599//2831
f 6775//2840 6598//2840 6597//2840 6776//2840
f 6578//2834 6775//2834 6774//2834 6579//2834
f 6599//2820 6777//2820 6776//2820 6606//2820
f 6777//2841 6594//2841 6596//2841 6778//2841
f 6780//2829 6634//2829 6643//2829
f 6631//2824 6635//2824 6781//2824
f 6616//2877 6620//2877 6782//2877
f 6619//2878 6611//2878 6783//2878
f 6632//2834 6631//2834 6781//2834 6784//2834
f 6780//2840 6781//2840 6635//2840 6634//2840
f 6783//2879 6782//2879 6620//2879 6619//2879
f 6643//2820 6642//2820 6785//2820 6780//2820
f 6785//2821 6786//2821 6782//2821 6783//2821 6787//2821 6788//2821 6784//2821 6781//2821 6780//2821
f 6611//2880 6610//2880 6787//2880 6783//2880
usemtl Wall_Medium.008
f 6789//2668 6790//2668 6791//2668 6792//2668
f 6793//2664 6794//2664 6795//2664 6796//2664
f 6797//2664 6798//2664 6799//2664 6800//2664
f 6801//2668 6802//2668 6803//2668 6804//2668
f 6805//2668 6806//2668 6807//2668 6808//2668
f 6809//2881 6810//2881 6811//2882 6812//2882
f 6813//2664 6814//2664 6815//2664 6816//2664
f 6817//2665 6818//2665 6819//2665 6820//2665
f 6821//2670 6822//2670 6823//2670 6824//2670
f 6825//2664 6826//2664 6827//2664 6828//2664
f 6829//2883 6830//2883 6831//2883 6832//2883
f 6833//2664 6834//2664 6794//2664 6793//2664
f 6835//2668 6836//2668 6837//2668 6838//2668
f 6839//2664 6840//2664 6834//2664 6833//2664
f 6841//2668 6842//2668 6843//2668 6844//2668
f 6845//2685 6846//2685 6797//2685
f 6847//2698 6848//2698 6849//2698
f 6800//2684 6807//2684 6850//2684
f 6790//2700 6851//2700 6852//2700
f 6853//2700 6804//2700 6854//2700
f 6816//2684 6801//2684 6855//2684
f 6820//2698 6823//2698 6856//2698
f 6822//2685 6857//2685 6858//2685
f 6859//2685 6860//2685 6825//2685
f 6861//2698 6862//2698 6863//2698
f 6832//2813 6837//2813 6864//2813
f 6836//2812 6865//2812 6866//2812
f 6867//2685 6868//2685 6839//2685
f 6869//2698 6870//2698 6871//2698
f 6796//2684 6843//2684 6872//2684
f 6873//2700 6874//2700 6875//2700
f 6876//2670 6877//2670 6878//2670 6846//2670
f 6797//2704 6800//2704 6850//2704 6845//2704
f 6790//2712 6789//2712 6879//2712 6851//2712
f 6851//2661 6847//2661 6849//2661 6852//2661
f 6880//2713 6849//2713 6848//2713 6881//2713
f 6882//2884 6850//2884 6807//2884 6806//2884
f 6804//2712 6803//2712 6883//2712 6854//2712
f 6817//2728 6820//2728 6856//2728 6884//2728
f 6815//2683 6802//2683 6801//2683 6816//2683
f 6813//2704 6816//2704 6855//2704 6885//2704
f 6853//2714 6855//2714 6801//2714 6804//2714
f 6858//2713 6856//2713 6823//2713 6822//2713
f 6886//2665 6887//2665 6888//2665 6861//2665
f 6862//2670 6889//2670 6890//2670 6860//2670
f 6836//2816 6835//2816 6891//2816 6865//2816
f 6886//2728 6861//2728 6863//2728 6892//2728
f 6859//2713 6863//2713 6862//2713 6860//2713
f 6866//2815 6864//2815 6837//2815 6836//2815
f 6893//2885 6894//2885 6895//2885 6868//2885
f 6873//2886 6896//2886 6897//2886 6874//2886
f 6874//2661 6869//2661 6871//2661 6875//2661
f 6795//2683 6844//2683 6843//2683 6796//2683
f 6898//2714 6872//2714 6843//2714 6842//2714
f 6875//2714 6899//2714 6900//2714 6873//2714
f 6870//2670 6901//2670 6902//2670 6903//2670
f 6871//2663 6904//2663 6905//2663 6867//2663 6906//2663 6907//2663 6872//2663 6898//2663 6908//2663 6899//2663 6875//2663
f 6909//2887 6910//2887 6814//2887 6813//2887
f 6911//2888 6882//2888 6806//2888 6912//2888
f 6792//2668 6791//2668 6912//2668 6913//2668
f 6880//2663 6914//2663 6845//2663 6850//2663 6882//2663 6911//2663 6915//2663 6852//2663 6849//2663
f 6913//2668 6912//2668 6806//2668 6805//2668
f 6865//2889 6891//2889 6810//2881 6809//2881
f 6854//2890 6883//2890 6916//2890 6917//2890
f 6917//2891 6916//2891 6918//2891 6919//2891
f 6857//2665 6920//2665 6921//2665 6922//2665
f 6857//2892 6922//2892 6923//2892 6858//2892
f 6919//2665 6918//2665 6818//2665 6817//2665
f 6924//2663 6925//2663 6884//2663 6856//2663 6858//2663 6923//2663 6926//2663 6885//2663 6855//2663 6853//2663
f 6919//2728 6817//2728 6884//2728 6925//2728
f 6825//2704 6828//2704 6927//2704 6859//2704
f 6831//2814 6838//2814 6837//2814 6832//2814
f 6812//2893 6811//2893 6887//2893 6886//2893
f 6927//2663 6928//2663 6864//2663 6866//2663 6929//2663 6930//2663 6892//2663 6863//2663 6859//2663
f 6819//2703 6824//2703 6823//2703 6820//2703
f 6931//2894 6932//2894 6842//2894 6841//2894
f 6860//2672 6890//2672 6826//2672 6825//2672
f 6888//2703 6889//2703 6862//2703 6861//2703
f 6922//2895 6921//2895 6910//2895 6909//2895
f 6848//2670 6933//2670 6934//2670 6881//2670
f 6881//2670 6934//2670 6877//2670 6876//2670
f 6799//2683 6808//2683 6807//2683 6800//2683
f 6935//2703 6933//2703 6848//2703 6847//2703
f 6846//2672 6878//2672 6798//2672 6797//2672
f 6851//2665 6879//2665 6935//2665 6847//2665
f 6936//2896 6900//2896 6932//2896 6931//2896
f 6896//2668 6873//2668 6900//2668 6936//2668
f 6903//2897 6902//2897 6894//2897 6893//2897
f 6937//2703 6901//2703 6870//2703 6869//2703
f 6868//2672 6895//2672 6840//2672 6839//2672
f 6874//2665 6897//2665 6937//2665 6869//2665
f 6865//2898 6809//2898 6929//2898 6866//2898
f 6828//2899 6827//2899 6830//2899 6829//2899
f 6904//2713 6871//2713 6870//2713 6903//2713
f 6839//2724 6833//2724 6906//2724 6867//2724
f 6938//2824 6798//2824 6878//2824
f 6935//2829 6939//2829 6933//2829
f 6799//2823 6940//2823 6808//2823
f 6789//2831 6941//2831 6879//2831
f 6942//2831 6883//2831 6803//2831
f 6815//2823 6943//2823 6802//2823
f 6819//2829 6944//2829 6824//2829
f 6821//2824 6945//2824 6920//2824
f 6946//2824 6826//2824 6890//2824
f 6888//2829 6947//2829 6889//2829
f 6831//2878 6948//2878 6838//2878
f 6835//2877 6949//2877 6891//2877
f 6950//2824 6840//2824 6895//2824
f 6937//2829 6951//2829 6901//2829
f 6795//2823 6952//2823 6844//2823
f 6896//2831 6953//2831 6897//2831
f 6798//2834 6938//2834 6940//2834 6799//2834
f 6879//2820 6941//2820 6939//2820 6935//2820
f 6954//2840 6934//2840 6933//2840 6939//2840
f 6955//2900 6805//2900 6808//2900 6940//2900
f 6818//2901 6956//2901 6944//2901 6819//2901
f 6814//2846 6957//2846 6943//2846 6815//2846
f 6942//2841 6803//2841 6802//2841 6943//2841
f 6945//2840 6821//2840 6824//2840 6944//2840
f 6887//2901 6958//2901 6947//2901 6888//2901
f 6946//2840 6890//2840 6889//2840 6947//2840
f 6949//2879 6835//2879 6838//2879 6948//2879
f 6897//2820 6953//2820 6951//2820 6937//2820
f 6959//2841 6841//2841 6844//2841 6952//2841
f 6953//2841 6896//2841 6936//2841 6960//2841
f 6951//2821 6953//2821 6960//2821 6961//2821 6959//2821 6952//2821 6962//2821 6963//2821 6950//2821 6964//2821 6965//2821
f 6966//2902 6913//2902 6805//2902 6955//2902
f 6954//2821 6939//2821 6941//2821 6967//2821 6966//2821 6955//2821 6940//2821 6938//2821 6968//2821
f 6920//2903 6945//2903 6969//2903 6921//2903
f 6970//2821 6942//2821 6943//2821 6957//2821 6971//2821 6969//2821 6945//2821 6944//2821 6956//2821 6972//2821
f 6918//2901 6972//2901 6956//2901 6818//2901
f 6826//2834 6946//2834 6973//2834 6827//2834
f 6973//2821 6946//2821 6947//2821 6958//2821 6974//2821 6975//2821 6949//2821 6948//2821 6976//2821
f 6891//2904 6949//2904 6975//2904 6810//2904
f 6965//2840 6902//2840 6901//2840 6951//2840
f 6840//2846 6950//2846 6963//2846 6834//2846
f 6822//2672 6821//2672 6920//2672 6857//2672
usemtl Wall_Highlights.008
f 6411//2700 6107//2700 6106//2700
f 6568//2700 6430//2700 6431//2700
f 6346//2684 6571//2684 6343//2684
f 6455//2698 6477//2698 6452//2698
f 6382//2698 6381//2698 6374//2698
f 6450//2905 6212//2905 6397//2905
f 6443//2906 6411//2906 6106//2906 6116//2906
f 6424//2907 6254//2907 6253//2907 6415//2907
f 6439//2724 6571//2724 6346//2724 6435//2724
f 6475//2908 6274//2908 6276//2908 6204//2908
f 6504//2909 6382//2909 6374//2909 6373//2909
f 6554//2910 6450//2910 6397//2910 6466//2910
f 6829//2911 6832//2911 6864//2911 6928//2911
f 6793//2912 6796//2912 6872//2912 6907//2912
f 6421//2913 6424//2913 6415//2913 6414//2913
f 6418//2914 6338//2914 6339//2914 6428//2914
f 6416//2915 6336//2915 6334//2915 6184//2915
f 6417//2916 6416//2916 6184//2916 6183//2916
f 6419//2917 6418//2917 6428//2917 6117//2917
f 6433//2918 6439//2918 6435//2918 6434//2918
f 6441//2919 6121//2919 6349//2919 6436//2919
f 6568//2920 6441//2920 6436//2920 6430//2920
f 6445//2921 6443//2921 6116//2921 6115//2921
f 6899//2922 6908//2922 6932//2922 6900//2922
f 6908//2923 6898//2923 6842//2923 6932//2923
f 6867//2924 6905//2924 6893//2924 6868//2924
f 6905//2925 6904//2925 6903//2925 6893//2925
f 6451//2926 6465//2926 6457//2926 6206//2926
f 6461//2927 6554//2927 6466//2927 6462//2927
f 6455//2928 6472//2928 6473//2928 6477//2928
f 6472//2929 6141//2929 6360//2929 6473//2929
f 6476//2930 6475//2930 6204//2930 6203//2930
f 6915//2931 6911//2931 6912//2931 6791//2931
f 6914//2932 6880//2932 6881//2932 6876//2932
f 6845//2933 6914//2933 6876//2933 6846//2933
f 6852//2934 6915//2934 6791//2934 6790//2934
f 6478//2935 6490//2935 6547//2935 6479//2935
f 6490//2936 6539//2936 6548//2936 6547//2936
f 6493//2937 6366//2937 6159//2937 6158//2937
f 6534//2938 6363//2938 6154//2938 6153//2938
f 6298//2939 6502//2939 6186//2939 6189//2939
f 6501//2940 6504//2940 6373//2940 6499//2940
f 6502//2941 6377//2941 6378//2941 6186//2941
f 6177//2942 6176//2942 6368//2942 6285//2942
f 6909//2943 6813//2943 6885//2943 6926//2943
f 6854//2944 6917//2944 6924//2944 6853//2944
f 6922//2945 6909//2945 6926//2945 6923//2945
f 6917//2946 6919//2946 6925//2946 6924//2946
f 6526//2947 6194//2947 6229//2947 6228//2947
f 6528//2948 6531//2948 6224//2948 6233//2948
f 6531//2949 6218//2949 6225//2949 6224//2949
f 6194//2950 6197//2950 6230//2950 6229//2950
f 6812//2951 6886//2951 6892//2951 6930//2951
f 6809//2952 6812//2952 6930//2952 6929//2952
f 6828//2953 6829//2953 6928//2953 6927//2953
f 6492//2954 6534//2954 6153//2954 6162//2954
f 6496//2955 6493//2955 6158//2955 6157//2955
f 6551//2956 6522//2956 6550//2956 6549//2956
f 6522//2957 6406//2957 6407//2957 6550//2957
f 6465//2958 6398//2958 6201//2958 6457//2958
f 6176//2959 6175//2959 6369//2959 6368//2959
f 6566//2960 6354//2960 6355//2960 6576//2960
f 6267//2961 6129//2961 6575//2961 6265//2961
f 6272//2962 6566//2962 6576//2962 6273//2962
f 6129//2963 6132//2963 6352//2963 6575//2963
f 6833//2964 6793//2964 6907//2964 6906//2964
f 6582//2965 6581//2965 6602//2965 6607//2965
f 6603//2684 6602//2684 6581//2684
f 6604//2966 6603//2966 6581//2966 6588//2966
f 6580//2967 6604//2967 6588//2967 6587//2967
f 6583//2968 6582//2968 6607//2968 6595//2968
f 6618//2969 6641//2969 6629//2969 6615//2969
f 6613//2970 6639//2970 6636//2970 6633//2970
f 6609//2971 6640//2971 6639//2971 6613//2971
f 6638//2972 6637//2972 6641//2972 6618//2972
f 6410//2831 6645//2831 6328//2831
f 6569//2831 6432//2831 6738//2831
f 6711//2823 6344//2823 6570//2823
f 6454//2829 6453//2829 6749//2829
f 6722//2829 6375//2829 6573//2829
f 6449//2973 6727//2973 6213//2973
f 6444//2974 6646//2974 6645//2974 6410//2974
f 6423//2975 6737//2975 6682//2975 6556//2975
f 6438//2846 6741//2846 6711//2846 6570//2846
f 6751//2976 6205//2976 6356//2976 6691//2976
f 6760//2977 6372//2977 6375//2977 6722//2977
f 6553//2978 6745//2978 6727//2978 6449//2978
f 6830//2979 6976//2979 6948//2979 6831//2979
f 6794//2980 6962//2980 6952//2980 6795//2980
f 6422//2981 6732//2981 6737//2981 6423//2981
f 6734//2982 6429//2982 6427//2982 6708//2982
f 6736//2983 6185//2983 6333//2983 6707//2983
f 6735//2984 6182//2984 6185//2984 6736//2984
f 6733//2985 6118//2985 6429//2985 6734//2985
f 6437//2986 6739//2986 6741//2986 6438//2986
f 6442//2987 6740//2987 6713//2987 6122//2987
f 6569//2988 6738//2988 6740//2988 6442//2988
f 6446//2989 6647//2989 6646//2989 6444//2989
f 6960//2990 6936//2990 6931//2990 6961//2990
f 6961//2991 6931//2991 6841//2991 6959//2991
f 6950//2992 6895//2992 6894//2992 6964//2992
f 6964//2993 6894//2993 6902//2993 6965//2993
f 6742//2994 6207//2994 6458//2994 6746//2994
f 6464//2995 6744//2995 6745//2995 6553//2995
f 6454//2996 6749//2996 6748//2996 6471//2996
f 6471//2997 6748//2997 6717//2997 6142//2997
f 6750//2998 6202//2998 6205//2998 6751//2998
f 6967//2999 6792//2999 6913//2999 6966//2999
f 6968//3000 6877//3000 6934//3000 6954//3000
f 6938//3001 6878//3001 6877//3001 6968//3001
f 6941//3002 6789//3002 6792//3002 6967//3002
f 6482//3003 6753//3003 6768//3003 6489//3003
f 6489//3004 6768//3004 6767//3004 6538//3004
f 6494//3005 6656//3005 6655//3005 6495//3005
f 6535//3006 6651//3006 6660//3006 6536//3006
f 6696//3007 6188//3007 6187//3007 6758//3007
f 6757//3008 6498//3008 6372//3008 6760//3008
f 6758//3009 6187//3009 6500//3009 6719//3009
f 6662//3010 6371//3010 6367//3010 6663//3010
f 6910//3011 6971//3011 6957//3011 6814//3011
f 6883//3012 6942//3012 6970//3012 6916//3012
f 6921//3013 6969//3013 6971//3013 6910//3013
f 6916//3014 6970//3014 6972//3014 6918//3014
f 6527//3015 6677//3015 6676//3015 6195//3015
f 6529//3016 6672//3016 6671//3016 6530//3016
f 6530//3017 6671//3017 6680//3017 6219//3017
f 6195//3018 6676//3018 6675//3018 6196//3018
f 6811//3019 6974//3019 6958//3019 6887//3019
f 6810//3020 6975//3020 6974//3020 6811//3020
f 6827//3021 6973//3021 6976//3021 6830//3021
f 6537//3022 6652//3022 6651//3022 6535//3022
f 6497//3023 6657//3023 6656//3023 6494//3023
f 6552//3024 6766//3024 6765//3024 6523//3024
f 6523//3025 6765//3025 6730//3025 6524//3025
f 6746//3026 6458//3026 6200//3026 6728//3026
f 6663//3027 6367//3027 6370//3027 6664//3027
f 6565//3028 6771//3028 6715//3028 6572//3028
f 6564//3029 6687//3029 6770//3029 6130//3029
f 6353//3030 6690//3030 6771//3030 6565//3030
f 6130//3031 6770//3031 6714//3031 6131//3031
f 6834//3032 6963//3032 6962//3032 6794//3032
f 6779//3033 6608//3033 6601//3033 6772//3033
f 6600//2823 6772//2823 6601//2823
f 6605//3034 6773//3034 6772//3034 6600//3034
f 6579//3035 6774//3035 6773//3035 6605//3035
f 6778//3036 6596//3036 6608//3036 6779//3036
f 6617//3037 6616//3037 6782//3037 6786//3037
f 6614//3038 6632//3038 6784//3038 6788//3038
f 6610//3039 6614//3039 6788//3039 6787//3039
f 6642//3040 6617//3040 6786//3040 6785//3040
o Wall_Modular_Cube.007_Wall_Modular_Cube.008
v -0.959325 1.681634 0.187055
v -0.959325 1.958800 0.187055
v -0.926284 1.958800 0.160682
v -0.926284 1.681634 0.160682
v -0.888602 1.589539 -1.087682
v -0.661090 1.589539 -1.087682
v -0.661090 1.578764 -0.355776
v -0.888602 1.578764 -0.355776
v -0.959325 1.681634 0.673256
v -0.959325 1.958800 0.673256
v -0.959325 1.958800 0.473790
v -0.959325 1.945726 0.323207
v -0.888602 1.810513 -0.329402
v -0.661090 1.810513 -0.329402
v -0.661090 1.958800 -0.329402
v -0.888602 1.958800 -0.329402
v -0.844018 1.820113 -0.341069
v -0.705674 1.820113 -0.341069
v -0.705674 1.413789 -0.341069
v -0.844018 1.413789 -0.341069
v -0.844018 1.396085 -0.011229
v -0.705674 1.396085 -0.011229
v -0.705674 1.394789 0.141847
v -0.844018 1.394789 0.141847
v -0.948806 1.296289 -0.848938
v -0.600886 1.296289 -0.848938
v -0.600886 1.344727 -0.848938
v -0.948806 1.344727 -0.848938
v -0.948806 0.797543 1.393264
v -0.600886 0.797543 1.393264
v -0.600885 1.158780 1.393264
v -0.948807 1.158780 1.393264
v -0.600886 1.581974 -1.350056
v -0.948806 1.581974 -1.350056
v -0.948806 1.581974 -0.875312
v -0.600886 1.581974 -0.875312
v -0.888602 0.847076 -0.327395
v -0.661090 0.847076 -0.327395
v -0.661090 0.847076 0.143183
v -0.888602 0.847076 0.143183
v -0.888602 0.962546 0.158340
v -0.661090 0.962546 0.158340
v -0.661090 1.376927 0.169557
v -0.888602 1.376927 0.169557
v -0.661090 -0.021786 1.366891
v -0.661090 -0.002786 1.393264
v -0.888602 -0.002786 1.393264
v -0.888602 -0.021786 1.366891
v -0.976773 0.021029 -0.481017
v -0.985033 -0.006243 -0.386727
v -0.981847 -0.002785 -0.188775
v -0.981847 0.324414 -0.188775
v -0.981847 0.324414 -0.303599
v -0.981847 0.311484 -0.361010
v -0.981847 0.324414 -0.418423
v -0.981847 0.324414 -1.354147
v -0.981847 -0.002785 -1.354147
v -0.976859 0.008972 -0.785948
v -0.888602 0.453683 1.366891
v -0.661090 0.453683 1.366891
v -0.661090 0.453683 0.377890
v -0.888602 0.453683 0.377890
v -0.888602 0.361581 0.347892
v -0.661090 0.361581 0.347892
v -0.661090 -0.002786 0.351516
v -0.888602 -0.002786 0.351516
v -0.921643 0.434683 0.377890
v -0.921643 0.361581 0.389315
v -0.921643 -0.002786 0.377890
v -0.921643 -0.002786 1.366891
v -0.921643 0.278597 1.361164
v -0.921643 0.361581 1.347448
v -0.921643 0.434683 1.366891
v -0.849517 0.272958 0.343801
v -0.700175 0.272958 0.343801
v -0.700175 0.542225 0.363183
v -0.849517 0.542225 0.363183
v -0.661090 1.724698 -1.380520
v -0.888602 1.724698 -1.380520
v -0.888602 1.787793 -1.383935
v -0.661090 1.787793 -1.383935
v -0.849517 0.561225 0.046217
v -0.700175 0.561225 0.046217
v -0.700175 0.561225 -0.146841
v -0.849517 0.561225 -0.146841
v -0.600886 0.450474 1.366891
v -0.948806 0.450474 1.366891
v -0.948806 0.450474 0.878870
v -0.600886 0.450474 0.878870
v -0.948806 0.845412 0.230688
v -0.600886 0.845412 0.230688
v -0.600886 0.847334 0.202985
v -0.948806 0.847334 0.202985
v -0.925202 0.866076 0.856108
v -0.624490 0.866076 0.856108
v -0.624490 1.221821 0.855628
v -0.925202 1.221821 0.855628
v -0.661090 0.934043 -0.863005
v -0.888602 0.934043 -0.863005
v -0.888602 0.985890 -0.860979
v -0.661090 0.985890 -0.860979
v -0.925202 1.479568 0.856108
v -0.624490 1.479568 0.856108
v -0.624490 1.646927 0.856108
v -0.925202 1.646927 0.856108
v -0.624490 1.479568 0.178842
v -0.925202 1.479568 0.178842
v -0.925202 1.646927 0.164239
v -0.624490 1.646927 0.164239
v -0.958243 0.866076 0.190613
v -0.958243 1.419792 0.190613
v -0.925202 1.419792 0.164239
v -0.925202 0.866076 0.164239
v -0.948806 0.557652 0.090439
v -0.600886 0.557652 0.090439
v -0.600886 0.557652 0.335327
v -0.948806 0.557652 0.335327
v -0.600886 1.562974 -0.848938
v -0.948806 1.562974 -0.848938
v -0.981847 0.600969 0.031667
v -0.981847 0.576652 0.090439
v -0.981847 0.576652 0.335327
v -0.981847 0.828334 0.335327
v -0.981847 0.828334 0.309139
v -0.981847 0.813369 0.230688
v -0.981847 0.828334 0.202985
v -0.981847 0.828334 -0.303116
v -0.981847 0.576652 -0.303116
v -0.981847 0.585124 -0.015715
v -0.600886 0.828334 0.361700
v -0.948806 0.828334 0.361700
v -0.948806 0.576652 0.361700
v -0.600886 0.576652 0.361700
v -0.850811 0.905275 -0.848938
v -0.698881 0.905275 -0.848938
v -0.698881 1.025535 -0.848938
v -0.850811 1.025535 -0.848938
v -0.698881 1.044535 -1.350056
v -0.850811 1.044535 -1.350056
v -0.850811 1.044535 -0.875312
v -0.698881 1.044535 -0.875312
v -0.926284 1.958800 0.699630
v -0.926284 1.977800 0.673256
v -0.926284 1.662634 0.673256
v -0.926284 1.681634 0.699630
v -0.888602 1.578764 -1.354147
v -0.910021 1.591672 -1.371601
v -0.888602 1.597764 -1.380520
v -0.910021 1.964892 -1.371601
v -0.888602 1.977800 -1.354147
v -0.888602 1.958800 -1.380520
v -0.888602 1.597764 -0.329402
v -0.910021 1.591672 -0.338322
v -0.888602 1.977800 -0.355776
v -0.910021 1.964892 -0.338322
v -0.926284 1.662634 0.187055
v -0.844018 1.394789 -0.314695
v -0.877059 1.413789 -0.314695
v -0.844018 1.413789 0.168220
v -0.876989 1.423796 0.131428
v -0.981847 1.061832 -0.875312
v -0.948806 1.042832 -0.875312
v -0.948806 1.061832 -0.848938
v -0.948806 1.061832 -1.376430
v -0.948806 1.042832 -1.350056
v -0.981847 1.061832 -1.350056
v -0.981847 1.562974 -0.875312
v -0.948806 1.562974 -1.376430
v -0.981847 1.562974 -1.350056
v -0.921643 1.376927 -0.836632
v -0.888602 1.395927 -0.836632
v -0.888602 1.376927 -0.863005
v -0.888602 0.866076 0.169557
v -0.921643 0.866076 0.143183
v -0.888602 1.395927 0.143183
v -0.921643 1.376927 0.143183
v -0.948806 -0.002785 -1.380520
v -0.948806 -0.021785 -1.354147
v -0.948806 0.343414 -1.354147
v -0.948806 0.324414 -1.380520
v -0.888602 0.434683 1.393264
v -0.888602 0.434683 0.351516
v -0.888602 -0.021786 0.377890
v -0.948806 -0.021785 -0.188775
v -0.948806 -0.002785 -0.162401
v -0.948806 0.324414 -0.162401
v -0.948806 0.343414 -0.188775
v -0.849517 -0.004350 0.363183
v -0.882558 -0.004350 0.336809
v -0.849517 -0.023350 0.336809
v -0.849517 0.561225 0.336809
v -0.882558 0.542225 0.336809
v -0.849517 0.542225 -0.173215
v -0.882558 0.542225 -0.146841
v -0.981847 1.158780 0.878870
v -0.948806 1.177780 0.878870
v -0.948806 1.158780 0.852496
v -0.948807 1.177780 1.366891
v -0.981847 1.158780 1.366891
v -0.948806 0.469474 0.852496
v -0.981847 0.469474 0.878870
v -0.948806 0.469474 1.393264
v -0.981847 0.469474 1.366891
v -0.958243 1.646927 0.829734
v -0.925202 1.665927 0.829734
v -0.925202 0.843534 0.829734
v -0.958243 0.866076 0.829734
v -0.925202 0.843534 0.190613
v -0.948806 0.576652 -0.329490
v -0.948806 0.557652 -0.303116
v -0.948806 0.847334 -0.303116
v -0.948806 0.828334 -0.329490
v -0.948806 0.847334 0.335327
v -0.883852 0.357282 -0.875312
v -0.850811 0.338282 -0.875312
v -0.850811 0.357282 -0.848938
v -0.850811 0.357282 -1.376430
v -0.850811 0.338282 -1.350056
v -0.883852 0.357282 -1.350056
v -0.883852 1.025535 -0.875312
v -0.850811 1.025535 -1.376430
v -0.883852 1.025535 -1.350056
v -0.623408 1.681634 0.160682
v -0.623408 1.958800 0.160682
v -0.623408 1.681634 0.699630
v -0.623408 1.958800 0.699630
v -0.623408 1.662634 0.187055
v -0.623408 1.977800 0.673256
v -0.661090 1.814254 -1.380520
v -0.888602 1.814254 -1.380520
v -0.661090 1.958800 -1.380520
v -0.910021 1.815197 -1.371601
v -0.661090 1.597764 -0.329402
v -0.910021 1.716220 -0.338322
v -0.888602 1.718682 -0.329402
v -0.910021 1.602830 -1.095643
v -0.705674 1.979364 0.063271
v -0.844018 1.979364 0.063271
v -0.844018 1.979364 0.141847
v -0.705674 1.979364 0.141847
v -0.877059 1.937546 0.048580
v -0.877059 1.960364 0.141847
v -0.705674 1.394789 -0.314695
v -0.877080 1.430167 -0.016345
v -0.877059 1.820113 -0.314695
v -0.600886 1.042832 -1.350056
v -0.600886 1.042832 -0.875312
v -0.981847 1.344727 -0.875312
v -0.600886 1.562974 -1.376430
v -0.948806 1.381705 -1.376430
v -0.981847 1.381705 -1.350056
v -0.661090 1.376927 -0.863005
v -0.661090 0.866076 0.169557
v -0.921643 0.934043 0.143183
v -0.888602 0.934043 0.169557
v -0.921643 0.866076 -0.327395
v -0.888602 1.395927 -0.536744
v -0.921643 1.376927 -0.536744
v -0.948806 -0.021785 -0.400513
v -0.600886 0.324414 -0.162401
v -0.600886 0.343414 -0.188775
v -0.948806 0.343414 -0.418423
v -0.661090 0.361581 1.391185
v -0.888602 0.361581 1.391185
v -0.888602 0.278597 1.391827
v -0.661090 0.278597 1.391827
v -0.661090 0.434683 1.393264
v -0.700175 -0.015807 0.177829
v -0.849517 -0.015807 0.177829
v -0.849517 -0.023350 -0.146841
v -0.700175 -0.023350 -0.146841
v -0.700175 0.561225 0.336809
v -0.882558 0.542225 0.156088
v -0.849517 0.561225 0.156088
v -0.882558 0.272958 0.317427
v -0.849517 0.091535 -0.173215
v -0.849517 -0.004350 -0.173215
v -0.882558 -0.004350 -0.146841
v -0.882558 0.091535 -0.146841
v -0.600886 1.177780 0.878870
v -0.600886 1.158780 0.852496
v -0.948806 0.775647 0.852496
v -0.981847 0.775647 0.878870
v -0.600885 1.177780 1.366891
v -0.981847 0.797543 1.366891
v -0.600886 0.847334 -0.303116
v -0.925202 0.843534 0.706479
v -0.958243 0.866076 0.706479
v -0.624490 0.843534 0.706479
v -0.624490 0.843534 0.829734
v -0.624490 1.665927 0.829734
v -0.958243 1.479568 0.220655
v -0.958243 1.646927 0.190613
v -0.958243 1.221822 0.826025
v -0.600886 0.828334 -0.329490
v -0.600886 0.576652 -0.329490
v -0.600886 0.847334 0.335327
v -0.698881 0.338282 -1.350056
v -0.698881 0.338282 -0.875312
v -0.883852 0.905275 -0.875312
v -0.698881 1.025535 -1.376430
v -0.850811 0.422692 -1.376430
v -0.883852 0.422692 -1.350056
v -0.661090 1.395927 -0.536744
v -0.661090 1.395927 -0.836632
v -0.623408 1.977800 0.187055
v -0.926284 1.977800 0.187055
v -0.888602 1.578764 -1.250930
v -0.910021 1.591672 -1.264707
v -0.910021 1.964892 -1.095643
v -0.910021 1.942257 -1.264707
v -0.910021 1.787793 -1.345786
v -0.910021 1.722450 -1.371601
v -0.910021 1.743624 -0.365212
v -0.910021 1.811322 -0.338322
v -0.661090 1.977800 -0.355776
v -0.888602 1.977800 -1.087682
v -0.661090 1.977800 -1.087682
v -0.661090 1.977414 -1.250930
v -0.888602 1.977414 -1.250930
v -0.661090 1.578764 -1.354147
v -0.661090 1.578764 -1.250930
v -0.661090 1.718682 -0.329402
v -0.888602 1.745144 -0.334392
v -0.661090 1.745144 -0.334392
v -0.877059 1.960364 -0.314695
v -0.844018 1.979364 -0.314695
v -0.705674 1.979364 -0.314695
v -0.844018 1.820113 0.158883
v -0.877059 1.820113 0.114843
v -0.877059 1.881891 0.141847
v -0.877059 1.881891 -0.290808
v -0.705674 1.820113 0.158883
v -0.705674 1.881891 0.168220
v -0.844018 1.881891 0.168220
v -0.705674 1.413789 0.168220
v -0.844018 1.881891 -0.327899
v -0.705674 1.881891 -0.327899
v -0.926284 1.978036 0.323207
v -0.623408 1.978036 0.323207
v -0.926284 1.977800 0.473790
v -0.623408 1.977800 0.473790
v -0.624490 0.866076 0.164239
v -0.624490 0.843534 0.190613
v -0.624490 1.663648 0.189858
v -0.925202 1.663648 0.189858
v -0.958243 1.479568 0.829734
v -0.888602 0.866076 -0.863005
v -0.661090 0.866076 -0.863005
v -0.661090 0.847076 -0.836632
v -0.888602 0.847076 -0.836632
v -0.624490 1.419792 0.164239
v -0.925202 1.419792 0.855146
v -0.624490 1.419792 0.855146
v -0.925202 0.843534 0.474312
v -0.958243 0.883315 0.474312
v -0.925202 1.665927 0.543459
v -0.958243 1.646927 0.543459
v -0.624490 0.843534 0.474312
v -0.624490 1.665927 0.543459
v -0.958243 1.419792 0.803769
v -0.958243 1.626725 0.450382
v -0.888602 1.395927 -0.474528
v -0.921643 1.376927 -0.474528
v -0.661090 1.395927 0.143183
v -0.661090 1.395927 -0.474528
v -0.661090 0.847334 -0.458158
v -0.888602 0.847334 -0.458158
v -0.921643 0.883136 -0.458158
v -0.921643 0.962546 0.131966
v -0.921643 0.985890 -0.810459
v -0.921643 0.934043 -0.836632
v -0.921643 0.866076 -0.836632
v -0.850811 0.905275 -1.376430
v -0.883852 0.905275 -1.350056
v -0.850811 0.836159 -0.848938
v -0.883852 0.836159 -0.875312
v -0.698881 0.905275 -1.376430
v -0.698881 0.836159 -0.848938
v -0.850811 0.790514 -0.848938
v -0.883852 0.790514 -0.875312
v -0.698881 0.790514 -0.848938
v -0.850811 0.464367 -0.848938
v -0.883852 0.464367 -0.875312
v -0.698881 0.836159 -1.372216
v -0.850811 0.836159 -1.372216
v -0.698881 0.464367 -0.848938
v -0.962118 -0.012794 -0.776737
v -0.948806 0.330484 -0.361010
v -0.600886 0.330484 -0.361010
v -0.600886 0.343414 -0.418423
v -0.948806 0.343414 -0.303599
v -0.600886 0.343414 -0.303599
v -0.700175 -0.023350 0.122011
v -0.849517 -0.023350 0.122011
v -0.700175 0.561225 0.156088
v -0.884132 -0.008384 0.129766
v -0.876558 0.522860 0.030754
v -0.882558 0.177503 -0.141856
v -0.878630 0.011261 0.159289
v -0.882558 0.186990 0.336809
v -0.849517 0.177503 -0.168230
v -0.849517 0.186990 0.363183
v -0.700175 -0.023350 0.336809
v -0.700175 0.542225 -0.173215
v -0.700175 0.177503 -0.168230
v -0.700175 0.091535 -0.173215
v -0.700175 -0.004350 0.363183
v -0.700175 0.186990 0.363183
v -0.948806 0.737936 1.393017
v -0.981847 0.737936 1.344457
v -0.948806 0.835254 0.856422
v -0.981847 0.835254 0.890835
v -0.600886 0.835254 0.856422
v -0.600886 0.469474 1.393264
v -0.600886 0.737936 1.393017
v -0.600886 0.775647 0.852496
v -0.850811 0.443529 -1.376677
v -0.698881 0.443529 -1.376677
v -0.698881 0.422692 -1.376430
v -0.600886 0.469474 0.852496
v -0.948806 0.847334 0.309139
v -0.600886 0.847334 0.309139
v -0.948806 0.561600 -0.015715
v -0.600886 0.561600 -0.015715
v -0.600886 0.561600 0.011988
v -0.948806 0.561600 0.011988
v -0.600886 0.557652 -0.303116
v -0.661090 0.934043 0.169557
v -0.948806 -0.016887 -0.457925
v -0.600886 -0.016887 -0.457925
v -0.600886 -0.021785 -0.400513
v -0.587574 -0.012794 -0.776737
v -0.698881 0.790514 -1.376430
v -0.850811 0.790514 -1.376430
v -0.698881 0.357282 -0.848938
v -0.698881 0.422692 -0.848938
v -0.850811 0.422692 -0.848938
v -0.698881 0.443529 -0.848938
v -0.850811 0.443529 -0.848938
v -0.883852 0.422692 -0.875312
v -0.883852 0.443529 -0.875312
v -0.883852 0.836159 -1.317751
v -0.883852 0.790514 -1.350056
v -0.883852 0.464367 -1.350056
v -0.883852 0.443529 -1.333854
v -0.850811 0.464367 -1.376430
v -0.698881 0.464367 -1.376430
v -0.624490 1.663292 0.451136
v -0.925202 1.663292 0.451136
v -0.661090 1.597764 -1.380520
v -0.661090 1.977800 -1.354147
v -0.600886 0.343414 -1.354147
v -0.600886 0.324414 -1.380520
v -0.600886 -0.002785 -1.380520
v -0.600886 -0.021785 -1.354147
v -0.661090 0.434683 0.351516
v -0.698881 0.357282 -1.376430
v -0.600886 1.061832 -1.376430
v -0.600886 1.061832 -0.848938
v -0.600886 1.430143 -1.376430
v -0.948806 1.430143 -1.376430
v -0.623408 1.662634 0.673256
v -0.844018 1.960364 -0.341069
v -0.705674 1.960364 -0.341069
v -0.705674 1.960364 0.168220
v -0.844018 1.960364 0.168220
v -0.600886 1.381705 -1.376430
v -0.700175 -0.004350 -0.173215
v -0.661090 -0.021786 0.377890
v -0.981847 1.296289 -0.891461
v -0.981847 1.430143 -1.324120
v -0.960841 1.677625 1.389844
v -0.588851 1.677625 1.389844
v -0.588851 1.756477 1.389844
v -0.960841 1.756477 1.389844
v -0.993882 1.963044 1.363471
v -0.993882 1.945031 1.298393
v -0.993882 1.963044 1.224790
v -0.993882 1.963044 0.722700
v -0.993882 1.677625 0.722700
v -0.993882 1.677625 1.363471
v -0.993882 1.756477 1.363471
v -0.993882 1.864958 1.345324
v -0.960841 1.658625 1.363471
v -0.960841 1.677625 0.696326
v -0.960841 1.658625 0.722700
v -0.960841 1.982044 0.722700
v -0.960841 1.963044 0.696326
v -0.588851 1.982044 0.722700
v -0.960841 1.982044 1.224790
v -0.588851 1.982044 1.224790
v -0.588851 1.658625 0.722700
v -0.588851 1.658625 1.363471
v -0.588851 1.963044 0.696326
v -0.588851 1.963044 1.389844
v -0.588851 1.982044 1.363471
v -0.960841 1.982044 1.363471
v -0.960841 1.963044 1.389844
v -0.960841 1.864958 1.390173
v -0.588851 1.864958 1.390173
v -0.588851 1.677625 0.696326
v -0.960841 1.982044 1.298393
v -0.588851 1.982044 1.298393
v -0.881006 0.766851 -0.330320
v -0.668686 0.766851 -0.330320
v -0.668686 0.834483 -0.327947
v -0.881006 0.834483 -0.327947
v -0.881006 0.712665 -0.331332
v -0.668686 0.712665 -0.331332
v -0.881006 0.834483 -0.851286
v -0.668686 0.834483 -0.851286
v -0.668686 0.791026 -0.852252
v -0.881006 0.791026 -0.852252
v -0.668686 0.848964 -0.354321
v -0.668686 0.848964 -0.824912
v -0.881006 0.848964 -0.824912
v -0.881006 0.848964 -0.354321
v -0.914047 0.577317 -0.824912
v -0.881006 0.577317 -0.851286
v -0.881006 0.558317 -0.824912
v -0.881006 0.577317 -0.327947
v -0.914047 0.577317 -0.354321
v -0.881006 0.558317 -0.354321
v -0.914047 0.834483 -0.824912
v -0.914047 0.834483 -0.354321
v -0.668686 0.577317 -0.327947
v -0.668686 0.676529 -0.327947
v -0.881006 0.676529 -0.327947
v -0.668686 0.558317 -0.824912
v -0.668686 0.558317 -0.354321
v -0.914047 0.676529 -0.354321
v -0.914047 0.754889 -0.824912
v -0.881006 0.754889 -0.851286
v -0.914047 0.712665 -0.384233
v -0.914047 0.766851 -0.353647
v -0.914047 0.791026 -0.808460
v -0.668686 0.754889 -0.851286
v -0.668686 0.577317 -0.851286
v -0.590367 1.681634 0.187055
v -0.590367 1.958800 0.187055
v -0.590367 1.945726 0.323207
v -0.590367 1.958800 0.473790
v -0.590367 1.958800 0.673256
v -0.590367 1.681634 0.673256
v -0.600886 -0.021785 -0.188775
v -0.572919 0.021029 -0.481018
v -0.572833 0.008972 -0.785948
v -0.567845 -0.002785 -1.354147
v -0.567845 0.324414 -1.354147
v -0.567845 0.324414 -0.418423
v -0.567845 0.311484 -0.361010
v -0.567845 0.324414 -0.303599
v -0.567845 0.324414 -0.188775
v -0.567845 -0.002785 -0.188775
v -0.564659 -0.006243 -0.386727
v -0.628049 0.434683 0.377890
v -0.628049 0.434683 1.366891
v -0.628049 0.361581 1.347448
v -0.628049 0.278597 1.361164
v -0.628049 -0.002786 1.366891
v -0.628049 -0.002786 0.377890
v -0.628049 0.361581 0.389315
v -0.600886 -0.002785 -0.162401
v -0.591449 0.866076 0.190613
v -0.591449 1.419792 0.190613
v -0.567845 0.600969 0.031667
v -0.567845 0.585124 -0.015715
v -0.567845 0.576652 -0.303116
v -0.567845 0.828334 -0.303116
v -0.567845 0.828334 0.202985
v -0.567845 0.813369 0.230688
v -0.567845 0.828334 0.309139
v -0.567845 0.828334 0.335327
v -0.567845 0.576652 0.335327
v -0.567845 0.576652 0.090439
v -0.639671 1.591672 -1.371601
v -0.639671 1.964892 -1.371601
v -0.639671 1.591672 -0.338322
v -0.639671 1.964892 -0.338322
v -0.672633 1.413789 -0.314695
v -0.672703 1.423796 0.131428
v -0.567845 1.061832 -0.875312
v -0.567845 1.061832 -1.350056
v -0.567845 1.562974 -0.875312
v -0.567845 1.562974 -1.350056
v -0.628049 1.376927 -0.836632
v -0.628049 0.866076 0.143183
v -0.628049 1.376927 0.143183
v -0.667134 -0.004350 0.336809
v -0.667134 0.542225 0.336809
v -0.667134 0.542225 -0.146841
v -0.567845 1.158780 0.878870
v -0.567845 1.158780 1.366891
v -0.567845 0.469474 0.878870
v -0.567845 0.469474 1.366891
v -0.591449 1.646927 0.829734
v -0.591449 0.866076 0.829734
v -0.665840 0.357282 -0.875312
v -0.665840 0.357282 -1.350056
v -0.665840 1.025535 -0.875312
v -0.665840 1.025535 -1.350056
v -0.639671 1.815197 -1.371601
v -0.639671 1.716220 -0.338322
v -0.639671 1.602830 -1.095643
v -0.672633 1.937546 0.048580
v -0.672633 1.960364 0.141847
v -0.672612 1.430167 -0.016345
v -0.672633 1.820113 -0.314695
v -0.567845 1.344727 -0.875312
v -0.567845 1.381705 -1.350056
v -0.628049 0.934043 0.143183
v -0.628049 0.866076 -0.327395
v -0.628049 1.376927 -0.536744
v -0.667134 0.542225 0.156088
v -0.667134 0.272958 0.317427
v -0.667134 0.091535 -0.146841
v -0.667134 -0.004350 -0.146841
v -0.567845 0.775647 0.878870
v -0.567845 0.797543 1.366891
v -0.591449 0.866076 0.706479
v -0.591449 1.479568 0.220655
v -0.591449 1.646927 0.190613
v -0.591449 1.221822 0.826025
v -0.665840 0.905275 -0.875312
v -0.665840 0.422692 -1.350056
v -0.639671 1.591672 -1.264707
v -0.639671 1.964892 -1.095643
v -0.639671 1.811322 -0.338322
v -0.639671 1.743624 -0.365212
v -0.639671 1.722450 -1.371601
v -0.639671 1.787793 -1.345786
v -0.639671 1.942257 -1.264707
v -0.672633 1.960364 -0.314695
v -0.672633 1.820113 0.114843
v -0.672633 1.881891 -0.290808
v -0.672633 1.881891 0.141847
v -0.591449 1.479568 0.829734
v -0.591449 0.883315 0.474312
v -0.591449 1.646927 0.543459
v -0.591449 1.626725 0.450382
v -0.591449 1.419792 0.803769
v -0.628049 1.376927 -0.474528
v -0.628049 0.883136 -0.458158
v -0.628049 0.866076 -0.836632
v -0.628049 0.934043 -0.836632
v -0.628049 0.985890 -0.810459
v -0.628049 0.962546 0.131966
v -0.665840 0.905275 -1.350056
v -0.665840 0.836159 -0.875312
v -0.665840 0.790514 -0.875312
v -0.665840 0.464367 -0.875312
v -0.665560 -0.008384 0.129766
v -0.673134 0.522860 0.030754
v -0.667134 0.186990 0.336809
v -0.671062 0.011261 0.159289
v -0.667134 0.177503 -0.141856
v -0.567845 0.737936 1.344457
v -0.567845 0.835254 0.890835
v -0.665840 0.422692 -0.875312
v -0.665840 0.443529 -1.333854
v -0.665840 0.464367 -1.350056
v -0.665840 0.790514 -1.350056
v -0.665840 0.836159 -1.317751
v -0.665840 0.443529 -0.875312
v -0.567845 1.296289 -0.891461
v -0.567845 1.430143 -1.324120
v -0.555810 1.963044 1.363471
v -0.555810 1.864958 1.345324
v -0.555810 1.756477 1.363471
v -0.555810 1.677625 1.363471
v -0.555810 1.677625 0.722700
v -0.555810 1.963044 0.722700
v -0.555810 1.963044 1.224790
v -0.555810 1.945031 1.298393
v -0.635645 0.577317 -0.824912
v -0.635645 0.577317 -0.354321
v -0.635645 0.834483 -0.824912
v -0.635645 0.834483 -0.354321
v -0.635645 0.676529 -0.354321
v -0.635645 0.754889 -0.824912
v -0.635645 0.791026 -0.808460
v -0.635645 0.766851 -0.353647
v -0.635645 0.712665 -0.384233
v -0.694947 1.581974 -0.836908
v -0.854745 1.581974 -0.836908
v -0.854745 1.581974 -0.722520
v -0.694947 1.581974 -0.722520
v -0.925616 1.516034 1.387857
v -0.624076 1.516034 1.387857
v -0.624076 1.645375 1.387857
v -0.925616 1.645375 1.387857
v -0.854745 1.412052 -0.334426
v -0.694947 1.412052 -0.334426
v -0.694947 1.562974 -0.334426
v -0.854745 1.562974 -0.334426
v -0.849541 0.850083 0.840465
v -0.700151 0.850083 0.840465
v -0.700151 0.850083 0.382913
v -0.849541 0.850083 0.382913
v -0.694947 1.581974 -0.487226
v -0.854745 1.581974 -0.487226
v -0.854745 1.581974 -0.360799
v -0.694947 1.581974 -0.360799
v -0.925616 0.478625 -0.849878
v -0.624076 0.478625 -0.849878
v -0.624076 0.424440 -0.848868
v -0.925616 0.424440 -0.848868
v -0.849541 0.652640 0.866839
v -0.700151 0.652640 0.866839
v -0.700151 0.831083 0.866839
v -0.849541 0.831083 0.866839
v -0.849541 0.521156 0.356539
v -0.700151 0.521156 0.356539
v -0.700151 0.469474 0.356539
v -0.849541 0.469474 0.356539
v -0.700150 0.450474 0.840465
v -0.849542 0.450474 0.840465
v -0.849541 0.450474 0.382913
v -0.700151 0.450474 0.382913
v -0.925615 0.357282 -0.172784
v -0.624077 0.357282 -0.172784
v -0.624077 0.466664 -0.172784
v -0.925615 0.466664 -0.172784
v -0.925615 0.502801 -0.171818
v -0.624077 0.502801 -0.171818
v -0.624076 0.546258 -0.172784
v -0.925616 0.546258 -0.172784
v -0.925616 1.379245 1.387857
v -0.624076 1.379245 1.387857
v -0.624076 0.560738 -0.825878
v -0.925616 0.560738 -0.825878
v -0.925616 0.560738 -0.199158
v -0.624076 0.560738 -0.199158
v -0.925616 1.195465 1.387857
v -0.624076 1.195465 1.387857
v -0.624076 1.664375 1.099043
v -0.925616 1.664375 1.099043
v -0.925616 1.664375 1.361483
v -0.624076 1.664375 1.361483
v -0.887786 1.412052 -0.360799
v -0.854745 1.393052 -0.360799
v -0.854745 1.412052 -0.863282
v -0.854745 1.393052 -0.836908
v -0.887786 1.412052 -0.836908
v -0.887786 1.562974 -0.360799
v -0.854745 1.562974 -0.863282
v -0.887786 1.562974 -0.836908
v -0.882582 0.831083 0.382913
v -0.849541 0.831083 0.356539
v -0.882582 0.831083 0.840465
v -0.882582 0.469474 0.382913
v -0.849542 0.469474 0.866839
v -0.882582 0.469474 0.840465
v -0.958656 0.357282 -0.199158
v -0.925615 0.338282 -0.199158
v -0.925615 0.357282 -0.852252
v -0.925615 0.338282 -0.825878
v -0.958656 0.357282 -0.825878
v -0.958656 0.546258 -0.199158
v -0.925616 0.546258 -0.852252
v -0.958657 0.546258 -0.825878
v -0.958656 1.195465 1.361483
v -0.925616 1.176465 1.361483
v -0.925616 1.195465 0.851523
v -0.925616 1.176465 0.877895
v -0.958657 1.195465 0.877895
v -0.958657 1.645375 1.361483
v -0.925616 1.664375 0.877895
v -0.925616 1.645375 0.851523
v -0.958657 1.645375 0.877895
v -0.854745 1.393052 -0.487226
v -0.694947 1.393052 -0.487226
v -0.694947 1.393052 -0.360799
v -0.694947 1.562974 -0.863282
v -0.887786 1.412052 -0.589576
v -0.854745 1.393052 -0.589576
v -0.887786 1.550465 -0.446711
v -0.700151 0.831083 0.356539
v -0.882582 0.521156 0.382913
v -0.882582 0.652640 0.840465
v -0.925616 0.388303 -0.852252
v -0.624076 0.388303 -0.852252
v -0.624077 0.357282 -0.852252
v -0.624077 0.338282 -0.825878
v -0.624077 0.338282 -0.199158
v -0.624076 0.546258 -0.852252
v -0.958656 0.388303 -0.825878
v -0.925616 1.180884 1.176315
v -0.624076 1.180884 1.176315
v -0.624076 1.176465 1.361483
v -0.624076 1.664375 0.877895
v -0.624076 1.645375 0.851523
v -0.958657 1.645375 1.099043
v -0.958657 1.645375 0.985791
v -0.925616 1.664375 0.985791
v -0.624076 1.176465 0.877895
v -0.624076 1.176465 1.119689
v -0.925616 1.176465 1.119689
v -0.958657 1.195465 1.119689
v -0.958657 1.208933 1.176315
v -0.958657 1.379245 1.361483
v -0.958657 1.516034 1.338285
v -0.958657 1.621133 1.042417
v -0.849541 0.593159 0.851177
v -0.700151 0.593159 0.851177
v -0.887786 1.562974 -0.589576
v -0.854745 1.581974 -0.589576
v -0.694947 1.581974 -0.589576
v -0.887786 1.419557 -0.503432
v -0.887786 1.547963 -0.722520
v -0.700151 0.700228 0.363408
v -0.849541 0.700228 0.363408
v -0.700151 0.593159 0.356539
v -0.849541 0.593159 0.356539
v -0.700150 0.469474 0.866839
v -0.700151 0.466385 0.866839
v -0.849541 0.466385 0.866839
v -0.882582 0.466385 0.840465
v -0.882582 0.700228 0.407840
v -0.882582 0.593159 0.382913
v -0.882582 0.593159 0.799336
v -0.958656 0.466664 -0.199158
v -0.958656 0.502801 -0.215610
v -0.958656 0.478625 -0.826553
v -0.958656 0.424440 -0.795966
v -0.624076 1.662149 1.042417
v -0.925616 1.662149 1.042417
v -0.694947 1.393052 -0.836908
v -0.694947 1.393052 -0.589576
v -0.694947 1.412052 -0.863282
v -0.624076 1.664375 0.985791
v -0.624076 1.195465 0.851523
v -0.661906 1.412052 -0.360799
v -0.661906 1.412052 -0.836908
v -0.661906 1.562974 -0.360799
v -0.661906 1.562974 -0.836908
v -0.667110 0.831083 0.382913
v -0.667110 0.831083 0.840465
v -0.667110 0.469474 0.382913
v -0.667110 0.469474 0.840465
v -0.591036 0.357282 -0.199158
v -0.591036 0.357282 -0.825878
v -0.591036 0.546258 -0.199158
v -0.591035 0.546258 -0.825878
v -0.591036 1.195465 1.361483
v -0.591035 1.195465 0.877895
v -0.591035 1.645375 1.361483
v -0.591035 1.645375 0.877895
v -0.661906 1.412052 -0.589576
v -0.661906 1.550465 -0.446711
v -0.667110 0.521156 0.382913
v -0.667110 0.652640 0.840465
v -0.591036 0.388303 -0.825878
v -0.591035 1.645375 1.099043
v -0.591035 1.645375 0.985791
v -0.591035 1.621133 1.042417
v -0.591035 1.516034 1.338285
v -0.591035 1.379245 1.361483
v -0.591035 1.208933 1.176315
v -0.591035 1.195465 1.119689
v -0.661906 1.562974 -0.589576
v -0.661906 1.547963 -0.722520
v -0.661906 1.419557 -0.503432
v -0.667110 0.466385 0.840465
v -0.667110 0.700228 0.407840
v -0.667110 0.593159 0.799336
v -0.667110 0.593159 0.382913
v -0.591036 0.466664 -0.199158
v -0.591036 0.424440 -0.795966
v -0.591036 0.478625 -0.826553
v -0.591036 0.502801 -0.215610
vn -0.6238 0.0000 -0.7816
vn 0.0000 -0.9999 -0.0147
vn -1.0000 -0.0000 0.0000
vn 0.0000 0.0000 1.0000
vn 0.0000 0.0000 -1.0000
vn -0.0000 -1.0000 -0.0085
vn 0.0000 -0.0021 1.0000
vn 0.0000 1.0000 0.0000
vn 0.0000 -1.0000 -0.0010
vn 0.0000 -1.0000 0.0000
vn 0.0000 -0.0271 0.9996
vn 0.0000 -0.8114 0.5845
vn -1.0000 -0.0073 0.0002
vn 0.0000 -0.0099 -1.0000
vn 0.0000 -0.0718 0.9974
vn 0.0000 -0.0540 -0.9985
vn 0.0000 0.9976 0.0692
vn 0.0000 0.0014 1.0000
vn 0.0000 0.0019 1.0000
vn 0.0000 0.0391 -0.9992
vn 0.0000 -0.0080 1.0000
vn -0.0000 -0.0869 -0.9962
vn 0.0000 0.8114 0.5845
vn -0.4228 0.7353 0.5297
vn -0.4228 -0.7353 0.5297
vn -0.0099 -0.8111 -0.5849
vn -0.0127 -0.8113 -0.5845
vn -0.0108 -0.8115 -0.5842
vn -0.0127 0.8113 -0.5845
vn -0.0099 0.8111 -0.5848
vn -0.0108 0.8115 -0.5842
vn -0.0099 -0.8111 0.5848
vn -0.0108 -0.8115 0.5842
vn -0.0126 -0.8113 0.5845
vn -0.0099 0.8111 0.5848
vn -0.0127 0.8113 0.5845
vn -0.0108 0.8115 0.5842
vn -0.4228 -0.7353 -0.5297
vn -0.6684 -0.6035 0.4348
vn -0.4228 0.7353 -0.5297
vn -0.4604 -0.6748 0.5768
vn -0.4604 -0.6748 -0.5768
vn -0.0000 -0.8114 -0.5845
vn -0.6238 0.0000 0.7816
vn -0.3844 -0.0000 -0.9231
vn 0.0099 -0.8111 0.5848
vn 0.0108 -0.8115 0.5842
vn -0.3844 0.0000 0.9232
vn -0.5237 -0.8518 -0.0125
vn -0.6619 0.7430 -0.0987
vn -0.6270 -0.7787 0.0228
vn 0.0000 0.8114 -0.5845
vn -0.4985 -0.8669 0.0000
vn -0.4985 0.8669 0.0000
vn 0.0000 -0.0052 -1.0000
vn -0.4445 -0.8957 0.0110
vn 0.0000 0.0077 1.0000
vn 0.0000 0.0064 1.0000
vn -0.6534 0.0096 0.7570
vn 0.0000 -0.0284 0.9996
vn -0.7156 -0.0372 -0.6975
vn 0.0000 -0.9997 0.0232
vn -0.6229 -0.0562 0.7803
vn -0.6238 -0.0000 0.7815
vn -0.5636 -0.8261 0.0000
vn -0.7150 -0.0924 -0.6930
vn -0.6463 0.0045 0.7630
vn -0.5162 -0.8565 0.0000
vn 0.0108 0.8115 0.5842
vn 0.0099 0.8111 0.5848
vn 0.0000 1.0000 -0.0012
vn 0.0000 1.0000 0.0007
vn -0.5162 0.8565 0.0000
vn -0.5412 -0.8390 0.0554
vn -0.3844 0.0000 0.9231
vn 0.0000 0.1280 -0.9918
vn 0.0000 -0.0761 0.9971
vn -0.6884 -0.7251 -0.0183
vn -0.6797 0.7331 0.0226
vn -0.7731 0.0204 0.6339
vn -1.0000 0.0000 0.0001
vn 0.0000 -1.0000 0.0043
vn 0.0000 -0.1495 0.9888
vn 0.0000 0.0230 0.9997
vn 0.0000 0.2085 -0.9780
vn -0.0000 1.0000 -0.0001
vn -0.0000 1.0000 -0.0017
vn 0.0000 1.0000 0.0008
vn -0.0000 -0.7602 -0.6497
vn -0.0000 0.8374 -0.5466
vn 0.0000 -0.7602 0.6497
vn -0.6950 0.2515 -0.6736
vn -0.0000 0.2373 -0.9714
vn 0.0000 -0.0068 1.0000
vn -0.6859 -0.7272 -0.0270
vn -0.6859 -0.7273 0.0221
vn 0.0000 -1.0000 0.0007
vn 0.0000 -1.0000 -0.0006
vn -0.5963 0.2940 0.7470
vn -0.6237 -0.0212 0.7814
vn 0.0000 -0.0609 -0.9981
vn -0.6500 -0.7599 0.0090
vn 0.0000 0.9756 0.2197
vn -0.0000 0.9910 -0.1339
vn -0.4477 -0.8941 0.0102
vn -1.0000 0.0020 0.0000
vn -0.6238 -0.0107 -0.7815
vn -0.6232 0.0453 -0.7807
vn -0.6144 0.1735 0.7697
vn 0.0000 -0.0137 -0.9999
vn 0.0000 0.0579 -0.9983
vn -0.7161 0.0075 -0.6980
vn -0.7441 -0.1249 0.6562
vn -0.6769 -0.0181 -0.7359
vn 0.0000 -0.0121 -0.9999
vn 0.0000 0.0009 1.0000
vn 0.0000 -0.0016 1.0000
vn -0.0000 0.0657 -0.9978
vn -0.7497 0.0279 0.6612
vn -0.6738 0.0976 -0.7325
vn 0.0000 -0.0119 -0.9999
vn 0.0000 -0.0059 -1.0000
vn 0.0000 0.9997 -0.0245
vn -0.0000 -0.9987 -0.0503
vn -0.5411 -0.8408 0.0182
vn 0.0000 -0.9999 0.0137
vn 0.0000 0.0051 1.0000
vn 0.0000 0.3662 0.9305
vn 0.0000 -0.9964 -0.0850
vn 0.0000 -0.9999 -0.0128
vn 0.0000 0.0919 -0.9958
vn 0.0000 0.0059 -1.0000
vn 0.0000 0.0119 -0.9999
vn 0.0000 0.9996 -0.0285
vn 0.0000 0.1853 0.9827
vn 0.0000 -0.9978 0.0659
vn 0.0099 0.8111 -0.5848
vn 0.0108 0.8115 -0.5842
vn 0.0108 -0.8115 -0.5842
vn 0.0099 -0.8111 -0.5849
vn 0.0000 1.0000 0.0037
vn 0.0000 -0.1655 -0.9862
vn 0.0000 1.0000 0.0014
vn 0.0000 0.0495 -0.9988
vn 0.0000 -0.0015 1.0000
vn 0.0000 0.0002 1.0000
vn 0.0000 0.0034 1.0000
vn 0.0000 -0.0269 0.9996
vn 0.0000 -0.0351 0.9994
vn 0.0000 -0.0187 0.9998
vn 0.0000 0.0222 -0.9998
vn -0.3586 0.8183 -0.4493
vn -0.3586 0.8183 0.4493
vn 0.0000 0.8766 0.4813
vn -0.4014 0.9159 0.0000
vn 0.0000 0.8766 -0.4813
vn 0.0000 0.0932 0.9956
vn -0.6010 -0.0100 0.7992
vn 0.0000 -0.0267 -0.9996
vn 0.6238 0.0000 -0.7816
vn 1.0000 0.0000 0.0000
vn 1.0000 -0.0073 0.0002
vn 0.4228 0.7353 0.5297
vn 0.4228 -0.7353 0.5297
vn 0.0127 -0.8113 -0.5845
vn 0.0127 0.8113 -0.5845
vn 0.0126 -0.8113 0.5845
vn 0.0127 0.8113 0.5845
vn 0.4228 -0.7353 -0.5297
vn 0.6684 -0.6035 0.4348
vn 0.4228 0.7353 -0.5297
vn 0.4604 -0.6748 0.5768
vn 0.4604 -0.6748 -0.5768
vn 0.6238 0.0000 0.7816
vn 0.3844 0.0000 -0.9231
vn 0.3844 0.0000 0.9232
vn 0.5237 -0.8518 -0.0125
vn 0.6619 0.7430 -0.0987
vn 0.6270 -0.7787 0.0228
vn 0.4985 -0.8669 0.0000
vn 0.4985 0.8669 0.0000
vn 0.4445 -0.8957 0.0110
vn 0.6534 0.0096 0.7570
vn 0.7156 -0.0372 -0.6975
vn 0.6229 -0.0562 0.7803
vn 0.6238 -0.0000 0.7815
vn 0.5636 -0.8261 0.0000
vn 0.7150 -0.0924 -0.6930
vn 0.6463 0.0045 0.7630
vn 0.5162 -0.8565 0.0000
vn 0.5162 0.8565 -0.0000
vn 0.5412 -0.8390 0.0554
vn 0.3844 0.0000 0.9231
vn 0.6884 -0.7251 -0.0183
vn 0.6797 0.7331 0.0226
vn 0.7731 0.0204 0.6339
vn 1.0000 0.0000 0.0001
vn 0.6950 0.2515 -0.6736
vn 0.6859 -0.7272 -0.0270
vn 0.6859 -0.7273 0.0221
vn 0.5963 0.2940 0.7470
vn 0.6237 -0.0212 0.7814
vn 0.6500 -0.7599 0.0090
vn 0.0000 -0.9999 0.0156
vn 0.0000 0.9756 -0.2197
vn 0.4477 -0.8941 0.0102
vn 1.0000 0.0020 0.0000
vn 0.6238 -0.0107 -0.7815
vn 0.6232 0.0453 -0.7807
vn 0.6144 0.1735 0.7697
vn 0.7161 0.0075 -0.6980
vn 0.7442 -0.1249 0.6562
vn 0.6769 -0.0181 -0.7359
vn 0.7497 0.0279 0.6612
vn 0.6738 0.0976 -0.7325
vn 0.5411 -0.8408 0.0182
vn 0.0000 0.2199 0.9755
vn 0.3586 0.8183 -0.4493
vn 0.3586 0.8183 0.4493
vn 0.4014 0.9159 -0.0000
vn 0.6010 -0.0100 0.7992
vn 0.0000 -0.0269 -0.9996
vn 0.0000 -0.0186 -0.9998
vn 0.0000 0.0222 0.9998
vn -0.6243 0.7799 -0.0459
vn -0.6238 0.0000 -0.7815
vn 0.0000 -0.9997 -0.0239
vn 0.0000 -0.2546 0.9670
vn -0.5907 0.8058 0.0411
vn 0.0000 -0.0351 -0.9994
vn 0.0000 -0.0524 -0.9986
vn 0.0000 0.0640 -0.9979
vn 0.6238 0.0001 -0.7815
vn 0.0000 0.0932 -0.9956
vn 0.0000 0.9992 -0.0393
vn 0.0000 0.1226 0.9925
vn 0.0000 0.9992 0.0393
vn 0.0000 -0.9970 0.0778
vn -0.6010 -0.0100 -0.7992
vn 0.0000 -0.0267 0.9996
vn 0.6243 0.7799 -0.0459
vn 0.6238 0.0000 -0.7815
vn 0.5907 0.8058 0.0411
vn -0.6238 0.0001 -0.7815
vn 0.6010 -0.0100 -0.7992
vn -0.3999 0.7675 -0.5010
vn -0.6129 0.7893 0.0372
vn -0.7668 0.6380 0.0699
vn -0.7582 -0.0235 -0.6516
vn -0.6015 -0.7982 0.0330
vn -0.6274 0.7781 0.0307
vn -0.7226 -0.1213 0.6805
vn -0.7531 -0.0588 0.6553
vn -0.7351 0.6763 -0.0469
vn -0.6457 0.3889 0.6571
vn -0.7151 -0.2684 -0.6454
vn -0.7373 0.1161 -0.6655
vn -0.6683 -0.1733 0.7235
vn -0.7148 -0.1973 0.6709
vn -0.6770 0.2114 -0.7049
vn -0.6828 -0.1679 -0.7110
vn -0.6129 0.7894 -0.0337
vn -0.6625 0.7294 0.1705
vn -0.6625 0.7294 -0.1705
vn -0.5796 -0.8140 -0.0393
vn -0.5753 -0.8080 0.1276
vn -0.7540 -0.1443 0.6408
vn -0.6401 0.7625 -0.0939
vn -0.6383 -0.7696 0.0176
vn -0.6375 -0.7687 -0.0509
vn -0.7468 0.1745 -0.6418
vn -0.6251 0.7793 -0.0440
vn -0.5723 -0.8194 0.0326
vn -0.5632 -0.8260 -0.0230
vn -0.6249 0.7790 0.0511
vn -0.7636 -0.1649 -0.6242
vn -0.7505 0.2454 -0.6135
vn -0.4893 0.8508 0.1916
vn -0.6106 -0.7673 -0.1960
vn -0.6963 0.7161 0.0487
vn 0.5610 0.7776 -0.2839
vn -0.6780 0.7310 -0.0775
vn -0.7240 -0.1005 0.6824
vn -0.7300 -0.2944 0.6168
vn -0.7286 -0.0826 -0.6800
vn -0.7560 0.1431 0.6387
vn -0.7274 0.1008 -0.6788
vn -0.6091 0.7885 -0.0849
vn -0.6563 -0.7383 0.1558
vn -0.6791 -0.7189 -0.1481
vn -0.5943 0.7693 0.2345
vn -0.7368 0.2829 -0.6141
vn -0.7422 -0.1876 -0.6434
vn -0.7202 0.1453 0.6783
vn -0.8193 -0.5728 0.0249
vn -0.4893 0.8508 -0.1916
vn -0.6992 -0.2556 -0.6677
vn -0.6992 0.2556 -0.6677
vn -0.7743 0.0363 0.6318
vn -0.7464 0.0574 0.6630
vn -0.7547 0.1697 -0.6338
vn -0.7215 0.0238 0.6920
vn -0.7643 -0.0627 -0.6419
vn -0.7169 -0.1146 0.6877
vn -0.7532 0.0556 0.6554
vn -0.6430 0.7586 -0.1050
vn -0.7317 -0.0617 0.6789
vn -0.7319 0.0558 0.6791
vn -0.6438 0.7595 0.0929
vn -0.7226 -0.1213 -0.6806
vn -0.7367 0.2829 0.6141
vn -0.7422 -0.1876 0.6434
vn -0.7202 0.1453 -0.6783
vn 0.3999 0.7675 -0.5010
vn 0.6129 0.7893 0.0372
vn 0.7668 0.6380 0.0699
vn 0.7582 -0.0235 -0.6516
vn 0.6015 -0.7982 0.0330
vn 0.6274 0.7781 0.0307
vn 0.7226 -0.1213 0.6805
vn 0.7531 -0.0588 0.6553
vn 0.7351 0.6763 -0.0469
vn 0.6457 0.3889 0.6571
vn 0.7151 -0.2684 -0.6454
vn 0.7373 0.1161 -0.6655
vn 0.6683 -0.1733 0.7235
vn 0.7148 -0.1973 0.6709
vn 0.6770 0.2114 -0.7049
vn 0.6828 -0.1679 -0.7110
vn 0.6129 0.7894 -0.0337
vn 0.6625 0.7294 0.1705
vn 0.6625 0.7294 -0.1705
vn 0.5796 -0.8140 -0.0393
vn 0.5753 -0.8080 0.1276
vn 0.7540 -0.1443 0.6408
vn 0.6401 0.7625 -0.0939
vn 0.6383 -0.7696 0.0176
vn 0.6375 -0.7687 -0.0509
vn 0.7468 0.1745 -0.6418
vn 0.6251 0.7793 -0.0440
vn 0.5723 -0.8194 0.0326
vn 0.5632 -0.8260 -0.0230
vn 0.6249 0.7790 0.0511
vn 0.7636 -0.1649 -0.6242
vn 0.7505 0.2454 -0.6135
vn 0.4893 0.8508 0.1916
vn 0.6106 -0.7673 -0.1960
vn 0.6963 0.7161 0.0487
vn -0.5610 0.7776 -0.2839
vn 0.6780 0.7310 -0.0775
vn 0.7240 -0.1005 0.6824
vn 0.7300 -0.2944 0.6168
vn 0.7286 -0.0826 -0.6800
vn 0.7560 0.1431 0.6387
vn 0.7274 0.1008 -0.6788
vn 0.6091 0.7885 -0.0849
vn 0.6563 -0.7383 0.1558
vn 0.6791 -0.7189 -0.1481
vn 0.5943 0.7693 0.2345
vn 0.7368 0.2829 -0.6141
vn 0.7422 -0.1876 -0.6434
vn 0.7202 0.1453 0.6783
vn 0.8193 -0.5728 0.0249
vn 0.4893 0.8508 -0.1916
vn 0.6992 -0.2556 -0.6677
vn 0.6992 0.2556 -0.6677
vn 0.7743 0.0363 0.6318
vn 0.7464 0.0574 0.6630
vn 0.7547 0.1697 -0.6338
vn 0.7215 0.0238 0.6920
vn 0.7643 -0.0627 -0.6419
vn 0.7169 -0.1146 0.6877
vn 0.7532 0.0556 0.6554
vn 0.6430 0.7586 -0.1050
vn 0.7317 -0.0617 0.6789
vn 0.7319 0.0558 0.6791
vn 0.6438 0.7595 0.0929
vn 0.7226 -0.1213 -0.6806
vn 0.7367 0.2829 0.6141
vn 0.7422 -0.1876 0.6434
vn 0.7202 0.1453 -0.6783
usemtl Wall_Dark.007
s 1
f 6977//3041 6978//3041 6979//3041 6980//3041
f 6981//3042 6982//3042 6983//3042 6984//3042
f 6978//3043 6977//3043 6985//3043 6986//3043 6987//3043 6988//3043
f 6989//3044 6990//3044 6991//3044 6992//3044
f 6993//3045 6994//3045 6995//3045 6996//3045
f 6997//3046 6998//3046 6999//3046 7000//3046
f 7001//3044 7002//3044 7003//3044 7004//3044
f 7005//3047 7006//3047 7007//3044 7008//3044
f 7009//3048 7010//3048 7011//3048 7012//3048
f 7013//3049 7014//3049 7015//3050 7016//3050
f 7017//3051 7018//3051 7019//3051 7020//3051
f 7021//3052 7022//3052 7023//3052 7024//3052
f 7025//3053 7026//3053 7027//3053 7028//3053 7029//3053 7030//3053 7031//3053 7032//3053 7033//3053 7034//3053
f 7035//3048 7036//3048 7037//3048 7038//3048
f 7039//3054 7040//3054 7041//3054 7042//3054
f 7043//3043 7044//3043 7045//3043 7046//3043 7047//3043 7048//3043 7049//3043
f 7050//3055 7051//3055 7052//3055 7053//3055
f 7054//3056 7055//3056 7056//3056 7057//3056
f 7058//3048 7059//3048 7060//3048 7061//3048
f 7062//3050 7063//3050 7064//3050 7065//3050
f 7066//3057 7067//3057 7068//3057 7069//3057
f 7070//3058 7071//3058 7072//3059 7073//3059
f 7074//3060 7075//3060 7076//3060 7077//3060
f 7078//3061 7079//3061 7080//3044 7081//3044
f 7082//3062 7083//3062 7084//3062 7085//3062
f 7086//3041 7087//3041 7088//3041 7089//3041
f 7090//3050 7091//3050 7092//3050 7093//3050
f 7094//3063 7012//3063 7011//3063 7095//3063
f 7096//3043 7097//3043 7098//3043 7099//3043 7100//3043 7101//3043 7102//3043 7103//3043 7104//3043 7105//3043
f 7106//3044 7107//3044 7108//3044 7109//3044
f 7110//3044 7111//3044 7112//3044 7113//3044
f 7114//3048 7115//3048 7116//3048 7117//3048
f 6986//3064 7118//3064 7119//3064
f 7120//3065 7121//3065 6985//3065
f 7122//3066 7123//3067 7124//3068
f 7125//3069 7126//3070 7127//3071
f 6984//3072 7128//3073 7129//3074
f 7130//3075 7131//3076 6992//3077
f 6980//3078 7132//3078 6977//3078
f 6996//3078 7133//3078 7134//3078
f 7135//3079 7136//3079 7000//3079
f 7137//3065 7138//3065 7139//3065
f 7140//3078 7141//3078 7142//3078
f 7095//3064 7011//3064 7143//3064
f 7010//3080 7144//3080 7145//3080
f 7146//3080 7147//3080 7148//3080
f 7016//3065 7149//3065 7150//3065
f 7151//3064 7152//3064 7020//3064
f 7033//3078 7153//3078 7154//3078
f 7155//3080 7156//3080 7032//3080
f 7035//3064 7049//3064 7157//3064
f 7046//3065 7024//3065 7023//3065
f 7038//3080 7158//3080 7043//3080
f 7159//3078 7045//3078 7042//3078
f 7160//3065 7161//3065 7027//3065
f 7162//3064 7163//3064 7028//3064
f 7164//3065 7165//3065 7166//3065
f 7053//3064 7167//3064 7168//3064
f 7169//3080 7170//3080 7061//3080
f 7171//3080 7172//3080 7173//3080
f 7008//3064 7174//3064 7175//3064
f 7176//3078 7064//3078 7177//3078
f 7063//3065 7178//3065 7179//3065
f 7180//3064 7081//3064 7181//3064
f 7182//3081 7070//3081 7183//3081
f 7086//3082 7089//3082 7184//3082
f 7104//3078 7185//3078 7186//3078
f 7187//3080 7188//3080 7103//3080
f 7093//3065 7108//3065 7098//3065
f 7107//3064 7189//3064 7099//3064
f 7190//3065 7191//3065 7192//3065
f 7193//3078 7194//3078 7195//3078
f 7113//3064 7116//3064 7196//3064
f 7115//3080 7197//3080 7198//3080
f 7199//3045 6980//3045 6979//3045 7200//3045
f 7121//3044 7201//3044 7202//3044 7118//3044
f 6980//3083 7199//3083 7203//3083 7132//3083
f 7118//3063 7202//3063 7204//3063 7119//3063
f 6986//3084 6985//3084 7121//3084 7118//3084
f 7205//3045 7206//3045 7127//3045 7207//3045
f 7208//3085 7125//3085 7127//3085 7206//3085
f 6983//3086 7209//3087 7128//3073 6984//3072
f 7210//3088 7129//3088 7128//3088 7211//3088
f 6981//3089 6984//3089 7129//3089 7212//3089
f 7213//3048 7214//3048 7215//3048 7216//3048
f 7217//3090 7218//3090 7215//3090 7214//3090
f 6995//3083 7219//3083 7133//3083 6996//3083
f 7220//3091 7134//3091 7133//3091 6997//3091
f 6993//3041 6996//3041 7134//3041 7221//3041
f 7141//3050 7222//3050 7223//3050 7138//3050
f 7004//3084 7095//3084 7143//3084 7224//3084
f 7010//3092 7009//3092 7225//3092 7144//3092
f 7226//3041 7140//3041 7142//3041 7227//3041
f 7137//3093 7142//3093 7141//3093 7138//3093
f 7145//3094 7143//3094 7011//3094 7010//3094
f 7077//3095 7076//3095 7148//3095 7228//3095
f 7015//3052 7229//3052 7149//3052 7016//3052
f 7230//3084 7150//3084 7149//3084 7231//3084
f 7013//3093 7016//3093 7150//3093 7232//3093
f 7233//3094 7147//3094 7146//3094 7234//3094
f 7235//3096 7160//3096 7027//3096 7026//3096
f 7163//3063 7162//3063 7236//3063 7237//3063
f 7238//3094 7155//3094 7032//3094 7031//3094
f 7033//3041 7032//3041 7156//3041 7153//3041
f 7239//3097 7240//3097 7241//3098 7242//3098
f 7047//3099 7046//3099 7023//3099 7241//3099
f 7243//3100 7157//3100 7240//3100 7239//3100
f 7044//3101 7043//3101 7158//3101 7039//3101
f 7035//3094 7038//3094 7043//3094 7049//3094
f 7159//3093 7024//3093 7046//3093 7045//3093
f 7028//3084 7027//3084 7161//3084 7162//3084
f 7244//3102 7245//3102 7246//3102 7247//3102
f 7052//3063 7248//3063 7167//3063 7053//3063
f 7249//3094 7168//3094 7167//3094 7250//3094
f 7050//3103 7053//3103 7168//3103 7251//3103
f 7252//3041 7253//3041 7254//3041 7255//3041
f 7172//3092 7256//3092 7257//3092 7173//3092
f 7258//3041 7176//3041 7177//3041 7259//3041
f 7007//3063 7260//3063 7174//3063 7008//3063
f 7005//3104 7008//3104 7175//3104 7261//3104
f 7171//3094 7175//3094 7174//3094 7172//3094
f 7179//3093 7177//3093 7064//3093 7063//3093
f 7069//3048 7068//3048 7262//3048 7187//3048
f 7263//3105 7182//3105 7183//3105 7264//3105
f 7263//3050 7265//3050 7266//3050 7182//3050
f 7081//3063 7080//3063 7267//3063 7181//3063
f 7268//3106 7269//3106 7084//3106 7083//3106
f 7270//3107 7183//3107 7070//3107 7073//3107
f 7188//3045 7271//3045 7272//3045 7185//3045
f 7090//3093 7093//3093 7098//3093 7097//3093
f 7107//3063 7106//3063 7273//3063 7189//3063
f 7069//3094 7187//3094 7103//3094 7102//3094
f 7104//3041 7103//3041 7188//3041 7185//3041
f 7099//3084 7098//3084 7108//3084 7107//3084
f 7194//3050 7274//3050 7275//3050 7191//3050
f 7110//3084 7113//3084 7196//3084 7276//3084
f 7115//3092 7114//3092 7277//3092 7197//3092
f 7278//3041 7193//3041 7195//3041 7279//3041
f 7190//3093 7195//3093 7194//3093 7191//3093
f 7198//3094 7196//3094 7116//3094 7115//3094
f 7233//3048 7280//3048 7281//3048 7147//3048
f 7282//3092 7200//3092 6979//3092 7283//3092
f 7122//3108 7284//3108 7285//3108 7123//3108
f 7286//3043 7287//3043 7125//3043 7208//3043 7288//3043 7289//3043 7123//3043 7285//3043 7212//3043 7129//3043 7210//3043 7290//3043 7291//3043 7131//3043
f 6992//3077 6991//3109 7292//3110 7130//3075
f 7293//3111 7294//3111 7295//3112 7296//3112
f 7122//3050 7297//3050 7298//3050 7284//3050
f 7130//3113 7293//3113 7286//3113 7131//3113
f 7284//3114 6981//3114 7212//3114 7285//3114
f 7130//3048 7292//3048 7294//3111 7293//3111
f 7131//3115 7291//3115 6989//3115 6992//3115
f 7123//3085 7289//3085 7055//3085 7124//3085
f 7057//3116 7056//3116 7206//3116 7205//3116
f 7128//3044 7209//3044 7299//3044 7211//3044
f 7300//3117 7301//3117 6990//3117 6989//3117
f 7136//3118 7220//3118 6997//3118 7000//3118
f 7302//3119 7217//3119 7214//3119 7303//3119
f 7304//3048 7303//3048 7214//3048 7213//3048
f 7135//3120 7305//3120 7306//3120 7136//3120
f 7220//3121 7136//3121 7306//3121 7307//3121 7218//3121 7217//3121 7302//3121 7308//3121 7221//3121 7134//3121
f 7133//3122 7219//3122 6998//3122 6997//3122
f 7305//3123 7309//3123 7310//3123 7311//3123
f 7135//3124 7312//3124 7309//3124 7305//3124
f 7313//3125 7314//3125 6994//3125 6993//3125
f 7315//3126 7316//3126 7282//3127 7283//3127
f 7119//3094 7317//3094 6987//3094 6986//3094
f 7132//3093 7120//3093 6985//3093 6977//3093
f 7317//3128 7318//3128 7316//3126 7315//3126
f 7089//3129 7319//3129 7320//3129 7184//3129
f 7321//3130 7085//3130 7084//3130 7322//3130
f 7266//3131 7071//3131 7070//3131 7182//3131
f 7180//3084 7323//3084 7078//3084 7081//3084
f 7087//3132 7268//3132 7083//3132 7088//3132
f 7324//3083 7325//3083 7326//3083 7327//3083
f 7328//3133 7088//3133 7083//3133 7082//3133
f 7329//3134 7330//3134 7079//3061 7078//3061
f 7281//3092 7228//3092 7148//3092 7147//3092
f 7331//3135 7263//3135 7264//3135 7332//3135
f 7181//3094 7333//3094 7334//3094 7180//3094
f 7319//3045 7089//3045 7088//3045 7328//3045
f 7331//3050 7335//3050 7265//3050 7263//3050
f 7181//3048 7267//3048 7336//3048 7333//3048
f 7184//3136 7331//3136 7332//3136 7086//3136
f 7183//3043 7270//3043 7337//3043 7323//3043 7180//3043 7334//3043 7338//3043 7269//3043 7268//3043 7087//3043 7086//3043 7332//3043 7264//3043
f 7184//3050 7320//3050 7335//3050 7331//3050
f 7339//3094 7233//3094 7234//3094 7340//3094
f 7020//3063 7019//3063 7341//3063 7151//3063
f 7339//3048 7342//3048 7280//3048 7233//3048
f 7327//3137 7326//3137 7343//3138 7344//3138
f 7151//3094 7339//3094 7340//3094 7152//3094
f 7151//3048 7341//3048 7342//3048 7339//3048
f 7345//3043 7232//3043 7150//3043 7230//3043 7346//3043 7152//3043 7340//3043 7234//3043 7146//3043 7347//3043 7348//3043 7349//3043
f 7346//3139 7230//3139 7231//3139 7017//3139
f 7349//3041 7348//3041 7075//3041 7324//3041
f 7325//3045 7324//3045 7075//3045 7074//3045
f 7152//3140 7346//3140 7017//3140 7020//3140
f 7197//3041 7350//3041 7351//3041 7198//3041
f 7352//3084 7110//3084 7276//3084 7353//3084
f 7112//3063 7117//3063 7116//3063 7113//3063
f 7197//3045 7277//3045 7354//3045 7350//3045
f 7352//3044 7355//3044 7111//3044 7110//3044
f 7356//3084 7352//3084 7353//3084 7357//3084
f 7356//3044 7358//3044 7355//3044 7352//3044
f 7359//3084 7356//3084 7357//3084 7360//3084
f 7350//3141 7354//3141 7361//3141 7362//3141
f 7359//3044 7363//3044 7358//3044 7356//3044
f 7154//3142 7364//3142 7034//3142 7033//3142
f 7238//3143 7365//3143 7366//3143 7367//3143
f 7163//3094 7368//3094 7029//3094 7028//3094
f 7368//3048 7163//3048 7237//3048 7369//3048
f 7370//3144 7371//3144 7245//3144 7244//3144
f 7250//3048 7372//3048 7059//3048 7058//3048
f 7165//3145 7373//3145 7371//3145 7166//3145
f 7374//3146 7170//3146 7375//3146 7255//3146 7254//3146 7376//3146 7373//3146 7165//3146 7377//3146 7251//3146 7168//3146 7249//3146
f 7169//3147 7378//3147 7375//3147 7170//3147
f 7378//3148 7252//3148 7255//3148 7375//3148
f 7164//3084 7379//3084 7377//3084 7165//3084
f 7379//3149 7050//3149 7251//3149 7377//3149
f 7380//3050 7166//3050 7371//3050 7370//3050
f 7169//3150 7381//3150 7382//3150 7378//3150
f 7378//3151 7382//3151 7383//3151 7252//3151
f 7164//3044 7384//3044 7385//3044 7379//3044
f 7045//3152 7044//3152 7039//3152 7042//3152
f 7386//3153 7005//3153 7261//3153 7387//3153
f 7173//3154 7388//3154 7389//3154 7171//3154
f 7173//3155 7257//3155 7390//3155 7388//3155
f 7178//3156 7391//3156 7392//3157 7386//3157
f 7389//3043 7259//3043 7177//3043 7179//3043 7387//3043 7261//3043 7175//3043 7171//3043
f 7388//3158 7390//3158 7393//3158 7258//3158
f 7178//3159 7386//3159 7387//3159 7179//3159
f 7388//3160 7258//3160 7259//3160 7389//3160
f 7394//3161 7395//3161 7396//3162 7278//3162
f 7063//3052 7062//3052 7391//3052 7178//3052
f 7258//3045 7393//3045 7397//3045 7176//3045
f 7092//3052 7109//3052 7108//3052 7093//3052
f 7398//3163 7399//3163 7067//3163 7066//3163
f 7400//3050 7401//3050 7402//3050 7403//3050
f 7189//3094 7398//3094 7100//3094 7099//3094
f 7189//3048 7273//3048 7399//3048 7398//3048
f 7403//3164 7402//3164 7091//3164 7090//3164
f 7186//3165 7400//3165 7105//3165 7104//3165
f 7186//3166 7404//3166 7401//3166 7400//3166
f 7242//3098 7241//3098 7023//3167 7022//3167
f 7231//3168 7405//3168 7018//3168 7017//3168
f 7406//3169 7407//3169 7408//3169 7235//3169
f 7364//3170 7409//3170 7407//3170 7406//3170
f 7362//3171 7361//3171 7410//3171 7411//3171
f 7192//3044 7412//3044 7413//3044 7414//3044
f 7414//3044 7413//3044 7415//3044 7416//3044
f 7417//3043 7418//3043 7360//3043 7357//3043 7353//3043 7276//3043 7196//3043 7198//3043 7351//3043 7419//3043 7420//3043 7421//3043 7422//3043 7279//3043 7195//3043 7190//3043
f 7192//3084 7414//3084 7417//3084 7190//3084
f 7414//3084 7416//3084 7418//3084 7417//3084
f 7416//3084 7359//3084 7360//3084 7418//3084
f 7411//3041 7423//3041 7421//3041 7420//3041
f 7416//3044 7415//3044 7363//3044 7359//3044
f 7411//3045 7410//3045 7424//3172 7423//3172
f 7423//3172 7424//3172 7395//3173 7394//3173
f 7333//3174 7336//3174 7425//3174 7426//3174
f 7211//3175 7299//3175 7301//3175 7300//3175
f 7427//3045 7124//3045 7055//3045 7054//3045
f 7284//3176 7298//3176 6982//3176 6981//3176
f 7428//3177 7207//3178 7127//3071 7126//3070
f 7124//3068 7427//3179 7297//3180 7122//3066
f 7296//3112 7295//3112 7428//3181 7126//3181
f 7429//3092 7430//3092 7156//3092 7155//3092
f 7153//3083 7431//3083 7432//3083 7154//3083
f 7155//3048 7238//3048 7367//3048 7429//3048
f 7185//3083 7272//3083 7404//3083 7186//3083
f 7262//3092 7271//3092 7188//3092 7187//3092
f 7037//3092 7433//3092 7158//3092 7038//3092
f 7397//3083 7065//3083 7064//3083 7176//3083
f 7434//3083 7274//3083 7194//3083 7193//3083
f 7191//3052 7275//3052 7412//3052 7192//3052
f 7278//3162 7396//3162 7434//3045 7193//3045
f 7435//3083 7222//3083 7141//3083 7140//3083
f 7138//3052 7223//3052 7436//3052 7139//3052
f 7144//3045 7225//3045 7437//3045 7438//3045
f 7439//3052 7201//3052 7121//3052 7120//3052
f 7132//3050 7203//3050 7439//3050 7120//3050
f 7440//3182 7441//3182 7314//3182 7313//3182
f 7000//3052 6999//3052 7312//3052 7135//3052
f 7442//3063 7216//3063 7215//3063 7443//3063
f 7303//3092 7304//3092 7441//3092 7440//3092
f 7311//3044 7310//3044 7442//3044 7443//3044
f 7073//3059 7072//3059 7330//3134 7329//3134
f 7344//3138 7343//3138 7014//3049 7013//3049
f 7426//3183 7425//3183 7321//3183 7322//3183
f 7149//3044 7229//3044 7405//3044 7231//3044
f 7167//3048 7248//3048 7372//3048 7250//3048
f 7226//3045 7444//3045 7435//3045 7140//3045
f 7061//3092 7060//3092 7381//3092 7169//3092
f 7157//3063 7243//3063 7036//3063 7035//3063
f 7445//3083 7247//3083 7246//3083 7253//3083
f 7166//3052 7380//3052 7384//3052 7164//3052
f 7042//3083 7041//3083 7446//3083 7159//3083
f 7252//3045 7383//3045 7445//3045 7253//3045
f 7158//3184 7433//3184 7040//3184 7039//3184
f 7159//3050 7446//3050 7021//3050 7024//3050
f 7447//3043 7224//3043 7143//3043 7145//3043 7448//3043 7227//3043 7142//3043 7137//3043
f 7004//3044 7003//3044 7094//3044 7095//3044
f 7119//3048 7204//3048 7318//3128 7317//3128
f 7139//3044 7436//3044 7002//3044 7001//3044
f 7438//3045 7437//3045 7444//3045 7226//3045
f 7449//3044 7450//3044 7451//3185 7452//3185
f 7174//3048 7260//3048 7256//3048 7172//3048
f 7453//3043 7454//3043 7455//3043 7456//3043 7457//3043 7458//3043 7459//3043 7460//3043
f 7458//3065 7461//3065 7449//3065
f 7462//3078 7463//3078 7457//3078
f 7464//3080 7465//3080 7456//3080
f 7466//3048 7464//3048 7467//3048 7468//3048
f 7463//3050 7469//3050 7470//3050 7461//3050
f 7464//3092 7466//3092 7471//3092 7465//3092
f 7461//3052 7470//3052 7450//3052 7449//3052
f 7458//3093 7457//3093 7463//3093 7461//3093
f 7472//3063 7473//3063 7474//3063 7475//3063
f 7476//3186 7477//3186 7472//3187 7475//3187
f 7449//3084 7452//3084 7459//3084 7458//3084
f 7465//3041 7462//3041 7457//3041 7456//3041
f 7452//3185 7451//3185 7477//3186 7476//3186
f 7478//3083 7469//3083 7463//3083 7462//3083
f 7465//3045 7471//3045 7478//3045 7462//3045
f 7468//3048 7467//3048 7479//3048 7480//3048
f 7481//3188 7482//3188 7483//3189 7484//3189
f 7456//3094 7455//3094 7467//3094 7464//3094
f 7480//3048 7479//3048 7474//3048 7473//3048
f 7485//3190 7486//3190 7482//3188 7481//3188
f 7487//3191 7488//3191 7489//3191 7490//3191
f 7491//3048 7492//3048 7493//3048 7494//3048
f 7495//3078 7496//3078 7497//3078
f 7498//3065 7499//3065 7500//3065
f 7487//3192 7501//3192 7493//3192
f 7494//3193 7502//3193 7484//3193
f 7498//3044 7503//3044 7504//3044 7505//3044
f 7497//3050 7506//3050 7507//3050 7500//3050
f 7484//3194 7483//3194 7491//3194 7494//3194
f 7505//3084 7508//3084 7499//3084 7498//3084
f 7495//3093 7497//3093 7500//3093 7499//3093
f 7502//3195 7494//3195 7493//3195 7501//3195
f 7496//3041 7495//3041 7509//3041 7510//3041
f 7488//3196 7487//3196 7493//3196 7492//3196
f 7505//3197 7504//3197 7486//3197 7485//3197
f 7509//3043 7495//3043 7499//3043 7508//3043 7511//3043 7512//3043 7502//3043 7501//3043 7513//3043
f 7510//3045 7514//3045 7515//3045 7496//3045
f 7496//3083 7515//3083 7506//3083 7497//3083
f 7503//3052 7498//3052 7500//3052 7507//3052
f 7484//3198 7502//3198 7512//3198 7481//3198
f 7490//3199 7489//3199 7514//3199 7510//3199
f 7516//3200 7199//3200 7200//3200 7517//3200
f 7517//3201 7518//3201 7519//3201 7520//3201 7521//3201 7516//3201
f 7235//3050 7408//3050 7522//3050 7160//3050
f 7523//3202 7524//3202 7525//3202 7526//3202 7527//3202 7528//3202 7529//3202 7530//3202 7531//3202 7532//3202
f 7533//3201 7534//3201 7535//3201 7536//3201 7537//3201 7538//3201 7539//3201
f 7236//3044 7162//3044 7161//3044 7540//3044
f 7541//3200 7319//3200 7328//3200 7542//3200
f 7543//3201 7544//3201 7545//3201 7546//3201 7547//3201 7548//3201 7549//3201 7550//3201 7551//3201 7552//3201
f 7520//3203 7204//3203 7202//3203
f 7439//3204 7521//3204 7201//3204
f 7297//3180 7427//3179 7553//3205
f 7554//3206 7207//3178 7428//3177
f 6983//3086 7555//3207 7209//3087
f 7292//3110 6991//3109 7556//3208
f 7199//3209 7516//3209 7203//3209
f 6995//3209 7557//3209 7219//3209
f 7312//3210 6999//3210 7558//3210
f 7559//3204 7436//3204 7223//3204
f 7435//3209 7560//3209 7222//3209
f 7094//3203 7561//3203 7012//3203
f 7009//3211 7562//3211 7225//3211
f 7563//3211 7228//3211 7281//3211
f 7015//3204 7564//3204 7229//3204
f 7341//3203 7019//3203 7565//3203
f 7525//3209 7432//3209 7431//3209
f 7429//3211 7526//3211 7430//3211
f 7036//3203 7243//3203 7534//3203
f 7537//3204 7022//3204 7021//3204
f 7037//3211 7533//3211 7433//3211
f 7446//3209 7041//3209 7538//3209
f 7522//3204 7531//3204 7540//3204
f 7236//3203 7530//3203 7237//3203
f 7384//3204 7380//3204 7566//3204
f 7052//3203 7567//3203 7248//3203
f 7381//3211 7060//3211 7568//3211
f 7569//3211 7257//3211 7256//3211
f 7007//3203 7570//3203 7260//3203
f 7397//3209 7571//3209 7065//3209
f 7062//3204 7572//3204 7391//3204
f 7573//3203 7267//3203 7080//3203
f 7266//3212 7574//3212 7071//3212
f 7541//3213 7320//3213 7319//3213
f 7545//3209 7404//3209 7272//3209
f 7262//3211 7546//3211 7271//3211
f 7092//3204 7551//3204 7109//3204
f 7106//3203 7550//3203 7273//3203
f 7575//3204 7412//3204 7275//3204
f 7434//3209 7576//3209 7274//3209
f 7112//3203 7577//3203 7117//3203
f 7114//3211 7578//3211 7277//3211
f 7520//3214 7202//3214 7201//3214 7521//3214
f 7579//3215 7205//3215 7207//3215 7554//3215
f 7580//3216 7299//3216 7209//3216 7555//3216
f 6982//3217 7581//3217 7555//3217 6983//3217
f 7582//3218 7213//3218 7216//3218 7583//3218
f 7584//3219 6998//3219 7219//3219 7557//3219
f 6994//3200 7585//3200 7557//3200 6995//3200
f 7003//3214 7586//3214 7561//3214 7094//3214
f 7444//3200 7587//3200 7560//3200 7435//3200
f 7559//3220 7223//3220 7222//3220 7560//3220
f 7562//3221 7009//3221 7012//3221 7561//3221
f 7588//3214 7405//3214 7229//3214 7564//3214
f 7014//3220 7589//3220 7564//3220 7015//3220
f 7280//3221 7590//3221 7563//3221 7281//3221
f 7153//3045 7156//3045 7430//3045 7431//3045
f 7408//3222 7532//3222 7531//3222 7522//3222
f 7367//3221 7527//3221 7526//3221 7429//3221
f 7525//3200 7431//3200 7430//3200 7526//3200
f 7536//3223 7242//3223 7022//3223 7537//3223
f 7539//3224 7040//3224 7433//3224 7533//3224
f 7036//3221 7534//3221 7533//3221 7037//3221
f 7446//3220 7538//3220 7537//3220 7021//3220
f 7530//3214 7236//3214 7540//3214 7531//3214
f 7386//3157 7392//3157 7006//3047 7005//3047
f 7591//3221 7372//3221 7248//3221 7567//3221
f 7051//3225 7592//3225 7567//3225 7052//3225
f 7383//3200 7593//3200 7594//3200 7445//3200
f 7393//3200 7595//3200 7571//3200 7397//3200
f 7006//3226 7596//3226 7570//3226 7007//3226
f 7569//3221 7256//3221 7260//3221 7570//3221
f 7572//3220 7062//3220 7065//3220 7571//3220
f 7265//3227 7597//3227 7574//3227 7266//3227
f 7598//3228 7082//3228 7085//3228 7599//3228
f 7600//3229 7072//3229 7071//3229 7574//3229
f 7091//3220 7552//3220 7551//3220 7092//3220
f 7068//3221 7547//3221 7546//3221 7262//3221
f 7545//3200 7272//3200 7271//3200 7546//3200
f 7550//3214 7106//3214 7109//3214 7551//3214
f 7111//3214 7601//3214 7577//3214 7112//3214
f 7396//3200 7602//3200 7576//3200 7434//3200
f 7575//3220 7275//3220 7274//3220 7576//3220
f 7578//3221 7114//3221 7117//3221 7577//3221
f 7297//3230 7553//3230 7603//3230 7298//3230
f 7604//3201 7556//3201 7605//3201 7606//3201 7580//3201 7555//3201 7581//3201 7603//3201 7553//3201 7607//3201 7608//3201 7579//3201 7554//3201 7609//3201
f 7292//3231 7556//3231 7604//3231 7294//3231
f 7298//3232 7603//3232 7581//3232 6982//3232
f 7556//3233 6991//3233 6990//3233 7605//3233
f 7553//3215 7427//3215 7054//3215 7607//3215
f 7558//3234 6999//3234 6998//3234 7584//3234
f 7610//3235 7304//3235 7213//3235 7582//3235
f 7312//3236 7558//3236 7611//3236 7309//3236
f 7584//3237 7557//3237 7585//3237 7612//3237 7610//3237 7582//3237 7583//3237 7613//3237 7611//3237 7558//3237
f 7204//3221 7520//3221 7519//3221 7318//3221
f 7203//3220 7516//3220 7521//3220 7439//3220
f 7573//3214 7080//3214 7079//3214 7614//3214
f 7542//3238 7328//3238 7082//3238 7598//3238
f 7335//3239 7615//3239 7597//3239 7265//3239
f 7267//3221 7573//3221 7616//3221 7336//3221
f 7320//3240 7541//3240 7615//3240 7335//3240
f 7574//3201 7597//3201 7615//3201 7541//3201 7542//3201 7598//3201 7599//3201 7617//3201 7616//3201 7573//3201 7614//3201 7618//3201 7600//3201
f 7342//3221 7619//3221 7590//3221 7280//3221
f 7341//3221 7565//3221 7619//3221 7342//3221
f 7620//3201 7621//3201 7622//3201 7623//3201 7563//3201 7590//3201 7619//3201 7565//3201 7624//3201 7588//3201 7564//3201 7589//3201
f 7624//3241 7018//3241 7405//3241 7588//3241
f 7621//3200 7325//3200 7074//3200 7622//3200
f 7565//3242 7019//3242 7018//3242 7624//3242
f 7277//3200 7578//3200 7625//3200 7354//3200
f 7355//3214 7626//3214 7601//3214 7111//3214
f 7358//3214 7627//3214 7626//3214 7355//3214
f 7363//3214 7628//3214 7627//3214 7358//3214
f 7432//3243 7525//3243 7524//3243 7409//3243
f 7522//3052 7540//3052 7161//3052 7160//3052
f 7154//3244 7432//3244 7409//3244 7364//3244
f 7237//3221 7530//3221 7529//3221 7369//3221
f 7368//3245 7369//3245 7366//3245 7365//3245
f 7566//3246 7380//3246 7370//3246 7629//3246
f 7630//3247 7591//3247 7567//3247 7592//3247 7631//3247 7566//3247 7629//3247 7632//3247 7594//3247 7593//3247 7633//3247 7568//3247
f 7381//3248 7568//3248 7633//3248 7382//3248
f 7382//3249 7633//3249 7593//3249 7383//3249
f 7384//3214 7566//3214 7631//3214 7385//3214
f 7385//3250 7631//3250 7592//3250 7051//3250
f 7538//3251 7041//3251 7040//3251 7539//3251
f 7392//3252 7634//3252 7596//3252 7006//3252
f 7257//3253 7569//3253 7635//3253 7390//3253
f 7635//3201 7569//3201 7570//3201 7596//3201 7634//3201 7572//3201 7571//3201 7595//3201
f 7391//3254 7572//3254 7634//3254 7392//3254
f 7390//3255 7635//3255 7595//3255 7393//3255
f 7273//3221 7550//3221 7549//3221 7399//3221
f 7404//3256 7545//3256 7544//3256 7401//3256
f 7636//3201 7575//3201 7576//3201 7602//3201 7637//3201 7638//3201 7639//3201 7640//3201 7625//3201 7578//3201 7577//3201 7601//3201 7626//3201 7627//3201 7628//3201 7641//3201
f 7412//3214 7575//3214 7636//3214 7413//3214
f 7413//3214 7636//3214 7641//3214 7415//3214
f 7415//3214 7641//3214 7628//3214 7363//3214
f 7410//3200 7639//3200 7638//3200 7424//3200
f 7379//3257 7385//3257 7051//3257 7050//3257
f 7642//3201 7559//3201 7560//3201 7587//3201 7643//3201 7562//3201 7561//3201 7586//3201
f 7644//3201 7645//3201 7646//3201 7647//3201 7648//3201 7649//3201 7650//3201 7651//3201
f 7647//3204 7450//3204 7470//3204
f 7478//3209 7648//3209 7469//3209
f 7466//3211 7649//3211 7471//3211
f 7647//3220 7470//3220 7469//3220 7648//3220
f 7450//3214 7647//3214 7646//3214 7451//3214
f 7471//3200 7649//3200 7648//3200 7478//3200
f 7649//3221 7466//3221 7468//3221 7650//3221
f 7652//3209 7506//3209 7515//3209
f 7503//3204 7507//3204 7653//3204
f 7488//3258 7492//3258 7654//3258
f 7491//3259 7483//3259 7655//3259
f 7504//3214 7503//3214 7653//3214 7656//3214
f 7652//3220 7653//3220 7507//3220 7506//3220
f 7655//3260 7654//3260 7492//3260 7491//3260
f 7515//3200 7514//3200 7657//3200 7652//3200
f 7657//3201 7658//3201 7654//3201 7655//3201 7659//3201 7660//3201 7656//3201 7653//3201 7652//3201
f 7483//3261 7482//3261 7659//3261 7655//3261
usemtl Wall_Medium.007
f 7661//3048 7662//3048 7663//3048 7664//3048
f 7665//3044 7666//3044 7667//3044 7668//3044
f 7669//3044 7670//3044 7671//3044 7672//3044
f 7673//3048 7674//3048 7675//3048 7676//3048
f 7677//3048 7678//3048 7679//3048 7680//3048
f 7681//3262 7682//3262 7683//3263 7684//3263
f 7685//3044 7686//3044 7687//3044 7688//3044
f 7689//3045 7690//3045 7691//3045 7692//3045
f 7693//3050 7694//3050 7695//3050 7696//3050
f 7697//3044 7698//3044 7699//3044 7700//3044
f 7701//3264 7702//3264 7703//3264 7704//3264
f 7705//3044 7706//3044 7666//3044 7665//3044
f 7707//3048 7708//3048 7709//3048 7710//3048
f 7711//3044 7712//3044 7706//3044 7705//3044
f 7713//3048 7714//3048 7715//3048 7716//3048
f 7717//3065 7718//3065 7669//3065
f 7719//3078 7720//3078 7721//3078
f 7672//3064 7679//3064 7722//3064
f 7662//3080 7723//3080 7724//3080
f 7725//3080 7676//3080 7726//3080
f 7688//3064 7673//3064 7727//3064
f 7692//3078 7695//3078 7728//3078
f 7694//3065 7729//3065 7730//3065
f 7731//3065 7732//3065 7697//3065
f 7733//3078 7734//3078 7735//3078
f 7704//3193 7709//3193 7736//3193
f 7708//3192 7737//3192 7738//3192
f 7739//3065 7740//3065 7711//3065
f 7741//3078 7742//3078 7743//3078
f 7668//3064 7715//3064 7744//3064
f 7745//3080 7746//3080 7747//3080
f 7748//3050 7749//3050 7750//3050 7718//3050
f 7669//3084 7672//3084 7722//3084 7717//3084
f 7662//3092 7661//3092 7751//3092 7723//3092
f 7723//3041 7719//3041 7721//3041 7724//3041
f 7752//3093 7721//3093 7720//3093 7753//3093
f 7754//3265 7722//3265 7679//3265 7678//3265
f 7676//3092 7675//3092 7755//3092 7726//3092
f 7689//3041 7692//3266 7728//3266 7756//3041
f 7687//3063 7674//3063 7673//3063 7688//3063
f 7685//3084 7688//3084 7727//3084 7757//3084
f 7725//3094 7727//3094 7673//3094 7676//3094
f 7730//3093 7728//3093 7695//3093 7694//3093
f 7758//3045 7759//3045 7760//3045 7733//3045
f 7734//3050 7761//3050 7762//3050 7732//3050
f 7708//3196 7707//3196 7763//3196 7737//3196
f 7758//3266 7733//3266 7735//3266 7764//3266
f 7731//3093 7735//3093 7734//3093 7732//3093
f 7738//3195 7736//3195 7709//3195 7708//3195
f 7765//3267 7766//3267 7767//3267 7740//3267
f 7745//3092 7768//3092 7769//3092 7746//3092
f 7746//3041 7741//3041 7743//3041 7747//3041
f 7667//3063 7716//3063 7715//3063 7668//3063
f 7770//3094 7744//3094 7715//3094 7714//3094
f 7747//3094 7771//3094 7772//3094 7745//3094
f 7742//3050 7773//3050 7774//3050 7775//3050
f 7743//3043 7776//3043 7777//3043 7739//3043 7778//3043 7779//3043 7744//3043 7770//3043 7780//3043 7771//3043 7747//3043
f 7781//3268 7782//3268 7686//3268 7685//3268
f 7783//3269 7754//3269 7678//3269 7784//3269
f 7664//3048 7663//3048 7784//3048 7785//3048
f 7752//3043 7786//3043 7717//3043 7722//3043 7754//3043 7783//3043 7787//3043 7724//3043 7721//3043
f 7785//3048 7784//3048 7678//3048 7677//3048
f 7737//3270 7763//3270 7682//3262 7681//3262
f 7726//3271 7755//3271 7788//3271 7789//3271
f 7789//3272 7788//3272 7790//3272 7791//3272
f 7729//3045 7792//3045 7793//3045 7794//3045
f 7729//3273 7794//3273 7795//3273 7730//3273
f 7791//3045 7790//3045 7690//3045 7689//3045
f 7796//3043 7797//3043 7756//3043 7728//3043 7730//3043 7795//3043 7798//3043 7757//3043 7727//3043 7725//3043
f 7791//3041 7689//3041 7756//3041 7797//3041
f 7697//3084 7700//3084 7799//3084 7731//3084
f 7703//3194 7710//3194 7709//3194 7704//3194
f 7684//3274 7683//3274 7759//3274 7758//3274
f 7799//3043 7800//3043 7736//3043 7738//3043 7801//3043 7802//3043 7764//3043 7735//3043 7731//3043
f 7691//3083 7696//3083 7695//3083 7692//3083
f 7803//3275 7804//3275 7714//3275 7713//3275
f 7732//3052 7762//3052 7698//3052 7697//3052
f 7760//3083 7761//3083 7734//3083 7733//3083
f 7794//3276 7793//3276 7782//3276 7781//3276
f 7720//3050 7805//3050 7806//3050 7753//3050
f 7753//3050 7806//3050 7749//3050 7748//3050
f 7671//3063 7680//3063 7679//3063 7672//3063
f 7807//3083 7805//3083 7720//3083 7719//3083
f 7718//3052 7750//3052 7670//3052 7669//3052
f 7723//3045 7751//3045 7807//3045 7719//3045
f 7808//3277 7772//3277 7804//3277 7803//3277
f 7768//3048 7745//3048 7772//3048 7808//3048
f 7775//3278 7774//3278 7766//3278 7765//3278
f 7809//3083 7773//3083 7742//3083 7741//3083
f 7740//3052 7767//3052 7712//3052 7711//3052
f 7746//3045 7769//3045 7809//3045 7741//3045
f 7737//3279 7681//3279 7801//3279 7738//3279
f 7700//3280 7699//3280 7702//3280 7701//3280
f 7776//3093 7743//3093 7742//3093 7775//3093
f 7711//3104 7705//3104 7778//3104 7739//3104
f 7810//3204 7670//3204 7750//3204
f 7807//3209 7811//3209 7805//3209
f 7671//3203 7812//3203 7680//3203
f 7661//3211 7813//3211 7751//3211
f 7814//3211 7755//3211 7675//3211
f 7687//3203 7815//3203 7674//3203
f 7691//3209 7816//3209 7696//3209
f 7693//3204 7817//3204 7792//3204
f 7818//3204 7698//3204 7762//3204
f 7760//3209 7819//3209 7761//3209
f 7703//3259 7820//3259 7710//3259
f 7707//3258 7821//3258 7763//3258
f 7822//3204 7712//3204 7767//3204
f 7809//3209 7823//3209 7773//3209
f 7667//3203 7824//3203 7716//3203
f 7768//3211 7825//3211 7769//3211
f 7670//3214 7810//3214 7812//3214 7671//3214
f 7751//3200 7813//3200 7811//3200 7807//3200
f 7826//3220 7806//3220 7805//3220 7811//3220
f 7827//3281 7677//3281 7680//3281 7812//3281
f 7690//3200 7828//3200 7816//3282 7691//3282
f 7686//3226 7829//3226 7815//3226 7687//3226
f 7814//3221 7675//3221 7674//3221 7815//3221
f 7817//3220 7693//3220 7696//3220 7816//3220
f 7759//3282 7830//3282 7819//3282 7760//3282
f 7818//3220 7762//3220 7761//3220 7819//3220
f 7821//3260 7707//3260 7710//3260 7820//3260
f 7769//3200 7825//3200 7823//3200 7809//3200
f 7831//3221 7713//3221 7716//3221 7824//3221
f 7825//3221 7768//3221 7808//3221 7832//3221
f 7823//3201 7825//3201 7832//3201 7833//3201 7831//3201 7824//3201 7834//3201 7835//3201 7822//3201 7836//3201 7837//3201
f 7838//3283 7785//3283 7677//3283 7827//3283
f 7826//3201 7811//3201 7813//3201 7839//3201 7838//3201 7827//3201 7812//3201 7810//3201 7840//3201
f 7792//3284 7817//3284 7841//3284 7793//3284
f 7842//3201 7814//3201 7815//3201 7829//3201 7843//3201 7841//3201 7817//3201 7816//3201 7828//3201 7844//3201
f 7790//3200 7844//3200 7828//3200 7690//3200
f 7698//3214 7818//3214 7845//3214 7699//3214
f 7845//3201 7818//3201 7819//3201 7830//3201 7846//3201 7847//3201 7821//3201 7820//3201 7848//3201
f 7763//3285 7821//3285 7847//3285 7682//3285
f 7837//3220 7774//3220 7773//3220 7823//3220
f 7712//3226 7822//3226 7835//3226 7706//3226
f 7694//3052 7693//3052 7792//3052 7729//3052
usemtl Wall_Highlights.007
f 7283//3080 6979//3080 6978//3080
f 7440//3080 7302//3080 7303//3080
f 7218//3064 7443//3064 7215//3064
f 7327//3078 7349//3078 7324//3078
f 7254//3078 7253//3078 7246//3078
f 7322//3286 7084//3286 7269//3286
f 7315//3287 7283//3287 6978//3287 6988//3287
f 7296//3288 7126//3288 7125//3288 7287//3288
f 7311//3084 7443//3084 7218//3084 7307//3084
f 7347//3289 7146//3289 7148//3289 7076//3289
f 7376//3290 7254//3290 7246//3290 7245//3290
f 7426//3291 7322//3291 7269//3291 7338//3291
f 7701//3292 7704//3292 7736//3292 7800//3292
f 7665//3293 7668//3293 7744//3293 7779//3293
f 7293//3294 7296//3294 7287//3294 7286//3294
f 7290//3295 7210//3295 7211//3295 7300//3295
f 7288//3296 7208//3296 7206//3296 7056//3296
f 7289//3297 7288//3297 7056//3297 7055//3297
f 7291//3298 7290//3298 7300//3298 6989//3298
f 7305//3299 7311//3299 7307//3299 7306//3299
f 7313//3300 6993//3300 7221//3300 7308//3300
f 7440//3301 7313//3301 7308//3301 7302//3301
f 7317//3302 7315//3302 6988//3302 6987//3302
f 7771//3303 7780//3303 7804//3303 7772//3303
f 7780//3304 7770//3304 7714//3304 7804//3304
f 7739//3305 7777//3305 7765//3305 7740//3305
f 7777//3306 7776//3306 7775//3306 7765//3306
f 7323//3307 7337//3307 7329//3307 7078//3307
f 7333//3308 7426//3308 7338//3308 7334//3308
f 7327//3309 7344//3309 7345//3309 7349//3309
f 7344//3310 7013//3310 7232//3310 7345//3310
f 7348//3311 7347//3311 7076//3311 7075//3311
f 7787//3312 7783//3312 7784//3312 7663//3312
f 7786//3313 7752//3313 7753//3313 7748//3313
f 7717//3314 7786//3314 7748//3314 7718//3314
f 7724//3315 7787//3315 7663//3315 7662//3315
f 7350//3316 7362//3316 7419//3316 7351//3316
f 7362//3317 7411//3317 7420//3317 7419//3317
f 7365//3318 7238//3318 7031//3318 7030//3318
f 7406//3319 7235//3319 7026//3319 7025//3319
f 7170//3320 7374//3320 7058//3320 7061//3320
f 7373//3321 7376//3321 7245//3321 7371//3321
f 7374//3322 7249//3322 7250//3322 7058//3322
f 7049//3323 7048//3323 7240//3323 7157//3323
f 7781//3324 7685//3324 7757//3324 7798//3324
f 7726//3325 7789//3325 7796//3325 7725//3325
f 7794//3326 7781//3326 7798//3326 7795//3326
f 7789//3327 7791//3327 7797//3327 7796//3327
f 7398//3328 7066//3328 7101//3328 7100//3328
f 7400//3329 7403//3329 7096//3329 7105//3329
f 7403//3330 7090//3330 7097//3330 7096//3330
f 7066//3331 7069//3331 7102//3331 7101//3331
f 7684//3332 7758//3332 7764//3332 7802//3332
f 7681//3333 7684//3333 7802//3333 7801//3333
f 7700//3334 7701//3334 7800//3334 7799//3334
f 7364//3335 7406//3335 7025//3335 7034//3335
f 7368//3336 7365//3336 7030//3336 7029//3336
f 7423//3337 7394//3337 7422//3337 7421//3337
f 7394//3338 7278//3338 7279//3338 7422//3338
f 7337//3339 7270//3339 7073//3339 7329//3339
f 7048//3340 7047//3340 7241//3340 7240//3340
f 7438//3341 7226//3341 7227//3341 7448//3341
f 7139//3342 7001//3342 7447//3342 7137//3342
f 7144//3343 7438//3343 7448//3343 7145//3343
f 7001//3344 7004//3344 7224//3344 7447//3344
f 7705//3345 7665//3345 7779//3345 7778//3345
f 7454//3346 7453//3346 7474//3346 7479//3346
f 7475//3064 7474//3064 7453//3064
f 7476//3347 7475//3347 7453//3347 7460//3347
f 7452//3348 7476//3348 7460//3348 7459//3348
f 7455//3349 7454//3349 7479//3349 7467//3349
f 7490//3350 7513//3350 7501//3350 7487//3350
f 7485//3351 7511//3351 7508//3351 7505//3351
f 7481//3352 7512//3352 7511//3352 7485//3352
f 7510//3353 7509//3353 7513//3353 7490//3353
f 7282//3211 7517//3211 7200//3211
f 7441//3211 7304//3211 7610//3211
f 7583//3203 7216//3203 7442//3203
f 7326//3209 7325//3209 7621//3209
f 7594//3209 7247//3209 7445//3209
f 7321//3354 7599//3354 7085//3354
f 7316//3355 7518//3355 7517//3355 7282//3355
f 7295//3356 7609//3356 7554//3356 7428//3356
f 7310//3214 7613//3214 7583//3214 7442//3214
f 7623//3357 7077//3357 7228//3357 7563//3357
f 7632//3358 7244//3358 7247//3358 7594//3358
f 7425//3359 7617//3359 7599//3359 7321//3359
f 7702//3360 7848//3360 7820//3360 7703//3360
f 7666//3361 7834//3361 7824//3361 7667//3361
f 7294//3362 7604//3362 7609//3362 7295//3362
f 7606//3363 7301//3363 7299//3363 7580//3363
f 7608//3364 7057//3364 7205//3364 7579//3364
f 7607//3365 7054//3365 7057//3365 7608//3365
f 7605//3366 6990//3366 7301//3366 7606//3366
f 7309//3367 7611//3367 7613//3367 7310//3367
f 7314//3368 7612//3368 7585//3368 6994//3368
f 7441//3369 7610//3369 7612//3369 7314//3369
f 7318//3370 7519//3370 7518//3370 7316//3370
f 7832//3371 7808//3371 7803//3371 7833//3371
f 7833//3372 7803//3372 7713//3372 7831//3372
f 7822//3373 7767//3373 7766//3373 7836//3373
f 7836//3374 7766//3374 7774//3374 7837//3374
f 7614//3375 7079//3375 7330//3375 7618//3375
f 7336//3376 7616//3376 7617//3376 7425//3376
f 7326//3377 7621//3377 7620//3377 7343//3377
f 7343//3378 7620//3378 7589//3378 7014//3378
f 7622//3379 7074//3379 7077//3379 7623//3379
f 7839//3380 7664//3380 7785//3380 7838//3380
f 7840//3381 7749//3381 7806//3381 7826//3381
f 7810//3382 7750//3382 7749//3382 7840//3382
f 7813//3383 7661//3383 7664//3383 7839//3383
f 7354//3384 7625//3384 7640//3384 7361//3384
f 7361//3385 7640//3385 7639//3385 7410//3385
f 7366//3386 7528//3386 7527//3386 7367//3386
f 7407//3387 7523//3387 7532//3387 7408//3387
f 7568//3388 7060//3388 7059//3388 7630//3388
f 7629//3389 7370//3389 7244//3389 7632//3389
f 7630//3390 7059//3390 7372//3390 7591//3390
f 7534//3391 7243//3391 7239//3391 7535//3391
f 7782//3392 7843//3392 7829//3392 7686//3392
f 7755//3393 7814//3393 7842//3393 7788//3393
f 7793//3394 7841//3394 7843//3394 7782//3394
f 7788//3395 7842//3395 7844//3395 7790//3395
f 7399//3396 7549//3396 7548//3396 7067//3396
f 7401//3397 7544//3397 7543//3397 7402//3397
f 7402//3398 7543//3398 7552//3398 7091//3398
f 7067//3399 7548//3399 7547//3399 7068//3399
f 7683//3400 7846//3400 7830//3400 7759//3400
f 7682//3401 7847//3401 7846//3401 7683//3401
f 7699//3402 7845//3402 7848//3402 7702//3402
f 7409//3403 7524//3403 7523//3403 7407//3403
f 7369//3404 7529//3404 7528//3404 7366//3404
f 7424//3405 7638//3405 7637//3405 7395//3405
f 7395//3406 7637//3406 7602//3406 7396//3406
f 7618//3407 7330//3407 7072//3407 7600//3407
f 7535//3408 7239//3408 7242//3408 7536//3408
f 7437//3409 7643//3409 7587//3409 7444//3409
f 7436//3410 7559//3410 7642//3410 7002//3410
f 7225//3411 7562//3411 7643//3411 7437//3411
f 7002//3412 7642//3412 7586//3412 7003//3412
f 7706//3413 7835//3413 7834//3413 7666//3413
f 7651//3414 7480//3414 7473//3414 7644//3414
f 7472//3203 7644//3203 7473//3203
f 7477//3415 7645//3415 7644//3415 7472//3415
f 7451//3416 7646//3416 7645//3416 7477//3416
f 7650//3417 7468//3417 7480//3417 7651//3417
f 7489//3418 7488//3418 7654//3418 7658//3418
f 7486//3419 7504//3419 7656//3419 7660//3419
f 7482//3420 7486//3420 7660//3420 7659//3420
f 7514//3421 7489//3421 7658//3421 7657//3421
o Floor_Modular_Cube.001
v 0.433881 -0.002548 0.435211
v 0.433881 -0.188798 0.435211
v 0.414881 -0.188798 0.416211
v 0.414881 -0.002548 0.416211
v 0.427122 -0.189447 0.584240
v 0.446122 -0.189447 0.603240
v 0.446122 -0.001899 0.603240
v 0.427122 -0.001899 0.584240
v 0.786383 -0.000875 0.601409
v 0.786383 -0.190472 0.601409
v 0.448063 -0.190471 0.600030
v 0.448063 -0.000875 0.600030
v 0.414881 0.008212 0.878094
v 0.414881 0.008212 0.980603
v 0.433881 -0.002548 0.980603
v 0.433881 -0.002548 0.878094
v 0.429063 -0.000875 0.831779
v 0.429063 -0.190471 0.831779
v 0.429063 -0.190471 0.980066
v 0.429063 -0.000875 0.980066
v 0.406800 0.008212 0.849592
v 0.425800 -0.002548 0.849592
v -0.997333 -0.011948 0.709718
v -0.997333 -0.179398 0.709718
v -0.997333 -0.179398 0.831878
v -0.997333 -0.011948 0.831878
v 0.427122 -0.001899 0.317555
v 0.427122 -0.189447 0.317555
v 0.427122 -0.189447 0.365993
v 0.427122 -0.001899 0.365993
v 0.975401 -0.189448 0.603240
v 0.975401 -0.001899 0.603240
v -0.163392 0.018731 -0.133322
v -0.163392 -0.210077 -0.133322
v -0.143434 -0.210077 -0.131400
v -0.143434 0.018731 -0.131400
v 0.094742 -0.000875 -0.131658
v 0.094742 -0.190471 -0.131658
v -0.244270 -0.190471 -0.131658
v -0.244270 -0.000875 -0.131658
v -0.255189 -0.000875 -0.016188
v -0.255189 -0.190471 -0.016188
v -0.263270 -0.190471 0.398193
v -0.263270 -0.000875 0.398193
v -0.981930 -0.190470 -0.999972
v -0.997333 -0.190470 -0.981520
v -0.997333 -0.000875 -0.981520
v -0.981929 -0.000875 -0.999972
v -0.997333 -0.190470 -0.700137
v -0.997333 -0.000875 -0.700137
v -0.981930 -0.000875 -0.348485
v -0.981930 -0.190471 -0.348485
v -0.269438 -0.190471 -0.348485
v -0.269438 -0.000875 -0.348485
v -0.247827 -0.000875 -0.617153
v -0.247827 -0.190471 -0.617153
v -0.250438 -0.190471 -0.981520
v -0.250438 -0.000875 -0.981520
v -0.269438 0.009885 -0.367485
v -0.277669 0.009885 -0.617153
v -0.269438 0.009885 -0.981520
v -0.981930 0.009885 -0.981520
v -0.977804 0.009885 -0.700137
v -0.967923 0.009885 -0.617153
v -0.981930 0.009885 -0.367485
v -0.249890 -0.013603 -0.705776
v -0.249890 -0.177743 -0.705776
v -0.258843 -0.177743 -0.436509
v -0.258843 -0.013603 -0.436509
v -0.030496 -0.013603 -0.417509
v -0.030496 -0.177743 -0.417509
v 0.417449 -0.177743 -0.417509
v 0.417449 -0.013603 -0.417509
v 0.429244 -0.190471 -0.044691
v 0.429245 -0.000875 -0.044691
v 0.427784 -0.000875 0.007156
v 0.427784 -0.190471 0.007156
v -0.813467 0.011044 -0.352362
v -0.813468 -0.202389 -0.352362
v -0.980827 -0.202389 -0.352362
v -0.980826 0.011044 -0.352362
v -0.258843 -0.013603 -0.791744
v -0.258843 -0.177743 -0.791744
v -0.813468 -0.202389 0.135551
v -0.813468 0.011044 0.135551
v -0.980826 0.011044 0.146072
v -0.980827 -0.202389 0.146072
v -0.277478 0.021804 0.127072
v -0.753691 0.021804 0.127072
v -0.753691 0.011044 0.146072
v -0.277478 0.011044 0.146072
v -0.062354 0.018731 -0.421082
v -0.062354 -0.210077 -0.421082
v -0.238775 -0.210077 -0.421082
v -0.238775 0.018731 -0.421082
v -0.020014 0.029491 -0.377765
v -0.062354 0.029491 -0.402082
v -0.238775 0.029491 -0.402082
v -0.238775 0.029491 -0.150400
v -0.219909 0.029491 -0.150400
v -0.163392 0.029491 -0.165365
v -0.143434 0.029491 -0.150400
v 0.407769 0.029491 -0.150400
v 0.407769 0.029491 -0.402082
v 0.014121 0.029491 -0.393610
v -0.257775 -0.210077 -0.150400
v -0.257775 0.018731 -0.150400
v -0.257775 0.018731 -0.402082
v -0.257775 -0.210077 -0.402082
v -0.211756 0.008212 0.826247
v -0.230611 0.008212 0.435211
v -0.253627 -0.002548 0.435211
v -0.252167 -0.002548 0.826247
v -0.132853 -0.002548 1.000606
v -0.132853 -0.188798 1.000606
v -0.038649 -0.188798 1.000606
v -0.038649 -0.002548 1.000606
v 0.978348 -0.000875 0.600030
v 0.990922 0.006100 0.612938
v 1.007484 -0.000875 0.619030
v 0.990922 0.006100 0.986158
v 0.978348 -0.000875 1.000606
v 1.007484 -0.000875 0.980066
v 0.429063 -0.000875 0.619030
v 0.449473 0.006100 0.612938
v 0.448063 -0.000875 1.000606
v 0.449473 0.006100 0.986158
v -0.038649 0.008212 0.980603
v -0.132853 0.008212 0.963543
v -0.230611 -0.002548 1.000606
v -0.230611 0.008212 0.980603
v -0.230611 0.008212 0.878094
v -0.253628 -0.002548 0.878094
v 0.446122 0.008861 0.083098
v 0.446122 -0.001899 0.064098
v 0.427122 -0.001899 0.083098
v 1.007484 -0.001899 0.083098
v 0.975401 -0.001899 0.064098
v 0.975401 0.008861 0.083098
v 0.446122 0.008861 0.584240
v 1.007484 -0.001899 0.584240
v 0.975401 0.008861 0.584240
v 0.410244 -0.000875 -0.131658
v 0.410244 0.009885 -0.112658
v 0.429245 -0.000875 -0.112658
v 0.410244 0.009885 0.398193
v 0.410244 -0.000875 0.417193
v 0.429244 -0.000875 0.398193
v -0.263270 -0.000875 -0.112658
v -0.244270 0.009885 -0.112658
v -0.244270 -0.000875 0.417193
v -0.244270 0.009885 0.398193
v -0.997333 -0.000875 -0.367485
v -0.250438 -0.000875 -0.367485
v -0.269438 -0.000875 -0.999972
v -0.258843 -0.013603 -0.983084
v -0.239843 -0.002843 -0.983084
v -0.239843 -0.013603 -0.999972
v 0.415412 -0.002844 -0.983084
v 0.434412 -0.013603 -0.983084
v 0.415412 -0.013603 -0.999972
v -0.239843 -0.013603 -0.417509
v -0.239843 -0.002843 -0.436509
v 0.434412 -0.013603 -0.436509
v 0.415412 -0.002843 -0.436509
v -0.980826 0.021804 -0.333362
v -0.997333 0.011044 -0.333362
v -0.254936 0.011044 -0.333362
v -0.277478 0.011044 -0.352362
v -0.277478 0.021804 -0.333362
v -0.997333 0.011044 0.127615
v -0.980826 0.021804 0.127072
v -0.254936 0.011044 0.127072
v 0.426769 0.018731 -0.402082
v 0.407769 0.018731 -0.421082
v 0.407769 0.018731 -0.131400
v 0.426769 0.018731 -0.150400
v -0.238775 0.018731 -0.131400
v 0.433881 -0.188799 0.878094
v 0.425800 -0.188798 0.849592
v 0.414881 -0.002548 1.000606
v -0.144647 -0.002548 0.416211
v -0.144647 -0.188798 0.416211
v -0.189467 -0.188798 0.416211
v -0.189467 -0.002548 0.416211
v 0.414881 0.008212 0.435211
v -0.230611 -0.002548 0.416211
v -0.189467 0.008212 0.435211
v 1.007484 -0.190472 0.835520
v 1.007484 -0.000875 0.835520
v 1.007484 -0.190472 0.980066
v 0.990922 0.006100 0.836463
v 0.429063 -0.190471 0.619030
v 0.449473 0.006100 0.737486
v 0.429063 -0.000875 0.739948
v 0.792118 0.006100 0.624096
v 0.903989 -0.000875 1.000606
v 0.913914 0.006100 0.963523
v 1.007484 -0.190472 0.745964
v 1.007484 -0.000875 0.745964
v 1.007484 -0.000875 0.809059
v 1.007484 -0.190472 0.809059
v 0.414881 -0.188799 1.000606
v 0.433881 -0.188799 0.980603
v 0.975401 -0.189448 0.064098
v 0.446122 -0.189447 0.064098
v 0.446122 0.008861 0.365993
v 1.007484 -0.189448 0.584240
v 1.007484 -0.001899 0.402971
v 0.975401 0.008861 0.402971
v 0.429244 -0.190471 0.398193
v 0.391389 0.009885 0.007156
v -0.263270 -0.190471 -0.112658
v -0.244270 0.009885 -0.044691
v -0.263270 -0.000875 -0.044691
v 0.094742 0.009885 -0.112658
v 0.245560 -0.000875 0.417193
v 0.245560 0.009885 0.398193
v -0.997333 -0.190470 -0.617153
v -0.997333 -0.000875 -0.617153
v -0.997333 -0.190470 -0.367485
v -0.055581 -0.177743 -0.999972
v -0.055581 -0.013603 -0.999972
v 0.415412 -0.177743 -0.999972
v -0.042224 -0.004122 -0.967473
v -0.239843 -0.177743 -0.417509
v -0.109649 -0.002843 -0.436509
v -0.109649 -0.013603 -0.417509
v -0.230890 -0.002843 -0.705776
v 0.434412 -0.013603 -0.887199
v 0.415412 -0.002844 -0.887199
v 0.407769 -0.210077 -0.131400
v -0.997333 0.011044 -0.060614
v -0.960624 0.021804 -0.060071
v -0.254936 0.011044 -0.244567
v -0.277478 0.021804 -0.244567
v -0.254936 -0.202390 -0.244567
v -0.254936 -0.202390 -0.333362
v -0.997333 -0.202389 -0.333362
v -0.813467 0.021804 0.105429
v -0.555721 0.021804 -0.330690
v -0.555721 0.011044 -0.352015
v 0.426769 -0.210077 -0.150400
v 0.426769 -0.210077 -0.402082
v -0.238775 -0.210077 -0.131400
v 0.245560 -0.190471 0.417193
v 0.410244 -0.190471 0.417193
v -0.253628 -0.188798 0.980603
v -0.253628 -0.002548 0.980603
v -0.253628 -0.188798 0.878094
v 0.786383 -0.000875 1.000606
v 0.792118 0.006100 0.986158
v 0.903989 -0.000875 0.600030
v 0.913914 0.006100 0.612938
v 0.972325 0.006100 0.809059
v 0.990922 0.006100 0.743716
v 0.468845 0.006100 0.764890
v 0.449473 0.006100 0.832588
v 0.448063 -0.190471 1.000606
v 0.786383 -0.190472 1.000606
v 0.903989 -0.190472 1.000606
v 0.978348 -0.190472 0.600030
v 0.903989 -0.190472 0.600030
v 0.432658 -0.000875 0.766410
v 0.429063 -0.190471 0.739948
v 0.432658 -0.190471 0.766410
v -0.252167 -0.188798 0.826247
v -0.253627 -0.188798 0.435211
v -0.277478 -0.202390 -0.352362
v -0.555721 -0.202390 -0.352015
v -0.230611 -0.188798 0.416211
v -0.144647 0.008212 0.435211
v -0.230611 -0.188798 1.000606
v -0.277478 -0.202390 0.146072
v -0.254936 -0.202390 0.127072
v -0.997333 -0.202389 0.127615
v -0.813467 0.021804 -0.333362
v 0.429244 -0.190471 -0.112658
v 0.410244 -0.190471 -0.131658
v -0.753691 -0.202389 0.146072
v -0.753691 0.011044 -0.351669
v -0.753691 -0.202389 -0.351669
v -0.753691 0.021804 -0.314656
v -0.254936 0.011044 -0.077310
v -0.294717 0.021804 -0.077310
v -0.997333 0.011044 -0.127125
v -0.980826 0.021804 -0.127125
v -0.254936 -0.202390 -0.077310
v -0.997333 -0.202389 -0.127125
v 0.200739 -0.000875 0.417193
v 0.200739 0.009885 0.398193
v 0.188946 -0.000875 -0.131400
v 0.188946 0.009885 -0.095598
v -0.244270 -0.190471 0.417193
v 0.200739 -0.190471 0.417193
v 0.188946 -0.190471 -0.131400
v -0.236189 0.009885 -0.016188
v 0.410244 0.009885 -0.044691
v -0.019356 -0.004797 -0.455874
v -0.090686 -0.002331 -0.987118
v -0.085099 -0.013603 -0.999972
v -0.085099 -0.177743 -0.999972
v -0.109649 -0.177743 -0.417509
v 0.411820 -0.002843 -0.801231
v -0.239843 -0.002843 -0.791744
v 0.430820 -0.013603 -0.801231
v -0.239843 -0.177743 -0.999972
v 0.434412 -0.177743 -0.436509
v 0.430820 -0.177743 -0.801231
v 0.434412 -0.177743 -0.887199
v -0.258843 -0.177743 -0.983084
v -0.263270 -0.190471 -0.044691
v -0.219909 0.018731 -0.131400
v 0.014121 0.018731 -0.417134
v -0.005837 0.018731 -0.417134
v -0.219909 -0.210077 -0.131400
v 0.014121 -0.210077 -0.417134
v -0.005837 -0.210077 -0.417134
v 0.407769 -0.210077 -0.421082
v -0.997333 -0.202389 -0.060614
v 1.007484 -0.190472 0.619030
v 0.978348 -0.190472 1.000606
v 1.007484 -0.189448 0.083098
v 0.427122 -0.189447 0.083098
v 1.007484 -0.189448 0.451409
v 1.007484 -0.001899 0.451409
v 1.007484 -0.189448 0.402971
v 0.434412 -0.177743 -0.983084
v -0.269438 -0.190471 -0.999972
v -0.250438 -0.190471 -0.367485
v 0.956716 0.008861 0.451409
v 0.457756 0.008861 0.317555
v -0.932583 -0.002069 0.966297
v -0.979466 -0.002069 0.984310
v -0.979466 -0.012829 1.000606
v -0.932583 -0.012829 1.000606
v -0.879558 -0.002069 0.984310
v -0.269986 -0.002069 0.984310
v -0.269986 -0.001188 0.709718
v -0.979466 -0.001188 0.709718
v -0.979466 -0.001188 0.831878
v -0.966393 -0.001188 0.940360
v -0.979466 -0.011948 0.690718
v -0.250986 -0.011948 0.709718
v -0.269986 -0.011948 0.690718
v -0.997333 -0.012829 0.984310
v -0.269986 -0.012829 1.000606
v -0.250986 -0.012829 0.984310
v -0.269986 -0.178517 1.000606
v -0.879558 -0.012829 1.000606
v -0.879558 -0.178517 1.000606
v -0.269986 -0.179398 0.690718
v -0.979466 -0.179398 0.690718
v -0.997333 -0.011948 0.940360
v -0.250986 -0.178517 0.984310
v -0.997333 -0.178517 0.984310
v -0.979466 -0.178517 1.000606
v -0.997333 -0.179398 0.940360
v -0.250986 -0.179398 0.709718
v -0.932583 -0.178517 1.000606
v 0.921675 -0.003349 0.068410
v 0.921674 -0.187998 0.068410
v 0.989307 -0.187998 0.070119
v 0.989307 -0.003349 0.070119
v 0.867489 -0.003349 0.067681
v 0.867489 -0.187998 0.067681
v 0.989307 -0.003349 -0.454775
v 0.989307 -0.187998 -0.454775
v 0.945850 -0.187998 -0.455471
v 0.945850 -0.003349 -0.455471
v 1.007484 -0.187998 0.051119
v 1.007484 -0.187998 -0.435775
v 1.007484 -0.003349 -0.435775
v 1.007484 -0.003349 0.051119
v 0.441797 0.007411 -0.435775
v 0.441797 -0.003349 -0.454775
v 0.422797 -0.003349 -0.435775
v 0.441797 -0.003349 0.070119
v 0.441797 0.007411 0.051119
v 0.422797 -0.003349 0.051119
v 0.989307 0.007411 -0.435775
v 0.989307 0.007411 0.051119
v 0.441797 -0.187998 0.070119
v 0.831352 -0.187998 0.070119
v 0.831353 -0.003349 0.070119
v 0.422797 -0.187997 -0.435775
v 0.422797 -0.187998 0.051119
v 0.945850 0.007411 -0.423923
v 0.831353 0.007411 0.051119
v 0.867489 0.007411 0.029570
v 0.909713 0.007411 -0.435775
v 0.909713 -0.003349 -0.454775
v 0.921675 0.007411 0.051605
v 0.424365 -0.000875 -0.912570
v 0.424365 -0.190471 -0.912570
v 0.432446 -0.190471 -0.884068
v 0.432446 -0.000875 -0.884068
v 0.909713 -0.187998 -0.454775
v 0.441797 -0.187997 -0.454775
v 0.888375 -0.000875 -0.450687
v 0.888374 -0.190472 -0.450687
v 0.933195 -0.190472 -0.450687
v 0.933195 -0.000875 -0.450687
v 0.424365 -0.190471 -0.469687
v 0.424365 -0.000875 -0.469687
v 0.782377 -0.000875 -0.999972
v 0.443365 -0.000875 -0.999972
v 0.443365 0.009885 -0.980537
v 0.782377 0.009885 -0.980537
v 0.974339 -0.000875 -0.999972
v 0.876581 -0.000875 -0.999972
v 0.876581 0.009885 -0.963478
v 0.974339 0.009885 -0.980537
v 0.443365 -0.000875 -0.450687
v 0.888375 0.009885 -0.469687
v 0.443365 0.009885 -0.469687
v 1.007484 -0.000875 -0.980537
v 1.007484 -0.190472 -0.980537
v 0.974339 -0.190471 -0.999972
v 0.443365 -0.190471 -0.999972
v 0.424365 -0.190471 -0.980537
v 0.424365 -0.000875 -0.980537
v 0.974339 0.009885 -0.469687
v 0.974339 -0.000875 -0.450687
v 1.007484 -0.000875 -0.469687
v 0.974339 -0.190472 -0.450687
v 1.007484 -0.190472 -0.469687
v 1.007484 -0.190472 -0.860723
v 1.007484 -0.000875 -0.860723
v 0.876581 -0.190471 -0.999972
v 0.443365 -0.190471 -0.450687
v 0.443365 0.009885 -0.912570
v 0.933195 0.009885 -0.469687
v 0.955484 0.009885 -0.860723
v -0.248402 -0.000875 0.603391
v -0.248402 -0.190471 0.603391
v -0.256483 -0.190471 0.574888
v -0.256483 -0.000875 0.574888
v 0.782377 -0.190471 -0.999972
v 0.451446 0.009885 -0.884068
v 0.974339 0.009885 -0.912570
v 1.007484 -0.000875 -0.912570
v 1.007484 -0.190472 -0.912570
v -0.606414 -0.000875 0.690358
v -0.606414 -0.190471 0.690358
v -0.267402 -0.190471 0.690358
v -0.267402 -0.000875 0.690358
v -0.248402 -0.190471 0.160507
v -0.248402 -0.000875 0.160507
v -0.973276 -0.000875 0.690358
v -0.973276 0.009885 0.671358
v -0.997333 -0.000875 0.671358
v -0.973276 0.009885 0.160507
v -0.973276 -0.000875 0.141508
v -0.997333 -0.000875 0.160507
v -0.248402 -0.000875 0.671358
v -0.267402 0.009885 0.671358
v -0.267402 -0.000875 0.141508
v -0.267402 0.009885 0.160507
v -0.997333 -0.190470 0.551544
v -0.997333 -0.000875 0.551544
v -0.997333 -0.190470 0.160507
v -0.954421 0.009885 0.551544
v -0.248402 -0.190471 0.671358
v -0.267402 0.009885 0.603391
v -0.606414 0.009885 0.671358
v -0.757232 -0.000875 0.141508
v -0.757232 0.009885 0.160507
v -0.757232 -0.190471 0.141508
v -0.973276 -0.190470 0.141508
v -0.997333 -0.190470 0.671358
v -0.973276 -0.190470 0.690358
v -0.712411 -0.000875 0.141508
v -0.712411 0.009885 0.160507
v -0.700618 -0.000875 0.690100
v -0.700618 0.009885 0.654298
v -0.267402 -0.190471 0.141508
v -0.712411 -0.190471 0.141508
v -0.700618 -0.190471 0.690100
v -0.275483 0.009885 0.574888
v -0.973276 0.009885 0.603391
v -0.997333 -0.000875 0.603391
v -0.997333 -0.190470 0.603391
v 0.414881 -0.199558 0.878094
v 0.414881 -0.199558 0.980603
v 0.406800 -0.199558 0.849592
v -0.269438 -0.201231 -0.367485
v -0.981930 -0.201230 -0.367485
v -0.967923 -0.201230 -0.617153
v -0.977805 -0.201230 -0.700137
v -0.981930 -0.201230 -0.981520
v -0.269438 -0.201231 -0.981520
v -0.277669 -0.201231 -0.617153
v -0.277478 -0.213150 0.127072
v -0.753691 -0.213149 0.127072
v -0.020014 -0.220837 -0.377765
v 0.014121 -0.220837 -0.393610
v 0.407769 -0.220837 -0.402082
v 0.407769 -0.220837 -0.150400
v -0.143434 -0.220837 -0.150400
v -0.163392 -0.220837 -0.165365
v -0.219909 -0.220837 -0.150400
v -0.238775 -0.220837 -0.150400
v -0.238775 -0.220837 -0.402082
v -0.062354 -0.220837 -0.402082
v -0.211756 -0.199558 0.826247
v -0.230611 -0.199558 0.435211
v 0.990922 -0.197447 0.612938
v 0.990922 -0.197447 0.986158
v 0.449473 -0.197447 0.612938
v 0.449473 -0.197447 0.986158
v -0.132853 -0.199558 0.963543
v -0.038649 -0.199558 0.980603
v -0.230611 -0.199558 0.980603
v -0.230611 -0.199558 0.878094
v 0.446122 -0.200207 0.083098
v 0.975401 -0.200207 0.083098
v 0.446122 -0.200207 0.584240
v 0.975401 -0.200208 0.584240
v 0.410244 -0.201231 -0.112658
v 0.410244 -0.201231 0.398193
v -0.244270 -0.201231 -0.112658
v -0.244270 -0.201231 0.398193
v -0.239843 -0.188502 -0.983084
v 0.415412 -0.188503 -0.983084
v -0.239843 -0.188503 -0.436509
v 0.415412 -0.188503 -0.436509
v -0.980827 -0.213149 -0.333362
v -0.277478 -0.213150 -0.333362
v -0.980827 -0.213149 0.127072
v 0.414881 -0.199558 0.435211
v -0.189467 -0.199558 0.435211
v 0.990922 -0.197447 0.836463
v 0.449473 -0.197447 0.737486
v 0.792118 -0.197447 0.624096
v 0.913914 -0.197447 0.963523
v 0.446122 -0.200207 0.365993
v 0.975401 -0.200207 0.402971
v 0.391389 -0.201231 0.007156
v -0.244270 -0.201231 -0.044691
v 0.094742 -0.201231 -0.112658
v 0.245560 -0.201231 0.398193
v -0.042224 -0.187224 -0.967473
v -0.109649 -0.188503 -0.436509
v -0.230890 -0.188503 -0.705776
v 0.415412 -0.188503 -0.887199
v -0.960624 -0.213149 -0.060071
v -0.277478 -0.213150 -0.244567
v -0.813468 -0.213149 0.105429
v -0.555721 -0.213150 -0.330690
v 0.792118 -0.197447 0.986158
v 0.913914 -0.197447 0.612938
v 0.449473 -0.197447 0.832588
v 0.468845 -0.197447 0.764890
v 0.990922 -0.197447 0.743716
v 0.972325 -0.197447 0.809059
v -0.144647 -0.199558 0.435211
v -0.813468 -0.213149 -0.333362
v -0.753691 -0.213149 -0.314656
v -0.294717 -0.213150 -0.077310
v -0.980827 -0.213149 -0.127125
v 0.200739 -0.201231 0.398193
v 0.188946 -0.201231 -0.095598
v 0.410244 -0.201231 -0.044691
v -0.236189 -0.201231 -0.016188
v -0.019356 -0.186549 -0.455874
v -0.090686 -0.189015 -0.987118
v -0.239843 -0.188502 -0.791744
v 0.411820 -0.188503 -0.801231
v 0.956716 -0.200207 0.451409
v 0.457756 -0.200207 0.317555
v -0.932583 -0.189277 0.966297
v -0.979466 -0.189276 0.984310
v -0.966393 -0.190158 0.940360
v -0.979466 -0.190158 0.831878
v -0.979466 -0.190157 0.709718
v -0.269986 -0.190158 0.709718
v -0.269986 -0.189277 0.984310
v -0.879558 -0.189277 0.984310
v 0.441797 -0.198757 -0.435775
v 0.441797 -0.198757 0.051119
v 0.989307 -0.198758 -0.435775
v 0.989307 -0.198758 0.051119
v 0.945850 -0.198758 -0.423923
v 0.831352 -0.198758 0.051119
v 0.867489 -0.198758 0.029570
v 0.909713 -0.198758 -0.435775
v 0.921674 -0.198758 0.051605
v 0.782377 -0.201231 -0.980537
v 0.443365 -0.201231 -0.980537
v 0.974339 -0.201231 -0.980537
v 0.876581 -0.201231 -0.963478
v 0.443365 -0.201231 -0.469687
v 0.888374 -0.201231 -0.469687
v 0.974339 -0.201231 -0.469687
v 0.443365 -0.201231 -0.912570
v 0.933195 -0.201231 -0.469687
v 0.955483 -0.201231 -0.860723
v 0.974339 -0.201231 -0.912570
v 0.451446 -0.201231 -0.884068
v -0.973276 -0.201230 0.671358
v -0.973276 -0.201230 0.160507
v -0.267402 -0.201231 0.671358
v -0.267402 -0.201231 0.160507
v -0.954421 -0.201230 0.551544
v -0.267402 -0.201231 0.603391
v -0.606414 -0.201231 0.671358
v -0.757232 -0.201230 0.160507
v -0.712411 -0.201230 0.160507
v -0.700618 -0.201231 0.654298
v -0.973276 -0.201230 0.603391
v -0.275483 -0.201231 0.574888
vn 0.7071 0.0000 -0.7071
vn -0.7071 0.0000 0.7071
vn 0.0041 0.0000 -1.0000
vn 0.4928 0.8702 0.0000
vn -1.0000 0.0000 0.0000
vn 0.4880 0.8618 -0.1384
vn 0.0000 0.0000 1.0000
vn -0.0959 0.0000 0.9954
vn 0.0014 0.0000 -1.0000
vn 0.0000 0.0000 -1.0000
vn -0.9998 0.0000 -0.0195
vn -0.7677 0.0000 -0.6408
vn 1.0000 0.0000 -0.0072
vn -0.0000 1.0000 0.0000
vn -0.9994 0.0000 -0.0332
vn 0.9996 -0.0000 0.0282
vn 0.0058 -0.0000 -1.0000
vn -0.9946 0.0000 0.1036
vn 0.0627 -0.0000 0.9980
vn 0.0000 0.8702 0.4928
vn -0.3213 0.9469 0.0083
vn 0.4755 0.4922 -0.7291
vn 0.4822 0.5475 0.6839
vn -0.4012 0.8235 -0.4012
vn -0.3971 0.8411 0.3673
vn -0.0319 0.9352 0.3527
vn 0.0308 0.9352 0.3527
vn -0.3207 0.9451 -0.0628
vn -0.4420 0.7805 -0.4420
vn 0.2801 0.8353 -0.4731
vn -0.4420 0.7805 0.4420
vn 0.2801 0.8353 0.4731
vn 0.4420 0.7805 -0.4420
vn 0.4420 0.7805 0.4420
vn -0.5194 0.7436 0.4211
vn -0.5167 0.7396 -0.4313
vn 0.4394 0.7760 -0.4525
vn -0.4310 0.7610 -0.4849
vn 0.4310 0.7610 -0.4848
vn 0.4511 0.7965 0.4027
vn -0.4934 0.7569 -0.4286
vn 0.3836 0.8036 -0.4551
vn -0.4826 0.7621 0.4316
vn 0.3836 0.8036 0.4551
vn 0.9621 0.0000 -0.2728
vn 0.0000 0.8807 0.4737
vn 0.4463 0.7881 0.4239
vn 0.0000 0.8702 -0.4928
vn 1.0000 0.0000 0.0000
vn 0.3881 0.9216 0.0000
vn -0.7071 0.0000 -0.7071
vn -0.3234 0.9463 0.0000
vn 0.0067 0.9306 -0.3661
vn -0.0368 0.9685 0.2461
vn 0.7251 0.0000 0.6887
vn -0.4928 0.8702 0.0000
vn 0.5096 0.0000 0.8604
vn 0.3180 0.9481 0.0000
vn 1.0000 0.0000 -0.0037
vn 0.3621 0.9321 -0.0094
vn -0.5245 0.8514 0.0038
vn 0.4032 0.9151 -0.0007
vn 0.4032 0.9151 -0.0045
vn 0.0000 0.8639 -0.5037
vn -0.0076 0.9260 -0.3774
vn -0.4927 0.8700 -0.0164
vn 0.4927 0.8702 0.0000
vn -0.3748 0.9269 -0.0202
vn 0.4308 0.9025 0.0000
vn -0.7549 0.0000 -0.6558
vn 0.0385 0.9153 0.4010
vn -0.0026 0.8822 -0.4708
vn 0.0254 0.9630 0.2684
vn 0.0000 0.8798 -0.4754
vn -0.7341 0.0000 0.6791
vn -0.0059 0.0000 -1.0000
vn 0.0000 0.9005 0.4348
vn -0.0187 0.9337 -0.3577
vn -0.2316 0.9678 0.0987
vn 0.2579 0.9621 -0.0890
vn -0.9985 0.0000 -0.0549
vn 0.2587 0.9652 0.0375
vn -0.2396 0.9700 -0.0414
vn -0.4235 0.9059 0.0000
vn -0.9996 0.0000 -0.0282
vn -1.0000 0.0000 0.0037
vn 0.4928 0.8701 0.0096
vn -0.0012 0.0000 -1.0000
vn -0.0015 0.0000 -1.0000
vn -0.6366 0.0000 -0.7712
vn -0.6560 0.0000 0.7548
vn -0.3807 0.8144 0.4381
vn 0.6445 0.0000 0.7646
vn -0.7454 0.0000 0.6666
vn 0.6445 0.0000 -0.7646
vn -0.1073 0.9107 0.3990
vn -0.1733 0.0000 0.9849
vn 0.0049 -0.0000 -1.0000
vn 0.7071 0.0000 0.7071
vn 0.0581 0.9319 -0.3580
vn 0.3263 0.9451 0.0168
vn -0.5461 0.8377 0.0000
vn 0.3264 0.9451 -0.0138
vn -0.3748 0.9254 0.0567
vn -0.0143 0.9307 -0.3655
vn 0.0008 0.0000 -1.0000
vn 0.0336 0.9303 -0.3653
vn -0.4880 0.8618 0.1384
vn -0.4928 0.8701 -0.0096
vn 0.3612 0.9298 0.0708
vn -0.0091 0.9469 0.3215
vn 0.1290 0.8932 -0.4308
vn -0.0093 0.8027 -0.5963
vn 0.0487 0.9424 0.3309
vn -0.0000 1.0000 0.0007
vn 0.4928 0.8701 -0.0049
vn 0.4927 0.8700 0.0206
vn -0.4921 0.8690 0.0513
vn 1.0000 0.0000 -0.0098
vn 0.9991 0.0000 0.0417
vn 0.4032 0.9151 0.0031
vn -0.4329 0.9014 -0.0121
vn -0.9621 0.0000 0.2728
vn 0.0579 0.9199 0.3878
vn -0.1003 0.9342 -0.3423
vn 0.0340 0.0000 0.9994
vn -0.0050 0.0000 -1.0000
vn 0.0928 0.9413 -0.3245
vn 0.0697 0.0000 -0.9976
vn -0.0071 0.8922 -0.4515
vn -0.1622 0.9093 0.3833
vn -0.0100 0.0000 -0.9999
vn -0.0143 0.9381 -0.3461
vn -0.9909 0.0000 0.1346
vn -0.0117 0.0000 -0.9999
vn 0.5762 0.0000 0.8173
vn 0.5462 0.0000 -0.8376
vn 0.5096 0.0000 -0.8604
vn -0.3768 0.8060 -0.4565
vn 0.7460 0.0000 0.6660
vn -0.7768 0.0000 0.6297
vn 0.6643 0.0000 -0.7474
vn -0.6643 0.0000 -0.7474
vn 0.6967 0.0000 -0.7174
vn 0.9999 0.0000 0.0105
vn -0.4024 0.9151 0.0240
vn 0.2511 0.9667 0.0484
vn -0.3978 0.9174 0.0099
vn 0.9998 0.0000 0.0195
vn 0.2514 0.9677 -0.0177
vn -0.3973 0.9164 -0.0477
vn 0.0750 0.9177 0.3902
vn 0.0005 1.0000 0.0032
vn -0.4642 0.7707 -0.4365
vn -0.4490 0.7456 0.4923
vn 0.4273 0.7545 0.4982
vn -0.4031 0.9142 -0.0416
vn 0.6510 0.0000 0.7591
vn -0.7285 0.0000 -0.6851
vn -0.6739 0.0000 0.7388
vn -0.4033 0.9147 0.0243
vn -0.5159 0.8566 0.0000
vn 0.4928 0.8701 0.0028
vn -0.0194 -0.0000 0.9998
vn -0.0253 -0.0000 0.9997
vn -0.0663 0.9182 0.3905
vn 0.0000 0.8345 0.5510
vn -0.0135 -0.0000 0.9999
vn 0.0160 0.0000 -0.9999
vn 0.4579 0.7736 -0.4381
vn 0.4579 0.7736 0.4381
vn -0.0502 0.9189 -0.3912
vn 0.7226 -0.0000 0.6913
vn 0.5094 0.8605 0.0000
vn 0.1162 0.9294 0.3502
vn 0.7226 0.0000 -0.6913
vn 0.0673 -0.0000 0.9977
vn -0.0764 0.9283 0.3638
vn 0.0604 0.9184 -0.3910
vn -0.0047 0.8571 0.5151
vn -0.0193 0.0000 -0.9998
vn 0.0000 0.8749 -0.4844
vn -0.0313 0.9328 -0.3589
vn 0.5058 0.0000 -0.8626
vn -0.7151 0.0000 -0.6991
vn 0.2718 0.8374 0.4742
vn 0.0325 0.9328 -0.3589
vn 0.4973 0.0000 0.8676
vn -0.4440 0.7839 -0.4340
vn 0.2732 0.8416 -0.4659
vn 0.2450 0.9695 -0.0059
vn 0.3088 0.9511 0.0000
vn 0.2448 0.9686 0.0445
vn -0.0014 0.0000 1.0000
vn -0.3627 0.8109 0.4592
vn -0.3627 0.8109 -0.4592
vn -0.3059 0.9520 0.0074
vn 0.0000 0.8701 -0.4928
vn -0.6198 0.0000 0.7848
vn -0.6198 0.0000 -0.7848
vn 0.0116 0.9307 0.3655
vn 0.0009 0.0000 1.0000
vn -0.0009 0.0000 1.0000
vn -0.0336 0.9303 0.3653
vn -0.4083 0.9129 0.0000
vn -0.3055 0.9506 -0.0555
vn 0.4927 -0.8702 -0.0000
vn 0.4880 -0.8618 -0.1384
vn -0.0000 -1.0000 -0.0000
vn -0.0000 -0.8702 0.4928
vn -0.3213 -0.9469 0.0083
vn 0.4755 -0.4922 -0.7291
vn 0.4822 -0.5475 0.6839
vn -0.4012 -0.8235 -0.4012
vn -0.3971 -0.8411 0.3673
vn -0.0319 -0.9352 0.3527
vn 0.0308 -0.9352 0.3527
vn -0.3207 -0.9451 -0.0628
vn -0.4420 -0.7805 -0.4420
vn 0.2801 -0.8353 -0.4730
vn -0.4420 -0.7805 0.4420
vn 0.2801 -0.8353 0.4730
vn 0.4420 -0.7805 -0.4420
vn 0.4420 -0.7805 0.4420
vn -0.5194 -0.7436 0.4211
vn -0.5167 -0.7396 -0.4313
vn 0.4394 -0.7760 -0.4525
vn -0.4310 -0.7610 -0.4849
vn 0.4310 -0.7610 -0.4849
vn 0.4511 -0.7965 0.4027
vn -0.4934 -0.7569 -0.4286
vn 0.3836 -0.8036 -0.4551
vn -0.4826 -0.7621 0.4316
vn 0.3836 -0.8036 0.4551
vn -0.0000 -0.8807 0.4737
vn 0.4463 -0.7881 0.4239
vn 0.0000 -0.8702 -0.4928
vn 0.3881 -0.9216 0.0000
vn -0.3234 -0.9463 0.0000
vn 0.0067 -0.9306 -0.3661
vn -0.0368 -0.9685 0.2461
vn -0.4928 -0.8702 0.0000
vn 0.3179 -0.9481 0.0000
vn 0.3621 -0.9321 -0.0094
vn -0.5245 -0.8514 0.0038
vn 0.4032 -0.9151 -0.0007
vn 0.4032 -0.9151 -0.0045
vn -0.0000 -0.8639 -0.5037
vn -0.0076 -0.9260 -0.3775
vn -0.4927 -0.8700 -0.0164
vn 0.4928 -0.8702 0.0000
vn -0.3748 -0.9269 -0.0202
vn 0.4308 -0.9025 0.0000
vn 0.0385 -0.9153 0.4010
vn -0.0026 -0.8822 -0.4708
vn 0.0254 -0.9630 0.2684
vn 0.0000 -0.8798 -0.4754
vn -0.0000 -0.9005 0.4348
vn -0.0187 -0.9337 -0.3577
vn -0.2316 -0.9678 0.0988
vn 0.2579 -0.9621 -0.0890
vn 0.2587 -0.9652 0.0375
vn -0.2396 -0.9700 -0.0414
vn -0.4235 -0.9059 0.0000
vn 0.4928 -0.8701 0.0096
vn -0.3807 -0.8144 0.4381
vn -0.1073 -0.9107 0.3990
vn 0.0581 -0.9319 -0.3580
vn 0.3263 -0.9451 0.0168
vn -0.5461 -0.8377 0.0000
vn 0.3264 -0.9451 -0.0138
vn -0.3748 -0.9254 0.0567
vn -0.0143 -0.9307 -0.3655
vn 0.0336 -0.9303 -0.3653
vn -0.4880 -0.8618 0.1384
vn -0.4928 -0.8701 -0.0096
vn 0.3612 -0.9298 0.0708
vn -0.0091 -0.9469 0.3215
vn 0.1290 -0.8932 -0.4308
vn -0.0093 -0.8027 -0.5963
vn 0.0487 -0.9424 0.3309
vn -0.0000 -1.0000 0.0007
vn 0.4928 -0.8701 -0.0049
vn 0.4927 -0.8700 0.0206
vn -0.4927 -0.8702 0.0000
vn -0.4921 -0.8690 0.0512
vn 0.4032 -0.9151 0.0031
vn -0.4329 -0.9014 -0.0121
vn 0.0579 -0.9199 0.3878
vn -0.1003 -0.9342 -0.3423
vn 0.0928 -0.9413 -0.3245
vn -0.0071 -0.8922 -0.4515
vn -0.1622 -0.9093 0.3833
vn -0.0143 -0.9381 -0.3461
vn -0.3768 -0.8060 -0.4565
vn -0.4024 -0.9151 0.0240
vn 0.2511 -0.9668 0.0484
vn -0.3978 -0.9174 0.0099
vn 0.2514 -0.9677 -0.0177
vn -0.3973 -0.9164 -0.0477
vn 0.0750 -0.9177 0.3902
vn 0.0005 -1.0000 0.0032
vn -0.4641 -0.7708 -0.4365
vn -0.4490 -0.7457 0.4923
vn 0.4273 -0.7545 0.4982
vn -0.4031 -0.9142 -0.0416
vn -0.4033 -0.9147 0.0243
vn -0.5159 -0.8567 -0.0000
vn 0.4928 -0.8701 0.0028
vn -0.0663 -0.9182 0.3905
vn 0.0000 -0.8345 0.5510
vn -0.4420 -0.7806 0.4420
vn 0.4579 -0.7736 -0.4381
vn 0.4579 -0.7736 0.4381
vn -0.0502 -0.9189 -0.3912
vn 0.5094 -0.8605 -0.0000
vn 0.1162 -0.9294 0.3502
vn -0.0764 -0.9283 0.3638
vn 0.0604 -0.9184 -0.3910
vn -0.0047 -0.8571 0.5151
vn 0.0000 -0.8749 -0.4844
vn -0.0313 -0.9328 -0.3589
vn 0.2718 -0.8374 0.4742
vn 0.0325 -0.9328 -0.3589
vn -0.4440 -0.7839 -0.4340
vn 0.2732 -0.8416 -0.4659
vn 0.0000 -0.8702 0.4927
vn 0.2450 -0.9695 -0.0059
vn 0.3087 -0.9511 0.0000
vn 0.2448 -0.9686 0.0445
vn -0.3627 -0.8109 0.4592
vn -0.3627 -0.8109 -0.4592
vn -0.3059 -0.9520 0.0074
vn 0.0116 -0.9307 0.3655
vn -0.0336 -0.9303 0.3653
vn -0.4083 -0.9129 0.0000
vn -0.3055 -0.9506 -0.0555
usemtl Grey_Floor.001
s 1
f 7849//3422 7850//3422 7851//3422 7852//3422
f 7853//3423 7854//3423 7855//3423 7856//3423
f 7857//3424 7858//3424 7859//3424 7860//3424
f 7861//3425 7862//3425 7863//3425 7864//3425
f 7865//3426 7866//3426 7867//3426 7868//3426
f 7869//3427 7861//3427 7864//3427 7870//3427
f 7871//3426 7872//3426 7873//3426 7874//3426
f 7875//3426 7876//3426 7877//3426 7878//3426
f 7879//3428 7880//3428 7855//3428 7854//3428
f 7881//3429 7882//3429 7883//3429 7884//3429
f 7885//3430 7886//3430 7887//3431 7888//3431
f 7889//3432 7890//3432 7891//3432 7892//3432
f 7893//3433 7894//3433 7895//3433 7896//3433
f 7897//3426 7898//3426 7895//3426 7894//3426
f 7899//3428 7900//3428 7901//3428 7902//3428
f 7903//3434 7904//3434 7905//3434 7906//3434
f 7907//3435 7908//3435 7909//3435 7910//3435 7911//3435 7912//3435 7913//3435
f 7914//3436 7915//3436 7916//3436 7917//3436
f 7918//3428 7919//3428 7920//3428 7921//3428
f 7922//3437 7923//3437 7924//3437 7925//3437
f 7926//3438 7927//3438 7928//3431 7929//3431
f 7930//3439 7931//3439 7915//3439 7914//3439
f 7932//3440 7933//3440 7934//3440 7935//3440
f 7936//3441 7937//3441 7938//3441 7939//3441
f 7940//3431 7941//3431 7942//3431 7943//3431
f 7944//3435 7945//3435 7946//3435 7947//3435 7948//3435 7949//3435 7950//3435 7951//3435 7952//3435 7953//3435
f 7954//3426 7955//3426 7956//3426 7957//3426
f 7958//3442 7959//3442 7960//3442 7961//3442
f 7962//3428 7963//3428 7964//3428 7965//3428
f 7966//3443 7967//3443 7968//3443
f 7969//3444 7970//3444 7971//3444
f 7860//3445 7972//3445 7973//3445
f 7974//3446 7975//3446 7868//3446
f 7962//3447 7965//3447 7976//3447 7977//3447
f 7978//3448 7962//3448 7977//3448 7979//3448
f 7980//3449 7958//3449 7961//3449 7981//3449
f 7982//3450 7983//3450 7984//3450
f 7985//3451 7986//3451 7987//3451
f 7856//3452 7855//3452 7988//3452
f 7880//3453 7989//3453 7990//3453
f 7991//3454 7992//3454 7993//3454
f 7994//3455 7995//3455 7996//3455
f 7888//3450 7997//3450 7998//3450
f 7999//3452 8000//3452 7892//3452
f 7899//3456 7913//3456 8001//3456
f 7910//3457 7896//3457 7895//3457
f 7902//3455 8002//3455 7907//3455
f 8003//3458 7909//3458 7906//3458
f 8004//3459 8005//3459 8006//3459
f 8007//3460 8008//3460 8009//3460
f 7917//3452 8010//3452 8011//3452
f 8012//3461 8013//3461 7921//3461
f 8014//3462 7929//3462 8015//3462
f 8016//3463 8017//3463 8018//3463
f 8019//3464 7934//3464 8020//3464
f 7936//3465 7939//3465 8021//3465
f 7952//3454 8022//3454 8023//3454
f 8024//3455 8025//3455 7951//3455
f 7943//3450 7956//3450 7946//3450
f 7955//3452 8026//3452 7947//3452
f 7864//3466 8027//3466 8028//3466 7870//3466
f 7965//3467 8029//3467 7862//3467 7976//3467
f 8030//3431 8031//3431 8032//3431 8033//3431
f 7852//3454 8034//3454 7849//3454
f 8029//3468 7863//3468 7862//3468
f 8033//3469 8035//3469 7959//3469 8036//3469
f 8037//3470 8038//3470 7971//3470 8039//3470
f 8040//3471 7969//3471 7971//3471 8038//3471
f 7859//3472 8041//3472 7972//3472 7860//3472
f 8042//3473 7973//3473 7972//3473 8043//3473
f 7857//3474 7860//3474 7973//3474 8044//3474
f 8045//3475 7970//3475 7969//3475 8046//3475
f 8047//3470 8048//3470 8049//3470 8050//3470
f 8051//3476 8052//3476 7863//3476 8029//3476
f 7986//3431 8053//3431 8054//3431 7983//3431
f 7878//3477 7856//3477 7988//3477 8055//3477
f 7880//3478 7879//3478 8056//3478 7989//3478
f 8057//3479 7985//3479 7987//3479 8058//3479
f 7982//3469 7987//3469 7986//3469 7983//3469
f 7990//3441 7988//3441 7855//3441 7880//3441
f 7925//3480 7924//3480 7996//3480 8059//3480
f 8060//3481 7994//3481 7996//3481 7924//3481
f 7887//3472 8061//3472 7997//3472 7888//3472
f 8062//3477 7998//3477 7997//3477 8063//3477
f 7885//3469 7888//3469 7998//3469 8064//3469
f 8065//3441 7995//3441 7994//3441 8066//3441
f 8067//3426 8068//3426 7898//3426 7897//3426
f 7911//3482 7910//3482 7895//3482 7898//3482
f 8069//3426 8001//3426 8068//3426 8067//3426
f 7908//3483 7907//3484 8002//3484 7903//3483
f 7899//3441 7902//3441 7907//3441 7913//3441
f 8003//3485 7896//3485 7910//3485 7909//3485
f 8070//3431 8071//3431 8009//3431 8072//3431
f 8073//3486 8007//3486 8009//3486 8071//3486
f 7916//3423 8074//3423 8010//3423 7917//3423
f 8075//3441 8011//3441 8010//3441 8076//3441
f 7914//3487 7917//3487 8011//3487 8077//3487
f 8078//3488 8008//3488 8007//3488 8079//3488
f 7884//3428 7883//3428 8080//3428 8024//3428
f 8081//3489 8019//3489 8020//3489 8082//3489
f 8083//3490 8016//3490 8018//3490 8084//3490
f 8083//3470 8085//3470 8086//3470 8016//3470
f 7929//3491 7928//3491 8087//3491 8015//3491
f 8088//3492 8020//3492 7934//3492 7933//3492
f 8089//3493 8018//3493 8017//3493 8090//3493
f 8025//3470 8091//3470 8092//3470 8022//3470
f 7940//3469 7943//3469 7946//3469 7945//3469
f 7955//3423 7954//3423 8093//3423 8026//3423
f 7884//3441 8024//3441 7951//3441 7950//3441
f 7952//3425 7951//3425 8025//3425 8022//3425
f 7947//3477 7946//3477 7956//3477 7955//3477
f 8065//3428 8094//3428 8095//3428 7995//3428
f 8096//3426 8097//3426 7981//3426 8098//3426
f 8099//3494 8045//3494 8046//3494 8100//3494
f 7966//3495 8101//3495 8102//3495 7967//3495
f 8100//3435 8046//3435 7969//3435 8040//3435 8103//3435 8104//3435 7967//3435 8102//3435 8044//3435 7973//3435 8042//3435 8105//3435 8106//3435 7975//3435
f 7868//3496 7867//3496 8107//3496 7974//3496
f 8099//3428 8108//3428 8109//3428 8045//3428
f 7966//3431 8110//3431 8111//3497 8101//3497
f 7974//3498 8099//3498 8100//3498 7975//3498
f 8101//3499 7857//3499 8044//3499 8102//3499
f 7974//3428 8107//3428 8108//3428 8099//3428
f 7975//3473 8106//3473 7865//3473 7868//3473
f 8105//3500 8042//3500 8043//3500 8112//3500
f 7967//3471 8104//3471 8048//3471 7968//3471
f 8103//3501 8040//3501 8038//3501 8049//3501
f 8050//3470 8049//3470 8038//3470 8037//3470
f 7972//3426 8041//3426 8113//3426 8043//3426
f 8112//3502 8114//3502 7866//3502 7865//3502
f 8104//3503 8103//3503 8049//3503 8048//3503
f 8106//3504 8105//3504 8112//3504 7865//3504
f 7979//3505 7980//3505 7981//3505 8097//3505
f 8098//3506 7981//3506 7961//3506 8115//3506
f 8115//3507 7961//3507 7960//3507 8116//3507
f 8034//3508 7869//3508 7870//3508 7849//3508
f 7863//3470 8052//3470 8027//3470 7864//3470
f 8017//3509 8117//3509 8118//3510 8090//3510
f 8119//3511 8116//3511 7960//3511 8035//3511
f 7977//3435 7976//3435 7862//3435 7861//3435 7869//3435 8034//3435 8120//3435 8036//3435 7959//3435 7958//3435 7980//3435 7979//3435
f 7852//3431 7851//3431 8031//3431 8030//3431
f 7965//3428 7964//3428 8051//3428 8029//3428
f 8030//3469 8033//3469 8036//3469 8120//3469
f 8097//3512 8096//3512 8121//3512 7978//3512
f 7978//3513 7979//3513 8097//3513
f 7939//3514 8122//3514 8123//3514 8021//3514
f 8124//3515 7935//3515 7934//3515 8019//3515
f 8086//3516 8117//3516 8017//3516 8016//3516
f 8014//3469 8125//3469 7926//3469 7929//3469
f 7937//3517 8088//3517 7933//3517 7938//3517
f 7993//3422 8126//3422 8127//3422 7991//3422
f 8128//3518 7938//3518 7933//3518 7932//3518
f 8129//3519 8130//3519 7927//3438 7926//3438
f 8095//3520 8059//3520 7996//3520 7995//3520
f 8125//3521 8131//3521 8129//3521 7926//3521
f 8132//3522 8083//3522 8084//3522 8133//3522
f 8015//3523 8134//3523 8135//3523 8014//3523
f 8122//3428 7939//3428 7938//3428 8128//3428
f 8132//3470 8136//3470 8085//3470 8083//3470
f 8015//3426 8087//3426 8137//3426 8134//3426
f 8021//3524 8132//3524 8133//3524 7936//3524
f 8018//3435 8089//3435 8131//3435 8125//3435 8014//3435 8135//3435 8082//3435 8020//3435 8088//3435 7937//3435 7936//3435 8133//3435 8084//3435
f 8134//3525 8081//3525 8082//3525 8135//3525
f 8021//3470 8123//3470 8136//3470 8132//3470
f 8138//3441 8065//3441 8066//3441 8139//3441
f 7991//3526 8140//3526 8141//3526 7992//3526
f 7892//3423 7891//3423 8142//3423 7999//3423
f 8138//3428 8143//3428 8094//3428 8065//3428
f 7991//3509 8127//3509 8144//3527 8140//3527
f 7999//3441 8138//3441 8139//3441 8000//3441
f 8140//3528 7885//3528 8064//3528 8141//3528
f 7999//3428 8142//3428 8143//3428 8138//3428
f 8141//3435 8064//3435 7998//3435 8062//3435 8145//3435 8000//3435 8139//3435 8066//3435 7994//3435 8060//3435 8146//3435 7992//3435
f 8145//3529 8062//3529 8063//3529 7889//3529
f 7992//3425 8146//3425 7923//3425 7993//3425
f 8126//3470 7993//3470 7923//3470 7922//3470
f 8000//3530 8145//3530 7889//3530 7892//3530
f 8146//3531 8060//3531 7924//3531 7923//3531
f 8033//3431 8032//3431 8119//3431 8035//3431
f 8013//3532 8147//3532 7918//3532 7921//3532
f 8148//3533 8073//3533 8071//3533 8149//3533
f 8150//3431 8149//3431 8071//3431 8070//3431
f 8076//3428 8151//3428 7919//3428 7918//3428
f 8005//3534 8148//3534 8149//3534 8006//3534
f 8147//3535 8075//3535 8076//3535 7918//3535
f 8147//3536 8013//3536 8152//3536 8079//3536 8007//3536 8073//3536 8148//3536 8005//3536 8153//3536 8077//3536 8011//3536 8075//3536
f 8012//3537 8154//3537 8152//3537 8013//3537
f 8154//3538 8078//3538 8079//3538 8152//3538
f 8004//3477 7930//3477 8153//3477 8005//3477
f 7930//3539 7914//3539 8077//3539 8153//3539
f 8155//3431 8006//3431 8149//3431 8150//3431
f 8012//3540 8156//3540 8157//3540 8154//3540
f 8154//3541 8157//3541 8158//3541 8078//3541
f 8004//3426 8159//3426 7931//3426 7930//3426
f 7909//3542 7908//3483 7903//3483 7906//3542
f 7913//3543 7912//3543 8068//3543 8001//3543
f 8063//3544 8160//3544 7890//3544 7889//3544
f 8161//3545 7881//3545 7949//3545 7948//3545
f 8162//3546 8163//3546 7944//3546 7953//3546
f 7942//3472 7957//3472 7956//3472 7943//3472
f 8161//3547 8164//3547 7882//3547 7881//3547
f 8162//3548 8165//3548 8166//3431 8163//3431
f 8026//3441 8161//3441 7948//3441 7947//3441
f 8163//3549 7940//3549 7945//3549 7944//3549
f 8026//3428 8093//3428 8164//3428 8161//3428
f 8163//3550 8166//3550 7941//3550 7940//3550
f 8023//3551 8162//3551 7953//3551 7952//3551
f 7881//3552 7884//3552 7950//3552 7949//3552
f 8023//3553 8167//3553 8165//3548 8162//3548
f 8134//3426 8137//3426 8168//3426 8081//3426
f 8131//3554 8089//3554 8090//3554 8129//3554
f 8043//3555 8113//3555 8114//3555 8112//3555
f 8169//3470 7968//3470 8048//3470 8047//3470
f 8101//3497 8111//3497 7858//3556 7857//3556
f 8170//3557 8039//3557 7971//3557 7970//3557
f 7968//3558 8169//3558 8110//3558 7966//3558
f 8045//3428 8109//3428 8170//3428 7970//3428
f 8022//3422 8092//3422 8167//3422 8023//3422
f 8080//3520 8091//3520 8025//3520 8024//3520
f 8171//3559 8053//3559 7986//3559 7985//3559
f 7983//3472 8054//3472 8172//3472 7984//3472
f 7989//3470 8056//3470 8173//3470 8174//3470
f 7959//3560 8035//3560 7960//3560
f 7978//3428 8121//3428 7963//3428 7962//3428
f 7852//3469 8030//3469 8120//3469 8034//3469
f 8090//3510 8118//3510 8130//3519 8129//3519
f 8140//3527 8144//3527 7886//3430 7885//3430
f 8081//3426 8168//3426 8124//3426 8019//3426
f 7997//3426 8061//3426 8160//3426 8063//3426
f 8010//3428 8074//3428 8151//3428 8076//3428
f 8057//3470 8175//3470 8171//3470 7985//3470
f 7921//3561 7920//3561 8156//3561 8012//3561
f 8001//3562 8069//3562 7900//3562 7899//3562
f 8176//3563 8072//3563 8009//3563 8008//3563
f 8006//3564 8155//3564 8159//3564 8004//3564
f 7906//3565 7905//3565 8177//3565 8003//3565
f 8078//3470 8158//3470 8176//3470 8008//3470
f 8002//3566 8178//3566 7904//3566 7903//3566
f 8003//3431 8177//3431 7893//3431 7896//3431
f 7912//3567 7911//3567 7898//3567 8068//3567
f 8174//3568 8057//3568 8058//3568 8179//3568
f 7984//3569 7875//3569 8180//3569 7982//3569
f 8180//3435 8055//3435 7988//3435 7990//3435 8179//3435 8058//3435 7987//3435 7982//3435
f 7878//3426 7877//3426 7853//3426 7856//3426
f 7870//3570 8028//3570 7850//3570 7849//3570
f 7984//3426 8172//3426 7876//3426 7875//3426
f 7989//3571 8174//3571 8179//3571 7990//3571
f 7875//3572 7878//3572 8055//3572 8180//3572
f 8174//3470 8173//3470 8175//3470 8057//3470
f 8181//3573 8182//3573 8183//3573 8184//3573
f 8182//3574 8181//3574 8185//3574 8186//3574 8187//3574 8188//3574 8189//3574 8190//3574
f 8188//3575 8191//3575 7871//3575
f 8192//3454 8193//3454 8187//3454
f 8194//3576 8183//3576 8182//3576
f 8195//3577 8196//3577 8186//3577
f 8197//3428 8195//3428 8198//3428 8199//3428
f 8193//3431 8200//3431 8201//3431 8191//3431
f 8202//3578 8194//3578 8182//3578 8190//3578
f 8195//3579 8197//3579 8203//3579 8196//3579
f 8191//3580 8201//3580 7872//3580 7871//3580
f 8188//3469 8187//3469 8193//3469 8191//3469
f 8204//3581 8205//3581 8183//3581 8194//3581
f 8202//3426 8206//3426 8204//3426 8194//3426
f 7874//3582 8202//3582 8190//3582 8189//3582
f 7871//3583 7874//3583 8189//3583 8188//3583
f 8196//3584 8192//3584 8187//3584 8186//3584
f 7874//3426 7873//3426 8206//3426 8202//3426
f 8207//3422 8200//3422 8193//3422 8192//3422
f 8196//3470 8203//3470 8207//3470 8192//3470
f 8199//3428 8198//3428 8184//3428 8208//3428
f 8209//3585 8210//3585 8211//3586 8212//3586
f 8185//3587 8181//3587 8184//3587 8198//3587
f 8186//3588 8185//3588 8198//3588 8195//3588
f 8208//3428 8184//3428 8183//3428 8205//3428
f 8213//3589 8214//3589 8210//3585 8209//3585
f 8215//3590 8216//3590 8217//3590 8218//3590
f 8219//3470 8220//3470 8221//3470 8222//3470
f 8223//3450 8224//3450 8225//3450
f 8226//3452 8227//3452 8228//3452
f 8215//3591 8229//3591 8221//3591
f 8222//3592 8230//3592 8212//3592
f 8226//3428 8231//3428 8232//3428 8233//3428
f 8225//3426 8234//3426 8235//3426 8228//3426
f 8218//3593 8236//3593 8229//3593 8215//3593
f 8212//3594 8211//3594 8219//3594 8222//3594
f 8233//3441 8237//3441 8227//3441 8226//3441
f 8223//3477 8225//3477 8228//3477 8227//3477
f 8230//3595 8222//3595 8221//3595 8229//3595
f 8213//3596 8238//3596 8237//3596 8233//3596
f 8224//3469 8223//3469 8239//3469 8240//3469
f 8216//3597 8215//3597 8221//3597 8220//3597
f 8233//3598 8232//3598 8214//3598 8213//3598
f 8239//3435 8223//3435 8227//3435 8237//3435 8238//3435 8241//3435 8230//3435 8229//3435 8236//3435
f 8242//3544 8243//3544 8244//3544 8245//3544
f 8209//3599 8241//3599 8238//3599 8213//3599
f 8240//3600 8239//3600 8236//3600 8218//3600
f 8240//3431 8246//3431 8247//3431 8224//3431
f 8224//3472 8247//3472 8234//3472 8225//3472
f 8231//3423 8226//3423 8228//3423 8235//3423
f 8212//3601 8230//3601 8241//3601 8209//3601
f 8218//3602 8217//3602 8246//3602 8240//3602
f 8248//3428 8249//3428 8250//3428 8251//3428
f 8245//3432 8244//3432 8252//3432 8253//3432
f 8254//3603 8255//3603 8256//3603 8257//3603
f 8258//3604 8259//3604 8260//3604 8261//3604
f 8262//3441 8248//3441 8263//3441 8264//3441
f 8265//3605 8266//3605 8267//3605 8258//3605
f 8268//3606 8269//3606 8270//3606 8255//3606
f 8271//3607 8272//3607 8273//3607
f 8259//3608 8254//3608 8257//3608 8260//3608
f 8274//3609 8275//3609 8273//3609 8272//3609
f 8255//3610 8270//3610 8256//3610
f 8276//3470 8277//3470 8273//3470 8275//3470
f 8258//3431 8267//3431 8278//3431 8259//3431
f 8251//3428 8250//3428 8274//3428 8272//3428
f 8258//3611 8261//3611 8265//3611
f 8253//3423 8252//3423 8279//3423 8262//3423
f 8262//3452 8264//3452 8253//3452
f 8280//3477 8256//3477 8270//3477 8242//3477
f 8251//3441 8272//3441 8271//3441 8281//3441
f 8282//3612 8271//3612 8273//3612 8277//3612
f 8248//3441 8251//3441 8281//3441 8263//3441
f 8283//3466 8284//3466 8285//3466 8286//3466
f 8254//3431 8287//3431 8268//3431 8255//3431
f 8262//3428 8279//3428 8249//3428 8248//3428
f 8260//3435 8257//3435 8256//3435 8280//3435 8288//3435 8264//3435 8263//3435 8281//3435 8271//3435 8282//3435 8289//3435 8261//3435
f 8288//3529 8280//3529 8242//3529 8245//3529
f 8261//3613 8289//3613 8290//3613 8265//3613
f 8266//3470 8265//3470 8290//3470 8291//3470
f 8264//3530 8288//3530 8245//3530 8253//3530
f 8289//3614 8282//3614 8277//3614 8290//3614
f 8291//3470 8290//3470 8277//3470 8276//3470
f 8259//3431 8278//3431 8287//3431 8254//3431
f 8270//3426 8269//3426 8243//3426 8242//3426
f 8292//3615 8293//3615 8294//3428 8295//3428
f 8286//3570 8285//3570 8296//3570 8297//3570
f 8298//3616 8299//3616 8300//3616
f 8301//3617 8302//3617 8303//3617
f 8295//3455 8304//3455 8305//3455
f 8306//3454 8307//3454 8297//3454
f 8308//3426 8309//3426 8303//3426 8310//3426
f 8311//3618 8301//3618 8303//3618 8309//3618
f 8294//3520 8312//3520 8304//3520 8295//3520
f 8313//3425 8305//3425 8304//3425 8283//3425
f 8292//3441 8295//3441 8305//3441 8314//3441
f 8315//3619 8302//3619 8301//3619 8316//3619
f 8315//3431 8317//3431 8318//3431 8302//3431
f 8300//3620 8319//3620 8320//3620 8298//3620
f 8318//3621 8310//3621 8303//3621 8302//3621
f 8321//3619 8315//3619 8316//3619 8322//3619
f 8298//3622 8323//3622 8324//3622 8299//3622
f 8297//3422 8296//3422 8325//3422 8306//3422
f 8321//3431 8326//3431 8317//3431 8315//3431
f 8298//3623 8320//3623 8327//3624 8323//3624
f 8306//3619 8321//3619 8322//3619 8307//3619
f 8323//3625 8292//3625 8314//3625 8324//3625
f 8306//3431 8325//3431 8326//3431 8321//3431
f 8324//3435 8314//3435 8305//3435 8313//3435 8328//3435 8307//3435 8322//3435 8316//3435 8301//3435 8311//3435 8329//3435 8299//3435
f 8328//3427 8313//3427 8283//3427 8286//3427
f 8299//3626 8329//3626 8330//3626 8300//3626
f 8319//3426 8300//3426 8330//3426 8331//3426
f 8307//3508 8328//3508 8286//3508 8297//3508
f 8329//3627 8311//3627 8309//3627 8330//3627
f 8331//3426 8330//3426 8309//3426 8308//3426
f 8323//3624 8327//3624 8293//3615 8292//3615
f 8304//3470 8312//3470 8284//3470 8283//3470
f 8332//3628 8027//3628 8052//3628 8333//3628
f 8334//3629 8028//3629 8027//3629 8332//3629
f 8335//3630 8336//3630 8337//3630 8338//3630 8339//3630 8340//3630 8341//3630
f 8342//3631 8122//3631 8128//3631 8343//3631
f 8344//3630 8345//3630 8346//3630 8347//3630 8348//3630 8349//3630 8350//3630 8351//3630 8352//3630 8353//3630
f 8354//3632 8115//3632 8116//3632 8355//3632
f 8110//3633 8169//3633 8356//3633
f 8357//3634 8039//3634 8170//3634
f 7859//3635 8358//3635 8041//3635
f 8107//3636 7867//3636 8359//3636
f 7963//3637 8360//3637 8361//3637 7964//3637
f 8121//3638 8362//3638 8360//3638 7963//3638
f 8363//3639 8098//3639 8115//3639 8354//3639
f 8364//3640 8172//3640 8054//3640
f 8171//3641 8365//3641 8053//3641
f 7853//3642 8366//3642 7854//3642
f 7879//3643 8367//3643 8056//3643
f 8127//3644 8126//3644 8368//3644
f 8369//3645 8059//3645 8095//3645
f 7887//3640 8370//3640 8061//3640
f 8142//3642 7891//3642 8371//3642
f 7900//3646 8069//3646 8336//3646
f 8339//3647 7894//3647 7893//3647
f 7901//3645 8335//3645 8178//3645
f 8177//3648 7905//3648 8340//3648
f 8159//3649 8155//3649 8372//3649
f 8373//3650 8072//3650 8176//3650
f 7916//3642 8374//3642 8074//3642
f 8156//3651 7920//3651 8375//3651
f 8376//3652 8087//3652 7928//3652
f 8086//3653 8377//3653 8117//3653
f 8124//3654 8378//3654 7935//3654
f 8342//3655 8123//3655 8122//3655
f 8346//3644 8167//3644 8092//3644
f 8080//3645 8347//3645 8091//3645
f 7942//3640 8352//3640 7957//3640
f 7954//3642 8351//3642 8093//3642
f 7964//3656 8361//3656 8333//3656 8051//3656
f 7851//3644 7850//3644 8379//3644
f 8051//3657 8333//3657 8052//3657
f 8032//3658 8380//3658 8355//3658 8119//3658
f 8381//3659 8037//3659 8039//3659 8357//3659
f 8382//3660 8113//3660 8041//3660 8358//3660
f 7858//3661 8383//3661 8358//3661 7859//3661
f 8109//3662 8384//3662 8357//3662 8170//3662
f 7877//3663 8385//3663 8366//3663 7853//3663
f 8175//3664 8386//3664 8365//3664 8171//3664
f 8364//3658 8054//3658 8053//3658 8365//3658
f 8367//3631 7879//3631 7854//3631 8366//3631
f 8387//3665 7925//3665 8059//3665 8369//3665
f 8388//3663 8160//3663 8061//3663 8370//3663
f 7886//3658 8389//3658 8370//3658 7887//3658
f 8094//3631 8390//3631 8369//3631 8095//3631
f 8338//3666 7897//3666 7894//3666 8339//3666
f 8341//3667 7904//3667 8178//3668 8335//3668
f 7900//3631 8336//3631 8335//3631 7901//3631
f 8177//3669 8340//3669 8339//3669 7893//3669
f 8391//3670 8070//3670 8072//3670 8373//3670
f 8392//3631 8151//3631 8074//3631 8374//3631
f 7915//3671 8393//3671 8374//3671 7916//3671
f 8158//3672 8394//3672 8373//3672 8176//3672
f 8168//3673 8395//3673 8378//3673 8124//3673
f 8085//3674 8396//3674 8377//3674 8086//3674
f 8397//3675 7932//3675 7935//3675 8378//3675
f 8398//3676 8118//3676 8117//3676 8377//3676
f 7941//3658 8353//3658 8352//3658 7942//3658
f 7883//3631 8348//3631 8347//3631 8080//3631
f 8346//3672 8092//3672 8091//3672 8347//3672
f 8351//3663 7954//3663 7957//3663 8352//3663
f 8108//3677 8399//3677 8384//3677 8109//3677
f 8110//3678 8356//3678 8400//3678 8111//3678
f 8399//3630 8359//3630 8401//3630 8402//3630 8382//3630 8358//3630 8383//3630 8400//3630 8356//3630 8403//3630 8404//3630 8381//3630 8357//3630 8384//3630
f 8107//3679 8359//3679 8399//3679 8108//3679
f 8111//3680 8400//3680 8383//3680 7858//3680
f 8359//3660 7867//3660 7866//3660 8401//3660
f 8402//3681 8114//3681 8113//3681 8382//3681
f 8356//3659 8169//3659 8047//3659 8403//3659
f 8404//3682 8050//3682 8037//3682 8381//3682
f 8403//3683 8047//3683 8050//3683 8404//3683
f 8401//3684 7866//3684 8114//3684 8402//3684
f 8362//3685 8096//3685 8098//3685 8363//3685
f 8379//3686 7850//3686 8028//3686 8334//3686
f 8360//3630 8362//3630 8363//3630 8354//3630 8355//3630 8380//3630 8405//3630 8379//3630 8334//3630 8332//3630 8333//3630 8361//3630
f 8031//3658 8405//3658 8380//3658 8032//3658
f 8121//3687 8096//3687 8362//3687
f 8376//3658 7928//3658 7927//3658 8406//3658
f 8343//3688 8128//3688 7932//3688 8397//3688
f 8406//3689 7927//3689 8130//3689 8407//3689
f 8136//3690 8408//3690 8396//3690 8085//3690
f 8087//3691 8376//3691 8409//3691 8137//3691
f 8123//3692 8342//3692 8408//3692 8136//3692
f 8377//3630 8396//3630 8408//3630 8342//3630 8343//3630 8397//3630 8378//3630 8395//3630 8409//3630 8376//3630 8406//3630 8407//3630 8398//3630
f 8137//3693 8409//3693 8395//3693 8168//3693
f 8143//3631 8410//3631 8390//3631 8094//3631
f 8127//3694 8368//3694 8411//3694 8144//3694
f 8142//3631 8371//3631 8410//3631 8143//3631
f 8144//3695 8411//3695 8389//3695 7886//3695
f 8411//3630 8368//3630 8412//3630 8387//3630 8369//3630 8390//3630 8410//3630 8371//3630 8413//3630 8388//3630 8370//3630 8389//3630
f 8413//3696 7890//3696 8160//3696 8388//3696
f 8368//3672 8126//3672 7922//3672 8412//3672
f 8371//3697 7891//3697 7890//3697 8413//3697
f 8412//3698 7922//3698 7925//3698 8387//3698
f 8375//3699 7920//3699 7919//3699 8414//3699
f 8415//3700 8150//3700 8070//3700 8391//3700
f 8372//3701 8155//3701 8150//3701 8415//3701
f 8414//3702 7919//3702 8151//3702 8392//3702
f 8414//3703 8392//3703 8374//3703 8393//3703 8416//3703 8372//3703 8415//3703 8391//3703 8373//3703 8394//3703 8417//3703 8375//3703
f 8156//3704 8375//3704 8417//3704 8157//3704
f 8157//3705 8417//3705 8394//3705 8158//3705
f 8159//3706 8372//3706 8416//3706 7931//3706
f 7931//3707 8416//3707 8393//3707 7915//3707
f 8340//3708 7905//3708 7904//3667 8341//3667
f 8336//3709 8069//3709 8067//3709 8337//3709
f 8164//3710 8350//3710 8349//3710 7882//3710
f 8165//3711 8345//3711 8344//3711 8166//3711
f 8093//3631 8351//3631 8350//3631 8164//3631
f 8166//3712 8344//3712 8353//3712 7941//3712
f 8167//3713 8346//3713 8345//3713 8165//3713
f 7882//3714 8349//3714 8348//3714 7883//3714
f 8407//3715 8130//3715 8118//3715 8398//3715
f 8355//3716 8116//3716 8119//3716
f 7851//3658 8379//3658 8405//3658 8031//3658
f 8337//3717 8067//3717 7897//3717 8338//3717
f 8173//3718 8418//3718 8386//3718 8175//3718
f 8172//3719 8364//3719 8419//3719 7876//3719
f 8419//3630 8364//3630 8365//3630 8386//3630 8418//3630 8367//3630 8366//3630 8385//3630
f 8056//3720 8367//3720 8418//3720 8173//3720
f 7876//3721 8419//3721 8385//3721 7877//3721
f 8420//3722 8208//3722 8205//3722 8421//3722
f 8421//3723 8422//3723 8423//3723 8424//3723 8425//3723 8426//3723 8427//3723 8420//3723
f 8424//3724 7872//3724 8201//3724
f 8207//3644 8425//3644 8200//3644
f 8204//3725 8421//3725 8205//3725
f 8197//3726 8426//3726 8203//3726
f 8206//3727 8422//3727 8421//3727 8204//3727
f 8424//3658 8201//3658 8200//3658 8425//3658
f 7873//3728 8423//3728 8422//3728 8206//3728
f 7872//3729 8424//3729 8423//3729 7873//3729
f 8203//3730 8426//3730 8425//3730 8207//3730
f 8427//3731 8199//3731 8208//3731 8420//3731
f 8426//3732 8197//3732 8199//3732 8427//3732
f 8428//3640 8234//3640 8247//3640
f 8231//3733 8235//3733 8429//3733
f 8216//3734 8220//3734 8430//3734
f 8219//3735 8211//3735 8431//3735
f 8217//3736 8216//3736 8430//3736 8432//3736
f 8232//3631 8231//3631 8429//3631 8433//3631
f 8428//3663 8429//3663 8235//3663 8234//3663
f 8431//3737 8430//3737 8220//3737 8219//3737
f 8214//3738 8232//3738 8433//3738 8434//3738
f 8247//3658 8246//3658 8435//3658 8428//3658
f 8435//3630 8432//3630 8430//3630 8431//3630 8436//3630 8434//3630 8433//3630 8429//3630 8428//3630
f 8210//3739 8214//3739 8434//3739 8436//3739
f 8246//3740 8217//3740 8432//3740 8435//3740
f 8211//3741 8210//3741 8436//3741 8431//3741
f 8287//3742 8437//3742 8438//3742 8268//3742
f 8267//3743 8439//3743 8440//3743 8278//3743
f 8279//3631 8441//3631 8442//3631 8249//3631
f 8443//3744 8275//3744 8274//3744
f 8278//3745 8440//3745 8437//3745 8287//3745
f 8268//3746 8438//3746 8269//3746
f 8267//3747 8266//3747 8439//3747
f 8279//3642 8252//3642 8441//3642
f 8444//3663 8243//3663 8269//3663 8438//3663
f 8250//3748 8445//3748 8443//3748 8274//3748
f 8446//3749 8276//3749 8275//3749 8443//3749
f 8249//3631 8442//3631 8445//3748 8250//3748
f 8440//3630 8439//3630 8447//3630 8446//3630 8443//3630 8445//3630 8442//3630 8441//3630 8448//3630 8444//3630 8438//3630 8437//3630
f 8448//3696 8244//3696 8243//3696 8444//3696
f 8439//3750 8266//3750 8291//3750 8447//3750
f 8441//3697 8252//3697 8244//3697 8448//3697
f 8447//3751 8291//3751 8276//3751 8446//3751
f 8320//3752 8319//3752 8449//3752
f 8450//3753 8310//3753 8318//3753
f 8294//3645 8451//3645 8312//3645
f 8325//3644 8296//3644 8452//3644
f 8453//3754 8308//3754 8310//3754 8450//3754
f 8454//3672 8284//3672 8312//3672 8451//3672
f 8293//3631 8455//3631 8451//3631 8294//3631
f 8317//3658 8456//3658 8450//3658 8318//3658
f 8326//3658 8457//3658 8456//3658 8317//3658
f 8320//3755 8449//3755 8458//3755 8327//3755
f 8325//3658 8452//3658 8457//3658 8326//3658
f 8327//3756 8458//3756 8455//3756 8293//3756
f 8458//3630 8449//3630 8459//3630 8453//3630 8450//3630 8456//3630 8457//3630 8452//3630 8460//3630 8454//3630 8451//3630 8455//3630
f 8460//3629 8285//3629 8284//3629 8454//3629
f 8449//3757 8319//3757 8331//3757 8459//3757
f 8452//3686 8296//3686 8285//3686 8460//3686
f 8459//3758 8331//3758 8308//3758 8453//3758
f 7901//3520 8178//3520 8002//3520 7902//3520
o WallCover_Modular_Cube.017
v -0.503956 6.136744 0.809284
v -1.484534 6.136744 0.809284
v -1.484534 6.136744 1.039444
v -0.503956 6.136744 1.039444
v -1.507088 5.883550 0.809284
v -1.505638 5.719774 0.809284
v -1.505638 5.719774 1.039444
v -1.507088 5.883550 1.039444
v -1.484534 5.705723 0.809284
v -0.503956 5.705723 0.809284
v -0.503956 5.705723 1.039444
v -1.484534 5.705723 1.039444
v -1.484534 6.127396 1.063878
v -1.475391 6.091431 1.063878
v -1.497865 5.883550 1.063878
v -1.484534 5.719774 1.063878
v -0.503956 5.719774 1.063878
v -0.508537 5.901282 1.063878
v -0.519514 6.091431 1.063878
v -0.503956 6.127396 1.063878
v -0.482852 6.127396 1.039444
v -0.482852 5.719774 1.039444
v -1.505638 6.127396 1.039444
v -0.482852 6.127396 0.809284
v -0.484002 5.901282 1.039444
v -1.508539 6.091431 1.039444
v -0.484514 6.091431 1.039444
v -1.505638 6.127396 0.809284
v -1.508539 6.091431 0.809284
v -0.482852 5.719774 0.809284
v -0.484002 5.901282 0.809284
v -0.484514 6.091431 0.809284
v -0.466992 5.705094 0.809284
v 0.517040 5.705094 0.809284
v 0.517040 5.705094 1.039444
v -0.466992 5.705094 1.039444
v 0.541045 5.845356 0.809284
v 0.538145 6.126977 0.809284
v 0.538145 6.126977 1.039444
v 0.541045 5.845356 1.039444
v 0.517040 6.136324 0.809284
v -0.466992 6.136324 0.809284
v -0.466992 6.136324 1.039444
v 0.517040 6.136324 1.039444
v 0.517040 5.719145 1.063878
v 0.507899 5.845356 1.063878
v 0.517040 6.126977 1.063878
v -0.466992 6.126977 1.063878
v -0.462409 5.886182 1.063878
v -0.451433 5.845356 1.063878
v -0.466992 5.719145 1.063878
v -0.488095 5.719145 1.039444
v -0.488095 6.126977 1.039444
v 0.538145 5.719145 1.039444
v -0.488095 5.719145 0.809284
v -0.486946 5.886182 1.039444
v -0.486432 5.845356 1.039444
v 0.538145 5.719145 0.809284
v -0.488095 6.126977 0.809284
v -0.486946 5.886182 0.809284
v -0.486432 5.845356 0.809284
v 0.557962 5.705094 0.809284
v 1.486731 5.705094 0.809284
v 1.486731 5.705094 1.039444
v 0.557962 5.705094 1.039444
v 1.510735 5.845356 0.809284
v 1.507836 6.126977 0.809284
v 1.507836 6.126977 1.039444
v 1.510735 5.845356 1.039444
v 1.486731 6.136324 0.809284
v 0.557962 6.136324 0.809284
v 0.557962 6.136324 1.039444
v 1.486731 6.136324 1.039444
v 1.486731 5.719145 1.063878
v 1.477588 5.845356 1.063878
v 1.486731 6.126977 1.063878
v 0.557962 6.126977 1.063878
v 0.562544 5.886182 1.063878
v 0.573520 5.845356 1.063878
v 0.557962 5.719145 1.063878
v 0.536858 5.719145 1.039444
v 0.536858 6.126977 1.039444
v 1.507834 5.719145 1.039444
v 0.536858 5.719145 0.809284
v 0.538008 5.886182 1.039444
v 0.538520 5.845356 1.039444
v 1.507834 5.719145 0.809284
v 0.536858 6.126977 0.809284
v 0.538008 5.886182 0.809284
v 0.538520 5.845356 0.809284
v -0.503956 6.136744 0.579124
v -1.484534 6.136744 0.579124
v -1.507088 5.883550 0.579124
v -1.505638 5.719774 0.579124
v -1.484534 5.705723 0.579124
v -0.503956 5.705723 0.579124
v -1.484534 6.127396 0.554690
v -0.503956 6.127396 0.554690
v -0.519514 6.091431 0.554690
v -0.508537 5.901282 0.554690
v -0.503956 5.719774 0.554690
v -1.484534 5.719774 0.554690
v -1.497865 5.883550 0.554690
v -1.475391 6.091431 0.554690
v -0.482852 6.127396 0.579124
v -0.482852 5.719774 0.579124
v -1.505638 6.127396 0.579124
v -0.484002 5.901282 0.579124
v -1.508539 6.091431 0.579124
v -0.484514 6.091431 0.579124
v -0.466992 5.705094 0.579124
v 0.517040 5.705094 0.579124
v 0.541045 5.845356 0.579124
v 0.538145 6.126977 0.579124
v 0.517040 6.136324 0.579124
v -0.466992 6.136324 0.579124
v 0.517040 5.719145 0.554690
v -0.466992 5.719145 0.554690
v -0.451433 5.845356 0.554690
v -0.462409 5.886182 0.554690
v -0.466992 6.126977 0.554690
v 0.517040 6.126977 0.554690
v 0.507899 5.845356 0.554690
v -0.488095 5.719145 0.579124
v -0.488095 6.126977 0.579124
v 0.538145 5.719145 0.579124
v -0.486946 5.886182 0.579124
v -0.486432 5.845356 0.579124
v 0.557962 5.705094 0.579124
v 1.486731 5.705094 0.579124
v 1.510735 5.845356 0.579124
v 1.507836 6.126977 0.579124
v 1.486731 6.136324 0.579124
v 0.557962 6.136324 0.579124
v 1.486731 5.719145 0.554690
v 0.557962 5.719145 0.554690
v 0.573520 5.845356 0.554690
v 0.562544 5.886182 0.554690
v 0.557962 6.126977 0.554690
v 1.486731 6.126977 0.554690
v 1.477588 5.845356 0.554690
v 0.536858 5.719145 0.579124
v 0.536858 6.126977 0.579124
v 1.507834 5.719145 0.579124
v 0.538008 5.886182 0.579124
v 0.538520 5.845356 0.579124
vn 0.0000 1.0000 0.0000
vn -1.0000 -0.0079 0.0000
vn -1.0000 -0.0088 0.0000
vn 0.0000 -1.0000 0.0000
vn 0.0000 0.0000 1.0000
vn 0.3823 0.8630 0.3302
vn 0.4999 -0.7508 0.4318
vn -0.3823 0.8630 0.3302
vn -0.4999 -0.7508 0.4318
vn 0.4050 0.9143 0.0000
vn 0.7308 0.0115 0.6825
vn -0.5542 -0.8324 0.0000
vn -0.6681 -0.0580 0.7418
vn 0.0000 0.9340 0.3573
vn 0.0000 -0.8669 0.4985
vn -0.7550 0.0382 0.6546
vn 0.6488 -0.1553 0.7449
vn -0.9968 0.0804 0.0000
vn 1.0000 0.0045 0.0000
vn 1.0000 0.0063 0.0000
vn 0.5542 -0.8324 0.0000
vn -0.4050 0.9143 0.0000
vn 0.9989 -0.0462 0.0000
vn 1.0000 0.0027 0.0000
vn 0.6343 0.0192 0.7728
vn 0.9999 0.0103 0.0000
vn -0.4999 -0.7508 0.4317
vn -0.3823 0.8631 0.3301
vn 0.4999 -0.7508 0.4317
vn 0.3822 0.8631 0.3302
vn -0.7308 -0.0087 0.6825
vn 0.4049 0.9143 0.0000
vn 0.6692 0.0165 0.7429
vn 0.6693 -0.0074 0.7430
vn -0.6562 0.0448 0.7533
vn 0.9997 -0.0230 0.0000
vn -1.0000 -0.0087 0.0000
vn -1.0000 -0.0048 0.0000
vn -0.9999 0.0132 0.0000
vn -0.9999 -0.0126 0.0000
vn -0.6319 -0.0889 0.7699
vn -0.8491 -0.0383 0.5269
vn -1.0000 -0.0070 0.0000
vn -0.3822 0.8631 0.3302
vn -0.6561 0.0448 0.7533
vn -0.4049 0.9143 0.0000
vn -0.9999 -0.0125 0.0000
vn -0.0000 0.0000 -1.0000
vn 0.3823 0.8630 -0.3302
vn 0.4999 -0.7508 -0.4318
vn -0.3823 0.8630 -0.3302
vn -0.4999 -0.7508 -0.4318
vn 0.7308 0.0115 -0.6825
vn -0.6681 -0.0580 -0.7418
vn 0.0000 0.9340 -0.3573
vn 0.0000 -0.8669 -0.4985
vn -0.7550 0.0382 -0.6546
vn 0.6488 -0.1553 -0.7449
vn 0.6343 0.0192 -0.7728
vn -0.4999 -0.7508 -0.4317
vn -0.3823 0.8631 -0.3301
vn 0.4999 -0.7508 -0.4317
vn 0.3822 0.8631 -0.3302
vn -0.7308 -0.0087 -0.6825
vn 0.6692 0.0165 -0.7429
vn 0.6693 -0.0074 -0.7430
vn -0.6562 0.0448 -0.7533
vn -0.6319 -0.0889 -0.7699
vn -0.8491 -0.0383 -0.5269
vn -0.3822 0.8631 -0.3302
vn -0.6561 0.0448 -0.7533
vn -0.6320 -0.0889 -0.7699
usemtl Grey_Floor.002
s 1
f 8461//3759 8462//3759 8463//3759 8464//3759
f 8465//3760 8466//3761 8467//3761 8468//3760
f 8469//3762 8470//3762 8471//3762 8472//3762
f 8473//3763 8474//3763 8475//3763 8476//3763 8477//3763 8478//3763 8479//3763 8480//3763
f 8464//3764 8480//3764 8481//3764
f 8477//3765 8471//3765 8482//3765
f 8463//3766 8483//3766 8473//3766
f 8472//3767 8476//3767 8467//3767
f 8461//3768 8464//3768 8481//3768 8484//3768
f 8478//3769 8477//3769 8482//3769 8485//3769
f 8469//3770 8472//3770 8467//3770 8466//3770
f 8474//3771 8473//3771 8483//3771 8486//3771
f 8464//3772 8463//3772 8473//3772 8480//3772
f 8472//3773 8471//3773 8477//3773 8476//3773
f 8475//3774 8474//3774 8486//3774 8468//3774
f 8480//3775 8479//3775 8487//3775 8481//3775
f 8488//3776 8489//3776 8486//3776 8483//3776
f 8485//3777 8482//3778 8490//3778 8491//3777
f 8471//3779 8470//3779 8490//3779 8482//3779
f 8463//3780 8462//3780 8488//3780 8483//3780
f 8481//3781 8487//3781 8492//3781 8484//3781
f 8487//3782 8485//3777 8491//3777 8492//3782
f 8479//3783 8478//3783 8485//3783 8487//3783
f 8493//3762 8494//3762 8495//3762 8496//3762
f 8497//3784 8498//3784 8499//3784 8500//3784
f 8501//3759 8502//3759 8503//3759 8504//3759
f 8505//3763 8506//3763 8507//3763 8508//3763 8509//3763 8510//3763 8511//3763
f 8496//3785 8511//3785 8512//3785
f 8508//3786 8503//3786 8513//3786
f 8495//3787 8514//3787 8505//3787
f 8504//3788 8507//3788 8499//3788
f 8493//3770 8496//3770 8512//3770 8515//3770
f 8509//3789 8508//3789 8513//3789 8516//3789
f 8501//3790 8504//3790 8499//3790 8498//3790
f 8506//3791 8505//3791 8514//3791 8500//3791
f 8496//3773 8495//3773 8505//3773 8511//3773
f 8504//3772 8503//3772 8508//3772 8507//3772
f 8507//3792 8506//3792 8500//3792 8499//3792
f 8511//3793 8510//3793 8517//3793 8512//3793
f 8518//3794 8497//3794 8500//3794 8514//3794
f 8516//3795 8513//3796 8519//3796 8520//3795
f 8503//3780 8502//3780 8519//3780 8513//3780
f 8495//3779 8494//3779 8518//3779 8514//3779
f 8512//3797 8517//3797 8521//3797 8515//3797
f 8517//3798 8516//3795 8520//3795 8521//3798
f 8510//3799 8509//3799 8516//3799 8517//3799
f 8476//3800 8475//3800 8468//3800 8467//3800
f 8489//3801 8465//3760 8468//3760 8486//3801
f 8522//3762 8523//3762 8524//3762 8525//3762
f 8526//3784 8527//3784 8528//3784 8529//3784
f 8530//3759 8531//3759 8532//3759 8533//3759
f 8534//3763 8535//3763 8536//3763 8537//3763 8538//3763 8539//3763 8540//3763
f 8525//3767 8540//3767 8541//3767
f 8537//3802 8532//3802 8542//3802
f 8524//3787 8543//3787 8534//3787
f 8533//3788 8536//3788 8528//3788
f 8522//3770 8525//3770 8541//3770 8544//3770
f 8538//3789 8537//3789 8542//3789 8545//3789
f 8530//3790 8533//3790 8528//3790 8527//3790
f 8535//3791 8534//3791 8543//3791 8529//3791
f 8525//3773 8524//3773 8534//3773 8540//3773
f 8533//3772 8532//3772 8537//3772 8536//3772
f 8536//3792 8535//3792 8529//3792 8528//3792
f 8540//3803 8539//3803 8546//3803 8541//3803
f 8547//3794 8526//3794 8529//3794 8543//3794
f 8545//3795 8542//3796 8548//3796 8549//3795
f 8532//3804 8531//3804 8548//3804 8542//3804
f 8524//3779 8523//3779 8547//3779 8543//3779
f 8541//3797 8546//3797 8550//3797 8544//3797
f 8546//3805 8545//3795 8549//3795 8550//3805
f 8539//3799 8538//3799 8545//3799 8546//3799
f 8461//3759 8551//3759 8552//3759 8462//3759
f 8465//3760 8553//3760 8554//3761 8466//3761
f 8469//3762 8555//3762 8556//3762 8470//3762
f 8557//3806 8558//3806 8559//3806 8560//3806 8561//3806 8562//3806 8563//3806 8564//3806
f 8551//3807 8565//3807 8558//3807
f 8561//3808 8566//3808 8556//3808
f 8552//3809 8557//3809 8567//3809
f 8555//3810 8554//3810 8562//3810
f 8461//3768 8484//3768 8565//3768 8551//3768
f 8560//3811 8568//3811 8566//3811 8561//3811
f 8469//3770 8466//3770 8554//3770 8555//3770
f 8564//3812 8569//3812 8567//3812 8557//3812
f 8551//3813 8558//3813 8557//3813 8552//3813
f 8555//3814 8562//3814 8561//3814 8556//3814
f 8563//3815 8553//3815 8569//3815 8564//3815
f 8558//3816 8565//3816 8570//3816 8559//3816
f 8488//3776 8567//3776 8569//3776 8489//3776
f 8568//3777 8491//3777 8490//3778 8566//3778
f 8556//3779 8566//3779 8490//3779 8470//3779
f 8552//3780 8567//3780 8488//3780 8462//3780
f 8565//3781 8484//3781 8492//3781 8570//3781
f 8570//3782 8492//3782 8491//3777 8568//3777
f 8559//3817 8570//3817 8568//3817 8560//3817
f 8493//3762 8571//3762 8572//3762 8494//3762
f 8497//3784 8573//3784 8574//3784 8498//3784
f 8501//3759 8575//3759 8576//3759 8502//3759
f 8577//3806 8578//3806 8579//3806 8580//3806 8581//3806 8582//3806 8583//3806
f 8571//3818 8584//3818 8578//3818
f 8581//3819 8585//3819 8576//3819
f 8572//3820 8577//3820 8586//3820
f 8575//3821 8574//3821 8582//3821
f 8493//3770 8515//3770 8584//3770 8571//3770
f 8580//3822 8587//3822 8585//3822 8581//3822
f 8501//3790 8498//3790 8574//3790 8575//3790
f 8583//3823 8573//3823 8586//3823 8577//3823
f 8571//3814 8578//3814 8577//3814 8572//3814
f 8575//3813 8582//3813 8581//3813 8576//3813
f 8582//3824 8574//3824 8573//3824 8583//3824
f 8578//3825 8584//3825 8588//3825 8579//3825
f 8518//3794 8586//3794 8573//3794 8497//3794
f 8587//3795 8520//3795 8519//3796 8585//3796
f 8576//3780 8585//3780 8519//3780 8502//3780
f 8572//3779 8586//3779 8518//3779 8494//3779
f 8584//3797 8515//3797 8521//3797 8588//3797
f 8588//3798 8521//3798 8520//3795 8587//3795
f 8579//3826 8588//3826 8587//3826 8580//3826
f 8562//3827 8554//3827 8553//3827 8563//3827
f 8489//3801 8569//3801 8553//3760 8465//3760
f 8522//3762 8589//3762 8590//3762 8523//3762
f 8526//3784 8591//3784 8592//3784 8527//3784
f 8530//3759 8593//3759 8594//3759 8531//3759
f 8595//3806 8596//3806 8597//3806 8598//3806 8599//3806 8600//3806 8601//3806
f 8589//3818 8602//3818 8596//3818
f 8599//3828 8603//3828 8594//3828
f 8590//3820 8595//3820 8604//3820
f 8593//3821 8592//3821 8600//3821
f 8522//3770 8544//3770 8602//3770 8589//3770
f 8598//3822 8605//3822 8603//3822 8599//3822
f 8530//3790 8527//3790 8592//3790 8593//3790
f 8601//3823 8591//3823 8604//3823 8595//3823
f 8589//3814 8596//3814 8595//3814 8590//3814
f 8593//3813 8600//3813 8599//3813 8594//3813
f 8600//3824 8592//3824 8591//3824 8601//3824
f 8596//3829 8602//3829 8606//3829 8597//3829
f 8547//3794 8604//3794 8591//3794 8526//3794
f 8605//3795 8549//3795 8548//3796 8603//3796
f 8594//3804 8603//3804 8548//3804 8531//3804
f 8590//3779 8604//3779 8547//3779 8523//3779
f 8602//3797 8544//3797 8550//3797 8606//3797
f 8606//3805 8550//3805 8549//3795 8605//3795
f 8597//3830 8606//3830 8605//3830 8598//3830
o WallCover_Modular_Cube.001
v 0.789362 6.136744 0.525625
v 0.789362 6.136744 1.506202
v 1.019522 6.136744 1.506202
v 1.019522 6.136744 0.525625
v 0.789362 5.883550 1.528756
v 0.789362 5.719774 1.527307
v 1.019522 5.719774 1.527307
v 1.019522 5.883550 1.528756
v 0.789362 5.705723 1.506202
v 0.789362 5.705723 0.525625
v 1.019522 5.705723 0.525625
v 1.019522 5.705723 1.506202
v 1.043957 6.127396 1.506202
v 1.043957 6.091431 1.497059
v 1.043957 5.883550 1.519534
v 1.043957 5.719774 1.506202
v 1.043956 5.719774 0.525625
v 1.043956 5.901282 0.530206
v 1.043956 6.091431 0.541182
v 1.043956 6.127396 0.525625
v 1.019522 6.127396 0.504520
v 1.019522 5.719774 0.504520
v 1.019522 6.127396 1.527307
v 0.789362 6.127396 0.504520
v 1.019522 5.901282 0.505670
v 1.019522 6.091431 1.530207
v 1.019522 6.091431 0.506183
v 0.789362 6.127396 1.527307
v 0.789362 6.091431 1.530207
v 0.789362 5.719774 0.504520
v 0.789362 5.901282 0.505670
v 0.789362 6.091431 0.506183
v 0.789362 5.705094 0.488660
v 0.789362 5.705094 -0.495372
v 1.019522 5.705094 -0.495372
v 1.019522 5.705094 0.488660
v 0.789362 5.845356 -0.519377
v 0.789362 6.126977 -0.516477
v 1.019522 6.126977 -0.516477
v 1.019522 5.845356 -0.519377
v 0.789362 6.136324 -0.495372
v 0.789362 6.136324 0.488660
v 1.019522 6.136324 0.488660
v 1.019522 6.136324 -0.495372
v 1.043956 5.719145 -0.495372
v 1.043956 5.845356 -0.486231
v 1.043956 6.126977 -0.495372
v 1.043956 6.126977 0.488660
v 1.043956 5.886182 0.484078
v 1.043956 5.845356 0.473101
v 1.043956 5.719145 0.488660
v 1.019522 5.719145 0.509763
v 1.019522 6.126977 0.509763
v 1.019522 5.719145 -0.516477
v 0.789362 5.719145 0.509763
v 1.019522 5.886182 0.508614
v 1.019522 5.845356 0.508101
v 0.789362 5.719145 -0.516477
v 0.789362 6.126977 0.509763
v 0.789362 5.886182 0.508614
v 0.789362 5.845356 0.508101
v 0.789362 5.705094 -0.536294
v 0.789362 5.705094 -1.465063
v 1.019522 5.705094 -1.465063
v 1.019522 5.705094 -0.536294
v 0.789362 5.845356 -1.489066
v 0.789362 6.126977 -1.486167
v 1.019522 6.126977 -1.486167
v 1.019522 5.845356 -1.489066
v 0.789362 6.136324 -1.465063
v 0.789362 6.136324 -0.536294
v 1.019522 6.136324 -0.536294
v 1.019522 6.136324 -1.465063
v 1.043956 5.719145 -1.465063
v 1.043956 5.845356 -1.455920
v 1.043956 6.126977 -1.465063
v 1.043956 6.126977 -0.536294
v 1.043956 5.886182 -0.540875
v 1.043956 5.845356 -0.551852
v 1.043956 5.719145 -0.536294
v 1.019522 5.719145 -0.515189
v 1.019522 6.126977 -0.515189
v 1.019522 5.719145 -1.486166
v 0.789362 5.719145 -0.515189
v 1.019522 5.886182 -0.516340
v 1.019522 5.845356 -0.516852
v 0.789362 5.719145 -1.486166
v 0.789362 6.126977 -0.515189
v 0.789362 5.886182 -0.516340
v 0.789362 5.845356 -0.516852
v 0.559202 6.136744 0.525625
v 0.559202 6.136744 1.506202
v 0.559202 5.883550 1.528756
v 0.559202 5.719774 1.527307
v 0.559202 5.705723 1.506202
v 0.559202 5.705723 0.525625
v 0.534768 6.127396 1.506202
v 0.534768 6.127396 0.525625
v 0.534768 6.091431 0.541182
v 0.534768 5.901282 0.530206
v 0.534768 5.719774 0.525625
v 0.534768 5.719774 1.506202
v 0.534768 5.883550 1.519534
v 0.534768 6.091431 1.497059
v 0.559202 6.127396 0.504520
v 0.559202 5.719774 0.504520
v 0.559202 6.127396 1.527307
v 0.559202 5.901282 0.505670
v 0.559202 6.091431 1.530207
v 0.559202 6.091431 0.506183
v 0.559202 5.705094 0.488660
v 0.559202 5.705094 -0.495372
v 0.559202 5.845356 -0.519377
v 0.559202 6.126977 -0.516477
v 0.559202 6.136324 -0.495372
v 0.559202 6.136324 0.488660
v 0.534768 5.719145 -0.495372
v 0.534768 5.719145 0.488660
v 0.534768 5.845356 0.473101
v 0.534768 5.886182 0.484078
v 0.534768 6.126977 0.488660
v 0.534768 6.126977 -0.495372
v 0.534768 5.845356 -0.486231
v 0.559202 5.719145 0.509763
v 0.559202 6.126977 0.509763
v 0.559202 5.719145 -0.516477
v 0.559202 5.886182 0.508614
v 0.559202 5.845356 0.508101
v 0.559202 5.705094 -0.536294
v 0.559202 5.705094 -1.465063
v 0.559202 5.845356 -1.489066
v 0.559202 6.126977 -1.486167
v 0.559202 6.136324 -1.465063
v 0.559202 6.136324 -0.536294
v 0.534768 5.719145 -1.465063
v 0.534768 5.719145 -0.536294
v 0.534768 5.845356 -0.551852
v 0.534768 5.886182 -0.540875
v 0.534768 6.126977 -0.536294
v 0.534768 6.126977 -1.465063
v 0.534768 5.845356 -1.455920
v 0.559202 5.719145 -0.515189
v 0.559202 6.126977 -0.515189
v 0.559202 5.719145 -1.486166
v 0.559202 5.886182 -0.516340
v 0.559202 5.845356 -0.516852
vn 0.0000 1.0000 0.0000
vn 0.0000 -0.0079 1.0000
vn 0.0000 -0.0088 1.0000
vn 0.0000 -1.0000 0.0000
vn 1.0000 0.0000 -0.0000
vn 0.3302 0.8630 -0.3823
vn 0.4317 -0.7508 -0.4999
vn 0.3302 0.8630 0.3823
vn 0.4318 -0.7508 0.4999
vn 0.0000 0.9143 -0.4050
vn 0.6825 0.0115 -0.7308
vn 0.0000 -0.8324 0.5542
vn 0.7418 -0.0580 0.6681
vn 0.3573 0.9340 0.0000
vn 0.4985 -0.8669 0.0000
vn 0.6546 0.0382 0.7550
vn 0.7449 -0.1553 -0.6488
vn 0.0000 0.0804 0.9968
vn 0.0000 0.0045 -1.0000
vn 0.0000 0.0063 -1.0000
vn 0.0000 -0.8324 -0.5542
vn 0.0000 0.9143 0.4050
vn 0.0000 -0.0462 -0.9989
vn 0.0000 0.0027 -1.0000
vn 0.7728 0.0192 -0.6343
vn 0.0000 0.0103 -0.9999
vn 0.3301 0.8630 0.3823
vn 0.4318 -0.7508 -0.4998
vn 0.3302 0.8631 -0.3823
vn 0.6825 -0.0087 0.7308
vn 0.7429 0.0165 -0.6692
vn 0.7430 -0.0074 -0.6693
vn 0.7533 0.0448 0.6562
vn 0.0000 -0.0230 -0.9997
vn 0.0000 -0.0087 1.0000
vn 0.0000 -0.0048 1.0000
vn 0.0000 0.0132 0.9999
vn 0.0000 -0.0126 0.9999
vn 0.7699 -0.0889 0.6319
vn 0.5269 -0.0383 0.8491
vn 0.0000 -0.0070 1.0000
vn 0.4318 -0.7508 0.4998
vn 0.3302 0.8631 0.3823
vn 0.4318 -0.7508 -0.4999
vn 0.7533 0.0448 0.6561
vn 0.0000 -0.0125 0.9999
vn -1.0000 0.0000 0.0000
vn -0.3302 0.8630 -0.3823
vn -0.4317 -0.7508 -0.4999
vn -0.3302 0.8630 0.3823
vn -0.4318 -0.7508 0.4999
vn -0.6825 0.0115 -0.7308
vn -0.7418 -0.0580 0.6681
vn -0.3573 0.9340 0.0000
vn -0.4985 -0.8669 0.0000
vn -0.6546 0.0382 0.7550
vn -0.7449 -0.1553 -0.6488
vn -0.7728 0.0192 -0.6343
vn -0.4318 -0.7508 -0.4998
vn -0.3302 0.8631 -0.3822
vn -0.6825 -0.0087 0.7308
vn -0.7429 0.0165 -0.6692
vn -0.7430 -0.0074 -0.6693
vn -0.7533 0.0448 0.6562
vn -0.7699 -0.0889 0.6319
vn -0.5269 -0.0383 0.8491
vn -0.4318 -0.7508 0.4998
vn -0.3302 0.8631 0.3822
vn -0.4318 -0.7508 -0.4999
vn -0.3302 0.8631 -0.3823
vn -0.7533 0.0448 0.6561
vn -0.7699 -0.0889 0.6320
usemtl Grey_Floor.003
s 1
f 8607//3831 8608//3831 8609//3831 8610//3831
f 8611//3832 8612//3833 8613//3833 8614//3832
f 8615//3834 8616//3834 8617//3834 8618//3834
f 8619//3835 8620//3835 8621//3835 8622//3835 8623//3835 8624//3835 8625//3835 8626//3835
f 8610//3836 8626//3836 8627//3836
f 8623//3837 8617//3837 8628//3837
f 8609//3838 8629//3838 8619//3838
f 8618//3839 8622//3839 8613//3839
f 8607//3840 8610//3840 8627//3840 8630//3840
f 8624//3841 8623//3841 8628//3841 8631//3841
f 8615//3842 8618//3842 8613//3842 8612//3842
f 8620//3843 8619//3843 8629//3843 8632//3843
f 8610//3844 8609//3844 8619//3844 8626//3844
f 8618//3845 8617//3845 8623//3845 8622//3845
f 8621//3846 8620//3846 8632//3846 8614//3846
f 8626//3847 8625//3847 8633//3847 8627//3847
f 8634//3848 8635//3848 8632//3848 8629//3848
f 8631//3849 8628//3850 8636//3850 8637//3849
f 8617//3851 8616//3851 8636//3851 8628//3851
f 8609//3852 8608//3852 8634//3852 8629//3852
f 8627//3853 8633//3853 8638//3853 8630//3853
f 8633//3854 8631//3849 8637//3849 8638//3854
f 8625//3855 8624//3855 8631//3855 8633//3855
f 8639//3834 8640//3834 8641//3834 8642//3834
f 8643//3856 8644//3856 8645//3856 8646//3856
f 8647//3831 8648//3831 8649//3831 8650//3831
f 8651//3835 8652//3835 8653//3835 8654//3835 8655//3835 8656//3835 8657//3835
f 8642//3839 8657//3839 8658//3839
f 8654//3857 8649//3857 8659//3857
f 8641//3858 8660//3858 8651//3858
f 8650//3859 8653//3859 8645//3859
f 8639//3842 8642//3842 8658//3842 8661//3842
f 8655//3860 8654//3860 8659//3860 8662//3860
f 8647//3840 8650//3840 8645//3840 8644//3840
f 8652//3861 8651//3861 8660//3861 8646//3861
f 8642//3845 8641//3845 8651//3845 8657//3845
f 8650//3844 8649//3844 8654//3844 8653//3844
f 8653//3862 8652//3862 8646//3862 8645//3862
f 8657//3863 8656//3863 8663//3863 8658//3863
f 8664//3864 8643//3864 8646//3864 8660//3864
f 8662//3865 8659//3866 8665//3866 8666//3865
f 8649//3852 8648//3852 8665//3852 8659//3852
f 8641//3851 8640//3851 8664//3851 8660//3851
f 8658//3867 8663//3867 8667//3867 8661//3867
f 8663//3868 8662//3865 8666//3865 8667//3868
f 8656//3869 8655//3869 8662//3869 8663//3869
f 8622//3870 8621//3870 8614//3870 8613//3870
f 8635//3871 8611//3832 8614//3832 8632//3871
f 8668//3834 8669//3834 8670//3834 8671//3834
f 8672//3856 8673//3856 8674//3856 8675//3856
f 8676//3831 8677//3831 8678//3831 8679//3831
f 8680//3835 8681//3835 8682//3835 8683//3835 8684//3835 8685//3835 8686//3835
f 8671//3872 8686//3872 8687//3872
f 8683//3873 8678//3873 8688//3873
f 8670//3874 8689//3874 8680//3874
f 8679//3859 8682//3859 8674//3859
f 8668//3842 8671//3842 8687//3842 8690//3842
f 8684//3860 8683//3860 8688//3860 8691//3860
f 8676//3840 8679//3840 8674//3840 8673//3840
f 8681//3861 8680//3861 8689//3861 8675//3861
f 8671//3845 8670//3845 8680//3845 8686//3845
f 8679//3844 8678//3844 8683//3844 8682//3844
f 8682//3862 8681//3862 8675//3862 8674//3862
f 8686//3875 8685//3875 8692//3875 8687//3875
f 8693//3864 8672//3864 8675//3864 8689//3864
f 8691//3865 8688//3866 8694//3866 8695//3865
f 8678//3852 8677//3852 8694//3852 8688//3852
f 8670//3851 8669//3851 8693//3851 8689//3851
f 8687//3867 8692//3867 8696//3867 8690//3867
f 8692//3876 8691//3865 8695//3865 8696//3876
f 8685//3869 8684//3869 8691//3869 8692//3869
f 8607//3831 8697//3831 8698//3831 8608//3831
f 8611//3832 8699//3832 8700//3833 8612//3833
f 8615//3834 8701//3834 8702//3834 8616//3834
f 8703//3877 8704//3877 8705//3877 8706//3877 8707//3877 8708//3877 8709//3877 8710//3877
f 8697//3878 8711//3878 8704//3878
f 8707//3879 8712//3879 8702//3879
f 8698//3880 8703//3880 8713//3880
f 8701//3881 8700//3881 8708//3881
f 8607//3840 8630//3840 8711//3840 8697//3840
f 8706//3882 8714//3882 8712//3882 8707//3882
f 8615//3842 8612//3842 8700//3842 8701//3842
f 8710//3883 8715//3883 8713//3883 8703//3883
f 8697//3884 8704//3884 8703//3884 8698//3884
f 8701//3885 8708//3885 8707//3885 8702//3885
f 8709//3886 8699//3886 8715//3886 8710//3886
f 8704//3887 8711//3887 8716//3887 8705//3887
f 8634//3848 8713//3848 8715//3848 8635//3848
f 8714//3849 8637//3849 8636//3850 8712//3850
f 8702//3851 8712//3851 8636//3851 8616//3851
f 8698//3852 8713//3852 8634//3852 8608//3852
f 8711//3853 8630//3853 8638//3853 8716//3853
f 8716//3854 8638//3854 8637//3849 8714//3849
f 8705//3888 8716//3888 8714//3888 8706//3888
f 8639//3834 8717//3834 8718//3834 8640//3834
f 8643//3856 8719//3856 8720//3856 8644//3856
f 8647//3831 8721//3831 8722//3831 8648//3831
f 8723//3877 8724//3877 8725//3877 8726//3877 8727//3877 8728//3877 8729//3877
f 8717//3881 8730//3881 8724//3881
f 8727//3880 8731//3880 8722//3880
f 8718//3889 8723//3889 8732//3889
f 8721//3890 8720//3890 8728//3890
f 8639//3842 8661//3842 8730//3842 8717//3842
f 8726//3891 8733//3891 8731//3891 8727//3891
f 8647//3840 8644//3840 8720//3840 8721//3840
f 8729//3892 8719//3892 8732//3892 8723//3892
f 8717//3885 8724//3885 8723//3885 8718//3885
f 8721//3884 8728//3884 8727//3884 8722//3884
f 8728//3893 8720//3893 8719//3893 8729//3893
f 8724//3894 8730//3894 8734//3894 8725//3894
f 8664//3864 8732//3864 8719//3864 8643//3864
f 8733//3865 8666//3865 8665//3866 8731//3866
f 8722//3852 8731//3852 8665//3852 8648//3852
f 8718//3851 8732//3851 8664//3851 8640//3851
f 8730//3867 8661//3867 8667//3867 8734//3867
f 8734//3868 8667//3868 8666//3865 8733//3865
f 8725//3895 8734//3895 8733//3895 8726//3895
f 8708//3896 8700//3896 8699//3896 8709//3896
f 8635//3871 8715//3871 8699//3832 8611//3832
f 8668//3834 8735//3834 8736//3834 8669//3834
f 8672//3856 8737//3856 8738//3856 8673//3856
f 8676//3831 8739//3831 8740//3831 8677//3831
f 8741//3877 8742//3877 8743//3877 8744//3877 8745//3877 8746//3877 8747//3877
f 8735//3897 8748//3897 8742//3897
f 8745//3898 8749//3898 8740//3898
f 8736//3899 8741//3899 8750//3899
f 8739//3900 8738//3900 8746//3900
f 8668//3842 8690//3842 8748//3842 8735//3842
f 8744//3891 8751//3891 8749//3891 8745//3891
f 8676//3840 8673//3840 8738//3840 8739//3840
f 8747//3892 8737//3892 8750//3892 8741//3892
f 8735//3885 8742//3885 8741//3885 8736//3885
f 8739//3884 8746//3884 8745//3884 8740//3884
f 8746//3893 8738//3893 8737//3893 8747//3893
f 8742//3901 8748//3901 8752//3901 8743//3901
f 8693//3864 8750//3864 8737//3864 8672//3864
f 8751//3865 8695//3865 8694//3866 8749//3866
f 8740//3852 8749//3852 8694//3852 8677//3852
f 8736//3851 8750//3851 8693//3851 8669//3851
f 8748//3867 8690//3867 8696//3867 8752//3867
f 8752//3876 8696//3876 8695//3865 8751//3865
f 8743//3902 8752//3902 8751//3902 8744//3902
o WallCover_Modular_Cube.002
v -0.775169 6.136744 0.525625
v -0.775169 6.136744 1.506202
v -0.545009 6.136744 1.506202
v -0.545009 6.136744 0.525625
v -0.775169 5.883550 1.528756
v -0.775169 5.719774 1.527307
v -0.545009 5.719774 1.527307
v -0.545009 5.883550 1.528756
v -0.775169 5.705723 1.506202
v -0.775169 5.705723 0.525625
v -0.545009 5.705723 0.525625
v -0.545009 5.705723 1.506202
v -0.520575 6.127396 1.506202
v -0.520575 6.091431 1.497059
v -0.520575 5.883550 1.519534
v -0.520575 5.719774 1.506202
v -0.520575 5.719774 0.525625
v -0.520575 5.901282 0.530206
v -0.520575 6.091431 0.541182
v -0.520575 6.127396 0.525625
v -0.545009 6.127396 0.504520
v -0.545009 5.719774 0.504520
v -0.545009 6.127396 1.527307
v -0.775169 6.127396 0.504520
v -0.545009 5.901282 0.505670
v -0.545009 6.091431 1.530207
v -0.545009 6.091431 0.506183
v -0.775169 6.127396 1.527307
v -0.775169 6.091431 1.530207
v -0.775169 5.719774 0.504520
v -0.775169 5.901282 0.505670
v -0.775169 6.091431 0.506183
v -0.775169 5.705094 0.488660
v -0.775169 5.705094 -0.495372
v -0.545009 5.705094 -0.495372
v -0.545009 5.705094 0.488660
v -0.775169 5.845356 -0.519377
v -0.775169 6.126977 -0.516477
v -0.545009 6.126977 -0.516477
v -0.545009 5.845356 -0.519377
v -0.775169 6.136324 -0.495372
v -0.775169 6.136324 0.488660
v -0.545009 6.136324 0.488660
v -0.545009 6.136324 -0.495372
v -0.520575 5.719145 -0.495372
v -0.520575 5.845356 -0.486231
v -0.520575 6.126977 -0.495372
v -0.520575 6.126977 0.488660
v -0.520575 5.886182 0.484078
v -0.520575 5.845356 0.473101
v -0.520575 5.719145 0.488660
v -0.545009 5.719145 0.509763
v -0.545009 6.126977 0.509763
v -0.545009 5.719145 -0.516477
v -0.775169 5.719145 0.509763
v -0.545009 5.886182 0.508614
v -0.545009 5.845356 0.508101
v -0.775169 5.719145 -0.516477
v -0.775169 6.126977 0.509763
v -0.775169 5.886182 0.508614
v -0.775169 5.845356 0.508101
v -0.775169 5.705094 -0.536294
v -0.775169 5.705094 -1.465063
v -0.545009 5.705094 -1.465063
v -0.545009 5.705094 -0.536294
v -0.775169 5.845356 -1.489066
v -0.775169 6.126977 -1.486167
v -0.545009 6.126977 -1.486167
v -0.545009 5.845356 -1.489066
v -0.775169 6.136324 -1.465063
v -0.775169 6.136324 -0.536294
v -0.545009 6.136324 -0.536294
v -0.545009 6.136324 -1.465063
v -0.520575 5.719145 -1.465063
v -0.520575 5.845356 -1.455920
v -0.520575 6.126977 -1.465063
v -0.520575 6.126977 -0.536294
v -0.520575 5.886182 -0.540875
v -0.520575 5.845356 -0.551852
v -0.520575 5.719145 -0.536294
v -0.545009 5.719145 -0.515189
v -0.545009 6.126977 -0.515189
v -0.545009 5.719145 -1.486166
v -0.775169 5.719145 -0.515189
v -0.545009 5.886182 -0.516340
v -0.545009 5.845356 -0.516852
v -0.775169 5.719145 -1.486166
v -0.775169 6.126977 -0.515189
v -0.775169 5.886182 -0.516340
v -0.775169 5.845356 -0.516852
v -1.005329 6.136744 0.525625
v -1.005329 6.136744 1.506202
v -1.005329 5.883550 1.528756
v -1.005329 5.719774 1.527307
v -1.005329 5.705723 1.506202
v -1.005329 5.705723 0.525625
v -1.029763 6.127396 1.506202
v -1.029763 6.127396 0.525625
v -1.029763 6.091431 0.541182
v -1.029763 5.901282 0.530206
v -1.029763 5.719774 0.525625
v -1.029763 5.719774 1.506202
v -1.029763 5.883550 1.519534
v -1.029763 6.091431 1.497059
v -1.005329 6.127396 0.504520
v -1.005329 5.719774 0.504520
v -1.005329 6.127396 1.527307
v -1.005329 5.901282 0.505670
v -1.005329 6.091431 1.530207
v -1.005329 6.091431 0.506183
v -1.005329 5.705094 0.488660
v -1.005329 5.705094 -0.495372
v -1.005329 5.845356 -0.519377
v -1.005329 6.126977 -0.516477
v -1.005329 6.136324 -0.495372
v -1.005329 6.136324 0.488660
v -1.029763 5.719145 -0.495372
v -1.029763 5.719145 0.488660
v -1.029763 5.845356 0.473101
v -1.029763 5.886182 0.484078
v -1.029763 6.126977 0.488660
v -1.029763 6.126977 -0.495372
v -1.029763 5.845356 -0.486231
v -1.005329 5.719145 0.509763
v -1.005329 6.126977 0.509763
v -1.005329 5.719145 -0.516477
v -1.005329 5.886182 0.508614
v -1.005329 5.845356 0.508101
v -1.005329 5.705094 -0.536294
v -1.005329 5.705094 -1.465063
v -1.005329 5.845356 -1.489066
v -1.005329 6.126977 -1.486167
v -1.005329 6.136324 -1.465063
v -1.005329 6.136324 -0.536294
v -1.029763 5.719145 -1.465063
v -1.029763 5.719145 -0.536294
v -1.029763 5.845356 -0.551852
v -1.029763 5.886182 -0.540875
v -1.029763 6.126977 -0.536294
v -1.029763 6.126977 -1.465063
v -1.029763 5.845356 -1.455920
v -1.005329 5.719145 -0.515189
v -1.005329 6.126977 -0.515189
v -1.005329 5.719145 -1.486166
v -1.005329 5.886182 -0.516340
v -1.005329 5.845356 -0.516852
vn 0.0000 1.0000 0.0000
vn 0.0000 -0.0079 1.0000
vn 0.0000 -0.0088 1.0000
vn 0.0000 -1.0000 0.0000
vn 1.0000 -0.0000 -0.0000
vn 0.3302 0.8630 -0.3823
vn 0.4317 -0.7508 -0.4999
vn 0.3302 0.8630 0.3823
vn 0.4318 -0.7508 0.4999
vn 0.0000 0.9143 -0.4050
vn 0.6825 0.0115 -0.7308
vn 0.0000 -0.8324 0.5542
vn 0.7418 -0.0580 0.6681
vn 0.3573 0.9340 0.0000
vn 0.4985 -0.8669 0.0000
vn 0.6546 0.0382 0.7550
vn 0.7449 -0.1553 -0.6488
vn 0.0000 0.0804 0.9968
vn 0.0000 0.0045 -1.0000
vn 0.0000 0.0063 -1.0000
vn 0.0000 -0.8324 -0.5542
vn 0.0000 0.9143 0.4050
vn 0.0000 -0.0462 -0.9989
vn 0.0000 0.0027 -1.0000
vn 0.7728 0.0192 -0.6343
vn 0.0000 0.0103 -0.9999
vn 0.3302 0.8631 0.3823
vn 0.4318 -0.7508 -0.4998
vn 0.3302 0.8631 -0.3823
vn 0.6825 -0.0087 0.7308
vn 0.7429 0.0165 -0.6692
vn 0.7430 -0.0074 -0.6693
vn 0.7533 0.0448 0.6562
vn 0.0000 -0.0230 -0.9997
vn 0.0000 -0.0087 1.0000
vn 0.0000 -0.0048 1.0000
vn 0.0000 0.0132 0.9999
vn 0.0000 -0.0126 0.9999
vn 0.7699 -0.0889 0.6319
vn 0.5269 -0.0383 0.8491
vn 0.0000 -0.0070 1.0000
vn 0.4318 -0.7508 0.4998
vn 0.4318 -0.7508 -0.4999
vn 0.7533 0.0448 0.6561
vn 0.0000 -0.0125 0.9999
vn -1.0000 0.0000 0.0000
vn -0.3302 0.8630 -0.3823
vn -0.4317 -0.7508 -0.4999
vn -0.3302 0.8630 0.3823
vn -0.4318 -0.7508 0.4999
vn -0.6825 0.0115 -0.7308
vn -0.7418 -0.0580 0.6681
vn -0.3573 0.9340 0.0000
vn -0.4985 -0.8669 0.0000
vn -0.6546 0.0382 0.7550
vn -0.7449 -0.1553 -0.6488
vn -0.7728 0.0192 -0.6343
vn -0.3301 0.8630 0.3823
vn -0.4318 -0.7508 -0.4998
vn -0.3302 0.8631 -0.3823
vn -0.6825 -0.0087 0.7308
vn -0.7429 0.0165 -0.6692
vn -0.7430 -0.0074 -0.6693
vn -0.7533 0.0448 0.6562
vn -0.7699 -0.0889 0.6319
vn -0.5269 -0.0383 0.8491
vn -0.4318 -0.7508 0.4998
vn -0.3302 0.8631 0.3823
vn -0.4318 -0.7508 -0.4999
vn -0.3302 0.8631 -0.3822
vn 0.0000 0.9143 -0.4049
vn -0.7533 0.0448 0.6561
usemtl Grey_Floor.004
s 1
f 8753//3903 8754//3903 8755//3903 8756//3903
f 8757//3904 8758//3905 8759//3905 8760//3904
f 8761//3906 8762//3906 8763//3906 8764//3906
f 8765//3907 8766//3907 8767//3907 8768//3907 8769//3907 8770//3907 8771//3907 8772//3907
f 8756//3908 8772//3908 8773//3908
f 8769//3909 8763//3909 8774//3909
f 8755//3910 8775//3910 8765//3910
f 8764//3911 8768//3911 8759//3911
f 8753//3912 8756//3912 8773//3912 8776//3912
f 8770//3913 8769//3913 8774//3913 8777//3913
f 8761//3914 8764//3914 8759//3914 8758//3914
f 8766//3915 8765//3915 8775//3915 8778//3915
f 8756//3916 8755//3916 8765//3916 8772//3916
f 8764//3917 8763//3917 8769//3917 8768//3917
f 8767//3918 8766//3918 8778//3918 8760//3918
f 8772//3919 8771//3919 8779//3919 8773//3919
f 8780//3920 8781//3920 8778//3920 8775//3920
f 8777//3921 8774//3922 8782//3922 8783//3921
f 8763//3923 8762//3923 8782//3923 8774//3923
f 8755//3924 8754//3924 8780//3924 8775//3924
f 8773//3925 8779//3925 8784//3925 8776//3925
f 8779//3926 8777//3921 8783//3921 8784//3926
f 8771//3927 8770//3927 8777//3927 8779//3927
f 8785//3906 8786//3906 8787//3906 8788//3906
f 8789//3928 8790//3928 8791//3928 8792//3928
f 8793//3903 8794//3903 8795//3903 8796//3903
f 8797//3907 8798//3907 8799//3907 8800//3907 8801//3907 8802//3907 8803//3907
f 8788//3911 8803//3911 8804//3911
f 8800//3929 8795//3929 8805//3929
f 8787//3930 8806//3930 8797//3930
f 8796//3931 8799//3931 8791//3931
f 8785//3914 8788//3914 8804//3914 8807//3914
f 8801//3932 8800//3932 8805//3932 8808//3932
f 8793//3912 8796//3912 8791//3912 8790//3912
f 8798//3933 8797//3933 8806//3933 8792//3933
f 8788//3917 8787//3917 8797//3917 8803//3917
f 8796//3916 8795//3916 8800//3916 8799//3916
f 8799//3934 8798//3934 8792//3934 8791//3934
f 8803//3935 8802//3935 8809//3935 8804//3935
f 8810//3936 8789//3936 8792//3936 8806//3936
f 8808//3937 8805//3938 8811//3938 8812//3937
f 8795//3924 8794//3924 8811//3924 8805//3924
f 8787//3923 8786//3923 8810//3923 8806//3923
f 8804//3939 8809//3939 8813//3939 8807//3939
f 8809//3940 8808//3937 8812//3937 8813//3940
f 8802//3941 8801//3941 8808//3941 8809//3941
f 8768//3942 8767//3942 8760//3942 8759//3942
f 8781//3943 8757//3904 8760//3904 8778//3943
f 8814//3906 8815//3906 8816//3906 8817//3906
f 8818//3928 8819//3928 8820//3928 8821//3928
f 8822//3903 8823//3903 8824//3903 8825//3903
f 8826//3907 8827//3907 8828//3907 8829//3907 8830//3907 8831//3907 8832//3907
f 8817//3944 8832//3944 8833//3944
f 8829//3929 8824//3929 8834//3929
f 8816//3945 8835//3945 8826//3945
f 8825//3931 8828//3931 8820//3931
f 8814//3914 8817//3914 8833//3914 8836//3914
f 8830//3932 8829//3932 8834//3932 8837//3932
f 8822//3912 8825//3912 8820//3912 8819//3912
f 8827//3933 8826//3933 8835//3933 8821//3933
f 8817//3917 8816//3917 8826//3917 8832//3917
f 8825//3916 8824//3916 8829//3916 8828//3916
f 8828//3934 8827//3934 8821//3934 8820//3934
f 8832//3946 8831//3946 8838//3946 8833//3946
f 8839//3936 8818//3936 8821//3936 8835//3936
f 8837//3937 8834//3938 8840//3938 8841//3937
f 8824//3924 8823//3924 8840//3924 8834//3924
f 8816//3923 8815//3923 8839//3923 8835//3923
f 8833//3939 8838//3939 8842//3939 8836//3939
f 8838//3947 8837//3937 8841//3937 8842//3947
f 8831//3941 8830//3941 8837//3941 8838//3941
f 8753//3903 8843//3903 8844//3903 8754//3903
f 8757//3904 8845//3904 8846//3905 8758//3905
f 8761//3906 8847//3906 8848//3906 8762//3906
f 8849//3948 8850//3948 8851//3948 8852//3948 8853//3948 8854//3948 8855//3948 8856//3948
f 8843//3949 8857//3949 8850//3949
f 8853//3950 8858//3950 8848//3950
f 8844//3951 8849//3951 8859//3951
f 8847//3952 8846//3952 8854//3952
f 8753//3912 8776//3912 8857//3912 8843//3912
f 8852//3953 8860//3953 8858//3953 8853//3953
f 8761//3914 8758//3914 8846//3914 8847//3914
f 8856//3954 8861//3954 8859//3954 8849//3954
f 8843//3955 8850//3955 8849//3955 8844//3955
f 8847//3956 8854//3956 8853//3956 8848//3956
f 8855//3957 8845//3957 8861//3957 8856//3957
f 8850//3958 8857//3958 8862//3958 8851//3958
f 8780//3920 8859//3920 8861//3920 8781//3920
f 8860//3921 8783//3921 8782//3922 8858//3922
f 8848//3923 8858//3923 8782//3923 8762//3923
f 8844//3924 8859//3924 8780//3924 8754//3924
f 8857//3925 8776//3925 8784//3925 8862//3925
f 8862//3926 8784//3926 8783//3921 8860//3921
f 8851//3959 8862//3959 8860//3959 8852//3959
f 8785//3906 8863//3906 8864//3906 8786//3906
f 8789//3928 8865//3928 8866//3928 8790//3928
f 8793//3903 8867//3903 8868//3903 8794//3903
f 8869//3948 8870//3948 8871//3948 8872//3948 8873//3948 8874//3948 8875//3948
f 8863//3952 8876//3952 8870//3952
f 8873//3960 8877//3960 8868//3960
f 8864//3961 8869//3961 8878//3961
f 8867//3962 8866//3962 8874//3962
f 8785//3914 8807//3914 8876//3914 8863//3914
f 8872//3963 8879//3963 8877//3963 8873//3963
f 8793//3912 8790//3912 8866//3912 8867//3912
f 8875//3964 8865//3964 8878//3964 8869//3964
f 8863//3956 8870//3956 8869//3956 8864//3956
f 8867//3955 8874//3955 8873//3955 8868//3955
f 8874//3965 8866//3965 8865//3965 8875//3965
f 8870//3966 8876//3966 8880//3966 8871//3966
f 8810//3936 8878//3936 8865//3936 8789//3936
f 8879//3937 8812//3937 8811//3938 8877//3938
f 8868//3924 8877//3924 8811//3924 8794//3924
f 8864//3923 8878//3923 8810//3923 8786//3923
f 8876//3939 8807//3939 8813//3939 8880//3939
f 8880//3940 8813//3940 8812//3937 8879//3937
f 8871//3967 8880//3967 8879//3967 8872//3967
f 8854//3968 8846//3968 8845//3968 8855//3968
f 8781//3943 8861//3943 8845//3904 8757//3904
f 8814//3906 8881//3906 8882//3906 8815//3906
f 8818//3928 8883//3928 8884//3928 8819//3928
f 8822//3903 8885//3903 8886//3903 8823//3903
f 8887//3948 8888//3948 8889//3948 8890//3948 8891//3948 8892//3948 8893//3948
f 8881//3969 8894//3969 8888//3969
f 8891//3970 8895//3970 8886//3970
f 8882//3971 8887//3971 8896//3971
f 8885//3972 8884//3972 8892//3972
f 8814//3914 8836//3914 8894//3914 8881//3914
f 8890//3963 8897//3963 8895//3963 8891//3963
f 8822//3912 8819//3912 8884//3973 8885//3973
f 8893//3964 8883//3964 8896//3964 8887//3964
f 8881//3956 8888//3956 8887//3956 8882//3956
f 8885//3955 8892//3955 8891//3955 8886//3955
f 8892//3965 8884//3965 8883//3965 8893//3965
f 8888//3974 8894//3974 8898//3974 8889//3974
f 8839//3936 8896//3936 8883//3936 8818//3936
f 8897//3937 8841//3937 8840//3938 8895//3938
f 8886//3924 8895//3924 8840//3924 8823//3924
f 8882//3923 8896//3923 8839//3923 8815//3923
f 8894//3939 8836//3939 8842//3939 8898//3939
f 8898//3947 8842//3947 8841//3937 8897//3937
f 8889//3967 8898//3967 8897//3967 8890//3967
