# Blender v3.0.1 OBJ File: ''
# www.blender.org
mtllib open.mtl
o OL_Cobblestone_tyle_2x2
v 24.088505 5.271456 25.086079
v 0.186335 5.734320 25.086081
v 0.186333 5.734320 1.183910
v 24.088505 5.734320 1.183909
v 24.088505 6.197185 25.086079
v 15.446646 6.388019 5.273176
v 21.491692 6.579264 5.520051
v 21.439596 6.616375 0.939577
v 24.380714 5.887801 5.182593
v 24.028730 6.606421 0.977221
v 24.063732 5.792302 1.029071
v 24.056644 6.623600 5.267845
v 15.770149 6.621939 0.931656
v 15.792178 5.772883 0.895416
v 15.775405 5.773386 5.369525
v 21.484381 5.790496 5.507140
v 21.496908 5.790135 0.800877
v 15.744511 5.740554 10.174633
v 15.663450 6.575168 10.183761
v 24.025745 6.590801 10.072944
v 21.474503 6.582407 10.234275
v 15.599500 6.570632 5.791492
v 21.457851 5.764519 10.316015
v 21.457155 5.761305 5.600243
v 23.997675 6.573776 5.782327
v 21.477808 6.584905 5.670539
v 15.549118 5.787477 5.791207
v 24.347523 5.855970 9.988893
v 18.267267 6.582775 9.374650
v 19.646292 6.585758 6.713505
v 24.037907 5.744892 5.840493
v 7.172555 5.738546 5.883986
v 6.922089 6.472091 5.822785
v 15.440962 6.590801 5.777575
v 12.889718 6.582407 5.938910
v 7.153935 6.588371 1.441411
v 12.872538 5.765893 6.021460
v 12.872965 5.760516 1.305351
v 15.412891 6.573776 1.486961
v 12.893023 6.584906 1.375175
v 7.025969 5.767177 1.447699
v 15.765032 5.854965 5.692339
v 9.682483 6.582775 5.079283
v 11.061507 6.585758 2.418140
v 15.447435 5.758621 1.539547
v 5.443387 5.743573 9.647957
v 5.492661 6.590652 9.603075
v 1.991058 5.738463 1.172271
v 6.206491 6.582407 3.956204
v 1.042177 6.588371 9.099799
v 6.294712 5.779978 3.980027
v 1.607234 5.756773 3.410331
v 1.956110 6.592674 1.206796
v 1.677322 6.584906 3.395579
v 6.475098 5.741681 1.781613
v 1.083077 5.743399 9.085472
v 3.328495 6.136385 0.635648
v 2.066126 6.164267 9.870101
v 4.961617 6.582775 7.034452
v 2.488806 6.585758 5.340758
v 6.280279 6.506072 1.201238
v 15.079765 6.603010 6.291025
v 9.271571 6.579264 6.146186
v 9.323666 6.616376 10.726660
v 7.066748 5.774513 6.236044
v 7.036436 6.625059 10.788143
v 7.006075 5.772610 10.758532
v 6.510636 6.542867 6.503402
v 6.313635 6.169217 9.499034
v 14.971545 6.624362 10.742759
v 15.225270 5.863567 10.697736
v 15.091299 5.786973 6.335668
v 9.269789 5.799445 6.154295
v 9.275348 5.785893 10.862735
v 23.109175 6.740819 10.553449
v 17.303036 6.711391 10.407763
v 17.355131 6.748506 14.988236
v 14.482456 6.021949 10.730630
v 14.581423 6.706607 14.885877
v 14.730993 5.924432 14.898744
v 15.044214 6.756625 10.534345
v 23.016846 6.755207 14.999017
v 23.295376 6.035474 14.928769
v 23.006491 5.903508 10.553569
v 17.307566 5.917606 10.423654
v 17.300398 5.934825 15.133718
v 14.521274 5.750133 19.579269
v 14.560040 6.580882 19.635380
v 22.935625 6.590801 19.531397
v 20.384382 6.582407 19.692730
v 14.648601 6.588371 15.195232
v 20.371513 5.779982 19.783199
v 20.364489 5.756774 15.061236
v 22.907557 6.573776 15.240783
v 20.387688 6.584906 15.128997
v 14.415771 5.858136 15.224727
v 23.259697 5.854965 19.446159
v 17.177149 6.582774 18.833103
v 18.556171 6.585758 16.171959
v 22.942102 5.758621 15.293369
v 8.743321 5.738546 10.047887
v 8.993791 6.472092 10.109088
v 0.774928 5.738757 14.515713
v 3.026161 6.582407 9.992965
v 8.761945 6.588371 14.490461
v 3.039031 5.779979 9.902495
v 3.046057 5.756773 14.624458
v 0.804976 6.592369 14.544062
v 3.022856 6.584906 14.556698
v 0.838157 5.739092 9.991735
v 8.889910 5.767177 14.484174
v 0.081933 6.136385 13.254937
v 6.233396 6.582775 10.852591
v 4.854372 6.585758 13.513733
v 0.278920 6.510060 10.259354
v 8.817616 5.738798 20.328594
v 9.071229 6.472091 20.391153
v 0.863435 5.736793 24.801786
v 3.103598 6.582407 20.275028
v 8.839381 6.588371 24.772528
v 3.118697 5.771241 20.189487
v 3.121973 5.758795 24.907644
v 0.893848 6.592675 24.829367
v 3.100294 6.584906 24.838762
v 0.885682 5.739071 20.282604
v 8.971437 5.777269 24.767576
v 0.159372 6.136385 23.537012
v 6.310834 6.582775 21.134655
v 4.931809 6.585758 23.795799
v 0.360243 6.506072 20.538244
v 0.616696 6.606258 19.699163
v 6.414876 6.579263 19.841040
v 6.362782 6.616375 15.260565
v 8.619699 5.774512 19.751183
v 8.650013 6.625059 15.199082
v 8.680371 5.772610 15.228693
v 9.175811 6.542867 19.483822
v 9.372813 6.169217 16.488194
v 0.554066 6.604974 15.307569
v 0.506256 5.822364 15.305507
v 0.711420 5.771378 19.695232
v 6.415712 5.812805 19.840628
v 6.412823 5.783593 15.125690
v 13.799078 6.388017 19.848408
v 14.045953 6.579263 13.803361
v 9.465477 6.616376 13.855456
v 13.823321 5.802972 11.193354
v 9.403996 6.625059 11.568226
v 9.726950 5.921542 10.907835
v 13.793747 6.623600 11.238407
v 9.457559 6.621939 19.524904
v 9.424552 5.774590 19.515213
v 13.900146 5.771378 19.506819
v 14.040391 5.803853 13.802080
v 9.329836 5.785059 13.806456
v 16.095112 6.498225 24.474281
v 22.032000 6.579261 24.986464
v 22.214344 6.616376 20.409321
v 24.863640 5.868499 24.804001
v 24.980129 6.580749 20.655594
v 24.831867 5.793584 20.633396
v 24.300682 6.623482 24.973711
v 16.552731 6.621939 20.111317
v 16.424074 5.800009 20.111032
v 16.343473 5.771378 24.549011
v 22.035275 5.794749 24.975779
v 22.268591 5.787832 20.274820
v 11.777679 5.966248 15.251122
v 11.371394 6.654590 15.638893
v 14.525186 5.710615 24.136459
v 10.326031 6.483907 21.204781
v 15.751205 6.778842 16.339674
v 10.428510 5.658783 21.049360
v 14.356956 6.562337 24.242928
v 14.768392 6.623775 22.076111
v 10.103732 5.578018 23.221603
v 15.994307 5.949697 16.320045
v 13.063630 6.062599 24.645981
v 11.731340 6.603209 18.214476
v 14.089037 6.642090 20.078196
v 15.042010 5.806285 21.944571
v 10.069374 6.339613 23.922569
v -24.584785 5.734320 1.037568
v -0.682614 5.734320 1.037570
v -0.682616 5.271456 24.939739
v -24.584785 5.734320 24.939739
v -0.682616 6.197185 24.939739
v -16.183966 6.604748 20.747309
v -21.987974 6.579265 20.603596
v -21.935879 6.616376 25.184072
v -24.599819 5.794035 20.829315
v -24.223108 6.625059 25.245556
v -24.249275 5.772156 25.217493
v -24.552925 6.623600 20.855803
v -24.938005 6.164526 23.946707
v -16.122578 6.609116 25.133835
v -16.076294 5.820309 25.137554
v -16.271688 5.773386 20.754126
v -21.989254 5.803854 20.609161
v -21.984880 5.785060 25.319717
v -16.253622 5.738546 15.944297
v -16.159733 6.575168 15.939887
v -24.215927 6.591726 15.925104
v -21.970785 6.582407 15.889373
v -16.095783 6.570631 20.332157
v -21.974091 6.584905 20.453108
v -21.957550 5.765262 20.525566
v -24.678581 6.541848 20.276575
v -16.048460 5.789532 20.334023
v -24.769936 5.861224 16.116407
v -18.763550 6.582775 16.748999
v -20.142574 6.585758 19.410145
v -21.949766 5.757667 15.811400
v -24.465841 5.738242 20.313602
v -7.671983 5.738798 20.238308
v -7.327371 6.363554 20.339708
v -15.626166 5.736793 24.711494
v -13.386001 6.582407 20.184740
v -7.650217 6.588371 24.682240
v -13.370955 5.772451 20.098511
v -13.367635 5.758290 24.817064
v -15.607185 6.592368 24.735838
v -13.389306 6.584905 24.748474
v -15.603919 5.739071 20.192316
v -7.657805 5.743312 24.714914
v -16.330229 6.136385 23.446714
v -10.178765 6.582775 21.044367
v -11.557789 6.585758 23.705507
v -16.133242 6.510060 20.451128
v -5.941422 5.740962 16.479570
v -5.988942 6.590652 16.520576
v -6.941498 6.591726 24.400146
v -6.702774 6.582407 22.167444
v -1.538459 6.588371 17.023851
v -6.783002 5.766176 22.143017
v -2.101555 5.760317 22.714020
v -2.609757 6.568493 25.250074
v -2.173605 6.584907 22.728069
v -6.971381 5.741681 24.342037
v -1.580587 5.744657 17.031601
v -5.325678 6.077706 25.327244
v -2.562409 6.164266 16.253550
v -5.457900 6.582775 19.089199
v -2.985088 6.585758 20.782892
v -2.487342 5.738463 24.951378
v -15.812899 6.388018 19.730589
v -9.767854 6.579264 19.977461
v -9.819947 6.616376 15.396990
v -7.536230 5.771903 19.879005
v -7.532717 6.625059 15.335506
v -6.876805 5.927004 15.654721
v -7.030851 6.533785 19.636553
v -15.489395 6.621939 15.389070
v -15.479704 5.774590 15.356063
v -15.471310 5.771378 19.831657
v -9.775164 5.790496 19.964556
v -9.762634 5.790138 15.258291
v -23.843622 6.534762 15.465113
v -17.799316 6.711393 15.715881
v -17.851412 6.748507 11.135410
v -15.275307 5.920767 15.520824
v -15.225752 6.733268 11.186157
v -15.246395 5.906466 11.220371
v -14.903656 6.631631 15.319935
v -23.513128 6.755207 11.124632
v -23.498829 5.905013 11.091250
v -23.515602 5.905516 15.565360
v -17.799778 5.920534 15.701526
v -17.801149 5.927049 10.994330
v -14.823689 5.961219 6.649269
v -15.188887 6.590652 6.449784
v -23.460348 6.582145 6.603495
v -20.880665 6.582407 6.430919
v -15.144881 6.588371 10.928418
v -20.863485 5.765896 6.348369
v -20.863913 5.760516 11.064478
v -23.101851 6.592368 10.982016
v -20.883970 6.584906 10.994652
v -15.155109 5.741757 10.961436
v -23.750561 5.869044 6.671711
v -17.673429 6.582774 7.290545
v -19.052456 6.585758 9.951688
v -23.536787 5.794579 10.768826
v -9.579417 5.961219 15.912337
v -9.214220 6.590652 16.111820
v -1.271209 5.738757 11.607938
v -3.522443 6.582407 16.130686
v -9.258225 6.588371 11.633187
v -3.535313 5.779979 16.221153
v -3.542339 5.756773 11.499190
v -1.301258 6.592369 11.579589
v -3.519137 6.584906 11.566952
v -1.334438 5.739092 16.131914
v -9.247998 5.741757 11.600170
v -0.578215 6.136385 12.868713
v -6.729678 6.582775 15.271060
v -5.350653 6.585758 12.609916
v -0.775202 6.510060 15.864298
v -9.656855 5.961219 5.630271
v -9.291657 6.590652 5.829755
v -1.351594 5.738463 1.324754
v -3.599880 6.582407 5.848621
v -9.335662 6.588371 1.351122
v -3.614979 5.771241 5.934162
v -3.618253 5.758795 1.216006
v -1.378696 6.592369 1.297523
v -3.596574 6.584906 1.284887
v -1.408763 5.741681 5.849647
v -9.325435 5.741757 1.318104
v -0.655654 6.136385 2.586645
v -6.807115 6.582775 4.988995
v -5.428090 6.585758 2.327851
v -0.852639 6.510060 5.582231
v -0.955841 6.498223 6.490340
v -6.911157 6.579264 6.282611
v -6.859063 6.616376 10.863084
v -9.115980 5.774512 6.372468
v -9.146294 6.625059 10.924567
v -9.176654 5.772610 10.894957
v -9.672093 6.542867 6.639827
v -9.869095 6.169217 9.635459
v -1.189616 6.621939 10.871005
v -1.061114 5.800009 10.864705
v -1.207701 5.771378 6.428418
v -6.909765 5.804068 6.287952
v -6.910748 5.785246 10.998919
v -14.334505 6.498223 6.364971
v -14.542233 6.579263 12.320289
v -9.961760 6.616376 12.268193
v -14.452375 5.774512 14.525110
v -9.897024 6.625349 14.543952
v -9.929888 5.772610 14.585783
v -14.203159 6.533635 15.054170
v -11.207474 6.137352 15.273917
v -9.953840 6.621939 6.598746
v -9.960139 5.800009 6.470244
v -14.396426 5.771378 6.616830
v -14.533094 5.797343 12.317340
v -9.824684 5.787446 12.320975
v -16.503784 6.388019 1.693054
v -22.528278 6.579262 1.137188
v -22.710627 6.616376 5.714330
v -24.734810 5.774513 1.114110
v -24.998007 6.625059 5.658694
v -25.026814 5.772610 5.627568
v -25.303873 6.542867 1.352662
v -25.653898 6.169217 4.334294
v -17.049013 6.621939 6.012332
v -17.060379 5.774590 6.044799
v -16.839754 5.771378 1.574639
v -22.527178 5.805275 1.141900
v -22.769199 5.784682 5.847029
v -12.117949 5.812396 10.651792
v -11.867677 6.654590 10.484756
v -15.021467 5.710616 1.987189
v -10.822312 6.483906 4.918869
v -16.262325 6.789010 9.681847
v -10.914874 5.670022 5.067669
v -15.537365 5.800973 4.185325
v -14.847778 6.561409 1.869754
v -15.264671 6.623775 4.047539
v -10.600013 5.578018 2.902045
v -16.491606 5.947505 9.791799
v -13.559912 6.062600 1.477669
v -14.247036 6.299301 10.496235
v -12.227622 6.603209 7.909175
v -14.585318 6.642090 6.045455
v -10.567630 6.346650 2.194324
v 0.165545 5.734320 -0.036486
v 0.165530 5.734320 -23.938654
v 24.067699 5.271456 -23.938671
v 24.067715 5.734320 -0.036501
v 24.067699 6.197185 -23.938671
v 19.841299 6.621704 -8.312088
v 19.731573 6.579264 -2.633311
v 24.312048 6.616376 -2.685409
v 19.830034 5.771903 -0.401687
v 24.373531 6.625059 -0.398178
v 24.346996 5.771271 -0.376409
v 20.088793 6.542867 0.127624
v 23.084419 6.169217 0.324623
v 24.269609 6.597253 -8.488722
v 24.352970 5.774589 -8.345165
v 20.015131 5.871636 -8.591084
v 19.731987 5.812804 -2.632476
v 24.446924 5.783593 -2.635368
v 15.072268 5.738546 -8.367659
v 15.133469 6.472092 -8.618127
v 15.017348 6.582407 -2.650497
v 19.514843 6.588371 -8.386283
v 14.926879 5.779978 -2.663368
v 19.648844 5.756773 -2.670396
v 19.571686 6.592675 -0.440749
v 19.581083 6.584906 -2.647195
v 15.016121 5.739092 -0.462494
v 19.508556 5.767177 -8.514249
v 19.246487 5.915359 0.227883
v 15.876972 6.582775 -5.857733
v 18.538118 6.585758 -4.478710
v 15.265599 6.500820 0.069689
v 19.374409 5.741230 -16.970743
v 19.363220 6.575168 -17.046337
v 19.312710 6.582407 -11.235285
v 23.755489 6.570631 -17.110289
v 19.230097 5.766175 -11.249731
v 23.946238 5.760317 -11.254726
v 23.863808 6.592369 -9.014102
v 23.876442 6.584906 -11.231982
v 19.320288 5.739071 -9.017365
v 23.537785 5.893307 -8.357541
v 23.758289 5.807317 -17.170540
v 20.172335 6.582775 -14.442519
v 22.833477 6.585758 -13.063497
v 19.562798 6.500977 -8.511977
v 15.603657 5.743573 -18.681614
v 15.648540 6.590652 -18.632341
v 24.193062 6.466695 -17.869413
v 21.295410 6.582407 -17.918512
v 16.151812 6.588371 -23.082825
v 21.268274 5.765893 -17.838678
v 21.844654 5.760516 -22.519436
v 24.378035 6.568494 -22.011534
v 21.856033 6.584906 -22.447685
v 16.166138 5.743399 -23.041924
v 15.381511 6.164267 -22.058874
v 18.217163 6.582774 -19.163385
v 19.910854 6.585758 -21.636196
v 23.799652 5.755805 -17.715342
v 24.352917 5.740404 -21.979893
v 18.897707 6.498224 -8.898114
v 19.105431 6.579264 -14.853432
v 14.524957 6.616375 -14.801334
v 19.010048 5.771888 -17.074575
v 14.460218 6.625349 -17.077093
v 14.491533 5.772156 -17.114731
v 18.751385 6.538885 -17.610485
v 15.752581 6.169217 -17.811363
v 14.517040 6.621939 -9.131886
v 14.523339 5.800009 -9.003385
v 18.959629 5.771378 -9.149974
v 19.105017 5.812804 -14.854266
v 14.390080 5.783593 -14.851376
v 14.636133 6.630354 -0.866648
v 14.843857 6.711392 -6.821965
v 10.263382 6.748506 -6.769866
v 14.745397 5.904033 -9.053587
v 10.333851 6.729883 -9.454062
v 10.423658 5.937881 -9.554732
v 14.470619 6.666762 -9.613083
v 10.255467 6.754069 -1.100420
v 10.261766 5.932139 -0.971917
v 14.698054 5.903508 -1.118507
v 14.843444 5.944934 -6.822800
v 10.128508 5.915723 -6.819909
v 5.669108 5.759194 -9.601947
v 5.616190 6.583896 -9.562512
v 10.082761 5.738463 -1.492329
v 5.558893 6.582407 -3.740611
v 5.468423 5.779979 -3.753481
v 10.190388 5.756773 -3.760509
v 10.109992 6.592368 -1.519430
v 10.122626 6.584906 -3.737309
v 5.557869 5.741681 -1.549494
v 10.089406 5.741757 -9.466168
v 8.820868 6.136385 -0.796385
v 9.976010 6.522999 -9.677556
v 6.418517 6.582775 -6.947846
v 9.079661 6.585758 -5.568824
v 5.825285 6.510060 -0.993370
v 15.203729 5.738546 -15.381677
v 15.142529 6.472092 -15.131208
v 15.097315 6.590801 -23.650082
v 15.258648 6.582407 -21.098839
v 10.761154 6.588371 -15.363052
v 15.341197 5.765896 -21.081659
v 10.625090 5.760515 -21.082083
v 10.806699 6.573776 -23.622011
v 10.694914 6.584905 -21.102142
v 10.767442 5.767177 -15.235087
v 15.004213 5.822579 -23.973246
v 14.399025 6.582775 -17.891603
v 11.737880 6.585758 -19.270626
v 10.860095 5.761878 -23.659784
v 4.758239 5.961219 -14.964419
v 4.957721 6.590652 -15.329618
v 0.452715 5.738462 -23.269676
v 4.815247 6.590801 -23.572639
v 4.976584 6.582407 -21.021393
v 0.479089 6.588371 -15.285608
v 5.058966 5.765949 -21.009741
v 0.343267 5.759814 -20.999323
v 0.425483 6.592368 -23.242575
v 0.412851 6.584906 -21.024696
v 4.977608 5.741681 -23.212511
v 0.446071 5.741757 -15.295835
v 2.592662 6.106756 -24.011818
v 4.116959 6.582774 -17.814159
v 1.455815 6.585758 -19.193182
v 5.657448 6.388017 -23.755165
v 5.410573 6.579263 -17.710117
v 9.991050 6.616376 -17.762215
v 5.500435 5.774512 -15.505294
v 10.055787 6.625349 -15.486456
v 10.022923 5.772610 -15.444624
v 5.749652 6.533635 -14.976235
v 8.745344 6.137352 -14.756491
v 9.998966 6.621939 -23.431662
v 10.031973 5.774590 -23.421970
v 5.556379 5.771378 -23.413574
v 5.418908 5.798721 -17.713593
v 10.127622 5.786487 -17.708761
v 5.745741 6.621979 -10.196060
v 11.448257 6.579264 -10.079045
v 11.396161 6.616375 -14.659520
v 14.329820 5.897569 -10.410993
v 13.989556 6.612806 -14.618533
v 14.001175 5.774336 -14.574560
v 14.008245 6.609073 -10.325511
v 5.734442 6.623077 -14.670294
v 5.736403 5.774590 -14.700442
v 5.404988 5.994051 -10.388274
v 11.444783 5.798721 -10.087376
v 11.449614 5.786486 -14.796092
v 0.777338 6.498224 -8.029881
v 0.265163 6.579263 -2.092993
v 4.842304 6.616376 -1.910648
v 0.242087 5.774513 0.113540
v 4.790508 6.625349 0.365442
v 4.755546 5.772610 0.405537
v 0.477668 6.538885 0.678562
v 3.462269 6.169217 1.032625
v 5.140304 6.621939 -7.572263
v 5.138908 5.797020 -7.703424
v 0.707980 5.773386 -7.794089
v 0.265532 5.812802 -2.092139
v 4.974441 5.783594 -1.853769
v 9.767262 5.810021 -12.510832
v 9.730225 6.651250 -12.695060
v 1.115160 5.710616 -9.599804
v 4.046836 6.483906 -13.798962
v 8.960658 6.770610 -8.381526
v 4.195866 5.677514 -13.712137
v 3.312310 5.799830 -9.084657
v 0.997723 6.561409 -9.773494
v 3.175509 6.623775 -9.356601
v 2.030014 5.578018 -14.021259
v 9.122108 6.007206 -8.184468
v 0.605638 6.062600 -11.061360
v 7.037144 6.603209 -12.393654
v 5.173426 6.642090 -10.035957
v 1.322291 6.346650 -14.053641
v -24.969261 5.734320 0.116345
v -24.969261 5.734320 -23.785824
v -1.067090 5.271456 -23.785824
v -1.067090 5.734320 0.116345
v -1.067090 6.197185 -23.785824
v -5.195503 6.498224 -8.435784
v -5.403231 6.579264 -2.480467
v -0.822757 6.616376 -2.532562
v -5.313374 5.774512 -0.275645
v -0.761275 6.625059 -0.245332
v -0.790886 5.772610 -0.214972
v -5.046015 6.542867 0.280467
v -2.050385 6.169217 0.477469
v -0.814837 6.621939 -8.202010
v -0.821136 5.800009 -8.330512
v -5.257424 5.771378 -8.183926
v -5.402818 5.812805 -2.479632
v -0.687883 5.783593 -2.482521
v -9.899108 5.961219 -8.554631
v -10.098591 6.590652 -8.189434
v -5.593590 5.738463 -0.249370
v -10.117457 6.582407 -2.497657
v -5.619958 6.588371 -8.233439
v -10.207926 5.779978 -2.510527
v -5.485961 5.756773 -2.517553
v -5.563121 6.592674 -0.287904
v -5.553722 6.584906 -2.494351
v -10.118482 5.741681 -0.306539
v -5.586940 5.741757 -8.223212
v -6.855484 6.136385 0.446571
v -9.257831 6.582775 -5.704892
v -6.596687 6.585758 -4.325867
v -9.854242 6.506072 0.245699
v -5.603740 5.961220 -17.139418
v -5.796200 6.590588 -16.797583
v -1.298223 5.738463 -8.834155
v -5.822090 6.582407 -11.082441
v -1.321679 6.589475 -16.810385
v -5.902518 5.762035 -11.102094
v -1.187668 5.762137 -11.096802
v -1.270992 6.592369 -8.861257
v -1.258356 6.584906 -11.079135
v -5.823115 5.741681 -8.891323
v -1.291573 5.741757 -16.807997
v -2.560117 6.136385 -8.138212
v -4.962464 6.582775 -14.289676
v -2.301321 6.585758 -12.910651
v -5.555700 6.510060 -8.335199
v -9.527260 5.740962 -18.527020
v -9.486255 6.590652 -18.479498
v -1.055452 5.738462 -21.981102
v -3.839385 6.582408 -17.765667
v -8.982980 6.588371 -22.929981
v -3.863208 5.779978 -17.677446
v -3.293511 5.756773 -22.364925
v -1.079024 6.592369 -22.011438
v -3.278759 6.584906 -22.294836
v -1.664793 5.741681 -17.497061
v -8.975230 5.744656 -22.887854
v -0.518829 6.136385 -20.643661
v -9.753282 6.164267 -21.906033
v -6.917632 6.582775 -19.010542
v -5.223939 6.585758 -21.483351
v -1.080175 6.510060 -17.694555
v -6.173701 6.610624 -8.899350
v -6.029366 6.579264 -14.700588
v -10.609839 6.616376 -14.648493
v -6.127825 5.771903 -16.932211
v -10.671323 6.625059 -16.935724
v -10.356771 5.884980 -17.566629
v -6.369510 6.528395 -17.438328
v -10.565364 6.600327 -8.842549
v -10.564899 5.822363 -8.791967
v -6.175172 5.771378 -8.997130
v -6.037476 5.799445 -14.702371
v -10.745914 5.785893 -14.696812
v -10.498672 6.630354 -0.713808
v -10.290945 6.711392 -6.669124
v -14.871419 6.748506 -6.617029
v -10.380803 5.906642 -8.873945
v -14.932901 6.757188 -8.904260
v -14.903290 5.904740 -8.934619
v -10.648162 6.674997 -9.430059
v -13.643792 6.301346 -9.627061
v -14.879340 6.754069 -0.947582
v -14.873040 5.932139 -0.819079
v -10.436751 5.903508 -0.965667
v -10.291357 5.944934 -6.669959
v -15.006294 5.915723 -6.667071
v -19.520988 5.738546 -9.304939
v -19.459787 6.472092 -9.555406
v -15.049155 5.736793 -1.347610
v -19.575911 6.582407 -3.587776
v -15.078413 6.588371 -9.323560
v -19.666380 5.779979 -3.600646
v -14.944415 5.756773 -3.607671
v -15.024814 6.592368 -1.366591
v -15.012177 6.584906 -3.584471
v -19.568335 5.739071 -1.369858
v -15.084701 5.767178 -9.451526
v -16.313938 6.136385 -0.643548
v -18.716284 6.582775 -6.795012
v -16.055141 6.585758 -5.415987
v -19.309521 6.510060 -0.840536
v -10.094493 5.961219 -14.889024
v -9.895009 6.590652 -15.254221
v -14.400011 5.738463 -23.194284
v -9.876144 6.582407 -20.945997
v -14.373643 6.588371 -15.210216
v -9.785676 5.779980 -20.933128
v -14.507639 5.756774 -20.926100
v -14.430480 6.592674 -23.155750
v -14.439878 6.584906 -20.949303
v -9.875119 5.741681 -23.137115
v -14.406661 5.741757 -15.220443
v -13.120032 6.104520 -23.885920
v -10.735770 6.582774 -17.738764
v -13.396914 6.585758 -19.117788
v -10.124394 6.500820 -23.666185
v -20.217852 5.740554 -15.138570
v -20.208723 6.575168 -15.057508
v -20.196159 6.590691 -23.119905
v -20.158209 6.582407 -20.868561
v -24.600990 6.570632 -14.993558
v -20.080471 5.757473 -20.850843
v -24.795168 5.766410 -20.851864
v -24.543337 6.548150 -23.577414
v -24.721941 6.584906 -20.871864
v -24.601276 5.787477 -14.943176
v -20.390192 5.856987 -23.675432
v -21.017836 6.582775 -17.661324
v -23.678980 6.585758 -19.040350
v -24.557571 5.758621 -23.426277
v -19.604130 6.619733 -23.272083
v -19.724222 6.579263 -17.557283
v -15.143746 6.616376 -17.609377
v -19.423203 5.843942 -14.758404
v -15.079010 6.625349 -15.333618
v -15.383472 5.865569 -14.709806
v -19.464504 6.602586 -14.965641
v -15.127646 6.624362 -23.257257
v -15.102818 5.774590 -23.269135
v -19.414986 5.994051 -23.600554
v -19.715376 5.798003 -17.558039
v -15.006935 5.787097 -17.558718
v -13.686542 6.579263 -9.926208
v -13.738637 6.616376 -14.506681
v -10.806648 5.883387 -10.261081
v -11.145239 6.612806 -14.465693
v -11.133487 5.771843 -14.421066
v -11.126555 6.609073 -10.172670
v -19.400356 6.623077 -14.517459
v -19.386057 5.772883 -14.550840
v -19.730848 6.402631 -10.176979
v -19.402830 5.773386 -10.076733
v -13.690555 5.790298 -9.939348
v -13.685040 5.791827 -14.646179
v -24.313778 6.388018 -7.964657
v -24.869642 6.579263 -1.940162
v -20.292501 6.616376 -1.757814
v -24.892717 5.774513 0.266372
v -20.348135 6.625059 0.529566
v -20.379259 5.772610 0.558371
v -24.654167 6.542867 0.835435
v -21.672539 6.169217 1.185458
v -19.994497 6.621939 -7.419429
v -19.962030 5.774590 -7.408062
v -24.432190 5.771378 -7.628688
v -24.869274 5.812802 -1.939308
v -20.160364 5.783594 -1.700935
v -15.355039 5.812396 -12.350492
v -15.225540 6.536525 -12.424654
v -24.019640 5.710616 -9.446972
v -21.087961 6.483906 -13.646127
v -16.324984 6.789010 -8.206117
v -20.939142 5.668839 -13.552649
v -21.821629 5.801484 -8.930873
v -24.137075 6.561409 -9.620662
v -21.959291 6.623775 -9.203769
v -23.104784 5.578018 -13.868427
v -16.086134 5.972202 -7.991340
v -24.529161 6.062600 -10.908528
v -18.097656 6.603209 -12.240818
v -19.961374 6.642090 -9.883123
v -23.812506 6.346650 -13.900810
v -19.223740 4.487966 -22.835199
v -19.069483 0.287959 -22.869476
v -19.527111 4.487966 -24.767788
v -17.439213 4.665240 -19.064758
v -19.527111 0.287959 -24.767788
v -15.665794 4.452291 -24.767792
v -17.342196 0.283585 -18.790182
v -15.642309 4.465593 -22.767784
v -15.607377 0.302519 -24.767792
v -25.227104 5.887927 -24.767788
v -15.642308 0.310334 -22.767784
v -14.491886 4.465592 -22.767784
v -25.227104 -1.112040 -24.767788
v -7.603184 0.287961 -18.778658
v -14.491885 0.310334 -22.767784
v -9.987093 4.636708 -22.767788
v -14.514585 4.434452 -24.767794
v -19.227098 4.987967 -18.767605
v -7.631858 4.859396 -18.929695
v -6.177091 0.287960 -22.891314
v -10.562303 0.310334 -22.767788
v -10.585791 4.452291 -24.767790
v -14.468399 0.323636 -24.767790
v -25.227104 4.487965 -19.067612
v -14.527102 4.987967 -14.067791
v -19.227104 0.277960 -18.767616
v -6.177091 4.487967 -22.833414
v -9.411882 0.310334 -22.767788
v -17.105791 -1.112040 -18.767694
v -15.639014 2.387971 -22.767784
v -25.227104 0.287959 -19.067612
v -19.524071 4.665240 -16.979723
v -9.446815 0.302520 -24.767794
v -14.495180 2.387969 -22.767784
v -10.602219 0.405279 -24.767788
v -9.446814 4.473406 -24.767792
v -23.328793 0.287959 -18.609983
v -23.294516 4.487966 -18.764240
v -4.713010 4.893436 -18.855289
v -19.389013 4.859396 -7.172355
v -19.247168 0.280817 -16.901728
v -14.803810 0.277960 -12.960960
v -12.405888 -0.938290 -14.067791
v -2.905435 0.296385 -24.767788
v -15.639012 2.387973 -24.767792
v -2.962836 4.466928 -24.767792
v -25.227104 0.302520 -15.148064
v -25.227104 4.452286 -15.206486
v 14.872931 4.987967 -14.067783
v -19.396730 4.706954 -4.263994
v -19.227091 -1.112040 -16.646355
v -19.239765 0.287960 -7.143541
v -14.527102 -1.112040 -11.946365
v -14.527104 -0.938290 13.210842
v -4.751318 0.287960 -18.782940
v -14.495182 2.387969 -24.767792
v -9.415176 2.387969 -22.767788
v 5.070704 4.678488 -18.949945
v -14.527105 4.987967 15.332246
v 17.451698 -1.112040 -18.767794
v -9.393226 2.387969 -24.767794
v -10.559009 2.387969 -22.767788
v -10.524251 2.387969 -24.767788
v -25.227104 0.323637 -14.009093
v -23.227114 0.139218 -14.607793
v -23.227114 4.636709 -14.607794
v -25.227104 4.473404 -14.067513
v 7.977499 4.859396 -18.929699
v 13.766195 0.277961 -14.344466
v 12.751691 -1.112040 -14.067783
v -23.292721 4.487967 -5.717692
v -19.242260 0.287960 -4.292032
v -19.323151 4.874032 5.519222
v -13.420372 0.277960 15.608930
v -2.367085 4.636708 -22.767792
v -2.367086 0.139220 -22.767792
v 5.097175 0.287960 -18.782940
v 7.948925 0.287961 -18.777317
v 17.784864 4.665241 -19.064753
v 14.872931 -0.996207 -11.946388
v 17.451698 0.277960 -18.767788
v 19.596390 0.283254 -16.883234
v 19.572760 0.277960 -18.767788
v -23.350599 0.287960 -5.717692
v -23.227114 4.636708 -9.527784
v -19.389015 4.859396 8.436999
v -19.252211 0.282696 18.131735
v -17.361094 0.280817 20.052303
v -19.226933 0.277960 20.032248
v -12.405866 -1.112040 15.332246
v -10.453051 -1.112040 15.332246
v -1.768390 0.323637 -24.767790
v -1.826808 4.473406 -24.767790
v -25.227104 0.341474 -10.080297
v -25.227104 4.370643 -10.142912
v 19.572752 4.987968 -18.767776
v 14.872923 4.987967 15.332246
v 17.796799 0.287959 -18.780447
v -23.227112 0.310334 -8.952573
v -25.227104 4.482038 -8.990216
v -19.242256 0.287959 5.556460
v -19.237978 0.287961 8.408325
v -19.524082 4.665239 18.244354
v -19.227015 -1.112040 17.910753
v -13.896923 -1.112040 20.032251
v -17.105871 -1.112040 20.032253
v -7.602859 0.287961 20.044910
v -19.227015 -1.112040 15.342047
v -19.227015 -1.112040 14.702242
v -19.226927 4.987968 20.032238
v -9.978856 -1.112040 15.332246
v -25.227104 0.323636 -8.929087
v -23.227116 0.310334 -10.102997
v 19.869898 4.665239 -16.979895
v 19.572834 -1.112040 -16.646290
v 19.660425 4.893436 -4.253693
v 13.930148 0.277960 15.567940
v 14.872922 -0.648707 13.210855
v 19.582457 0.287961 -7.143966
v -25.227104 0.296386 -2.446131
v -23.292734 4.487967 6.982234
v -19.227015 -1.112040 15.368905
v -12.847001 -1.112040 20.032251
v -17.439043 4.665241 20.329214
v 12.751680 -1.112040 15.332246
v 5.058837 4.893437 20.119741
v 2.712923 4.636710 -22.767797
v 25.572714 -1.112040 -24.767788
v 2.137711 0.310335 -22.767797
v 6.522835 0.287961 -22.891281
v 25.572714 5.887927 -24.767788
v -25.227104 2.387974 -15.179704
v 6.522833 4.487967 -22.833401
v 19.734838 4.859396 -7.172538
v 19.755091 4.678487 5.530024
v 19.592989 0.281037 18.166197
v 17.689373 0.282960 20.058140
v 19.572943 0.277960 20.032240
v 19.572935 -1.112040 17.910870
v -23.227116 0.310334 -2.482993
v -23.227112 4.636707 3.172229
v -23.350632 0.287960 6.982234
v -7.631673 4.859396 20.194159
v -4.751349 0.287961 20.047405
v -12.667014 -1.112040 20.032251
v 17.451681 -1.112040 20.032255
v 7.977681 4.859396 20.194159
v -4.724881 4.678487 20.214411
v 3.091469 0.231075 -24.767792
v 3.288137 0.310334 -22.767797
v -25.227104 5.887927 26.032032
v 2.160406 4.434450 -24.767790
v -23.227112 2.387968 -14.035875
v -23.227116 2.387972 -15.179708
v -25.227104 2.387967 -14.035875
v 10.332929 0.139220 -22.767797
v 10.332928 4.636708 -22.767797
v 19.734838 4.859396 8.436816
v 19.585590 0.287960 8.408002
v 7.949190 0.287961 20.040728
v 19.572931 4.987969 20.032238
v -23.227116 2.387969 -10.099702
v -23.227116 4.465592 -2.482993
v -23.227112 0.310333 -1.332566
v -25.227104 4.466928 3.767977
v -19.069302 0.287959 24.133932
v -6.177009 0.287961 24.155739
v -8.778120 -1.112040 20.032251
v 17.785042 4.665240 20.329212
v -2.939000 2.387970 -22.767792
v -2.938999 2.387969 -24.767792
v -1.795170 2.387967 -22.767792
v -25.227104 4.473406 2.631952
v 25.572714 5.887927 26.032032
v 3.328049 4.370642 -24.767790
v 9.734230 0.323638 -24.767788
v 19.415129 0.287959 -22.869476
v 19.588076 0.287959 -4.292000
v 19.869892 4.665240 18.244183
v 23.696459 0.287960 -5.717772
v -23.227112 2.387970 -8.955866
v -25.227104 2.387973 -8.955866
v -25.227104 4.370645 -2.522906
v -23.227112 4.465593 -1.332565
v -23.227112 0.310334 2.597020
v -23.227112 0.310334 3.747439
v -23.227108 4.636709 10.792234
v -15.642322 0.310332 24.032253
v -9.411891 0.310334 24.032253
v -6.177007 4.487967 24.097858
v 5.097144 0.287959 20.047392
v -8.111452 -1.112040 20.032251
v 9.795358 4.482038 -24.767788
v 2.018142 2.017304 -24.767786
v -25.227104 4.434453 -1.355262
v 2.172633 4.473407 26.032034
v 25.572714 4.624611 -1.907768
v -1.795170 2.387964 -24.767790
v -25.227104 2.387969 -10.099699
v 14.837724 0.310333 -22.767797
v 15.988147 0.310332 -22.767797
v 14.837724 4.465593 -22.767797
v 19.569384 4.487966 -22.835199
v 23.674614 0.287959 -18.610165
v 23.638557 4.487967 -5.717772
v 19.588085 0.287960 5.556494
v 23.572935 0.139220 -9.527776
v -25.227104 0.323635 -1.309079
v -25.227104 0.323638 10.193534
v -23.227108 0.139220 10.792234
v -25.227104 4.473406 10.251954
v -23.328793 0.287959 19.874632
v -19.223558 4.487966 24.099657
v -15.607389 0.302519 26.032034
v -14.491897 0.310335 24.032253
v -9.388404 0.323637 26.032034
v -10.562315 0.310334 24.032253
v -9.987103 4.636709 24.032253
v 6.522917 4.487967 24.097872
v 3.284841 2.387972 -22.767797
v -1.814580 4.434452 26.032034
v 25.572714 4.434449 2.619727
v 14.814238 0.323635 -24.767788
v 10.885436 0.341475 -24.767790
v 15.953218 0.302518 -24.767790
v 15.988148 4.465592 -22.767797
v 14.872654 4.473407 -24.767788
v 23.640341 4.487966 -18.764421
v 23.572926 0.310332 -15.182988
v 23.572935 4.636708 -9.527776
v 23.572935 4.465591 -2.482979
v 23.674616 0.287959 19.874447
v 23.696423 0.287960 6.982154
v 6.522917 0.287960 24.155773
v 25.572714 0.323638 -8.929077
v -25.227104 0.231076 3.550766
v -23.227112 2.387969 3.744145
v -25.227104 -1.112040 26.032032
v -23.227102 4.465590 15.297024
v -23.294518 4.487966 20.028887
v -23.227102 0.310333 16.447449
v -15.642322 4.465592 24.032253
v -19.526932 0.287959 26.032034
v -2.745639 0.231076 26.032034
v -9.449533 4.482038 26.032034
v 2.712911 4.636708 24.032253
v 2.141006 2.387971 -22.767797
v 3.284837 2.387975 -24.767788
v -2.982224 4.370644 26.032034
v -1.791883 4.465592 24.032253
v 3.308663 4.466929 26.032034
v 23.572935 4.465592 -1.332559
v 25.572714 4.370645 3.787366
v 23.572937 4.636709 3.172243
v 9.761011 2.387968 -22.767797
v 19.872755 0.287959 -24.767794
v 10.948053 4.370641 -24.767790
v 10.904842 2.387970 -22.767797
v 19.872755 4.487966 -24.767794
v 23.572926 4.636706 -14.607780
v 25.572714 0.302518 -15.148059
v 23.572926 0.310333 -14.032569
v 25.572714 4.473405 -8.987496
v 23.638542 4.487967 6.982152
v 23.572935 0.310333 16.447464
v 23.572935 0.310334 10.217033
v 9.757705 0.310335 24.032249
v 19.415310 0.287959 24.133932
v 25.572714 0.296385 -2.446119
v -23.227116 2.387970 -2.479698
v -25.227104 2.387972 -2.479695
v -25.227104 2.017292 2.477453
v -23.227102 0.310335 15.297025
v -23.227102 4.465592 16.447451
v -25.227104 4.452290 11.390932
v -25.227104 0.302519 16.412518
v -19.526932 4.487966 26.032034
v -14.491896 4.465591 24.032253
v -15.665807 4.452290 26.032034
v -14.468409 0.323638 26.032034
v -10.602228 0.405283 26.032034
v -2.942310 0.310334 24.032253
v 10.332915 4.636708 24.032249
v 25.572714 4.482038 10.254675
v 10.904840 2.387970 -24.767788
v 9.761011 2.387968 -24.767788
v 16.011635 4.452291 -24.767790
v 25.572714 4.452292 -15.206474
v 25.572714 0.287959 -19.067795
v 23.572935 0.139220 -1.907768
v 23.572935 0.310334 3.747453
v 23.572935 4.465592 10.217033
v 23.640337 4.487966 20.028702
v 25.572714 0.302519 16.412535
v 23.572935 0.310333 15.297042
v 25.572714 0.323636 10.193546
v 23.572935 0.310333 11.367457
v 9.734217 0.323639 26.032034
v 10.908126 0.310334 24.032249
v 19.569565 4.487966 24.099657
v 15.412924 0.139221 24.032238
v 25.572714 0.323635 -14.009083
v -23.227112 2.387970 -1.335860
v -23.227112 2.387966 2.600314
v -25.227104 2.387969 3.744140
v -25.227104 0.341474 11.344747
v -25.227104 0.323636 15.273542
v -25.227104 4.434450 15.319726
v -23.227108 2.387969 11.364150
v -25.227104 4.452290 16.470936
v -25.227104 0.287959 20.332254
v -14.495191 2.387969 24.032253
v -2.942310 4.465592 24.032253
v -1.791883 0.310334 24.032253
v 3.288124 0.310333 24.032253
v -14.526828 4.473405 26.032034
v 9.792636 4.473406 26.032034
v 3.251264 0.296385 26.032034
v 14.841019 2.387970 -22.767797
v 25.572714 4.487965 -19.067795
v 25.572714 4.473405 -14.067500
v 25.572714 0.231075 3.550782
v 23.572935 0.310334 2.597028
v 23.572935 4.465592 11.367457
v 23.572935 4.636708 15.872254
v 25.572714 0.287959 20.332073
v 15.412924 4.636708 24.032238
v 15.953202 0.302519 26.032034
v 25.572714 0.405281 -10.142899
v 23.572935 2.387966 -8.955857
v -25.227104 2.387971 -1.335860
v -23.227108 2.387969 10.220318
v -25.227104 2.387972 10.220318
v -25.227104 4.487965 20.332254
v -15.639027 2.387966 24.032253
v -15.639024 2.387963 26.032034
v 2.137702 0.310333 24.032253
v -10.602229 4.370642 26.032034
v -10.559020 2.387970 24.032253
v 15.984851 2.387961 -22.767797
v 15.984848 2.387954 -24.767788
v 23.572926 2.387967 -14.035863
v 25.572714 4.370645 -10.142900
v 23.572935 2.387969 -10.099689
v 23.572935 2.387969 -2.479684
v 25.572714 4.487965 20.332073
v 25.572714 4.452289 16.470953
v 25.572714 -1.112040 26.032032
v 25.572714 0.323635 15.273553
v 25.572714 0.341475 11.344757
v 14.814228 0.323636 26.032034
v 16.011620 4.452291 26.032034
v 19.872938 0.287959 26.032034
v -25.227104 2.387969 11.364150
v -14.495191 2.387969 26.032034
v 2.114216 0.323636 26.032034
v -9.415185 2.387970 24.032253
v -9.415185 2.387971 26.032034
v 10.931613 4.452290 26.032034
v 3.284828 2.387970 24.032253
v -2.939016 2.387971 24.032253
v 2.140997 2.387971 26.032034
v 25.572714 2.387969 -1.335854
v 23.572935 2.387970 3.744159
v 14.841018 2.387971 -24.767788
v 23.572926 2.387969 -15.179694
v 25.572714 2.387968 -15.179694
v 25.572714 2.387965 -8.955858
v 25.572714 0.323636 -1.309073
v 25.572714 2.387969 -2.501634
v 25.572714 4.473405 15.331970
v 23.572935 2.387970 15.300336
v 10.885427 0.341475 26.032034
v 9.760999 2.387966 24.032249
v 19.872938 4.487966 26.032034
v -23.227102 2.387970 15.300320
v -23.227102 2.387969 16.444155
v -25.227104 2.387968 16.444155
v -10.524258 2.387970 26.032034
v -1.795178 2.387969 24.032253
v -1.672317 2.017298 26.032034
v 14.860411 4.434452 26.032034
v 2.140997 2.387970 24.032253
v 25.572714 4.370643 11.407372
v 25.572714 2.387967 -14.035864
v 25.572714 2.387969 -10.064929
v 23.572935 2.387969 -1.335854
v 25.572714 2.017298 2.477461
v 23.572935 2.387966 2.600324
v 23.572935 2.387973 11.364163
v 23.572935 2.387963 16.444168
v 25.572714 2.387957 16.444168
v 25.572714 2.387974 11.364160
v 10.904831 2.387969 24.032249
v 14.841007 2.387966 24.032238
v -2.939013 2.387973 26.032034
v 9.761001 2.387967 26.032034
v 3.284827 2.387970 26.032034
v 25.572714 2.387972 3.744154
v 23.572935 2.387969 10.220327
v 25.572714 2.387969 10.220327
v 10.904831 2.387969 26.032034
v 15.984837 2.387977 24.032238
v 15.984836 2.387984 26.032034
v -25.227104 2.387970 15.300324
v 14.841007 2.387964 26.032034
v 25.572714 2.387971 15.300334
vn -0.0194 -0.9998 -0.0000
vn -0.0000 -0.9998 -0.0194
vn -0.0000 0.9998 -0.0194
vn -0.0194 0.9998 0.0000
vn 0.0000 0.0000 1.0000
vn 1.0000 0.0000 0.0000
vn -0.0337 0.9981 0.0513
vn 0.0010 1.0000 0.0081
vn 0.0150 0.1665 -0.9859
vn 0.0884 -0.0595 -0.9943
vn -0.0165 0.9998 0.0083
vn 0.0039 1.0000 -0.0040
vn 0.0008 -1.0000 0.0001
vn 0.0358 -0.9992 0.0202
vn 0.9963 0.0379 -0.0769
vn -0.9969 -0.0226 -0.0755
vn 0.0030 -1.0000 0.0001
vn -0.0403 -0.0160 0.9991
vn -0.0243 0.1421 0.9895
vn 0.0014 0.0427 -0.9991
vn -0.0168 0.1644 -0.9863
vn 0.0988 -0.0715 0.9925
vn 0.1119 -0.0173 0.9936
vn -0.8816 -0.4720 -0.0033
vn 0.9148 0.4038 -0.0076
vn 0.0034 1.0000 0.0029
vn 0.9157 0.4018 -0.0076
vn -0.0036 1.0000 -0.0007
vn -0.9978 0.0642 0.0145
vn 0.0632 -0.0861 0.9943
vn 0.1089 0.0967 0.9893
vn -0.0206 0.0017 -0.9998
vn -0.0318 0.0858 -0.9958
vn 0.0041 1.0000 0.0064
vn -0.0025 1.0000 -0.0053
vn -0.0044 -1.0000 0.0007
vn -0.9943 -0.0970 0.0433
vn -0.0088 0.0996 0.9950
vn -0.0247 -0.0133 0.9996
vn 0.0045 -0.9999 -0.0109
vn 0.9962 0.0431 -0.0755
vn -0.0064 -1.0000 0.0007
vn 0.0344 -0.9991 0.0242
vn -0.0026 0.9999 0.0103
vn -0.0009 1.0000 -0.0040
vn 0.0445 0.0839 -0.9955
vn 0.0921 -0.0653 -0.9936
vn -0.0032 1.0000 -0.0010
vn -0.0013 1.0000 0.0052
vn 0.0003 1.0000 0.0013
vn 0.0632 -0.0873 0.9942
vn 0.1095 0.0977 0.9892
vn -0.0115 -0.0059 -0.9999
vn -0.0242 0.0850 -0.9961
vn 0.0006 1.0000 0.0002
vn -0.0011 -1.0000 0.0011
vn -0.9467 -0.3208 0.0292
vn -0.0212 0.1010 0.9947
vn -0.0244 0.0748 0.9969
vn 0.0050 -1.0000 -0.0066
vn -0.9870 0.1534 -0.0482
vn 0.9963 0.0373 -0.0771
vn -0.0008 -1.0000 0.0011
vn 0.0331 -0.9992 0.0206
vn 0.0445 0.0832 -0.9955
vn 0.0904 -0.0603 -0.9941
vn -0.0334 0.9991 0.0247
vn -0.0199 0.9970 0.0746
vn 0.0001 1.0000 0.0017
vn 0.0152 0.7987 -0.6015
vn 0.0013 1.0000 -0.0002
vn -0.0619 0.8373 0.5432
vn 0.0662 -0.8733 -0.4826
vn 0.2231 -0.5528 -0.8029
vn 0.9654 0.2602 0.0186
vn 0.9906 0.1113 0.0793
vn -0.9928 -0.0462 -0.1105
vn -0.9924 0.0824 -0.0915
vn -0.0073 1.0000 0.0026
vn 0.0003 1.0000 -0.0006
vn -0.0693 -0.8403 0.5376
vn 0.0716 0.0486 0.9962
vn 0.9859 0.1121 0.1245
vn 0.9877 -0.0496 0.1480
vn 0.0003 -1.0000 -0.0023
vn 0.0056 -1.0000 -0.0056
vn -0.6119 -0.0430 0.7897
vn -0.3779 0.0219 -0.9256
vn 0.0039 -1.0000 0.0088
vn -0.0016 -0.9998 0.0173
vn -0.0728 0.9969 -0.0296
vn 0.0200 0.9998 -0.0086
vn -0.9887 0.0814 -0.1256
vn -0.9851 -0.0335 -0.1687
vn -0.0002 1.0000 -0.0030
vn -0.0048 1.0000 -0.0021
vn -0.0040 1.0000 -0.0049
vn -0.0014 1.0000 -0.0081
vn 0.0271 0.1601 0.9867
vn -0.0457 -0.0331 0.9984
vn -0.0142 0.9999 -0.0079
vn 0.0033 0.9998 -0.0196
vn 0.0060 -1.0000 -0.0029
vn 0.0113 -0.9999 -0.0003
vn -0.8743 0.0143 0.4852
vn -0.6058 0.7934 0.0591
vn 0.0135 -0.9998 0.0171
vn -0.0021 -1.0000 -0.0029
vn 0.0250 -0.0105 -0.9996
vn 0.0310 -0.0542 -0.9981
vn 0.9488 0.3151 0.0216
vn -0.0028 -0.0600 0.9982
vn 0.0253 0.1602 0.9868
vn -0.1276 0.2423 -0.9618
vn -0.0370 -0.0103 -0.9993
vn -0.4875 -0.8731 -0.0069
vn -0.8238 -0.5534 -0.1232
vn 0.9994 0.0124 -0.0309
vn -0.0050 1.0000 -0.0033
vn -0.0012 1.0000 -0.0081
vn -0.0390 0.1784 0.9832
vn -0.0911 -0.0010 0.9958
vn 0.0196 0.9998 -0.0083
vn -0.0155 0.9998 0.0098
vn -0.0392 -0.9990 -0.0210
vn -0.8019 0.5922 -0.0785
vn -0.9809 -0.1867 0.0541
vn -0.0032 -0.9995 0.0304
vn 0.0252 -0.0199 -0.9995
vn 0.0228 -0.0029 -0.9997
vn 0.9907 -0.1215 -0.0617
vn 0.0169 -0.9999 0.0037
vn 0.9330 0.3593 0.0182
vn 0.0037 -1.0000 0.0037
vn -0.0018 -0.0978 0.9952
vn 0.0307 0.1739 0.9843
vn -0.0589 -0.2154 -0.9748
vn -0.1087 -0.0205 -0.9939
vn -0.9987 0.0449 0.0253
vn 0.1124 0.1095 0.9876
vn -0.0116 -0.0367 -0.9993
vn -0.0260 0.0822 -0.9963
vn -0.0177 -0.9995 -0.0244
vn -0.9528 0.3030 -0.0185
vn -0.0098 0.1122 0.9936
vn -0.0344 -0.0657 0.9972
vn 0.0049 -1.0000 0.0049
vn 0.0003 -1.0000 0.0049
vn 0.0284 -0.9994 0.0210
vn 0.0445 0.0802 -0.9958
vn 0.0896 -0.0603 -0.9942
vn -0.0002 1.0000 0.0017
vn -0.0003 1.0000 0.0015
vn 0.0016 1.0000 -0.0003
vn -0.0003 1.0000 -0.0013
vn -0.4882 -0.8727 -0.0069
vn -0.8231 -0.5543 -0.1233
vn -0.1000 0.2608 -0.9602
vn -0.0423 0.1113 -0.9929
vn 0.0115 -0.0059 0.9999
vn 0.0238 0.0822 0.9963
vn 0.0033 1.0000 0.0067
vn -0.0006 1.0000 -0.0002
vn 0.9467 -0.3208 -0.0292
vn 0.0214 0.1123 -0.9934
vn 0.0259 0.0743 -0.9969
vn 0.0019 -1.0000 0.0064
vn -0.0071 -1.0000 -0.0049
vn 0.9870 0.1534 0.0482
vn -0.8743 0.0147 0.4852
vn 0.0184 -0.9998 -0.0049
vn 0.0079 -1.0000 0.0000
vn -0.0193 0.9972 0.0716
vn -0.0104 0.9998 -0.0179
vn -0.0054 0.0814 0.9967
vn -0.0476 -0.0315 0.9984
vn 0.0334 0.9991 -0.0247
vn 0.0199 0.9970 -0.0746
vn -0.5989 0.7987 0.0584
vn -0.8373 -0.5330 -0.1218
vn -0.0994 0.2527 -0.9624
vn -0.0429 0.1040 -0.9937
vn 0.0115 -0.0042 0.9999
vn 0.0236 0.0837 0.9962
vn 0.0035 1.0000 0.0069
vn -0.0056 -1.0000 -0.0026
vn 0.0034 -1.0000 0.0085
vn 0.9454 -0.3244 -0.0299
vn 0.0213 0.1052 -0.9942
vn 0.0248 0.0765 -0.9968
vn 0.9859 0.1602 0.0479
vn -0.8716 0.0152 0.4900
vn -0.4897 -0.8719 -0.0029
vn 0.0099 -0.9999 -0.0026
vn 0.0144 -0.9999 -0.0004
vn -0.0205 0.9969 0.0759
vn -0.0110 0.9998 -0.0188
vn -0.0040 0.0830 0.9965
vn -0.0465 -0.0305 0.9985
vn 0.0047 1.0000 -0.0004
vn -0.0019 1.0000 0.0081
vn -0.0271 0.1582 -0.9870
vn 0.0452 -0.0331 -0.9984
vn 0.0142 0.9999 0.0079
vn -0.0033 0.9998 0.0196
vn -0.0051 -1.0000 0.0062
vn -0.0174 -0.9998 0.0002
vn 0.8743 0.0143 -0.4852
vn 0.6058 0.7934 -0.0591
vn -0.0069 -0.9999 -0.0113
vn 0.0071 -1.0000 0.0062
vn -0.0245 -0.0006 0.9997
vn -0.0254 -0.0076 0.9996
vn -0.9926 -0.1128 0.0451
vn -0.0081 0.0031 -1.0000
vn -0.0290 0.1581 -0.9870
vn 0.1276 0.2423 0.9618
vn 0.0405 -0.0005 0.9992
vn 0.4875 -0.8731 0.0069
vn 0.8238 -0.5534 0.1232
vn -0.9980 0.0609 0.0142
vn 0.0513 0.9981 0.0337
vn 0.0081 1.0000 -0.0010
vn -0.9868 0.1594 0.0271
vn -0.9436 -0.2986 -0.1433
vn 0.0083 0.9998 0.0165
vn 0.0006 1.0000 0.0038
vn -0.0291 -0.9996 0.0028
vn 0.0711 0.0572 -0.9958
vn -0.0748 -0.0085 0.9972
vn -0.0007 -1.0000 -0.0018
vn 0.0040 -1.0000 -0.0056
vn 0.9992 -0.0072 0.0406
vn 0.9887 0.1481 0.0251
vn 0.0013 -0.4844 0.8748
vn 0.0039 -0.9989 -0.0465
vn -0.9992 0.0389 -0.0014
vn -0.9870 0.1601 0.0167
vn 0.9944 0.0412 -0.0971
vn 0.9965 -0.0070 -0.0829
vn -0.0554 0.6697 -0.7405
vn -0.0159 0.9995 0.0267
vn 0.0006 1.0000 0.0081
vn 0.0896 0.1653 -0.9822
vn 0.1385 0.0018 -0.9904
vn -0.0194 0.9998 0.0073
vn 0.0136 0.9999 -0.0078
vn 0.8086 0.5756 0.1215
vn 0.9827 -0.1850 -0.0042
vn -0.9831 0.1539 -0.0988
vn -0.0019 -1.0000 -0.0065
vn 0.0040 -1.0000 0.0017
vn -0.0858 -0.0139 0.9962
vn -0.0749 0.0766 0.9942
vn -0.9455 -0.3251 -0.0193
vn 0.0020 -1.0000 0.0016
vn 0.0271 -0.9995 0.0177
vn 0.0526 -0.0079 -0.9986
vn 0.0280 0.1620 -0.9864
vn 0.0096 -0.2125 0.9771
vn 0.0610 -0.0133 0.9981
vn -0.0333 0.9992 0.0213
vn -0.0878 0.7531 0.6520
vn -0.0336 0.9992 0.0216
vn 0.1181 0.5394 -0.8337
vn -0.0636 -0.8971 0.4373
vn -0.2331 -0.6642 0.7103
vn -0.9950 0.0397 -0.0919
vn -0.9841 -0.0939 -0.1506
vn 0.9468 0.2736 0.1696
vn 0.9428 0.2887 0.1670
vn -0.0362 0.9991 0.0215
vn 0.0372 -0.9987 -0.0348
vn -0.0349 0.9992 0.0210
vn 0.0090 -0.9987 -0.0509
vn 0.0357 -0.9992 -0.0194
vn -0.9787 -0.0864 -0.1865
vn -0.8893 -0.3965 -0.2280
vn 0.2450 0.0947 -0.9649
vn 0.3167 -0.0558 0.9469
vn 0.0380 -0.9988 -0.0314
vn 0.0351 0.9978 0.0563
vn -0.0541 0.9981 0.0303
vn 0.9403 0.2847 0.1866
vn 0.9591 0.1603 0.2332
vn -0.0323 0.9992 0.0244
vn -0.0327 0.9992 0.0245
vn -0.0044 1.0000 -0.0009
vn 0.0012 1.0000 -0.0081
vn 0.0271 0.1594 0.9868
vn -0.0449 -0.0315 0.9985
vn 0.0165 0.9998 -0.0083
vn 0.0038 1.0000 -0.0006
vn 0.0033 -1.0000 -0.0053
vn -0.8777 0.0112 0.4791
vn -0.9916 0.0597 -0.1147
vn 0.0063 -0.9999 0.0104
vn -0.0052 -1.0000 -0.0040
vn 0.0248 -0.0072 -0.9997
vn 0.0253 -0.0109 -0.9996
vn 0.9935 -0.1052 -0.0432
vn -0.5489 -0.8349 0.0397
vn 0.0059 -1.0000 -0.0040
vn 0.0086 0.0052 0.9999
vn 0.0295 0.1593 0.9868
vn -0.0972 0.0372 -0.9946
vn -0.0840 -0.0070 -0.9964
vn 0.9982 0.0585 -0.0140
vn -0.5970 0.8010 0.0446
vn -0.0110 0.9999 -0.0068
vn 0.0036 1.0000 0.0007
vn 0.9981 0.0604 -0.0145
vn -0.0164 -0.2416 -0.9702
vn -0.1038 0.0910 -0.9904
vn 0.0206 0.0036 0.9998
vn 0.0319 0.0887 0.9956
vn -0.0143 0.9996 -0.0243
vn 0.0025 1.0000 0.0053
vn 0.0042 -1.0000 0.0016
vn 0.9927 -0.1116 -0.0451
vn 0.0088 0.0943 -0.9955
vn 0.0233 -0.0079 -0.9997
vn -0.0036 -0.9999 0.0118
vn -0.9655 -0.2527 0.0625
vn -0.8041 0.5892 -0.0787
vn 0.0106 -0.9999 0.0016
vn -0.0395 -0.9989 -0.0264
vn 0.0039 0.9999 -0.0150
vn -0.0001 0.9999 0.0115
vn -0.0663 0.0865 0.9940
vn -0.0844 0.0235 0.9962
vn 0.0032 1.0000 0.0010
vn 0.0013 1.0000 -0.0052
vn -0.8369 -0.5337 -0.1216
vn -0.1000 0.2543 -0.9619
vn -0.0433 0.1050 -0.9935
vn 0.0115 0.0385 0.9992
vn 0.0180 0.0831 0.9964
vn -0.0026 -1.0000 0.0010
vn 0.8758 -0.4827 -0.0023
vn 0.0293 0.1064 -0.9939
vn 0.0251 0.1466 -0.9889
vn -0.0058 -1.0000 -0.0030
vn 0.9972 -0.0061 0.0745
vn -0.8730 0.0055 0.4877
vn 0.0097 -0.9999 -0.0030
vn 0.0149 -0.9999 -0.0004
vn -0.0054 0.0826 0.9966
vn -0.0464 -0.0274 0.9985
vn 0.0651 0.9968 -0.0468
vn 0.0395 0.9882 -0.1477
vn -0.0041 1.0000 0.0042
vn -0.0013 1.0000 0.0002
vn 0.0619 0.8373 -0.5432
vn -0.0556 -0.9130 0.4042
vn -0.9934 0.0422 -0.1064
vn -0.9915 0.1000 -0.0838
vn 0.9927 -0.0486 0.1105
vn 0.9922 0.0852 0.0907
vn -0.0103 0.9999 0.0047
vn -0.0001 -1.0000 -0.0098
vn -0.0003 1.0000 0.0006
vn 0.0690 -0.8391 -0.5396
vn -0.0722 0.0441 -0.9964
vn -0.9871 0.1008 -0.1246
vn -0.9880 -0.0482 -0.1466
vn 0.0005 -1.0000 0.0028
vn -0.0018 -1.0000 0.0042
vn 0.6107 -0.0378 -0.7910
vn -0.1202 0.7645 0.6333
vn 0.0857 -0.3261 0.9414
vn -0.5070 -0.0410 0.8609
vn 0.0008 -0.9999 -0.0111
vn -0.0144 0.9999 -0.0057
vn 0.0054 1.0000 -0.0002
vn 0.9819 0.0829 0.1703
vn 0.9819 0.0836 0.1701
vn 0.0002 1.0000 0.0030
vn 0.0048 1.0000 0.0021
vn -0.0271 0.1637 -0.9861
vn 0.1438 -0.2966 -0.9441
vn 0.0176 0.9998 0.0079
vn -0.0032 0.9998 0.0216
vn 0.0473 -0.9989 0.0002
vn -0.0098 -0.9992 -0.0382
vn -0.9972 -0.0085 -0.0748
vn 0.0034 -1.0000 -0.0007
vn -0.0236 0.1490 0.9886
vn -0.8748 -0.4844 0.0013
vn 0.0027 -1.0000 0.0001
vn 0.0014 0.0389 -0.9992
vn -0.0173 0.1644 -0.9862
vn 0.1241 0.2252 0.9664
vn 0.0380 -0.0167 0.9991
vn 0.8442 -0.5241 0.1125
vn 0.7432 0.6651 -0.0726
vn -0.0312 0.9983 0.0483
vn 0.0012 1.0000 0.0081
vn 0.0200 0.1704 -0.9852
vn 0.0877 -0.0434 -0.9952
vn 0.0286 0.9996 0.0078
vn 0.0053 0.9997 0.0242
vn 0.0003 -1.0000 0.0033
vn 0.9965 -0.0281 -0.0783
vn -0.9970 -0.0138 -0.0766
vn 0.0026 -1.0000 0.0001
vn -0.0409 -0.0181 0.9990
vn -0.0239 0.1451 0.9891
vn 0.0038 -1.0000 -0.0014
vn 0.8870 -0.4616 0.0075
vn -0.0079 -1.0000 -0.0014
vn 0.0019 0.0393 -0.9992
vn -0.0174 0.1682 -0.9856
vn 0.1381 0.2018 0.9696
vn 0.0714 -0.0181 0.9973
vn -0.8865 -0.4627 -0.0033
vn 0.8661 0.4999 -0.0083
vn -0.0666 -0.0681 -0.9955
vn -0.1073 0.0978 -0.9894
vn 0.0115 0.0388 0.9992
vn 0.0183 0.0848 0.9962
vn -0.8836 0.4627 0.0713
vn -0.9230 0.3809 0.0551
vn -0.0033 -1.0000 -0.0011
vn 0.0032 0.1007 -0.9949
vn 0.0566 -0.2716 -0.9607
vn 0.0347 -0.9982 -0.0481
vn 0.9971 -0.0091 0.0762
vn -0.0126 -0.9999 -0.0011
vn -0.0375 -0.9992 -0.0162
vn -0.0001 1.0000 -0.0000
vn 0.0002 1.0000 -0.0023
vn -0.0054 0.0843 0.9964
vn -0.1102 -0.2001 0.9736
vn -0.0030 1.0000 0.0005
vn -0.0015 1.0000 0.0050
vn -0.0016 1.0000 0.0003
vn -0.8661 0.4999 0.0083
vn 0.4882 -0.8727 0.0069
vn 0.8231 -0.5543 0.1233
vn 0.1000 0.2608 0.9602
vn 0.0423 0.1113 0.9929
vn -0.0115 0.0388 -0.9992
vn -0.0179 0.0820 -0.9965
vn -0.0033 1.0000 -0.0067
vn -0.0031 0.1121 0.9937
vn -0.0572 -0.2713 0.9608
vn 0.0035 -0.9987 0.0511
vn -0.0302 -0.9995 0.0050
vn -0.9971 -0.0091 -0.0762
vn 0.8743 0.0147 -0.4852
vn -0.0184 -0.9998 0.0049
vn -0.0079 -1.0000 -0.0000
vn 0.0193 0.9972 -0.0716
vn 0.0104 0.9998 0.0179
vn 0.0054 0.0814 -0.9967
vn 0.0476 -0.0315 -0.9984
vn 0.0030 1.0000 -0.0005
vn 0.0015 1.0000 -0.0050
vn 0.4871 -0.8733 0.0068
vn 0.1000 0.2617 0.9599
vn 0.0395 0.1041 0.9938
vn -0.0181 0.0835 -0.9963
vn 0.0030 -1.0000 0.0026
vn -0.0031 0.1049 0.9945
vn -0.0569 -0.2715 0.9608
vn -0.0338 -0.9983 0.0482
vn 0.8740 0.0122 -0.4859
vn -0.0091 -1.0000 0.0026
vn -0.0134 -0.9999 0.0005
vn 0.0054 0.0830 -0.9965
vn 0.0476 -0.0303 -0.9984
vn 0.0146 0.9995 -0.0275
vn -0.0010 1.0000 -0.0081
vn 0.0271 0.1596 0.9868
vn -0.0456 -0.0331 0.9984
vn 0.0058 -1.0000 -0.0040
vn 0.0134 -0.9999 -0.0002
vn 0.9869 0.1539 0.0483
vn -0.0059 -1.0000 0.0066
vn 0.0348 -0.0068 -0.9994
vn 0.0250 0.0763 -0.9968
vn 0.9452 -0.3251 -0.0291
vn 0.0024 -1.0000 -0.0040
vn -0.0014 -0.0079 1.0000
vn 0.0222 0.1599 0.9869
vn -0.0382 -0.0070 -0.9992
vn -0.0275 0.9995 -0.0146
vn -0.0081 1.0000 0.0010
vn 0.9865 0.1613 -0.0287
vn 0.9983 -0.0362 0.0461
vn -0.0079 0.9998 0.0177
vn -0.0217 0.9998 -0.0033
vn -0.0021 -1.0000 -0.0066
vn -0.0003 -0.9999 -0.0103
vn 0.4795 0.0246 0.8772
vn 0.0483 0.1539 -0.9869
vn 0.0066 -1.0000 0.0047
vn -0.9993 -0.0116 -0.0347
vn -0.9968 0.0765 -0.0242
vn -0.0291 -0.3251 -0.9452
vn -0.0021 -1.0000 -0.0021
vn 1.0000 -0.0079 0.0014
vn 0.9866 0.1617 -0.0225
vn -0.9651 0.2307 0.1236
vn -0.9993 -0.0118 0.0364
vn -0.0065 -0.8885 0.4588
vn -0.1322 -0.5372 0.8330
vn 0.0573 0.7794 0.6239
vn 0.0362 0.9981 -0.0495
vn -0.0006 1.0000 -0.0081
vn -0.0234 0.1591 0.9870
vn -0.0965 -0.0331 0.9948
vn -0.0138 0.9999 -0.0087
vn 0.0043 0.9998 -0.0194
vn 0.0057 -1.0000 -0.0041
vn 0.0139 -0.9999 0.0005
vn -0.8980 0.0143 0.4398
vn -0.6080 0.7934 0.0280
vn 0.9920 -0.0085 0.1257
vn -0.0018 -1.0000 0.0006
vn -0.0056 -1.0000 -0.0047
vn 0.0917 -0.0059 -0.9958
vn 0.0759 0.1480 -0.9861
vn 0.8738 -0.4844 0.0435
vn -0.0526 0.0389 0.9979
vn -0.0339 0.1598 0.9866
vn -0.0783 0.2423 -0.9670
vn 0.0127 -0.0061 -0.9999
vn -0.4865 -0.8731 -0.0318
vn -0.8164 -0.5534 -0.1652
vn 0.0334 0.9992 -0.0214
vn -0.1801 -0.5212 0.8342
vn 0.0355 0.9991 -0.0240
vn -0.1038 0.7177 0.6886
vn 0.0636 -0.8971 -0.4373
vn 0.2332 -0.6640 -0.7105
vn 0.9950 0.0418 0.0909
vn 0.9855 -0.0852 0.1469
vn -0.9553 0.2373 -0.1761
vn -0.9438 0.2846 -0.1681
vn 0.0366 0.9991 -0.0216
vn -0.0367 -0.9988 0.0325
vn 0.0389 0.9990 -0.0224
vn -0.0348 -0.9992 0.0202
vn -0.0254 0.2017 0.9791
vn 0.9794 -0.0773 0.1863
vn 0.9477 -0.2399 0.2103
vn -0.0319 -0.9993 0.0186
vn -0.3225 0.2085 0.9233
vn 0.0875 0.7454 -0.6608
vn -0.3141 -0.0666 -0.9470
vn -0.0354 -0.9987 0.0373
vn -0.0278 0.9982 -0.0529
vn 0.0523 0.9982 -0.0296
vn -0.9412 0.2804 -0.1882
vn -0.9589 0.1638 -0.2318
vn 0.0351 0.9991 -0.0248
vn 0.0327 0.9992 -0.0245
vn 0.0000 -0.9998 0.0194
vn 0.0000 0.9998 0.0194
vn -0.0000 0.0000 -1.0000
vn 0.0058 1.0000 0.0076
vn -0.0081 1.0000 -0.0032
vn 0.9870 0.1582 -0.0271
vn 0.9986 -0.0299 0.0440
vn -0.0079 0.9999 0.0142
vn -0.0196 0.9998 -0.0033
vn -0.0062 -1.0000 -0.0057
vn -0.0000 -0.9998 -0.0183
vn -0.0029 -0.8719 0.4898
vn 0.4871 0.0071 0.8733
vn 0.0591 0.7934 0.6058
vn 0.0521 -0.1665 -0.9847
vn -0.0225 -0.9997 0.0019
vn -0.0062 -0.9999 -0.0102
vn -0.9998 -0.0006 -0.0193
vn -0.9769 -0.2084 -0.0485
vn 0.9950 0.0995 -0.0076
vn 0.9872 0.1589 -0.0165
vn -0.9634 0.2356 0.1278
vn -0.9990 -0.0005 0.0439
vn -0.1216 -0.5337 0.8369
vn -0.0356 0.3412 -0.9393
vn -0.0003 1.0000 -0.0016
vn 0.0716 0.6831 0.7268
vn -0.0013 1.0000 0.0003
vn -0.1130 -0.5439 0.8315
vn -0.9638 0.2490 0.0954
vn -0.9929 0.1113 0.0423
vn 0.9999 -0.0059 -0.0115
vn 0.9963 0.0822 -0.0238
vn 0.0069 1.0000 -0.0035
vn -0.0002 1.0000 0.0006
vn -0.0292 -0.3208 -0.9467
vn -0.9934 0.1123 -0.0214
vn -0.9969 0.0743 -0.0259
vn 0.0064 -1.0000 -0.0019
vn -0.0049 -1.0000 0.0071
vn 0.0482 0.1534 -0.9870
vn -0.0049 -0.9998 -0.0184
vn 0.0319 -0.9977 0.0590
vn 0.0829 0.9963 0.0223
vn -0.0199 0.9997 0.0118
vn 0.9967 0.0814 0.0040
vn 0.9405 -0.3061 0.1473
vn -0.0247 0.9991 -0.0334
vn -0.0746 0.9970 -0.0199
vn 0.0727 0.6646 0.7437
vn 0.0007 1.0000 -0.0036
vn -0.0144 0.0786 -0.9968
vn -0.1129 -0.5240 0.8442
vn -0.9651 0.2436 0.0959
vn -0.9941 0.0999 0.0414
vn 0.9998 0.0053 -0.0206
vn 0.9959 0.0852 -0.0310
vn 0.0067 1.0000 -0.0033
vn -0.0012 -0.9990 0.0457
vn 0.0053 1.0000 -0.0025
vn 0.0147 -0.9999 -0.0084
vn -0.0440 -0.0908 -0.9949
vn -0.9949 0.1008 -0.0088
vn -0.9996 -0.0157 -0.0251
vn -0.0012 -1.0000 0.0043
vn 0.0387 -0.9992 -0.0137
vn 0.0825 0.9963 0.0222
vn -0.0199 0.9997 0.0117
vn 0.9964 0.0842 0.0054
vn 0.9421 -0.3016 0.1467
vn 0.0010 1.0000 -0.0032
vn -0.0052 1.0000 -0.0013
vn 0.0042 1.0000 0.0041
vn 0.0002 1.0000 0.0013
vn -0.5432 0.8373 -0.0619
vn -0.0079 0.2160 0.9764
vn -0.0480 0.0988 0.9939
vn 0.1105 -0.0462 -0.9928
vn 0.0910 0.0851 -0.9922
vn 0.0047 0.9999 0.0103
vn 0.8795 -0.4616 0.1158
vn 0.0006 1.0000 0.0003
vn 0.0029 -1.0000 0.0015
vn -0.5376 -0.8403 -0.0693
vn -0.9962 0.0486 0.0716
vn -0.1246 0.1007 0.9871
vn -0.1468 -0.0497 0.9879
vn 0.0039 -1.0000 0.0005
vn -0.7897 -0.0430 -0.6119
vn 0.9986 -0.0286 0.0439
vn -0.0081 -1.0000 0.0002
vn -0.0041 -1.0000 0.0031
vn 0.0414 0.9939 -0.1021
vn 0.0140 0.9996 0.0252
vn 0.1703 0.0831 -0.9819
vn 0.2098 -0.0437 -0.9768
vn 0.0030 1.0000 -0.0002
vn 0.0021 1.0000 -0.0048
vn 0.0275 0.9995 0.0146
vn -0.9870 0.1581 0.0287
vn -0.9984 -0.0347 -0.0446
vn 0.0079 0.9998 -0.0157
vn 0.0206 0.9998 0.0034
vn 0.0062 -1.0000 0.0053
vn -0.0002 -0.9998 0.0184
vn -0.4884 0.0206 -0.8724
vn -0.0483 0.1539 0.9869
vn -0.0064 -1.0000 0.0030
vn 0.0062 -1.0000 -0.0071
vn 0.9994 -0.0006 0.0349
vn 0.9968 0.0759 0.0260
vn 0.0291 -0.3251 0.9452
vn 0.0043 -0.8721 -0.4893
vn -1.0000 -0.0079 -0.0014
vn -0.9871 0.1585 0.0220
vn 0.9634 0.2360 -0.1272
vn 0.9991 -0.0005 -0.0427
vn 0.1224 -0.5404 -0.8325
vn -0.0583 0.7987 -0.5989
vn -0.9865 0.1614 -0.0270
vn -0.9893 -0.0985 -0.1076
vn 0.0079 0.9998 -0.0170
vn 0.0150 0.9999 -0.0065
vn 0.0062 -1.0000 -0.0074
vn -0.0100 -0.9998 0.0188
vn -0.0363 0.1220 -0.9919
vn 0.9595 0.2486 -0.1323
vn 0.9990 -0.0005 -0.0439
vn 0.0904 -0.5677 -0.8183
vn 0.0061 0.9999 -0.0139
vn -0.0257 0.0461 -0.9986
vn -0.0068 -0.8733 0.4871
vn -0.1232 -0.5533 0.8238
vn -0.9599 0.2617 0.1000
vn -0.9929 0.1113 0.0422
vn 0.9903 0.1367 -0.0259
vn 0.9965 0.0820 -0.0179
vn 0.0200 0.9997 -0.0109
vn 0.0287 -0.2572 -0.9659
vn -0.9936 0.1122 -0.0098
vn -0.9975 -0.0624 -0.0340
vn -0.0040 -1.0000 0.0027
vn -0.0049 -1.0000 0.0034
vn 0.4859 0.0122 0.8740
vn -0.0049 -1.0000 -0.0083
vn -0.0005 -0.9998 -0.0174
vn 0.0716 0.9972 0.0193
vn -0.0179 0.9998 0.0104
vn 0.9967 0.0814 0.0054
vn 0.9984 -0.0303 0.0471
vn 0.0139 0.9999 -0.0038
vn 0.0005 1.0000 0.0003
vn 0.0029 1.0000 -0.0034
vn -0.0076 0.3885 -0.9214
vn 0.0013 1.0000 -0.0003
vn 0.9936 -0.0939 -0.0631
vn 0.9888 0.0976 -0.1133
vn -0.9999 -0.0059 0.0115
vn -0.9961 0.0850 0.0242
vn 0.0064 1.0000 -0.0041
vn 0.0002 1.0000 -0.0006
vn 0.0011 -1.0000 0.0011
vn 0.0292 -0.3208 0.9467
vn 0.9947 0.1010 0.0212
vn 0.9969 0.0748 0.0244
vn -0.0066 -1.0000 -0.0050
vn -0.0482 0.1534 0.9870
vn -0.0760 0.0414 -0.9963
vn 0.0011 -0.9998 -0.0197
vn 0.0147 -0.9999 0.0008
vn 0.0103 0.9999 0.0026
vn -0.0040 1.0000 0.0009
vn -0.9955 0.0832 -0.0445
vn -0.9940 -0.0612 -0.0907
vn 0.0247 0.9991 0.0334
vn 0.0746 0.9970 0.0199
vn 0.0003 1.0000 0.0016
vn -0.0466 0.7801 -0.6239
vn 0.0083 0.4999 0.8661
vn 0.0061 -0.9026 -0.4304
vn 0.9848 0.1621 -0.0617
vn 0.9943 0.0998 -0.0378
vn -0.9992 0.0388 0.0115
vn -0.9963 0.0846 0.0182
vn -0.0067 1.0000 0.0033
vn 0.0013 -1.0000 0.0095
vn 0.9949 0.1004 0.0032
vn 0.9607 -0.2717 0.0566
vn 0.0511 -0.9987 -0.0041
vn 0.0014 -0.9995 0.0324
vn -0.0762 -0.0091 0.9971
vn -0.3306 0.0194 -0.9436
vn 0.2525 -0.3365 -0.9072
vn 0.0006 -0.9999 0.0110
vn 0.0005 1.0000 0.0015
vn -0.9965 0.0839 -0.0054
vn -0.9984 -0.0303 -0.0478
vn -0.0005 1.0000 -0.0030
vn -0.0050 1.0000 -0.0015
vn -0.0513 0.9981 -0.0337
vn 0.9866 0.1605 -0.0287
vn 0.9983 -0.0362 0.0459
vn -0.0026 -1.0000 -0.0062
vn -0.0003 -0.9999 -0.0110
vn 0.0748 -0.0085 -0.9972
vn 0.0007 -1.0000 0.0048
vn -0.9991 -0.0105 -0.0405
vn -0.9886 0.1484 -0.0246
vn -0.0013 -0.4844 -0.8748
vn -0.0026 -1.0000 0.0021
vn 0.9992 0.0389 0.0014
vn 0.9868 0.1613 -0.0169
vn -0.9993 -0.0108 0.0368
vn 0.0075 1.0000 0.0002
vn 0.0158 0.1634 -0.9864
vn 0.0861 -0.0510 -0.9950
vn -0.0109 0.9999 0.0082
vn 0.0014 1.0000 0.0009
vn -0.0050 -1.0000 0.0026
vn 0.0372 -0.9990 0.0266
vn 0.9968 0.0097 -0.0790
vn -0.9971 0.0004 -0.0767
vn -0.0347 -0.9982 0.0481
vn -0.0206 -0.0106 0.9997
vn -0.0565 -0.2641 0.9628
vn 0.0021 -1.0000 0.0026
vn -0.8792 0.4764 0.0023
vn 0.0019 0.0355 -0.9994
vn -0.0169 0.1613 -0.9868
vn 0.0964 -0.0757 0.9925
vn 0.1118 -0.0111 0.9937
vn 0.9111 0.4122 -0.0036
vn -0.0267 0.9995 -0.0159
vn -0.0081 1.0000 0.0006
vn 0.9872 0.1581 0.0218
vn 0.9947 -0.0363 0.0962
vn -0.0087 0.9998 0.0152
vn -0.0204 0.9998 -0.0044
vn -0.0059 -1.0000 -0.0054
vn 0.0007 -0.9998 -0.0173
vn 0.4421 0.0240 0.8966
vn 0.0987 0.1561 -0.9828
vn 0.0054 -1.0000 -0.0021
vn -0.0065 -1.0000 0.0064
vn -0.9963 -0.0006 -0.0859
vn -0.9945 0.0699 -0.0777
vn 0.0211 -0.3111 -0.9501
vn 0.9986 -0.0100 0.0525
vn 0.9870 0.1585 0.0281
vn -0.9675 0.2408 0.0777
vn -0.9999 -0.0005 -0.0106
vn -0.0318 -0.8731 0.4865
vn -0.1654 -0.5528 0.8168
vn 0.0276 0.7987 0.6011
vn -0.0214 0.9992 -0.0334
vn -0.0199 0.9993 -0.0322
vn 0.9557 0.2444 0.1637
vn -0.4373 -0.8971 -0.0636
vn -0.7105 -0.6640 -0.2332
vn 0.0909 0.0418 -0.9950
vn 0.1444 -0.0795 -0.9863
vn -0.1676 0.2130 0.9626
vn -0.1567 0.2860 0.9453
vn -0.0216 0.9991 -0.0366
vn 0.0320 -0.9988 0.0366
vn -0.0200 0.9993 -0.0319
vn 0.0279 -0.9984 0.0497
vn 0.9868 0.0749 0.1437
vn 0.1922 -0.0699 -0.9789
vn 0.2111 -0.2002 -0.9567
vn 0.0174 -0.9994 0.0297
vn -0.6608 0.7454 -0.0875
vn -0.9470 -0.0666 0.3141
vn 0.0410 -0.9986 0.0342
vn -0.0529 0.9982 0.0278
vn -0.0296 0.9982 -0.0523
vn -0.1882 0.2795 0.9415
vn -0.2315 0.1638 0.9589
vn -0.0213 0.9993 -0.0315
vn -0.0221 0.9990 -0.0379
vn 0.9984 -0.0331 0.0452
vn -0.0062 -1.0000 -0.0051
vn -0.0002 -0.9998 -0.0174
vn 0.4852 0.0143 0.8743
vn 0.0064 -1.0000 -0.0030
vn -0.0062 -1.0000 0.0071
vn -0.9994 -0.0006 -0.0349
vn -0.9968 0.0759 -0.0260
vn 0.9871 0.1585 -0.0220
vn -0.9618 0.2423 0.1276
vn -0.9992 -0.0005 0.0405
vn -0.0069 -0.8731 0.4875
vn -0.1232 -0.5534 0.8238
vn 0.0584 0.7987 0.5989
vn -0.0083 0.4999 -0.8661
vn -0.1234 -0.5528 0.8242
vn -0.9604 0.2602 0.0994
vn 0.9992 0.0388 -0.0115
vn -0.9937 0.1121 -0.0031
vn -0.9608 -0.2713 -0.0572
vn -0.0511 -0.9987 0.0035
vn -0.0050 -0.9995 -0.0302
vn 0.0762 -0.0091 -0.9971
vn 0.4881 0.0220 0.8725
vn 0.0759 0.9969 0.0205
vn -0.0188 0.9998 0.0110
vn 0.9983 -0.0335 0.0471
vn 0.0005 1.0000 0.0030
vn 0.0050 1.0000 0.0015
vn -0.0014 1.0000 0.0006
vn -0.9946 0.0966 0.0366
vn 0.9993 0.0355 -0.0110
vn 0.9961 0.0860 -0.0184
vn -0.0006 1.0000 0.0008
vn -0.0024 0.4767 -0.8791
vn 0.0000 -1.0000 0.0036
vn -0.9952 0.0977 -0.0044
vn -0.9629 -0.2638 -0.0564
vn -0.0481 -0.9982 -0.0353
vn 0.0766 -0.0001 -0.9971
vn 0.0000 -0.9999 -0.0105
vn -0.0006 -1.0000 -0.0092
vn 0.9963 0.0855 0.0054
vn 0.9984 -0.0303 0.0485
vn 0.0003 1.0000 0.0030
vn -0.0016 1.0000 0.0001
vn 0.4826 -0.8733 0.0662
vn 0.8026 -0.5534 0.2229
vn -0.0180 0.2617 0.9650
vn -0.0793 0.1113 0.9906
vn 0.1105 -0.0486 -0.9927
vn 0.0912 0.0824 -0.9924
vn -0.0025 1.0000 -0.0070
vn -0.5396 -0.8391 -0.0690
vn -0.9964 0.0440 0.0722
vn -0.1245 0.1121 0.9859
vn -0.1478 -0.0481 0.9878
vn 0.0022 -1.0000 -0.0006
vn 0.0060 -1.0000 0.0057
vn -0.7910 -0.0378 -0.6107
vn 0.6085 0.7934 0.0153
vn 0.9267 0.0122 -0.3755
vn -0.0088 -1.0000 0.0039
vn -0.0173 -0.9998 -0.0016
vn 0.0279 0.9972 -0.0687
vn 0.0082 0.9998 0.0191
vn 0.1271 0.0814 -0.9885
vn 0.1687 -0.0303 -0.9852
vn -0.0024 1.0000 -0.0055
vn 0.0081 1.0000 0.0027
vn -0.9867 0.1601 0.0271
vn -0.9484 -0.2851 -0.1385
vn 0.0079 0.9998 -0.0196
vn 0.0228 0.9997 0.0032
vn 0.0028 -0.9994 -0.0341
vn -0.0288 -0.9995 0.0135
vn -0.0113 -0.9999 0.0065
vn 0.0029 -1.0000 -0.0049
vn 0.9996 -0.0105 0.0249
vn 0.9997 -0.0046 0.0241
vn 0.0450 -0.1157 0.9923
vn -0.0764 0.6278 -0.7746
vn -1.0000 -0.0001 0.0077
vn -0.9867 0.1600 0.0293
vn 0.9663 0.2256 -0.1242
vn 0.9991 -0.0103 -0.0404
vn 0.1122 -0.5275 -0.8421
vn 0.0128 0.0649 0.9978
vn -0.9870 0.1582 0.0271
vn -0.9984 -0.0331 -0.0452
vn 0.0079 0.9999 -0.0142
vn 0.0196 0.9998 0.0033
vn 0.0062 -1.0000 0.0051
vn 0.0002 -0.9998 0.0174
vn -0.4852 0.0143 -0.8743
vn -0.0591 0.7934 -0.6058
vn 0.9618 0.2423 -0.1276
vn 0.9992 -0.0005 -0.0405
vn 0.0069 -0.8731 -0.4875
vn 0.1232 -0.5534 -0.8238
vn -0.9619 0.2543 0.1000
vn -0.9927 0.1112 0.0457
vn -0.9934 0.1124 -0.0214
vn 0.4877 0.0055 0.8730
vn -0.0029 -0.8719 0.4897
vn -0.0049 -0.9999 -0.0091
vn -0.0004 -0.9998 -0.0183
vn 0.9986 -0.0274 0.0460
vn -0.0573 0.7794 -0.6239
vn 0.0064 -0.8887 -0.4585
vn 0.1322 -0.5372 -0.8330
vn 0.9636 0.2499 -0.0954
vn 0.9929 0.1113 -0.0422
vn -0.9965 0.0820 0.0179
vn -0.0069 1.0000 0.0035
vn 0.9937 0.1121 0.0031
vn 0.9608 -0.2713 0.0572
vn 0.0511 -0.9987 -0.0035
vn 0.0050 -0.9995 0.0302
vn -0.4802 0.0224 -0.8769
vn 0.0049 -1.0000 0.0083
vn 0.0005 -0.9998 0.0174
vn -0.0829 0.9963 -0.0223
vn 0.0199 0.9997 -0.0118
vn -0.9967 0.0814 -0.0040
vn -0.9983 -0.0335 -0.0471
vn 0.0060 0.9999 -0.0094
vn -0.0007 1.0000 0.0036
vn 0.0145 0.0642 0.9978
vn 0.9698 -0.2434 -0.0172
vn 0.9903 0.0911 -0.1054
vn -0.9998 0.0017 0.0206
vn -0.9954 0.0898 0.0323
vn 0.0206 0.9997 -0.0122
vn -0.0019 -1.0000 0.0029
vn -0.0053 1.0000 0.0025
vn -0.0019 -1.0000 0.0036
vn 0.0433 -0.0970 0.9943
vn 0.9955 0.0940 0.0088
vn 0.9996 -0.0133 0.0240
vn -0.0108 -0.9999 -0.0032
vn -0.0542 -0.1868 -0.9809
vn 0.0789 0.5884 -0.8047
vn 0.0213 -0.9991 -0.0375
vn 0.0133 0.9999 0.0035
vn -0.0098 1.0000 -0.0000
vn -0.9939 0.0873 -0.0668
vn -0.9958 0.0004 -0.0919
vn -0.0010 1.0000 0.0032
vn 0.0052 1.0000 0.0013
vn -0.0011 1.0000 0.0071
vn -0.0081 1.0000 0.0014
vn 0.9865 0.1610 -0.0287
vn 0.9529 -0.2723 0.1334
vn -0.0082 0.9999 -0.0082
vn -0.0055 1.0000 -0.0038
vn 0.0052 -0.9999 0.0159
vn -0.0130 0.2628 0.9648
vn 0.0774 0.0162 -0.9969
vn -0.0481 -0.9982 -0.0348
vn -0.9997 -0.0113 -0.0211
vn -0.9635 -0.2617 -0.0564
vn 0.0024 0.4654 -0.8851
vn -0.0023 -1.0000 0.0022
vn 0.0625 0.6182 0.7835
vn -0.0023 -0.9996 0.0272
vn 0.9996 0.0292 0.0029
vn 0.9867 0.1617 -0.0169
vn -0.9946 -0.0269 0.0999
vn -0.9945 -0.0114 0.1040
vn 0.0158 0.1678 -0.9857
vn 0.0874 -0.0516 -0.9948
vn 0.9969 0.0098 -0.0786
vn -0.0410 -0.0164 0.9990
vn -0.0242 0.1450 0.9891
vn 0.0033 -1.0000 -0.0003
vn -0.0078 -1.0000 -0.0003
vn 0.0349 -0.9991 0.0240
vn -0.0170 0.1657 -0.9860
vn 0.0964 -0.0784 0.9922
vn 0.1114 -0.0171 0.9936
vn 0.9149 0.4037 -0.0036
vn -0.0495 0.9981 -0.0363
vn 0.9871 0.1582 0.0234
vn 0.9948 -0.0331 0.0962
vn -0.0087 0.9999 0.0138
vn -0.0194 0.9998 -0.0043
vn 0.4398 0.0143 0.8980
vn 0.0280 0.7934 0.6080
vn 0.1257 -0.0085 -0.9920
vn 0.0006 -1.0000 0.0016
vn -0.0065 -1.0000 0.0068
vn -0.9958 -0.0006 -0.0919
vn -0.9861 0.1475 -0.0768
vn 0.0435 -0.4844 -0.8738
vn 0.9979 0.0389 0.0526
vn 0.9867 0.1589 0.0340
vn -0.9670 0.2423 0.0783
vn -0.1652 -0.5534 0.8164
vn -0.0240 0.9991 -0.0355
vn 0.1473 -0.0861 -0.9853
vn -0.1765 0.2017 0.9634
vn -0.1632 0.2860 0.9442
vn 0.0331 -0.9988 0.0350
vn 0.0364 -0.9986 0.0375
vn -0.0224 0.9990 -0.0389
vn 0.0231 -0.9989 0.0405
vn 0.9731 -0.1567 0.1689
vn 0.2040 -0.0747 -0.9761
vn 0.2118 -0.1370 -0.9677
vn 0.0187 -0.9993 0.0323
vn 0.9192 0.3266 0.2200
vn -0.1882 0.2808 0.9411
vn -0.2319 0.1637 0.9589
vn 0.0197 0.9983 -0.0546
vn 0.0155 0.9930 -0.1174
vn 0.9026 0.0367 -0.4289
vn 0.9872 0.0375 -0.1550
vn -0.0092 -1.0000 0.0015
vn 0.9208 -0.0040 -0.3899
vn -0.0072 -0.9987 0.0504
vn -0.0037 1.0000 0.0009
vn 0.9722 0.0000 -0.2344
vn -0.0064 -1.0000 0.0067
vn -0.0066 1.0000 0.0039
vn -0.0000 -0.9985 0.0538
vn -0.0064 1.0000 -0.0040
vn -0.0000 1.0000 0.0067
vn 0.0378 -0.9958 0.0838
vn 0.1751 0.0654 0.9824
vn -0.0004 1.0000 -0.0002
vn 0.0378 -0.9960 0.0805
vn -1.0000 0.0000 0.0000
vn -0.1512 -0.9769 0.1512
vn 0.0120 -0.0000 0.9999
vn 0.0183 -0.9947 0.1015
vn -0.9447 -0.0167 -0.3276
vn 0.0078 0.9997 0.0222
vn -0.0012 0.0159 0.9999
vn -0.0402 -0.9965 -0.0731
vn 0.0045 -0.9999 0.0155
vn 0.0190 -0.9984 0.0534
vn 0.1512 -0.9769 -0.1512
vn -0.9369 0.0048 -0.3496
vn 0.0068 1.0000 -0.0040
vn -0.0211 0.9986 0.0478
vn -0.0377 -0.9967 0.0712
vn -0.9999 -0.0016 0.0118
vn -0.2344 0.0000 0.9722
vn 0.0106 -0.9991 0.0414
vn 0.0534 -0.9984 0.0190
vn 0.9824 0.0652 0.1749
vn 0.3839 0.9083 -0.1663
vn -0.0030 1.0000 -0.0016
vn -0.0003 1.0000 0.0011
vn 0.9999 -0.0000 0.0108
vn -0.0259 0.0328 0.9991
vn 0.0009 1.0000 0.0061
vn 0.9999 0.0016 0.0118
vn -0.9997 -0.0152 -0.0174
vn -0.0010 -1.0000 0.0092
vn -0.9999 -0.0130 -0.0000
vn 1.0000 -0.0016 -0.0000
vn 0.9999 0.0095 -0.0115
vn -0.1550 0.0375 0.9872
vn -0.0000 -0.9998 0.0197
vn -0.0480 -0.9975 -0.0524
vn 0.9999 0.0143 -0.0008
vn -0.6620 0.3514 0.6620
vn -0.6581 0.1266 0.7422
vn -0.9809 -0.1943 0.0013
vn -0.9980 0.0618 0.0134
vn -0.4838 -0.1732 -0.8579
vn 0.7010 0.1074 -0.7050
vn 0.0015 0.0157 0.9999
vn 0.0015 -0.0024 1.0000
vn -1.0000 0.0016 -0.0000
vn 0.9999 0.0130 -0.0000
vn -0.9363 0.2381 0.2583
vn 0.9656 0.0248 0.2588
vn 0.0009 1.0000 -0.0037
vn 0.0015 -1.0000 -0.0092
vn -0.0208 -0.9943 0.1048
vn 0.9995 0.0327 0.0044
vn 0.0576 -0.9983 0.0000
vn 0.9383 0.0048 -0.3458
vn 0.0000 0.0109 0.9999
vn 0.9995 -0.0257 -0.0174
vn 0.9999 0.0016 0.0110
vn -0.9994 -0.0298 -0.0174
vn 0.9691 0.2465 0.0106
vn 0.0719 0.9968 0.0352
vn 0.0816 -0.9961 0.0343
vn 0.0624 -0.9961 -0.0622
vn -0.0013 -0.1943 -0.9809
vn -0.0134 0.0618 -0.9980
vn 0.1015 -0.9947 0.0183
vn 0.9994 0.0349 0.0009
vn -0.0114 -0.9998 0.0172
vn -0.3861 -0.0080 0.9224
vn 1.0000 0.0031 0.0009
vn -0.8579 -0.1732 0.4838
vn 0.9446 -0.0130 -0.3278
vn -0.0208 -0.9938 0.1089
vn 0.0376 -0.9966 0.0734
vn 0.0367 0.9970 0.0685
vn 0.0000 0.0108 0.9999
vn -0.9998 0.0016 0.0200
vn -0.1114 0.9930 0.0397
vn -0.4289 0.0367 0.9026
vn 0.0303 -0.9989 0.0353
vn -0.0090 0.0334 0.9994
vn -0.0190 -0.9984 0.0534
vn 0.8563 -0.1726 -0.4869
vn 0.0000 1.0000 -0.0000
vn 0.1728 0.9006 0.3988
vn -0.0021 1.0000 -0.0028
vn -0.7049 0.3976 -0.5874
vn -0.3277 -0.0167 -0.9447
vn -0.0731 -0.9965 -0.0402
vn -0.3496 0.0048 -0.9369
vn 0.0325 -0.9995 -0.0043
vn 0.0021 1.0000 -0.0007
vn -0.1655 0.9083 -0.3843
vn -0.0016 1.0000 0.0025
vn 0.0009 1.0000 0.0001
vn 0.0000 -0.1952 0.9808
vn 0.1339 0.0894 0.9869
vn 0.0401 -0.9969 -0.0672
vn 0.0425 0.9923 -0.1167
vn -0.9991 0.0393 -0.0174
vn -0.0020 0.0380 0.9993
vn 0.1512 -0.9769 0.1512
vn -0.0071 -0.0000 1.0000
vn -0.7071 0.0000 -0.7071
vn 0.0024 1.0000 0.0070
vn 0.0670 -0.9970 -0.0378
vn 0.9992 0.0329 0.0227
vn 0.0534 -0.9984 -0.0190
vn 0.9999 0.0108 -0.0000
vn -0.7055 0.0985 -0.7018
vn 0.0000 0.0144 -0.9999
vn -0.0008 0.0125 -0.9999
vn 0.6620 0.3514 0.6620
vn 0.7422 0.1265 0.6581
vn 0.9998 0.0181 0.0000
vn 0.9999 0.0144 0.0015
vn 0.9999 -0.0000 -0.0133
vn 0.0108 -0.0000 -0.9999
vn -0.0020 -0.0066 1.0000
vn 0.0155 0.9999 -0.0045
vn 0.0805 0.9960 -0.0378
vn 0.0338 0.9987 -0.0379
vn 0.0077 -1.0000 0.0000
vn 0.0814 -0.9967 0.0000
vn 0.1397 -0.9899 -0.0259
vn -0.1746 0.0633 0.9826
vn -0.1512 -0.9769 -0.1512
vn 0.7043 0.1073 0.7017
vn -0.0197 -0.9998 -0.0000
vn 0.8939 -0.1579 0.4196
vn 0.0002 0.7976 0.6031
vn 0.0000 0.6898 0.7240
vn -0.0010 -0.0000 1.0000
vn -0.9999 0.0166 -0.0014
vn -0.9999 -0.0000 0.0125
vn 0.0067 1.0000 0.0072
vn 0.0056 1.0000 -0.0000
vn -0.3278 -0.0175 0.9446
vn 0.1027 -0.9946 0.0162
vn 0.9998 0.0176 -0.0015
vn 0.9998 0.0182 0.0000
vn 0.0000 0.0090 -1.0000
vn 0.1749 0.0652 -0.9824
vn 0.0000 -0.1672 0.9859
vn -0.0129 0.0525 0.9985
vn -0.0000 -0.9998 -0.0197
vn 0.0000 -0.9999 0.0109
vn -0.0379 0.9987 0.0338
vn -0.9446 -0.0182 -0.3278
vn 0.2596 -0.0146 -0.9656
vn 0.9447 -0.0168 -0.3275
vn -0.0183 -0.9947 0.1015
vn -0.9824 0.0652 0.1750
vn -0.0534 -0.9984 0.0190
vn -0.0414 -0.9991 0.0106
vn -0.1048 -0.9943 -0.0208
vn 0.1427 0.9392 -0.3122
vn 0.0027 1.0000 0.0017
vn -0.0001 1.0000 -0.0011
vn 0.7080 0.1174 -0.6964
vn 0.0118 0.9999 0.0042
vn -0.3498 0.0048 0.9368
vn 0.0024 1.0000 -0.0070
vn -0.0593 -0.9974 -0.0400
vn -0.3462 0.0048 -0.9381
vn -0.3278 -0.0135 -0.9446
vn 0.9994 0.0346 -0.0015
vn 0.9824 0.0654 -0.1751
vn 0.0009 0.0058 -1.0000
vn 0.0000 0.0108 -0.9999
vn -0.7031 0.1067 0.7031
vn -0.6745 0.4762 0.5642
vn -0.0106 -0.9991 -0.0414
vn 0.0208 -0.9943 -0.1048
vn 0.0000 -0.9967 0.0814
vn -0.0378 0.9960 0.0805
vn 0.0000 1.0000 0.0056
vn -0.9366 0.0048 -0.3504
vn 0.0070 1.0000 0.0024
vn -0.0000 -0.2465 -0.9691
vn 0.2596 0.0146 0.9656
vn 0.2583 0.2381 -0.9363
vn 0.0394 0.9991 -0.0137
vn 0.9369 0.0048 -0.3496
vn 0.0402 -0.9965 -0.0731
vn -0.9991 0.0331 -0.0259
vn 0.0622 -0.9961 0.0624
vn -0.9999 0.0143 0.0008
vn 0.0018 0.0182 -0.9998
vn -0.0137 -0.0000 -0.9999
vn -0.9999 -0.0000 -0.0107
vn 0.0591 -0.9982 -0.0081
vn -0.0071 1.0000 -0.0066
vn 0.0734 -0.9966 -0.0376
vn 1.0000 0.0078 -0.0000
vn -0.3276 -0.0167 0.9447
vn 0.1015 -0.9947 -0.0183
vn 0.0190 -0.9984 -0.0534
vn -0.0007 1.0000 -0.0021
vn -0.9447 -0.0167 0.3277
vn 0.0009 0.0380 -0.9993
vn -0.0190 -0.9984 -0.0534
vn 0.0259 0.0334 -0.9991
vn -0.0624 -0.9961 0.0622
vn -0.0097 -0.9946 0.1033
vn -0.0384 -0.9987 0.0346
vn -0.9658 -0.0155 0.2588
vn 0.0190 0.9994 -0.0305
vn 0.0054 0.9992 -0.0401
vn 0.2583 -0.2381 0.9363
vn 0.0000 0.2465 0.9691
vn -0.0000 -0.0130 -0.9999
vn 0.0363 0.9961 0.0810
vn 0.0378 -0.9970 0.0670
vn -0.9295 -0.0264 -0.3679
vn -0.9999 0.0157 0.0020
vn -0.9994 0.0327 -0.0090
vn -0.0534 -0.9984 -0.0190
vn -0.9824 0.0652 -0.1749
vn -1.0000 -0.0065 0.0020
vn 0.0002 1.0000 -0.0005
vn 0.3275 -0.0168 -0.9447
vn 0.2564 0.2382 -0.9367
vn 0.2584 0.0158 0.9659
vn 0.0153 -0.9999 -0.0072
vn 0.0629 -0.9980 0.0000
vn 0.0212 0.9997 0.0077
vn 0.0916 -0.9951 0.0378
vn -0.3496 0.0048 0.9369
vn -0.0002 1.0000 0.0005
vn -0.0731 -0.9965 0.0402
vn 0.9224 -0.0080 0.3861
vn -0.0071 0.9998 -0.0200
vn 0.0070 1.0000 -0.0024
vn -0.9369 0.0048 0.3496
vn 0.0090 0.0327 -0.9994
vn 0.0183 -0.9947 -0.1015
vn -0.0023 0.0157 -0.9999
vn -0.9362 0.2381 0.2587
vn -0.0400 -0.9971 -0.0647
vn -0.9691 -0.2465 -0.0000
vn 0.9363 -0.2381 0.2583
vn -0.7990 -0.4801 -0.3620
vn 0.9656 0.0146 0.2596
vn -0.0115 -0.0095 -0.9999
vn 0.0000 0.0130 0.9999
vn -0.0139 0.9999 -0.0048
vn -0.0379 0.9975 -0.0598
vn 0.0071 0.9998 0.0199
vn -0.0378 -0.9958 0.0838
vn -0.9026 0.0367 -0.4289
vn 0.3899 -0.0040 0.9208
vn -0.1015 -0.9947 0.0183
vn -0.1089 -0.9938 -0.0208
vn -0.9993 0.0380 -0.0009
vn -1.0000 0.0031 -0.0009
vn -0.0023 -0.0098 -0.9999
vn -0.1749 0.0646 -0.9825
vn -0.9999 0.0109 0.0000
vn 0.1145 0.9925 -0.0425
vn 0.3496 0.0048 -0.9369
vn 0.0118 0.0016 0.9999
vn -0.0000 -0.0218 -0.9998
vn 0.0478 -0.9987 -0.0172
vn 0.0067 1.0000 -0.0000
vn -0.0401 0.9992 0.0054
vn 0.0712 -0.9967 0.0379
vn -0.0048 0.9999 -0.0139
vn -0.1142 0.9925 0.0425
vn 0.0712 -0.9967 0.0377
vn -0.3931 -0.0008 -0.9195
vn 0.9026 0.0367 0.4289
vn -0.0064 1.0000 0.0040
vn -0.0000 1.0000 -0.0056
vn 0.0072 1.0000 -0.0067
vn -0.0402 -0.9965 0.0731
vn 0.0208 -0.9938 -0.1089
vn -0.9999 -0.0115 -0.0000
vn 0.9691 0.2465 -0.0000
vn 0.0171 -0.9904 0.1370
vn -1.0000 0.0001 0.0000
vn 0.0155 -0.9998 0.0098
vn -0.0000 0.0016 -1.0000
vn -0.0380 0.9993 0.0071
vn 0.0064 1.0000 -0.0040
vn -0.0380 -0.9993 -0.0046
vn 0.0072 -0.9987 0.0504
vn 0.4289 0.0367 0.9026
vn -0.0040 1.0000 -0.0066
vn 0.0731 -0.9965 -0.0402
vn 0.3278 -0.0130 0.9446
vn -0.0732 -0.9973 -0.0084
vn 0.3458 0.0048 0.9383
vn -0.0020 1.0000 0.0007
vn 0.3277 -0.0167 0.9447
vn 0.0005 1.0000 0.0002
vn 0.9447 -0.0169 0.3274
vn -0.9999 0.0108 0.0000
vn -0.0810 0.9961 -0.0363
vn -0.0305 0.9994 0.0190
vn 0.0092 -1.0000 0.0010
vn 0.0810 0.9961 0.0363
vn 0.0838 -0.9958 -0.0378
vn -0.4289 0.0367 -0.9026
vn 0.0041 1.0000 0.0067
vn -0.0072 -0.9987 -0.0504
vn -0.0037 1.0000 -0.0009
vn 0.0139 0.9999 0.0048
vn 0.9446 -0.0182 0.3278
vn -0.0378 -0.9970 -0.0670
vn -0.0183 -0.9947 -0.1015
vn -0.9446 -0.0130 0.3278
vn -0.0401 -0.9969 0.0672
vn -0.9383 0.0048 0.3458
vn 0.9367 0.2382 0.2564
vn 0.9916 -0.0889 -0.0940
vn -0.9981 0.0016 0.0610
vn 0.0098 -0.9998 -0.0155
vn -0.1119 -0.9928 -0.0417
vn 0.0045 0.9948 0.1018
vn 0.0037 1.0000 0.0009
vn 0.0259 -0.9899 0.1397
vn 0.0064 -1.0000 0.0067
vn -0.0303 -0.9989 0.0353
vn 0.0040 1.0000 -0.0064
vn -0.0068 1.0000 -0.0000
vn -0.0712 -0.9967 -0.0377
vn 0.0808 -0.9967 -0.0053
vn -0.0557 -0.9984 0.0000
vn 0.3278 -0.0182 -0.9446
vn -0.1015 -0.9947 -0.0183
vn 0.3861 -0.0080 -0.9224
vn -0.0200 0.9998 0.0071
vn -0.0024 1.0000 -0.0070
vn 0.3496 0.0048 0.9369
vn -0.0078 0.9997 -0.0224
vn -0.9208 -0.0040 0.3899
vn 0.9369 0.0048 0.3496
vn -0.0118 0.9999 0.0042
vn -0.0340 0.9987 0.0379
vn -0.0183 -0.0160 -0.9997
vn -0.3620 -0.4801 -0.7990
vn 0.2586 0.2381 0.9362
vn 0.0340 0.9987 -0.0379
vn 0.0538 -0.9985 0.0000
vn 0.0805 -0.9960 -0.0378
vn 0.0504 -0.9987 0.0072
vn -0.0040 1.0000 0.0064
vn 0.0070 1.0000 0.0000
vn -0.0000 -0.9985 -0.0538
vn -0.0064 -1.0000 -0.0067
vn 0.0000 1.0000 -0.0067
vn 0.9366 0.0048 0.3504
vn -0.0070 1.0000 -0.0024
vn 0.0378 -0.9958 -0.0838
vn 0.0402 -0.9965 0.0731
vn -0.0376 -0.9966 -0.0734
vn -0.9638 0.0567 0.2605
vn -0.9691 0.2465 0.0139
vn 0.9998 -0.0218 -0.0000
vn 1.0000 0.0016 -0.0000
vn 0.0379 -0.9967 -0.0712
vn 0.0900 -0.9952 0.0378
vn -0.9363 -0.2381 0.2583
vn 0.9641 -0.0091 0.2654
vn -0.9659 0.0158 0.2584
vn 0.0092 -1.0000 0.0015
vn -0.9872 0.0375 -0.1550
vn -0.0816 -0.9961 0.0343
vn -0.0009 1.0000 -0.0037
vn -0.0077 -1.0000 0.0000
vn 0.0286 -0.9994 0.0213
vn 0.1167 0.9923 0.0425
vn 0.0125 -0.9992 0.0380
vn 0.3504 0.0048 -0.9366
vn -0.0024 1.0000 0.0070
vn -0.0719 -0.9974 -0.0084
vn 0.4289 0.0367 -0.9026
vn 0.0040 1.0000 0.0064
vn -0.0056 1.0000 0.0000
vn -0.0067 1.0000 -0.0072
vn -0.0072 1.0000 -0.0067
vn 0.0000 1.0000 -0.0069
vn -0.9026 0.0367 0.4289
vn -0.0375 0.9992 0.0147
vn -0.0071 0.9993 0.0380
vn 0.0200 -0.0016 -0.9998
vn -0.0000 -0.0115 0.9999
vn 0.0139 0.2465 -0.9691
vn 0.2557 0.0607 -0.9649
vn 0.0071 0.9993 -0.0380
vn 0.0155 -0.9999 -0.0045
vn 0.0067 -1.0000 0.0064
vn 0.0009 1.0000 0.0037
vn -0.0092 -1.0000 -0.0015
vn 0.9872 0.0375 0.1550
vn -0.0211 0.9986 -0.0478
vn -0.0080 -0.9986 -0.0520
vn -0.0054 0.9992 0.0401
vn 0.0077 0.9997 -0.0212
vn 0.0380 -0.9993 0.0046
vn 0.0377 -0.9967 -0.0712
vn 0.0378 -0.9957 -0.0846
vn -0.0172 -0.9987 -0.0478
vn -0.1370 -0.9904 0.0171
vn 0.9691 -0.2465 -0.0000
vn -0.9999 0.0130 -0.0000
vn -0.9691 0.2465 -0.0000
vn -0.9722 0.0000 -0.2344
vn 0.1550 0.0375 0.9872
vn -0.0015 -1.0000 -0.0092
vn -0.0814 -0.9967 0.0000
vn -0.0685 0.9970 0.0367
vn -0.0346 -0.9987 -0.0384
vn 0.0401 0.9992 0.0054
vn -0.0538 -0.9985 -0.0000
vn 0.0084 -0.9999 -0.0067
vn -0.0303 -0.9989 -0.0353
vn -0.0009 1.0000 0.0037
vn 0.0048 0.9999 -0.0139
vn -0.0042 0.9999 -0.0118
vn 0.0379 0.9976 0.0578
vn -0.0353 -0.9989 -0.0303
vn -0.0352 0.9968 -0.0719
vn -0.1382 0.9902 -0.0209
vn 0.0000 -0.0016 1.0000
vn -0.0115 0.0095 0.9999
vn 0.0610 0.0016 -0.9981
vn 0.1018 0.9948 0.0045
vn 0.2583 0.2381 0.9363
vn 0.2597 0.0146 -0.9656
vn -0.1550 0.0375 -0.9872
vn 0.0015 -1.0000 0.0092
vn 0.9721 0.0000 0.2344
vn 0.9999 0.0016 -0.0118
vn -0.9997 -0.0152 0.0174
vn 0.0000 -0.9984 -0.0557
vn -0.0072 -0.9999 -0.0153
vn 0.0066 1.0000 0.0071
vn -0.0259 -0.9899 -0.1397
vn -0.0000 -1.0000 -0.0077
vn 0.0010 -1.0000 -0.0092
vn 0.0647 -0.9971 -0.0400
vn -0.9999 0.0016 0.0118
vn 0.9997 -0.0152 -0.0174
vn 0.9999 -0.0016 0.0118
vn 0.2344 0.0000 0.9721
vn -0.1397 -0.9899 -0.0259
vn -0.0338 0.9987 -0.0379
vn 0.0166 -0.9991 0.0380
vn -0.0816 -0.9961 -0.0343
vn -0.0067 1.0000 0.0000
vn 0.0378 0.9960 -0.0805
vn -0.0343 -0.9961 -0.0816
vn 0.0037 1.0000 -0.0009
vn -0.2583 -0.2381 0.9362
vn -0.0000 0.0016 1.0000
vn -0.0940 -0.0889 0.9916
vn 0.2583 -0.2381 -0.9363
vn 0.0000 -0.0130 0.9999
vn 0.0000 0.2465 -0.9691
vn -0.2344 0.0000 -0.9722
vn -0.9998 0.0016 -0.0200
vn -0.9367 0.2382 -0.2564
vn 0.9659 0.0158 -0.2584
vn -0.0000 -0.9958 -0.0918
vn 0.9982 0.0587 0.0122
vn -0.9656 0.0146 -0.2597
vn 0.2507 0.2398 0.9379
vn -0.2605 0.0567 -0.9638
vn -0.9997 0.0152 -0.0174
vn -1.0000 -0.0016 0.0000
vn 0.9999 -0.0130 -0.0000
vn -0.0118 0.0016 0.9999
vn 0.0174 -0.0152 -0.9997
vn -0.2564 0.2382 -0.9367
vn -0.2597 0.0146 0.9656
vn -0.0805 0.9960 -0.0378
vn 0.2495 0.2485 -0.9360
vn -0.0110 -0.0016 -0.9999
vn -0.0712 -0.9967 0.0379
vn -0.0015 -1.0000 0.0092
vn 0.1550 0.0375 -0.9872
vn -0.0155 0.9999 0.0045
vn 0.0045 0.9999 -0.0155
vn -0.9872 0.0375 0.1550
vn 0.0092 -1.0000 -0.0015
vn -0.2564 -0.2382 -0.9367
vn 0.0000 -0.2465 0.9691
vn 0.0000 0.0130 -0.9999
vn 0.2654 -0.0091 0.9641
vn 0.0118 -0.0016 0.9999
vn 0.0118 0.0016 -0.9999
vn -0.0174 -0.0152 0.9997
vn -0.9999 -0.0016 -0.0118
vn -0.9991 0.0393 0.0174
vn -0.0190 0.9994 0.0305
vn -0.9991 -0.0393 0.0174
vn -0.0045 -0.9948 -0.1019
vn 0.9362 0.2381 -0.2587
vn 0.9981 -0.0016 -0.0616
vn -0.9998 -0.0016 -0.0200
vn -0.0139 0.2465 -0.9691
vn -0.2564 0.2382 0.9367
vn -0.2583 0.2381 -0.9363
vn 0.0174 -0.0393 -0.9991
vn 0.0305 0.9994 0.0190
vn -0.0479 -0.9985 0.0261
vn 0.2344 0.0000 -0.9721
vn -0.0118 0.0016 -0.9999
vn 0.0174 -0.0152 0.9997
vn 0.0115 -0.0095 0.9999
vn -0.9999 0.0016 -0.0118
vn -0.9721 0.0000 0.2344
vn 0.0174 0.0393 -0.9991
vn -0.0000 -0.0016 -1.0000
vn -0.0115 0.0095 -0.9999
vn 0.9997 0.0152 0.0174
vn -0.9916 -0.0889 0.0940
vn 0.9981 0.0016 -0.0610
vn 0.7990 -0.4801 0.3620
vn 0.9362 0.2381 -0.2583
vn 0.9999 -0.0115 0.0000
vn -0.9998 -0.0218 0.0000
vn 0.0000 -0.0218 0.9998
vn 0.3620 -0.4801 -0.7990
vn -0.2583 -0.2381 0.9363
vn 0.0940 -0.0889 0.9916
vn -0.0610 0.0016 -0.9981
vn -0.0200 -0.0016 0.9998
vn 0.0187 0.0164 -0.9997
vn 0.9999 -0.0095 0.0115
vn -0.9363 -0.2381 -0.2583
vn 0.9656 -0.0146 -0.2597
vn -0.0106 -0.2465 -0.9691
vn -0.2580 -0.0256 -0.9658
vn -0.2583 0.2381 0.9362
vn 0.9363 0.2381 -0.2583
vn 0.9997 -0.0160 0.0183
vn -0.2597 0.0146 -0.9656
vn -0.9641 0.0091 -0.2654
vn 0.0000 -1.0000 0.0000
vn -0.0069 -0.9981 0.0614
vn -0.0492 -0.9976 -0.0492
vn -0.0032 -0.9999 0.0138
vn 0.1245 -0.9857 -0.1140
vn 0.3080 -0.9110 -0.2743
vn -0.0224 -0.9980 -0.0593
vn 0.0000 -0.9967 -0.0816
vn -0.0069 -1.0000 0.0069
vn 0.0000 -1.0000 -0.0035
vn -0.0937 -0.9932 -0.0692
vn 0.0248 -0.9992 0.0297
usemtl None
s off
f 1//1 2//1 3//1
f 1//2 3//2 4//2
f 5//3 4//3 3//3
f 5//4 3//4 2//4
f 2//5 1//5 5//5
f 1//6 4//6 5//6
f 13//7 6//7 7//7
f 13//8 7//8 8//8
f 17//9 8//9 10//9
f 17//10 10//10 11//10
f 8//11 7//11 12//11
f 8//12 12//12 10//12
f 16//13 17//13 11//13
f 16//14 11//14 9//14
f 11//15 10//15 9//15
f 13//16 14//16 6//16
f 15//17 14//17 16//17
f 16//18 7//18 6//18
f 16//19 6//19 15//19
f 14//17 17//17 16//17
f 14//20 13//20 8//20
f 14//21 8//21 17//21
f 9//22 12//22 7//22
f 9//23 7//23 16//23
f 14//24 15//24 6//24
f 10//25 12//25 9//25
f 30//26 29//26 25//26
f 25//27 20//27 28//27
f 22//28 29//28 30//28
f 27//29 19//29 22//29
f 28//30 20//30 21//30
f 28//31 21//31 23//31
f 27//32 22//32 26//32
f 27//33 26//33 24//33
f 26//34 30//34 25//34
f 22//35 30//35 26//35
f 27//36 24//36 23//36
f 18//37 19//37 27//37
f 23//38 21//38 19//38
f 23//39 19//39 18//39
f 18//40 27//40 23//40
f 31//41 25//41 28//41
f 23//42 24//42 31//42
f 23//43 31//43 28//43
f 29//44 21//44 20//44
f 29//45 20//45 25//45
f 24//46 26//46 25//46
f 24//47 25//47 31//47
f 22//48 19//48 29//48
f 19//49 21//49 29//49
f 44//26 43//26 39//26
f 39//25 34//25 42//25
f 36//50 43//50 44//50
f 42//51 34//51 35//51
f 42//52 35//52 37//52
f 41//53 36//53 40//53
f 41//54 40//54 38//54
f 40//34 44//34 39//34
f 36//55 44//55 40//55
f 41//56 38//56 37//56
f 41//57 32//57 33//57
f 37//58 35//58 33//58
f 37//59 33//59 32//59
f 32//60 41//60 37//60
f 36//61 41//61 33//61
f 45//62 39//62 42//62
f 37//63 38//63 45//63
f 37//64 45//64 42//64
f 43//44 35//44 34//44
f 43//45 34//45 39//45
f 38//65 40//65 39//65
f 38//66 39//66 45//66
f 36//67 33//67 43//67
f 33//68 35//68 43//68
f 60//69 59//69 53//69
f 53//70 61//70 57//70
f 50//71 59//71 60//71
f 47//72 50//72 58//72
f 55//73 48//73 57//73
f 55//74 57//74 61//74
f 55//75 61//75 49//75
f 55//76 49//76 51//76
f 56//77 50//77 54//77
f 56//78 54//78 52//78
f 54//79 60//79 53//79
f 50//80 60//80 54//80
f 56//81 46//81 58//81
f 46//82 47//82 58//82
f 51//83 49//83 47//83
f 51//84 47//84 46//84
f 46//85 56//85 52//85
f 46//86 52//86 51//86
f 50//87 56//87 58//87
f 48//88 53//88 57//88
f 51//89 52//89 48//89
f 51//90 48//90 55//90
f 59//91 49//91 61//91
f 59//92 61//92 53//92
f 52//93 54//93 53//93
f 52//94 53//94 48//94
f 50//95 47//95 59//95
f 47//96 49//96 59//96
f 70//97 62//97 63//97
f 70//98 63//98 64//98
f 74//99 64//99 66//99
f 74//100 66//100 67//100
f 64//101 63//101 68//101
f 64//102 68//102 66//102
f 73//103 74//103 67//103
f 73//104 67//104 65//104
f 67//105 66//105 69//105
f 66//106 68//106 69//106
f 72//107 71//107 74//107
f 72//108 74//108 73//108
f 73//109 63//109 62//109
f 73//110 62//110 72//110
f 62//111 70//111 71//111
f 71//112 70//112 64//112
f 71//113 64//113 74//113
f 65//114 68//114 63//114
f 65//115 63//115 73//115
f 65//116 67//116 69//116
f 65//117 69//117 68//117
f 72//118 62//118 71//118
f 82//119 75//119 76//119
f 82//120 76//120 77//120
f 86//121 77//121 79//121
f 86//122 79//122 80//122
f 77//123 76//123 81//123
f 77//124 81//124 79//124
f 85//125 80//125 78//125
f 79//126 81//126 78//126
f 80//127 79//127 78//127
f 84//128 83//128 85//128
f 85//129 76//129 75//129
f 85//130 75//130 84//130
f 84//131 75//131 83//131
f 83//132 86//132 85//132
f 75//133 82//133 83//133
f 85//134 86//134 80//134
f 83//135 82//135 77//135
f 83//136 77//136 86//136
f 78//137 81//137 76//137
f 78//138 76//138 85//138
f 99//26 98//26 94//26
f 94//25 89//25 97//25
f 91//50 98//50 99//50
f 87//139 88//139 96//139
f 97//51 89//51 90//51
f 97//140 90//140 92//140
f 96//141 91//141 95//141
f 96//142 95//142 93//142
f 95//34 99//34 94//34
f 91//55 99//55 95//55
f 87//143 96//143 93//143
f 91//144 96//144 88//144
f 92//145 90//145 88//145
f 92//146 88//146 87//146
f 87//147 93//147 92//147
f 100//62 94//62 97//62
f 92//148 93//148 100//148
f 92//149 100//149 97//149
f 98//44 90//44 89//44
f 98//45 89//45 94//45
f 93//150 95//150 94//150
f 93//151 94//151 100//151
f 91//152 88//152 98//152
f 88//153 90//153 98//153
f 114//154 113//154 108//154
f 105//155 113//155 114//155
f 110//156 103//156 112//156
f 110//157 112//157 115//157
f 110//158 115//158 104//158
f 110//159 104//159 106//159
f 111//160 105//160 109//160
f 111//161 109//161 107//161
f 109//162 114//162 108//162
f 105//163 114//163 109//163
f 111//164 101//164 102//164
f 106//165 104//165 102//165
f 106//166 102//166 101//166
f 101//167 111//167 107//167
f 101//168 107//168 106//168
f 105//169 111//169 102//169
f 108//106 115//106 112//106
f 103//170 108//170 112//170
f 106//171 107//171 110//171
f 107//172 103//172 110//172
f 113//173 104//173 115//173
f 113//174 115//174 108//174
f 107//175 109//175 108//175
f 107//176 108//176 103//176
f 105//177 102//177 113//177
f 102//178 104//178 113//178
f 129//154 128//154 123//154
f 123//179 130//179 127//179
f 120//155 128//155 129//155
f 125//180 127//180 130//180
f 125//181 130//181 119//181
f 125//182 119//182 121//182
f 126//183 120//183 124//183
f 126//184 124//184 122//184
f 124//185 129//185 123//185
f 120//163 129//163 124//163
f 116//186 122//186 121//186
f 116//187 126//187 122//187
f 126//188 116//188 117//188
f 121//189 119//189 117//189
f 121//190 117//190 116//190
f 120//191 126//191 117//191
f 118//192 123//192 127//192
f 125//193 118//193 127//193
f 121//194 122//194 118//194
f 121//195 118//195 125//195
f 128//196 119//196 130//196
f 128//197 130//197 123//197
f 122//198 124//198 123//198
f 122//199 123//199 118//199
f 120//177 117//177 128//177
f 117//178 119//178 128//178
f 139//200 131//200 132//200
f 139//201 132//201 133//201
f 143//202 133//202 135//202
f 143//203 135//203 136//203
f 133//204 132//204 137//204
f 133//205 137//205 135//205
f 142//206 143//206 136//206
f 142//207 136//207 134//207
f 136//208 135//208 138//208
f 135//209 137//209 138//209
f 141//210 140//210 143//210
f 141//211 143//211 142//211
f 142//212 132//212 131//212
f 142//213 131//213 141//213
f 141//214 131//214 140//214
f 140//215 139//215 133//215
f 140//216 133//216 143//216
f 134//217 137//217 132//217
f 134//218 132//218 142//218
f 134//219 136//219 138//219
f 134//220 138//220 137//220
f 140//221 131//221 139//221
f 151//222 144//222 145//222
f 151//223 145//223 146//223
f 155//224 146//224 148//224
f 155//225 148//225 149//225
f 146//226 145//226 150//226
f 146//227 150//227 148//227
f 154//228 149//228 147//228
f 150//229 147//229 149//229
f 151//230 152//230 144//230
f 153//231 152//231 155//231
f 153//232 155//232 154//232
f 154//233 145//233 144//233
f 154//234 144//234 153//234
f 152//235 153//235 144//235
f 154//236 155//236 149//236
f 152//237 151//237 146//237
f 152//238 146//238 155//238
f 147//239 150//239 145//239
f 147//240 145//240 154//240
f 148//241 150//241 149//241
f 163//242 156//242 157//242
f 163//243 157//243 158//243
f 167//244 158//244 160//244
f 167//245 160//245 161//245
f 158//246 157//246 162//246
f 158//247 162//247 160//247
f 162//248 159//248 160//248
f 161//249 160//249 159//249
f 163//250 164//250 156//250
f 165//251 164//251 167//251
f 165//252 167//252 166//252
f 166//253 157//253 156//253
f 166//254 156//254 165//254
f 164//255 165//255 156//255
f 166//256 167//256 161//256
f 166//257 161//257 159//257
f 164//258 163//258 158//258
f 164//259 158//259 167//259
f 159//260 162//260 157//260
f 159//261 157//261 166//261
f 180//262 179//262 174//262
f 174//263 182//263 178//263
f 172//264 179//264 180//264
f 169//265 172//265 168//265
f 176//266 170//266 178//266
f 176//267 178//267 182//267
f 176//268 182//268 171//268
f 176//269 171//269 173//269
f 177//270 172//270 175//270
f 177//271 175//271 181//271
f 175//272 180//272 174//272
f 181//273 170//273 176//273
f 172//274 180//274 175//274
f 168//275 177//275 173//275
f 177//276 181//276 173//276
f 173//277 171//277 169//277
f 173//278 169//278 168//278
f 172//279 177//279 168//279
f 170//280 174//280 178//280
f 173//281 181//281 176//281
f 179//282 171//282 182//282
f 179//283 182//283 174//283
f 181//284 175//284 174//284
f 181//285 174//285 170//285
f 172//286 169//286 179//286
f 169//287 171//287 179//287
f 183//2 184//2 185//2
f 183//1 185//1 186//1
f 183//4 186//4 187//4
f 183//3 187//3 184//3
f 186//5 185//5 187//5
f 185//6 184//6 187//6
f 196//288 188//288 189//288
f 196//289 189//289 190//289
f 200//290 190//290 192//290
f 200//291 192//291 193//291
f 190//292 189//292 194//292
f 190//293 194//293 192//293
f 199//294 193//294 191//294
f 193//295 192//295 195//295
f 194//296 191//296 195//296
f 198//297 197//297 200//297
f 198//298 200//298 199//298
f 199//299 189//299 188//299
f 199//300 188//300 198//300
f 198//301 188//301 197//301
f 191//302 193//302 195//302
f 199//303 200//303 193//303
f 197//304 196//304 190//304
f 197//305 190//305 200//305
f 191//306 194//306 189//306
f 191//307 189//307 199//307
f 197//308 188//308 196//308
f 192//309 194//309 195//309
f 212//310 211//310 208//310
f 205//311 211//311 212//311
f 209//312 202//312 205//312
f 210//313 203//313 204//313
f 210//314 204//314 213//314
f 209//315 205//315 206//315
f 209//316 206//316 207//316
f 206//317 212//317 208//317
f 205//318 212//318 206//318
f 209//319 207//319 213//319
f 201//320 202//320 209//320
f 213//321 204//321 202//321
f 213//322 202//322 201//322
f 201//323 209//323 213//323
f 214//324 208//324 210//324
f 208//325 203//325 210//325
f 213//326 207//326 214//326
f 213//327 214//327 210//327
f 211//328 204//328 203//328
f 211//329 203//329 208//329
f 207//330 206//330 208//330
f 207//331 208//331 214//331
f 205//332 202//332 211//332
f 202//333 204//333 211//333
f 228//154 227//154 222//154
f 219//155 227//155 228//155
f 224//334 226//334 229//334
f 224//335 229//335 218//335
f 224//336 218//336 220//336
f 225//337 219//337 223//337
f 225//338 223//338 221//338
f 223//162 228//162 222//162
f 219//163 228//163 223//163
f 215//339 225//339 221//339
f 225//340 215//340 216//340
f 220//341 218//341 216//341
f 220//342 216//342 215//342
f 215//343 221//343 220//343
f 219//344 225//344 216//344
f 222//106 229//106 226//106
f 217//345 222//345 226//345
f 224//193 217//193 226//193
f 220//346 221//346 217//346
f 220//347 217//347 224//347
f 227//173 218//173 229//173
f 227//174 229//174 222//174
f 221//348 223//348 222//348
f 221//349 222//349 217//349
f 219//350 216//350 227//350
f 216//351 218//351 227//351
f 244//352 243//352 237//352
f 234//353 243//353 244//353
f 231//354 234//354 242//354
f 239//355 245//355 241//355
f 239//356 232//356 233//356
f 239//357 233//357 235//357
f 240//358 234//358 238//358
f 240//359 238//359 236//359
f 238//360 244//360 237//360
f 235//361 236//361 245//361
f 234//362 244//362 238//362
f 240//363 230//363 242//363
f 230//364 231//364 242//364
f 235//365 233//365 231//365
f 235//366 231//366 230//366
f 230//367 240//367 236//367
f 230//368 236//368 235//368
f 234//369 240//369 242//369
f 237//370 232//370 241//370
f 245//371 237//371 241//371
f 232//372 239//372 241//372
f 235//373 245//373 239//373
f 243//374 233//374 232//374
f 243//375 232//375 237//375
f 236//376 238//376 237//376
f 236//377 237//377 245//377
f 234//378 231//378 243//378
f 231//379 233//379 243//379
f 253//7 246//7 247//7
f 253//8 247//8 248//8
f 257//380 248//380 250//380
f 257//381 250//381 251//381
f 248//382 247//382 252//382
f 248//383 252//383 250//383
f 256//384 257//384 251//384
f 256//385 251//385 249//385
f 253//386 254//386 246//386
f 255//387 254//387 256//387
f 256//18 247//18 246//18
f 256//388 246//388 255//388
f 254//389 255//389 246//389
f 254//390 257//390 256//390
f 254//391 253//391 248//391
f 254//392 248//392 257//392
f 249//393 252//393 247//393
f 249//394 247//394 256//394
f 249//395 251//395 252//395
f 250//396 252//396 251//396
f 265//397 258//397 259//397
f 265//398 259//398 260//398
f 269//399 260//399 262//399
f 269//400 262//400 263//400
f 260//401 259//401 264//401
f 260//402 264//402 262//402
f 268//403 263//403 261//403
f 263//404 262//404 264//404
f 265//405 266//405 258//405
f 267//406 266//406 268//406
f 268//407 259//407 258//407
f 268//408 258//408 267//408
f 266//409 269//409 268//409
f 261//410 263//410 264//410
f 268//411 269//411 263//411
f 266//412 265//412 260//412
f 266//413 260//413 269//413
f 261//414 264//414 259//414
f 261//415 259//415 268//415
f 266//416 267//416 258//416
f 282//154 281//154 277//154
f 274//155 281//155 282//155
f 271//417 274//417 270//417
f 280//418 272//418 273//418
f 280//419 273//419 275//419
f 279//420 274//420 278//420
f 279//421 278//421 276//421
f 278//162 282//162 277//162
f 277//422 272//422 283//422
f 283//423 272//423 280//423
f 274//163 282//163 278//163
f 279//424 276//424 275//424
f 275//425 273//425 271//425
f 275//426 271//426 270//426
f 270//427 279//427 275//427
f 274//428 279//428 270//428
f 275//429 276//429 283//429
f 275//430 283//430 280//430
f 281//431 273//431 272//431
f 281//432 272//432 277//432
f 276//433 278//433 277//433
f 276//434 277//434 283//434
f 274//435 271//435 281//435
f 271//436 273//436 281//436
f 297//437 296//437 291//437
f 288//50 296//50 297//50
f 285//438 288//438 284//438
f 293//439 286//439 295//439
f 293//440 295//440 298//440
f 293//441 298//441 287//441
f 293//442 287//442 289//442
f 294//443 288//443 292//443
f 294//444 292//444 290//444
f 292//445 297//445 291//445
f 288//55 297//55 292//55
f 289//446 287//446 285//446
f 289//447 285//447 284//447
f 284//448 294//448 290//448
f 284//449 290//449 289//449
f 288//450 294//450 284//450
f 291//209 298//209 295//209
f 286//451 291//451 295//451
f 289//452 290//452 293//452
f 290//453 286//453 293//453
f 296//454 287//454 298//454
f 296//455 298//455 291//455
f 290//456 292//456 291//456
f 290//457 291//457 286//457
f 288//458 285//458 296//458
f 285//459 287//459 296//459
f 312//437 311//437 306//437
f 303//50 311//50 312//50
f 300//438 303//438 299//438
f 308//460 301//460 310//460
f 308//220 310//220 313//220
f 308//461 313//461 302//461
f 308//462 302//462 304//462
f 309//443 303//443 307//443
f 309//463 307//463 305//463
f 307//445 312//445 306//445
f 303//55 312//55 307//55
f 309//464 305//464 304//464
f 304//465 302//465 300//465
f 304//466 300//466 299//466
f 299//467 309//467 304//467
f 303//450 309//450 299//450
f 306//209 313//209 310//209
f 301//468 306//468 310//468
f 304//469 305//469 301//469
f 304//470 301//470 308//470
f 311//454 302//454 313//454
f 311//455 313//455 306//455
f 305//471 307//471 306//471
f 305//472 306//472 301//472
f 303//458 300//458 311//458
f 300//459 302//459 311//459
f 322//473 314//473 315//473
f 322//474 315//474 316//474
f 326//475 316//475 318//475
f 326//476 318//476 319//476
f 316//101 315//101 320//101
f 316//102 320//102 318//102
f 325//477 326//477 319//477
f 325//478 319//478 317//478
f 319//105 318//105 321//105
f 318//106 320//106 321//106
f 322//479 323//479 314//479
f 324//480 323//480 325//480
f 325//481 315//481 314//481
f 325//482 314//482 324//482
f 323//483 324//483 314//483
f 323//484 326//484 325//484
f 323//485 322//485 316//485
f 323//486 316//486 326//486
f 317//114 320//114 315//114
f 317//487 315//487 325//487
f 317//116 319//116 321//116
f 317//117 321//117 320//117
f 335//488 327//488 328//488
f 335//489 328//489 329//489
f 339//490 329//490 331//490
f 339//491 331//491 332//491
f 329//492 328//492 333//492
f 329//493 333//493 331//493
f 338//494 339//494 332//494
f 338//495 332//495 330//495
f 332//496 331//496 334//496
f 335//497 336//497 327//497
f 337//498 336//498 338//498
f 338//499 328//499 327//499
f 338//500 327//500 337//500
f 336//501 337//501 327//501
f 336//502 339//502 338//502
f 336//503 335//503 329//503
f 336//504 329//504 339//504
f 330//505 333//505 328//505
f 330//506 328//506 338//506
f 330//507 332//507 334//507
f 330//508 334//508 333//508
f 331//509 333//509 334//509
f 348//510 340//510 341//510
f 348//511 341//511 342//511
f 352//512 342//512 344//512
f 352//513 344//513 345//513
f 342//514 341//514 346//514
f 342//515 346//515 344//515
f 351//516 352//516 345//516
f 351//517 345//517 343//517
f 345//518 344//518 347//518
f 344//519 346//519 347//519
f 348//520 349//520 340//520
f 350//521 349//521 352//521
f 350//522 352//522 351//522
f 351//523 341//523 340//523
f 351//524 340//524 350//524
f 349//525 350//525 340//525
f 349//526 348//526 342//526
f 349//527 342//527 352//527
f 343//528 346//528 341//528
f 343//529 341//529 351//529
f 343//530 345//530 347//530
f 343//531 347//531 346//531
f 367//532 366//532 360//532
f 363//533 353//533 365//533
f 357//534 366//534 367//534
f 354//535 357//535 365//535
f 362//536 355//536 364//536
f 362//537 364//537 368//537
f 362//538 368//538 356//538
f 362//539 356//539 358//539
f 363//540 357//540 361//540
f 363//541 361//541 359//541
f 361//542 367//542 360//542
f 359//543 355//543 362//543
f 357//544 367//544 361//544
f 353//545 363//545 359//545
f 353//546 354//546 365//546
f 358//547 356//547 354//547
f 358//548 354//548 353//548
f 353//549 359//549 358//549
f 357//550 363//550 365//550
f 360//551 368//551 364//551
f 355//552 360//552 364//552
f 358//553 359//553 362//553
f 366//554 356//554 368//554
f 366//555 368//555 360//555
f 359//556 361//556 360//556
f 359//557 360//557 355//557
f 357//558 354//558 366//558
f 354//559 356//559 366//559
f 369//1 370//1 371//1
f 369//560 371//560 372//560
f 369//561 372//561 373//561
f 369//4 373//4 370//4
f 372//6 371//6 373//6
f 371//562 370//562 373//562
f 382//563 374//563 375//563
f 382//564 375//564 376//564
f 386//565 376//565 378//565
f 386//566 378//566 379//566
f 376//567 375//567 380//567
f 376//568 380//568 378//568
f 385//569 386//569 379//569
f 385//570 379//570 377//570
f 377//571 379//571 381//571
f 379//572 378//572 381//572
f 378//573 380//573 381//573
f 382//574 383//574 384//574
f 384//575 383//575 386//575
f 384//576 386//576 385//576
f 385//577 375//577 374//577
f 385//578 374//578 384//578
f 383//579 382//579 376//579
f 383//580 376//580 386//580
f 377//581 380//581 375//581
f 377//582 375//582 385//582
f 377//583 381//583 380//583
f 374//584 382//584 384//584
f 399//585 398//585 393//585
f 393//586 400//586 397//586
f 390//587 398//587 399//587
f 395//588 397//588 400//588
f 395//589 400//589 389//589
f 395//590 389//590 391//590
f 396//591 390//591 394//591
f 396//592 394//592 392//592
f 394//593 399//593 393//593
f 390//594 399//594 394//594
f 396//595 387//595 388//595
f 391//596 389//596 388//596
f 391//597 388//597 387//597
f 387//598 396//598 392//598
f 387//599 392//599 391//599
f 390//600 396//600 388//600
f 391//601 392//601 395//601
f 392//602 397//602 395//602
f 398//603 389//603 400//603
f 398//604 400//604 393//604
f 392//605 394//605 393//605
f 392//606 393//606 397//606
f 390//607 388//607 398//607
f 388//608 389//608 398//608
f 413//585 412//585 407//585
f 407//609 414//609 410//609
f 404//610 412//610 413//610
f 411//611 402//611 404//611
f 409//612 410//612 414//612
f 409//613 414//613 403//613
f 409//614 403//614 405//614
f 411//615 404//615 408//615
f 411//616 408//616 406//616
f 408//617 413//617 407//617
f 405//618 406//618 410//618
f 404//619 413//619 408//619
f 401//620 411//620 406//620
f 401//621 402//621 411//621
f 405//622 403//622 402//622
f 405//623 402//623 401//623
f 401//624 406//624 405//624
f 405//625 410//625 409//625
f 412//626 403//626 414//626
f 412//627 414//627 407//627
f 406//628 408//628 407//628
f 406//629 407//629 410//629
f 404//630 402//630 412//630
f 402//631 403//631 412//631
f 427//632 426//632 422//632
f 419//633 426//633 427//633
f 416//634 419//634 425//634
f 428//635 417//635 418//635
f 428//636 418//636 420//636
f 424//637 419//637 423//637
f 424//638 423//638 421//638
f 423//639 427//639 422//639
f 428//640 429//640 417//640
f 419//641 427//641 423//641
f 424//642 421//642 420//642
f 424//643 415//643 425//643
f 415//644 416//644 425//644
f 420//645 418//645 416//645
f 420//646 416//646 415//646
f 415//647 424//647 420//647
f 419//648 424//648 425//648
f 429//649 422//649 417//649
f 420//650 421//650 429//650
f 420//651 429//651 428//651
f 426//652 418//652 417//652
f 426//653 417//653 422//653
f 421//654 423//654 422//654
f 421//655 422//655 429//655
f 419//656 416//656 426//656
f 416//657 418//657 426//657
f 438//658 430//658 431//658
f 438//223 431//223 432//223
f 442//659 432//659 434//659
f 442//660 434//660 435//660
f 432//661 431//661 436//661
f 432//662 436//662 434//662
f 441//663 442//663 435//663
f 441//664 435//664 433//664
f 435//665 434//665 437//665
f 438//666 439//666 430//666
f 440//667 439//667 442//667
f 440//668 442//668 441//668
f 441//669 431//669 430//669
f 441//670 430//670 440//670
f 439//671 440//671 430//671
f 433//672 435//672 437//672
f 439//673 438//673 432//673
f 439//674 432//674 442//674
f 433//675 436//675 431//675
f 433//676 431//676 441//676
f 433//677 437//677 436//677
f 434//678 436//678 437//678
f 450//658 443//658 444//658
f 450//223 444//223 445//223
f 454//679 445//679 447//679
f 454//680 447//680 448//680
f 445//681 444//681 449//681
f 445//682 449//682 447//682
f 453//683 454//683 448//683
f 453//684 448//684 446//684
f 450//666 451//666 443//666
f 452//667 451//667 454//667
f 452//668 454//668 453//668
f 453//669 444//669 443//669
f 453//670 443//670 452//670
f 451//671 452//671 443//671
f 448//685 447//685 449//685
f 451//673 450//673 445//673
f 451//674 445//674 454//674
f 446//686 449//686 444//686
f 446//687 444//687 453//687
f 446//688 448//688 449//688
f 468//585 467//585 461//585
f 466//689 467//689 468//689
f 455//690 456//690 466//690
f 463//691 457//691 465//691
f 463//692 465//692 469//692
f 463//693 469//693 458//693
f 463//694 458//694 459//694
f 464//695 466//695 462//695
f 464//696 462//696 460//696
f 462//617 468//617 461//617
f 466//697 468//697 462//697
f 464//698 455//698 466//698
f 459//699 458//699 456//699
f 459//700 456//700 455//700
f 455//701 464//701 460//701
f 455//702 460//702 459//702
f 461//573 469//573 465//573
f 457//703 461//703 465//703
f 459//704 460//704 457//704
f 459//705 457//705 463//705
f 467//706 458//706 469//706
f 467//707 469//707 461//707
f 460//708 462//708 461//708
f 460//709 461//709 457//709
f 466//710 456//710 467//710
f 456//711 458//711 467//711
f 482//712 481//712 477//712
f 477//713 472//713 480//713
f 474//714 481//714 482//714
f 480//715 472//715 473//715
f 480//716 473//716 475//716
f 479//717 474//717 478//717
f 479//718 478//718 476//718
f 478//719 482//719 477//719
f 474//720 482//720 478//720
f 479//721 476//721 475//721
f 479//722 470//722 471//722
f 475//723 473//723 471//723
f 475//724 471//724 470//724
f 470//725 479//725 475//725
f 474//726 479//726 471//726
f 483//727 477//727 480//727
f 475//728 476//728 480//728
f 476//729 483//729 480//729
f 481//730 473//730 472//730
f 481//731 472//731 477//731
f 476//732 478//732 477//732
f 476//733 477//733 483//733
f 474//734 471//734 481//734
f 471//735 473//735 481//735
f 498//736 497//736 492//736
f 492//737 487//737 496//737
f 489//714 497//714 498//714
f 485//738 489//738 484//738
f 494//739 486//739 496//739
f 494//740 487//740 488//740
f 494//741 488//741 490//741
f 495//742 489//742 493//742
f 495//743 493//743 491//743
f 493//744 498//744 492//744
f 490//745 491//745 486//745
f 489//720 498//720 493//720
f 490//746 488//746 485//746
f 490//747 485//747 484//747
f 484//748 495//748 491//748
f 484//749 491//749 490//749
f 489//750 495//750 484//750
f 486//751 492//751 496//751
f 487//752 494//752 496//752
f 490//753 486//753 494//753
f 497//730 488//730 487//730
f 497//754 487//754 492//754
f 491//755 493//755 492//755
f 491//756 492//756 486//756
f 489//757 485//757 497//757
f 485//758 488//758 497//758
f 507//759 499//759 500//759
f 507//489 500//489 501//489
f 511//760 501//760 503//760
f 511//761 503//761 504//761
f 501//492 500//492 505//492
f 501//493 505//493 503//493
f 510//762 511//762 504//762
f 510//763 504//763 502//763
f 504//496 503//496 506//496
f 507//764 508//764 499//764
f 509//765 508//765 510//765
f 510//766 500//766 499//766
f 510//767 499//767 509//767
f 508//768 509//768 499//768
f 508//769 511//769 510//769
f 508//770 507//770 501//770
f 508//771 501//771 511//771
f 502//505 505//505 500//505
f 502//772 500//772 510//772
f 502//507 504//507 506//507
f 502//508 506//508 505//508
f 503//509 505//509 506//509
f 519//773 512//773 513//773
f 519//398 513//398 514//398
f 523//774 514//774 516//774
f 523//775 516//775 517//775
f 514//776 513//776 518//776
f 514//777 518//777 516//777
f 522//778 523//778 517//778
f 522//779 517//779 515//779
f 517//780 516//780 515//780
f 519//781 520//781 521//781
f 521//782 520//782 522//782
f 522//783 513//783 512//783
f 522//784 512//784 521//784
f 520//785 523//785 522//785
f 512//786 519//786 521//786
f 520//787 519//787 514//787
f 520//788 514//788 523//788
f 515//789 518//789 513//789
f 515//790 513//790 522//790
f 516//791 518//791 515//791
f 532//792 524//792 525//792
f 532//793 525//793 526//793
f 536//794 526//794 528//794
f 536//795 528//795 529//795
f 526//796 525//796 530//796
f 526//797 530//797 528//797
f 535//798 536//798 529//798
f 535//799 529//799 527//799
f 529//800 528//800 531//800
f 532//801 533//801 524//801
f 534//802 533//802 536//802
f 534//803 536//803 535//803
f 535//804 525//804 524//804
f 535//805 524//805 534//805
f 534//806 524//806 533//806
f 533//807 532//807 526//807
f 533//808 526//808 536//808
f 527//809 530//809 525//809
f 527//810 525//810 535//810
f 527//811 529//811 531//811
f 527//812 531//812 530//812
f 528//813 530//813 531//813
f 550//814 549//814 544//814
f 541//815 549//815 550//815
f 547//816 538//816 541//816
f 546//817 539//817 548//817
f 546//818 548//818 551//818
f 546//819 551//819 540//819
f 546//820 540//820 542//820
f 547//821 541//821 545//821
f 547//822 545//822 543//822
f 545//823 550//823 544//823
f 543//824 539//824 546//824
f 541//825 550//825 545//825
f 537//826 547//826 543//826
f 537//827 538//827 547//827
f 542//828 540//828 538//828
f 542//829 538//829 537//829
f 537//830 543//830 542//830
f 544//831 551//831 548//831
f 539//832 544//832 548//832
f 542//833 543//833 546//833
f 549//834 540//834 551//834
f 549//835 551//835 544//835
f 543//836 545//836 544//836
f 543//837 544//837 539//837
f 541//838 538//838 549//838
f 538//839 540//839 549//839
f 552//1 553//1 554//1
f 552//560 554//560 555//560
f 552//561 555//561 556//561
f 552//4 556//4 553//4
f 555//6 554//6 556//6
f 554//562 553//562 556//562
f 565//488 557//488 558//488
f 565//489 558//489 559//489
f 569//565 559//565 561//565
f 569//840 561//840 562//840
f 559//567 558//567 563//567
f 559//568 563//568 561//568
f 568//841 569//841 562//841
f 568//842 562//842 560//842
f 562//843 561//843 564//843
f 561//573 563//573 564//573
f 565//497 566//497 557//497
f 567//844 566//844 569//844
f 567//845 569//845 568//845
f 568//846 558//846 557//846
f 568//847 557//847 567//847
f 566//501 567//501 557//501
f 566//503 565//503 559//503
f 566//848 559//848 569//848
f 560//849 563//849 558//849
f 560//850 558//850 568//850
f 560//851 562//851 564//851
f 560//852 564//852 563//852
f 583//585 582//585 577//585
f 577//853 584//853 581//853
f 574//587 582//587 583//587
f 571//854 574//854 570//854
f 579//691 572//691 581//691
f 579//855 581//855 584//855
f 579//856 584//856 573//856
f 579//694 573//694 575//694
f 580//857 574//857 578//857
f 580//696 578//696 576//696
f 578//593 583//593 577//593
f 574//594 583//594 578//594
f 575//858 573//858 571//858
f 575//859 571//859 570//859
f 570//860 580//860 576//860
f 570//861 576//861 575//861
f 574//862 580//862 570//862
f 572//863 577//863 581//863
f 575//704 576//704 572//704
f 575//705 572//705 579//705
f 582//864 573//864 584//864
f 582//865 584//865 577//865
f 576//605 578//605 577//605
f 576//866 577//866 572//866
f 574//867 571//867 582//867
f 571//868 573//868 582//868
f 598//585 597//585 592//585
f 589//869 597//869 598//869
f 594//691 587//691 596//691
f 594//852 596//852 599//852
f 594//693 599//693 588//693
f 594//870 588//870 590//870
f 595//871 589//871 593//871
f 595//872 593//872 591//872
f 593//617 598//617 592//617
f 589//873 598//873 593//873
f 586//874 589//874 585//874
f 595//875 591//875 590//875
f 590//876 588//876 586//876
f 590//877 586//877 585//877
f 585//878 595//878 590//878
f 589//879 595//879 585//879
f 592//573 599//573 596//573
f 587//703 592//703 596//703
f 590//880 591//880 587//880
f 590//881 587//881 594//881
f 597//706 588//706 599//706
f 597//707 599//707 592//707
f 591//882 593//882 592//882
f 591//883 592//883 587//883
f 589//884 586//884 597//884
f 586//868 588//868 597//868
f 614//885 613//885 607//885
f 604//633 613//633 614//633
f 601//634 604//634 612//634
f 609//886 602//886 611//886
f 609//887 611//887 615//887
f 609//888 615//888 603//888
f 609//889 603//889 605//889
f 610//890 604//890 608//890
f 610//891 608//891 606//891
f 608//892 614//892 607//892
f 604//641 614//641 608//641
f 610//893 600//893 612//893
f 600//894 601//894 612//894
f 605//895 603//895 601//895
f 605//896 601//896 600//896
f 600//897 610//897 606//897
f 600//898 606//898 605//898
f 604//899 610//899 612//899
f 607//900 615//900 611//900
f 602//901 607//901 611//901
f 605//902 606//902 602//902
f 605//903 602//903 609//903
f 613//904 603//904 615//904
f 613//905 615//905 607//905
f 606//906 608//906 607//906
f 606//907 607//907 602//907
f 604//656 601//656 613//656
f 601//657 603//657 613//657
f 623//908 616//908 617//908
f 623//909 617//909 618//909
f 627//910 618//910 620//910
f 627//911 620//911 621//911
f 618//912 617//912 622//912
f 618//913 622//913 620//913
f 626//914 627//914 621//914
f 626//915 621//915 619//915
f 625//916 624//916 627//916
f 625//917 627//917 626//917
f 626//918 617//918 616//918
f 626//919 616//919 625//919
f 625//920 616//920 624//920
f 620//921 622//921 621//921
f 624//922 623//922 618//922
f 624//923 618//923 627//923
f 619//924 622//924 617//924
f 619//925 617//925 626//925
f 619//926 621//926 622//926
f 624//927 616//927 623//927
f 636//658 628//658 629//658
f 636//223 629//223 630//223
f 640//928 630//928 632//928
f 640//929 632//929 633//929
f 630//930 629//930 634//930
f 630//931 634//931 632//931
f 639//932 640//932 633//932
f 639//933 633//933 631//933
f 633//934 632//934 635//934
f 632//935 634//935 635//935
f 636//666 637//666 628//666
f 638//667 637//667 640//667
f 638//668 640//668 639//668
f 639//669 629//669 628//669
f 639//670 628//670 638//670
f 637//671 638//671 628//671
f 637//673 636//673 630//673
f 637//674 630//674 640//674
f 631//936 634//936 629//936
f 631//937 629//937 639//937
f 631//938 633//938 635//938
f 631//939 635//939 634//939
f 654//585 653//585 648//585
f 645//587 653//587 654//587
f 650//583 652//583 655//583
f 650//940 655//940 644//940
f 650//941 644//941 646//941
f 651//591 645//591 649//591
f 651//592 649//592 647//592
f 649//617 654//617 648//617
f 645//594 654//594 649//594
f 651//595 641//595 642//595
f 646//942 644//942 642//942
f 646//597 642//597 641//597
f 641//598 651//598 647//598
f 641//599 647//599 646//599
f 645//600 651//600 642//600
f 648//573 655//573 652//573
f 643//943 648//943 652//943
f 650//944 643//944 652//944
f 646//945 647//945 643//945
f 646//946 643//946 650//946
f 653//706 644//706 655//706
f 653//707 655//707 648//707
f 647//708 649//708 648//708
f 647//947 648//947 643//947
f 645//607 642//607 653//607
f 642//608 644//608 653//608
f 669//736 668//736 663//736
f 663//948 670//948 667//948
f 660//714 668//714 669//714
f 657//738 660//738 656//738
f 665//949 658//949 667//949
f 665//950 667//950 670//950
f 665//951 670//951 659//951
f 665//952 659//952 661//952
f 666//742 660//742 664//742
f 666//953 664//953 662//953
f 664//954 669//954 663//954
f 660//720 669//720 664//720
f 661//955 659//955 657//955
f 661//956 657//956 656//956
f 656//957 666//957 662//957
f 656//958 662//958 661//958
f 660//750 666//750 656//750
f 658//959 663//959 667//959
f 661//960 662//960 658//960
f 661//961 658//961 665//961
f 668//962 659//962 670//962
f 668//963 670//963 663//963
f 662//964 664//964 663//964
f 662//965 663//965 658//965
f 660//757 657//757 668//757
f 657//758 659//758 668//758
f 683//966 682//966 678//966
f 675//967 682//967 683//967
f 680//968 672//968 675//968
f 681//969 673//969 674//969
f 681//970 674//970 676//970
f 680//971 675//971 679//971
f 680//972 679//972 677//972
f 679//973 683//973 678//973
f 676//974 677//974 684//974
f 675//975 683//975 679//975
f 680//976 677//976 676//976
f 671//977 672//977 680//977
f 676//978 674//978 672//978
f 676//979 672//979 671//979
f 671//980 680//980 676//980
f 684//981 678//981 681//981
f 673//982 681//982 678//982
f 676//983 684//983 681//983
f 682//984 674//984 673//984
f 682//985 673//985 678//985
f 677//986 679//986 678//986
f 677//987 678//987 684//987
f 675//988 672//988 682//988
f 672//989 674//989 682//989
f 692//990 685//990 686//990
f 692//991 686//991 687//991
f 696//992 687//992 689//992
f 696//993 689//993 690//993
f 687//994 686//994 691//994
f 687//995 691//995 689//995
f 695//996 690//996 688//996
f 691//997 688//997 690//997
f 692//998 693//998 694//998
f 694//999 693//999 695//999
f 695//1000 686//1000 685//1000
f 695//1001 685//1001 694//1001
f 685//1002 692//1002 694//1002
f 693//1003 696//1003 695//1003
f 689//1004 691//1004 690//1004
f 695//1005 696//1005 690//1005
f 693//1006 692//1006 687//1006
f 693//1007 687//1007 696//1007
f 688//1008 691//1008 686//1008
f 688//1009 686//1009 695//1009
f 703//397 705//397 697//397
f 703//398 697//398 698//398
f 708//1010 698//1010 700//1010
f 708//1011 700//1011 701//1011
f 698//776 697//776 702//776
f 698//777 702//777 700//777
f 701//1012 700//1012 699//1012
f 703//405 704//405 705//405
f 706//17 704//17 707//17
f 707//1013 697//1013 705//1013
f 707//1014 705//1014 706//1014
f 704//1015 708//1015 707//1015
f 707//1016 708//1016 701//1016
f 707//1017 701//1017 699//1017
f 704//412 703//412 698//412
f 704//1018 698//1018 708//1018
f 699//1019 702//1019 697//1019
f 699//1020 697//1020 707//1020
f 704//416 706//416 705//416
f 700//1021 702//1021 699//1021
f 717//1022 709//1022 710//1022
f 717//793 710//793 711//793
f 721//1023 711//1023 713//1023
f 721//1024 713//1024 714//1024
f 711//1025 710//1025 715//1025
f 711//1026 715//1026 713//1026
f 720//798 721//798 714//798
f 720//799 714//799 712//799
f 714//1027 713//1027 716//1027
f 713//1028 715//1028 716//1028
f 717//1029 718//1029 709//1029
f 719//1030 718//1030 721//1030
f 719//1031 721//1031 720//1031
f 720//1032 710//1032 709//1032
f 720//1033 709//1033 719//1033
f 718//1034 719//1034 709//1034
f 718//1035 717//1035 711//1035
f 718//1036 711//1036 721//1036
f 712//1037 715//1037 710//1037
f 712//810 710//810 720//810
f 712//811 714//811 716//811
f 712//1038 716//1038 715//1038
f 735//814 734//814 729//814
f 726//1039 734//1039 735//1039
f 731//817 724//817 733//817
f 731//818 733//818 736//818
f 731//819 736//819 725//819
f 731//1040 725//1040 727//1040
f 732//1041 726//1041 730//1041
f 732//1042 730//1042 728//1042
f 730//823 735//823 729//823
f 727//1043 728//1043 724//1043
f 727//1044 724//1044 731//1044
f 726//1045 735//1045 730//1045
f 722//1046 732//1046 728//1046
f 722//1047 723//1047 732//1047
f 727//1048 725//1048 723//1048
f 727//1049 723//1049 722//1049
f 722//1050 728//1050 727//1050
f 726//1051 732//1051 723//1051
f 729//831 736//831 733//831
f 724//832 729//832 733//832
f 734//834 725//834 736//834
f 734//835 736//835 729//835
f 728//1052 730//1052 729//1052
f 728//1053 729//1053 724//1053
f 726//1054 723//1054 734//1054
f 723//1055 725//1055 734//1055
f 738//1056 737//1056 740//1056
f 739//1057 737//1057 738//1057
f 742//1058 737//1058 739//1058
f 740//1059 743//1059 738//1059
f 740//1060 737//1060 744//1060
f 741//1061 738//1061 745//1061
f 738//1062 741//1062 739//1062
f 742//562 739//562 746//562
f 742//1063 744//1063 737//1063
f 738//1064 743//1064 747//1064
f 740//1065 744//1065 748//1065
f 749//562 741//562 745//562
f 745//1066 738//1066 747//1066
f 749//562 739//562 741//562
f 747//1067 743//1067 751//1067
f 740//1068 748//1068 752//1068
f 749//562 746//562 739//562
f 753//562 742//562 746//562
f 754//1069 743//1069 740//1069
f 750//1070 756//1070 743//1070
f 751//1067 743//1067 757//1067
f 758//1071 752//1071 748//1071
f 749//562 745//562 759//562
f 749//1072 760//1072 746//1072
f 758//562 753//562 746//562
f 761//1073 754//1073 740//1073
f 743//1074 754//1074 762//1074
f 763//1075 755//1075 740//1075
f 756//1076 750//1076 755//1076
f 756//1077 764//1077 743//1077
f 743//1078 765//1078 750//1078
f 751//1067 757//1067 759//1067
f 764//1067 757//1067 743//1067
f 752//1079 763//1079 740//1079
f 748//1080 753//1080 758//1080
f 766//5 748//5 744//5
f 749//1072 767//1072 760//1072
f 740//1081 755//1081 761//1081
f 761//1082 768//1082 754//1082
f 755//1083 763//1083 756//1083
f 769//1084 764//1084 756//1084
f 747//5 751//5 770//5
f 759//1085 757//1085 771//1085
f 772//1086 763//1086 752//1086
f 742//1087 766//1087 744//1087
f 766//5 770//5 748//5
f 749//562 759//562 771//562
f 767//1088 773//1088 760//1088
f 772//562 758//562 746//562
f 761//1089 755//1089 775//1089
f 768//1090 761//1090 776//1090
f 777//1091 754//1091 768//1091
f 778//1092 779//1092 743//1092
f 743//1093 762//1093 777//1093
f 777//1094 778//1094 743//1094
f 762//1095 754//1095 777//1095
f 750//1096 775//1096 755//1096
f 769//1097 756//1097 780//1097
f 747//5 770//5 766//5
f 759//1098 770//1098 751//1098
f 745//1099 747//1099 781//1099
f 763//1100 772//1100 782//1100
f 781//1101 766//1101 742//1101
f 792//1102 748//1102 770//1102
f 753//1103 748//1103 792//1103
f 749//562 771//562 769//562
f 749//1072 783//1072 767//1072
f 760//1104 773//1104 774//1104
f 760//1072 784//1072 746//1072
f 785//1105 761//1105 775//1105
f 776//1106 761//1106 786//1106
f 777//1107 788//1107 787//1107
f 787//1108 789//1108 778//1108
f 778//1109 777//1109 787//1109
f 778//1110 789//1110 790//1110
f 790//1111 761//1111 778//1111
f 779//1112 778//1112 761//1112
f 779//1113 765//1113 743//1113
f 775//1114 750//1114 791//1114
f 749//562 769//562 780//562
f 765//1115 791//1115 750//1115
f 781//1116 747//1116 766//1116
f 792//1117 770//1117 759//1117
f 781//562 759//562 745//562
f 757//5 764//5 793//5
f 758//1118 798//1118 752//1118
f 798//5 793//5 752//5
f 772//1119 752//1119 797//1119
f 782//562 772//562 746//562
f 792//562 742//562 753//562
f 781//562 742//562 792//562
f 783//1120 773//1120 767//1120
f 760//1121 774//1121 784//1121
f 775//1122 794//1122 785//1122
f 779//562 761//562 785//562
f 786//1123 788//1123 776//1123
f 795//1124 786//1124 761//1124
f 790//1072 795//1072 761//1072
f 756//1125 763//1125 775//1125
f 796//1126 791//1126 765//1126
f 792//562 759//562 781//562
f 797//1127 764//1127 769//1127
f 757//5 793//5 798//5
f 797//1128 793//1128 764//1128
f 799//1129 798//1129 758//1129
f 797//1130 752//1130 793//1130
f 772//562 797//562 758//562
f 749//1072 800//1072 783//1072
f 783//1131 801//1131 773//1131
f 784//1132 774//1132 802//1132
f 803//1072 746//1072 784//1072
f 794//1133 804//1133 785//1133
f 805//1134 806//1134 779//1134
f 779//1135 785//1135 805//1135
f 768//1136 776//1136 807//1136
f 786//1137 808//1137 788//1137
f 786//1138 795//1138 809//1138
f 768//1139 773//1139 777//1139
f 787//1140 788//1140 808//1140
f 790//1141 810//1141 795//1141
f 775//1142 791//1142 756//1142
f 794//1143 775//1143 763//1143
f 811//1144 763//1144 782//1144
f 812//1145 780//1145 756//1145
f 796//1146 813//1146 791//1146
f 797//562 769//562 771//562
f 771//1147 757//1147 798//1147
f 797//562 799//562 758//562
f 773//1148 801//1148 788//1148
f 773//1149 768//1149 774//1149
f 768//1150 802//1150 774//1150
f 794//1151 814//1151 804//1151
f 804//1152 815//1152 785//1152
f 816//1153 805//1153 785//1153
f 819//1154 817//1154 805//1154
f 805//1155 816//1155 818//1155
f 805//1156 818//1156 819//1156
f 805//1157 817//1157 806//1157
f 820//1158 776//1158 788//1158
f 768//1159 807//1159 821//1159
f 776//1160 820//1160 807//1160
f 809//1161 795//1161 822//1161
f 777//1162 773//1162 788//1162
f 810//1163 790//1163 823//1163
f 823//1164 825//1164 824//1164
f 824//1165 810//1165 823//1165
f 810//1166 826//1166 827//1166
f 827//1167 795//1167 810//1167
f 791//1154 813//1154 756//1154
f 763//1168 811//1168 794//1168
f 749//562 780//562 828//562
f 813//1169 812//1169 756//1169
f 771//1170 798//1170 799//1170
f 746//562 829//562 782//562
f 749//1072 830//1072 800//1072
f 803//1072 831//1072 746//1072
f 794//1171 813//1171 814//1171
f 815//1172 832//1172 785//1172
f 816//6 785//6 833//6
f 819//1173 832//1173 834//1173
f 806//1174 817//1174 796//1174
f 820//1175 788//1175 835//1175
f 821//1176 807//1176 836//1176
f 838//1177 809//1177 822//1177
f 822//1178 795//1178 839//1178
f 787//1179 808//1179 837//1179
f 840//1180 823//1180 790//1180
f 841//1181 842//1181 824//1181
f 824//1182 843//1182 841//1182
f 842//1183 826//1183 810//1183
f 810//1184 824//1184 842//1184
f 823//1185 844//1185 845//1185
f 823//1186 845//1186 838//1186
f 823//1187 846//1187 825//1187
f 825//1188 846//1188 824//1188
f 847//5 833//5 795//5
f 795//5 827//5 847//5
f 796//1189 814//1189 813//1189
f 749//1072 848//1072 830//1072
f 849//1190 800//1190 830//1190
f 801//1191 800//1191 849//1191
f 801//1192 849//1192 788//1192
f 768//1193 821//1193 802//1193
f 802//1194 821//1194 803//1194
f 821//1195 831//1195 803//1195
f 831//1072 836//1072 746//1072
f 834//1196 832//1196 815//1196
f 850//1197 785//1197 832//1197
f 851//1198 818//1198 816//1198
f 785//1199 852//1199 833//1199
f 833//1200 853//1200 854//1200
f 816//6 833//6 854//6
f 819//1201 834//1201 814//1201
f 817//1202 819//1202 814//1202
f 814//1203 796//1203 817//1203
f 855//1204 818//1204 851//1204
f 818//1205 832//1205 819//1205
f 848//1206 820//1206 835//1206
f 788//1207 849//1207 835//1207
f 820//1208 808//1208 786//1208
f 786//1209 809//1209 857//1209
f 809//1210 838//1210 837//1210
f 839//1172 795//1172 846//1172
f 858//1185 823//1185 840//1185
f 823//1211 858//1211 844//1211
f 841//1212 843//1212 859//1212
f 824//1213 846//1213 860//1213
f 847//1214 861//1214 853//1214
f 853//1215 833//1215 847//1215
f 833//1216 862//1216 795//1216
f 811//1217 863//1217 794//1217
f 749//562 828//562 864//562
f 865//1218 812//1218 813//1218
f 866//1219 813//1219 794//1219
f 771//562 799//562 797//562
f 746//562 867//562 829//562
f 801//1220 783//1220 868//1220
f 866//1221 804//1221 814//1221
f 815//1222 804//1222 869//1222
f 832//1223 818//1223 850//1223
f 870//1224 785//1224 850//1224
f 852//1225 785//1225 870//1225
f 852//1226 871//1226 833//1226
f 872//1227 854//1227 853//1227
f 873//1228 874//1228 872//1228
f 853//1229 873//1229 872//1229
f 854//1230 872//1230 875//1230
f 856//1231 820//1231 848//1231
f 786//1232 807//1232 820//1232
f 820//1233 876//1233 808//1233
f 857//1234 877//1234 786//1234
f 878//1235 857//1235 809//1235
f 809//1236 837//1236 878//1236
f 787//1237 837//1237 838//1237
f 846//1238 823//1238 839//1238
f 860//1197 846//1197 795//1197
f 859//1239 843//1239 880//1239
f 880//1240 881//1240 859//1240
f 861//1241 882//1241 873//1241
f 873//1242 853//1242 861//1242
f 883//1243 862//1243 833//1243
f 862//1244 884//1244 795//1244
f 829//1245 863//1245 811//1245
f 812//1246 865//1246 828//1246
f 864//562 828//562 885//562
f 886//1247 865//1247 813//1247
f 794//1248 869//1248 866//1248
f 866//1249 886//1249 813//1249
f 887//1154 867//1154 746//1154
f 867//562 888//562 829//562
f 749//1072 856//1072 848//1072
f 868//1250 890//1250 801//1250
f 868//1072 783//1072 800//1072
f 802//1251 803//1251 891//1251
f 784//1252 802//1252 890//1252
f 866//1253 814//1253 892//1253
f 804//1254 866//1254 869//1254
f 815//1255 869//1255 893//1255
f 855//1256 852//1256 870//1256
f 871//1257 894//1257 833//1257
f 872//1258 895//1258 875//1258
f 896//1259 873//1259 882//1259
f 873//1260 897//1260 874//1260
f 874//1261 897//1261 872//1261
f 786//1262 899//1262 807//1262
f 876//1263 820//1263 856//1263
f 876//1207 900//1207 808//1207
f 837//1154 808//1154 878//1154
f 877//1264 857//1264 901//1264
f 787//1265 838//1265 845//1265
f 878//1266 838//1266 822//1266
f 857//1267 822//1267 839//1267
f 879//1268 860//1268 795//1268
f 824//1269 902//1269 843//1269
f 903//1270 879//1270 843//1270
f 884//1271 880//1271 843//1271
f 881//1240 880//1240 904//1240
f 905//1272 883//1272 833//1272
f 896//1273 862//1273 883//1273
f 884//1274 879//1274 795//1274
f 888//1275 863//1275 829//1275
f 794//1276 863//1276 869//1276
f 780//1277 812//1277 907//1277
f 828//1278 865//1278 885//1278
f 886//1279 866//1279 885//1279
f 887//1072 746//1072 909//1072
f 887//1154 910//1154 867//1154
f 911//562 888//562 867//562
f 889//6 801//6 890//6
f 800//1280 801//1280 889//1280
f 800//1072 891//1072 868//1072
f 802//6 889//6 890//6
f 891//1072 803//1072 784//1072
f 891//1281 889//1281 802//1281
f 890//1282 868//1282 784//1282
f 912//1283 866//1283 892//1283
f 834//1154 913//1154 814//1154
f 893//1284 869//1284 929//1284
f 815//1285 913//1285 834//1285
f 852//1286 855//1286 914//1286
f 871//1287 895//1287 894//1287
f 894//1288 915//1288 833//1288
f 872//1289 897//1289 915//1289
f 851//1290 914//1290 855//1290
f 855//1291 916//1291 818//1291
f 916//1292 855//1292 870//1292
f 917//6 835//6 849//6
f 821//6 917//6 898//6
f 831//1293 821//1293 898//1293
f 821//1294 836//1294 918//1294
f 836//1295 807//1295 899//1295
f 746//1072 836//1072 919//1072
f 920//1296 899//1296 786//1296
f 900//1207 921//1207 808//1207
f 808//1297 922//1297 878//1297
f 877//1298 920//1298 786//1298
f 822//1299 857//1299 878//1299
f 838//1300 878//1300 823//1300
f 923//1301 857//1301 839//1301
f 860//1302 902//1302 824//1302
f 902//1303 924//1303 843//1303
f 903//1304 843//1304 925//1304
f 879//1305 903//1305 926//1305
f 884//1306 843//1306 879//1306
f 904//1240 880//1240 927//1240
f 927//1240 928//1240 904//1240
f 860//1307 879//1307 926//1307
f 905//1082 833//1082 897//1082
f 862//1308 896//1308 927//1308
f 782//1309 906//1309 811//1309
f 906//5 908//5 811//5
f 929//1310 869//1310 863//1310
f 780//562 907//562 828//562
f 907//1311 812//1311 906//1311
f 812//5 908//5 906//5
f 828//1312 908//1312 812//1312
f 885//1313 865//1313 930//1313
f 746//1072 931//1072 909//1072
f 887//5 932//5 910//5
f 867//6 910//6 933//6
f 929//562 911//562 867//562
f 829//1314 811//1314 934//1314
f 849//1315 830//1315 935//1315
f 889//1316 891//1316 800//1316
f 784//1072 868//1072 891//1072
f 885//1317 866//1317 912//1317
f 936//1318 892//1318 814//1318
f 913//1319 937//1319 814//1319
f 815//1320 893//1320 938//1320
f 913//1321 815//1321 939//1321
f 850//1322 818//1322 940//1322
f 941//1323 870//1323 850//1323
f 871//1324 852//1324 941//1324
f 871//1325 942//1325 895//1325
f 915//1073 897//1073 833//1073
f 875//1326 895//1326 942//1326
f 882//1327 927//1327 896//1327
f 897//1328 873//1328 905//1328
f 875//1329 914//1329 851//1329
f 916//1330 943//1330 818//1330
f 870//1331 941//1331 916//1331
f 917//6 849//6 898//6
f 848//1332 835//1332 917//1332
f 918//1281 917//1281 821//1281
f 898//1333 935//1333 831//1333
f 918//1072 836//1072 831//1072
f 899//1334 919//1334 836//1334
f 919//1072 931//1072 746//1072
f 749//1072 944//1072 856//1072
f 921//1335 900//1335 944//1335
f 921//1207 922//1207 808//1207
f 922//1336 972//1336 878//1336
f 909//1337 920//1337 877//1337
f 945//1338 878//1338 972//1338
f 878//1339 946//1339 823//1339
f 947//1340 857//1340 923//1340
f 839//1341 823//1341 948//1341
f 902//1342 860//1342 949//1342
f 950//1343 924//1343 902//1343
f 843//1344 924//1344 951//1344
f 952//1345 903//1345 925//1345
f 843//1344 953//1344 925//1344
f 928//1240 927//1240 882//1240
f 860//1346 926//1346 954//1346
f 884//1347 862//1347 955//1347
f 907//1348 906//1348 782//1348
f 934//1349 811//1349 908//1349
f 863//1350 911//1350 929//1350
f 829//562 934//562 782//562
f 907//562 934//562 828//562
f 934//1117 908//1117 828//1117
f 983//5 865//5 886//5
f 901//1351 887//1351 909//1351
f 931//1352 920//1352 909//1352
f 957//5 932//5 887//5
f 958//6 933//6 910//6
f 935//1353 898//1353 849//1353
f 935//1072 830//1072 848//1072
f 864//562 885//562 912//562
f 814//1247 937//1247 936//1247
f 936//1354 959//1354 892//1354
f 961//1355 937//1355 913//1355
f 938//1065 962//1065 815//1065
f 938//1356 893//1356 963//1356
f 815//1357 962//1357 939//1357
f 940//1358 964//1358 850//1358
f 940//1359 818//1359 965//1359
f 966//1360 941//1360 850//1360
f 852//1361 914//1361 916//1361
f 941//1362 967//1362 871//1362
f 916//1363 941//1363 852//1363
f 872//1364 968//1364 895//1364
f 969//1365 894//1365 895//1365
f 896//1366 970//1366 873//1366
f 970//1367 896//1367 883//1367
f 875//1368 942//1368 914//1368
f 971//1369 943//1369 916//1369
f 917//1316 918//1316 848//1316
f 831//1072 935//1072 918//1072
f 1039//6 900//6 876//6
f 921//1370 944//1370 972//1370
f 857//1371 947//1371 901//1371
f 901//1072 947//1072 887//1072
f 974//1072 945//1072 972//1072
f 945//1372 946//1372 878//1372
f 839//1373 975//1373 923//1373
f 948//1374 976//1374 839//1374
f 948//1375 823//1375 977//1375
f 860//1376 978//1376 949//1376
f 950//1377 902//1377 979//1377
f 951//1344 953//1344 843//1344
f 980//1378 903//1378 952//1378
f 903//1379 880//1379 884//1379
f 954//1380 926//1380 981//1380
f 955//1381 883//1381 905//1381
f 862//1382 927//1382 970//1382
f 955//1383 982//1383 884//1383
f 970//1384 955//1384 862//1384
f 934//562 907//562 782//562
f 863//5 983//5 956//5
f 911//1385 863//1385 956//1385
f 886//1386 885//1386 984//1386
f 983//5 886//5 956//5
f 930//1387 865//1387 983//1387
f 985//5 957//5 887//5
f 957//1388 986//1388 932//1388
f 987//5 910//5 932//5
f 989//6 958//6 910//6
f 958//1389 990//1389 933//1389
f 935//1072 848//1072 918//1072
f 864//562 912//562 960//562
f 892//1390 959//1390 960//1390
f 961//1391 913//1391 992//1391
f 893//1392 993//1392 963//1392
f 867//562 993//562 929//562
f 1023//1393 939//1393 962//1393
f 850//1394 964//1394 996//1394
f 997//1395 940//1395 965//1395
f 965//1396 818//1396 998//1396
f 999//1397 941//1397 966//1397
f 914//1154 942//1154 916//1154
f 967//1398 941//1398 933//1398
f 967//1399 988//1399 871//1399
f 969//1400 942//1400 871//1400
f 915//1401 894//1401 1000//1401
f 915//1402 968//1402 872//1402
f 968//1403 1001//1403 895//1403
f 969//1404 895//1404 1002//1404
f 894//1405 969//1405 1000//1405
f 970//1406 1003//1406 873//1406
f 905//1407 873//1407 1004//1407
f 883//1408 955//1408 970//1408
f 971//1409 916//1409 1005//1409
f 998//1410 818//1410 943//1410
f 920//6 1006//6 899//6
f 974//1072 944//1072 749//1072
f 876//1411 856//1411 1007//1411
f 1039//6 876//6 1006//6
f 944//1332 900//1332 1039//1332
f 1008//1412 921//1412 972//1412
f 974//1072 972//1072 944//1072
f 901//1413 973//1413 877//1413
f 973//6 1040//6 877//6
f 1009//1414 823//1414 946//1414
f 839//1415 1010//1415 975//1415
f 1011//1416 923//1416 975//1416
f 839//1417 976//1417 1010//1417
f 1012//1418 948//1418 977//1418
f 977//1419 823//1419 1009//1419
f 1014//1420 978//1420 860//1420
f 1015//1421 949//1421 978//1421
f 974//5 950//5 979//5
f 951//1422 1016//1422 953//1422
f 974//5 980//5 952//5
f 884//1423 926//1423 903//1423
f 903//1424 1018//1424 880//1424
f 927//1154 880//1154 970//1154
f 860//1425 954//1425 1014//1425
f 1019//1426 955//1426 905//1426
f 982//1427 955//1427 987//1427
f 863//1428 888//1428 930//1428
f 930//1429 983//1429 863//1429
f 956//1430 984//1430 911//1430
f 984//1431 956//1431 886//1431
f 984//562 885//562 930//562
f 887//5 981//5 985//5
f 932//1432 986//1432 982//1432
f 933//1433 990//1433 988//1433
f 1020//6 989//6 910//6
f 864//562 960//562 959//562
f 991//5 892//5 994//5
f 912//1434 892//1434 991//1434
f 892//1435 960//1435 1021//1435
f 864//562 961//562 992//562
f 893//5 991//5 994//5
f 993//1385 893//1385 994//1385
f 893//1436 929//1436 1022//1436
f 867//562 963//562 993//562
f 995//1437 939//1437 1023//1437
f 995//1438 913//1438 939//1438
f 1024//1439 996//1439 964//1439
f 1025//1440 940//1440 997//1440
f 850//1441 996//1441 966//1441
f 941//1442 999//1442 933//1442
f 942//1443 1026//1443 916//1443
f 988//1444 990//1444 871//1444
f 871//1445 1000//1445 969//1445
f 969//1446 1027//1446 942//1446
f 915//1447 1000//1447 1028//1447
f 968//1448 915//1448 1029//1448
f 1030//1449 1001//1449 968//1449
f 895//1450 1001//1450 1031//1450
f 1032//1451 969//1451 1002//1451
f 895//1450 1033//1450 1002//1450
f 1034//1452 1003//1452 970//1452
f 1003//1453 1035//1453 873//1453
f 1004//1454 1036//1454 905//1454
f 1004//1455 873//1455 1037//1455
f 864//6 971//6 1005//6
f 998//1456 943//1456 1038//1456
f 920//6 1039//6 1006//6
f 919//1457 899//1457 1006//1457
f 1007//1353 1006//1353 876//1353
f 1007//1072 856//1072 944//1072
f 1039//1316 1067//1316 944//1316
f 922//6 921//6 1040//6
f 947//1072 1011//1072 887//1072
f 1041//1458 973//1458 901//1458
f 1008//1459 877//1459 1040//1459
f 909//1460 877//1460 1008//1460
f 974//1072 1042//1072 945//1072
f 1009//1461 946//1461 1043//1461
f 975//1462 1044//1462 1011//1462
f 1046//1463 1010//1463 976//1463
f 1047//1464 948//1464 1012//1464
f 1013//1465 949//1465 1015//1465
f 1013//1466 902//1466 949//1466
f 974//5 1016//5 950//5
f 953//1467 1016//1467 1017//1467
f 1048//562 951//562 924//562
f 974//5 952//5 1017//5
f 1093//562 925//562 953//562
f 884//1468 1049//1468 926//1468
f 1018//1469 903//1469 980//1469
f 1018//1344 1050//1344 880//1344
f 880//1470 1051//1470 970//1470
f 1014//1471 954//1471 1052//1471
f 1053//1472 955//1472 1019//1472
f 982//1473 986//1473 884//1473
f 930//562 888//562 911//562
f 911//562 984//562 930//562
f 1049//1474 985//1474 981//1474
f 990//1475 989//1475 1020//1475
f 1055//5 936//5 937//5
f 864//562 959//562 961//562
f 1021//1476 994//1476 892//1476
f 991//1477 1022//1477 912//1477
f 1021//562 960//562 912//562
f 1022//1478 991//1478 893//1478
f 994//1430 1021//1430 993//1430
f 1022//562 929//562 993//562
f 938//5 1076//5 962//5
f 963//562 867//562 1023//562
f 995//562 1023//562 867//562
f 992//1479 913//1479 995//1479
f 1056//1480 964//1480 940//1480
f 1024//1481 964//1481 1056//1481
f 864//6 1025//6 997//6
f 1057//1482 966//1482 996//1482
f 933//6 999//6 867//6
f 1026//1483 1005//1483 916//1483
f 871//1484 990//1484 1000//1484
f 1027//1485 969//1485 1058//1485
f 1027//1450 1059//1450 942//1450
f 1028//1486 1060//1486 915//1486
f 1028//1487 1000//1487 1020//1487
f 915//1488 1061//1488 1029//1488
f 1030//1489 968//1489 1062//1489
f 1031//1450 1033//1450 895//1450
f 1058//1490 969//1490 1032//1490
f 1034//1491 970//1491 1054//1491
f 1037//1492 873//1492 1035//1492
f 905//1493 1036//1493 1063//1493
f 1064//1494 1004//1494 1037//1494
f 864//6 1065//6 971//6
f 1038//1495 943//1495 1065//1495
f 1067//1496 1039//1496 920//1496
f 1006//1333 1007//1333 919//1333
f 920//1497 931//1497 1067//1497
f 944//1072 1067//1072 1007//1072
f 922//6 1040//6 973//6
f 1008//1498 1040//1498 921//1498
f 909//1072 1008//1072 901//1072
f 1008//1072 1041//1072 901//1072
f 974//1072 1043//1072 1042//1072
f 1043//1499 946//1499 1042//1499
f 1011//1072 1044//1072 887//1072
f 1011//1500 1045//1500 923//1500
f 1045//6 1068//6 923//6
f 947//1501 923//1501 1069//1501
f 1070//1502 976//1502 948//1502
f 1046//1503 976//1503 1070//1503
f 974//1072 1047//1072 1012//1072
f 1013//5 1015//5 887//5
f 979//1504 902//1504 1013//1504
f 974//5 979//5 1013//5
f 974//5 1017//5 1016//5
f 1048//562 924//562 1071//562
f 1016//1505 951//1505 1048//1505
f 924//1506 950//1506 1072//1506
f 1093//562 953//562 1075//562
f 952//1505 925//1505 1093//1505
f 986//1507 1049//1507 884//1507
f 981//1508 926//1508 1049//1508
f 1050//1344 1073//1344 880//1344
f 1073//1344 1051//1344 880//1344
f 1051//1509 1054//1509 970//1509
f 954//1510 1074//1510 1052//1510
f 1074//5 981//5 887//5
f 905//1511 1063//1511 1019//1511
f 955//1512 1053//1512 987//1512
f 987//5 1053//5 910//5
f 1020//1513 1000//1513 990//1513
f 1055//5 937//5 1076//5
f 959//1514 936//1514 1055//1514
f 937//1515 961//1515 1077//1515
f 912//562 1022//562 1021//562
f 864//562 992//562 995//562
f 993//562 1021//562 1022//562
f 938//5 1055//5 1076//5
f 1023//1516 962//1516 1076//1516
f 940//1517 1025//1517 1056//1517
f 1024//6 1056//6 867//6
f 864//6 997//6 1038//6
f 965//1072 998//1072 1078//1072
f 1057//1518 1079//1518 966//1518
f 999//6 1079//6 867//6
f 1059//1519 1026//1519 942//1519
f 1081//1072 988//1072 967//1072
f 915//1520 1060//1520 1061//1520
f 1083//1521 1029//1521 1061//1521
f 1084//6 1030//6 1062//6
f 1031//1522 1085//1522 1033//1522
f 1084//6 1058//6 1032//6
f 1084//5 1034//5 1054//5
f 1037//1523 1035//1523 1087//1523
f 1088//1524 1063//1524 1036//1524
f 1089//1525 1004//1525 1064//1525
f 864//6 1038//6 1065//6
f 943//1072 1066//1072 1080//1072
f 971//1526 1066//1526 943//1526
f 919//1072 1007//1072 1067//1072
f 1067//1072 931//1072 919//1072
f 1041//1527 922//1527 973//1527
f 972//1528 922//1528 1041//1528
f 946//6 1068//6 1045//6
f 945//1529 1068//1529 946//1529
f 1113//6 975//6 1010//6
f 1044//1072 1046//1072 887//1072
f 1090//1530 1045//1530 1011//1530
f 1069//1531 923//1531 1068//1531
f 947//1072 1069//1072 1011//1072
f 948//1532 1047//1532 1070//1532
f 1046//1072 1070//1072 887//1072
f 974//1072 1012//1072 1043//1072
f 977//6 1009//6 1112//6
f 1014//562 1071//562 978//562
f 1052//5 887//5 1015//5
f 974//5 1013//5 887//5
f 1072//1116 1071//1116 924//1116
f 1048//1117 1091//1117 1016//1117
f 1072//5 950//5 1016//5
f 1017//1533 1075//1533 953//1533
f 1093//1117 1094//1117 952//1117
f 1073//1422 1050//1422 1092//1422
f 954//562 1093//562 1075//562
f 1074//1534 954//1534 1075//1534
f 954//1535 981//1535 1094//1535
f 1052//5 1074//5 887//5
f 1095//1536 1019//1536 1063//1536
f 986//1537 957//1537 1117//1537
f 986//562 1097//562 1049//562
f 932//1538 982//1538 1098//1538
f 933//1539 988//1539 1099//1539
f 990//1540 958//1540 1124//1540
f 1077//1431 1076//1431 937//1431
f 1055//1477 1101//1477 959//1477
f 1077//562 961//562 959//562
f 864//562 995//562 867//562
f 938//1541 963//1541 1101//1541
f 1101//1542 1055//1542 938//1542
f 1076//1543 1077//1543 1023//1543
f 864//6 1056//6 1025//6
f 1057//6 1024//6 867//6
f 965//1072 1078//1072 1102//1072
f 1038//1544 1078//1544 998//1544
f 997//1545 965//1545 1103//1545
f 1079//6 1057//6 867//6
f 1079//1546 1080//1546 966//1546
f 1080//1072 1066//1072 966//1072
f 999//1547 966//1547 1104//1547
f 1026//1548 1059//1548 1105//1548
f 1106//1549 967//1549 933//1549
f 1106//1550 1081//1550 967//1550
f 1081//1072 1123//1072 988//1072
f 1061//1551 1060//1551 1107//1551
f 1082//1552 1029//1552 1083//1552
f 1082//1553 968//1553 1029//1553
f 1084//6 1085//6 1030//6
f 1033//1554 1085//1554 1086//1554
f 1108//1072 1031//1072 1001//1072
f 1084//6 1032//6 1086//6
f 1136//1072 1002//1072 1033//1072
f 1084//5 1109//5 1034//5
f 1035//562 1003//562 1110//562
f 1087//1555 1035//1555 1109//1555
f 1111//1556 1036//1556 1004//1556
f 1088//1557 1036//1557 1111//1557
f 1084//5 1089//5 1064//5
f 864//6 1005//6 1105//6
f 1065//1558 943//1558 1080//1558
f 1104//1316 1066//1316 971//1316
f 972//1072 1041//1072 1008//1072
f 1090//1559 946//1559 1045//1559
f 1069//1560 1068//1560 945//1560
f 1042//1561 946//1561 1090//1561
f 1046//1562 1113//1562 1010//1562
f 1113//6 1112//6 975//6
f 1090//1072 1011//1072 1069//1072
f 974//1072 1070//1072 1047//1072
f 977//6 1112//6 1113//6
f 1043//1563 1112//1563 1009//1563
f 1012//1564 977//1564 1114//1564
f 1014//562 1048//562 1071//562
f 1015//1565 978//1565 1071//1565
f 974//1072 887//1072 1070//1072
f 1016//5 1091//5 1072//5
f 974//5 1092//5 980//5
f 1017//1566 1115//1566 1075//1566
f 952//5 1094//5 1017//5
f 1116//562 1050//562 1018//562
f 1092//1567 1050//1567 980//1567
f 1094//1349 1093//1349 954//1349
f 1075//1568 1115//1568 1074//1568
f 1094//5 981//5 1074//5
f 1063//1569 1118//1569 1095//1569
f 1053//5 1095//5 910//5
f 987//1570 1096//1570 982//1570
f 1096//562 1119//562 982//562
f 1117//1571 1116//1571 986//1571
f 1117//5 957//5 985//5
f 986//562 1116//562 1097//562
f 985//1572 1049//1572 1097//1572
f 932//5 1098//5 987//5
f 1098//1478 982//1478 1119//1478
f 933//6 1099//6 1106//6
f 1099//1496 988//1496 1123//1496
f 910//6 1120//6 1020//6
f 1124//1573 1125//1573 990//1573
f 1124//6 958//6 989//6
f 990//1072 1125//1072 1100//1072
f 989//1574 990//1574 1100//1574
f 959//562 1101//562 1077//562
f 864//6 867//6 1056//6
f 1101//562 963//562 1023//562
f 1023//562 1077//562 1101//562
f 1024//1575 1102//1575 996//1575
f 1102//1072 1078//1072 996//1072
f 1103//1353 965//1353 1102//1353
f 1121//1316 1078//1316 1038//1316
f 1038//6 997//6 1103//6
f 1122//1576 1080//1576 1079//1576
f 1104//1281 966//1281 1066//1281
f 999//6 1104//6 1079//6
f 1105//1577 1059//1577 1058//1577
f 1125//1072 1059//1072 1027//1072
f 1028//1072 1126//1072 1060//1072
f 1060//1578 1120//1578 1107//1578
f 910//6 1082//6 1083//6
f 1062//1579 968//1579 1082//1579
f 1084//6 1062//6 1082//6
f 1084//6 1086//6 1085//6
f 1108//1072 1001//1072 1127//1072
f 1085//1580 1031//1580 1108//1580
f 1001//1581 1030//1581 1128//1581
f 1136//1072 1033//1072 1126//1072
f 1032//1580 1002//1580 1136//1580
f 1033//1582 1086//1582 1129//1582
f 1084//5 1087//5 1109//5
f 1035//562 1110//562 1130//562
f 1034//1583 1110//1583 1003//1583
f 1004//1584 1089//1584 1111//1584
f 1088//5 1111//5 910//5
f 1084//5 1064//5 1087//5
f 1065//1585 1080//1585 1122//1585
f 1065//6 1104//6 971//6
f 945//1072 1042//1072 1090//1072
f 1069//1072 945//1072 1090//1072
f 1114//1530 1113//1530 1046//1530
f 1141//1586 975//1586 1112//1586
f 1044//1587 975//1587 1141//1587
f 1114//1527 977//1527 1113//1527
f 1141//1560 1112//1560 1043//1560
f 1012//1072 1114//1072 1043//1072
f 1014//1588 1052//1588 1091//1588
f 1091//1102 1048//1102 1014//1102
f 1071//1101 1072//1101 1015//1101
f 1084//5 1092//5 974//5
f 1018//1589 980//1589 1132//1589
f 1116//562 1018//562 1097//562
f 1117//1590 1050//1590 1116//1590
f 980//1591 1050//1591 1117//1591
f 1051//562 1073//562 1119//562
f 1084//5 1054//5 1092//5
f 1074//5 1115//5 1094//5
f 1095//5 1118//5 910//5
f 1095//1592 1130//1592 1019//1592
f 1130//562 1110//562 1019//562
f 1053//1538 1019//1538 1133//1538
f 1134//1593 1096//1593 987//1593
f 985//5 1132//5 1117//5
f 1097//1594 1132//1594 985//1594
f 987//5 1098//5 1134//5
f 1107//6 1120//6 910//6
f 989//6 1135//6 1124//6
f 1100//1595 1135//1595 989//1595
f 1103//1282 1102//1282 1024//1282
f 1121//1281 996//1281 1078//1281
f 1057//1547 996//1547 1121//1547
f 1121//6 1038//6 1103//6
f 1104//6 1122//6 1079//6
f 1084//6 1105//6 1058//6
f 1058//1596 1059//1596 1124//1596
f 1026//1072 1123//1072 1081//1072
f 1105//1597 1123//1597 1026//1597
f 1027//1598 1058//1598 1135//1598
f 1125//1072 1027//1072 1100//1072
f 1124//1599 1059//1599 1125//1599
f 1028//1072 1136//1072 1126//1072
f 1120//1600 1060//1600 1126//1600
f 1028//1601 1020//1601 1137//1601
f 910//6 1083//6 1107//6
f 1084//6 1082//6 910//6
f 1128//1527 1127//1527 1001//1527
f 1108//1560 1143//1560 1085//1560
f 1128//6 1030//6 1085//6
f 1129//1527 1126//1527 1033//1527
f 1136//1560 1137//1560 1032//1560
f 1129//6 1086//6 1032//6
f 1138//1431 1035//1431 1130//1431
f 1133//1477 1110//1477 1034//1477
f 1109//1602 1035//1602 1138//1602
f 1084//5 1111//5 1089//5
f 1118//5 1088//5 910//5
f 1037//562 1131//562 1139//562
f 1087//1603 1131//1603 1037//1603
f 1064//1604 1037//1604 1140//1604
f 864//6 1105//6 1084//6
f 1046//1072 1044//1072 1141//1072
f 1114//1072 1046//1072 1141//1072
f 1114//1072 1141//1072 1043//1072
f 1091//5 1052//5 1015//5
f 1015//5 1072//5 1091//5
f 1115//5 1017//5 1094//5
f 1132//1116 1097//1116 1018//1116
f 1132//5 980//5 1117//5
f 1051//562 1119//562 1096//562
f 1092//1583 1119//1583 1073//1583
f 1138//1543 1130//1543 1095//1543
f 1133//1478 1019//1478 1110//1478
f 1133//5 1095//5 1053//5
f 1057//6 1121//6 1024//6
f 1103//6 1024//6 1121//6
f 1106//1605 1026//1605 1081//1605
f 1099//1316 1123//1316 1105//1316
f 1005//1606 1026//1606 1106//1606
f 1135//1527 1100//1527 1027//1527
f 1135//6 1058//6 1124//6
f 1137//1586 1136//1586 1028//1586
f 1126//1595 1129//1595 1120//1595
f 1137//6 1020//6 1120//6
f 1061//1072 1108//1072 1127//1072
f 1083//1607 1061//1607 1127//1607
f 1084//5 910//5 1111//5
f 1085//6 1143//6 1128//6
f 1032//6 1137//6 1129//6
f 1109//5 1138//5 1034//5
f 1133//5 1034//5 1138//5
f 1088//1608 1139//1608 1063//1608
f 1139//562 1131//562 1063//562
f 1140//1476 1037//1476 1139//1476
f 1142//1477 1131//1477 1087//1477
f 1064//5 1140//5 1087//5
f 1065//6 1122//6 1104//6
f 1134//1431 1051//1431 1096//1431
f 1098//1477 1119//1477 1092//1477
f 1054//1609 1051//1609 1134//1609
f 1138//5 1095//5 1133//5
f 1105//6 1005//6 1106//6
f 1099//6 1105//6 1106//6
f 1120//6 1129//6 1137//6
f 1061//1610 1107//1610 1143//1610
f 1143//1531 1108//1531 1061//1531
f 1127//1530 1128//1530 1083//1530
f 1140//1543 1139//1543 1088//1543
f 1142//1478 1063//1478 1131//1478
f 1118//1611 1063//1611 1142//1611
f 1142//5 1087//5 1140//5
f 1054//5 1134//5 1092//5
f 1092//5 1134//5 1098//5
f 1143//6 1107//6 1083//6
f 1083//6 1128//6 1143//6
f 1142//5 1088//5 1118//5
f 1140//5 1088//5 1142//5
f 841//562 859//562 881//562
f 881//5 904//5 928//5
f 841//5 881//5 928//5
f 974//1612 842//1612 841//1612
f 1084//1612 974//1612 841//1612
f 1084//1612 841//1612 928//1612
f 1084//1612 928//1612 882//1612
f 1084//1612 882//1612 875//1612
f 844//5 858//5 840//5
f 840//1612 842//1612 974//1612
f 845//5 844//5 840//5
f 845//1612 840//1612 974//1612
f 787//1612 845//1612 974//1612
f 779//1613 806//1613 816//1613
f 854//1614 875//1614 882//1614
f 779//1615 816//1615 854//1615
f 779//1616 854//1616 882//1616
f 765//1617 779//1617 882//1617
f 861//562 847//562 827//562
f 765//1612 882//1612 861//1612
f 861//5 827//5 826//5
f 826//1612 842//1612 840//1612
f 826//1618 840//1618 790//1618
f 861//1619 826//1619 790//1619
f 749//1612 864//1612 765//1612
f 861//1620 790//1620 789//1620
f 861//1621 789//1621 787//1621
f 749//1612 765//1612 861//1612
f 749//1612 861//1612 787//1612
f 749//1612 787//1612 974//1612
f 864//1612 1084//1612 875//1612
f 796//1612 765//1612 864//1612
f 864//1612 875//1612 851//1612
f 864//1622 851//1622 816//1622
f 806//1612 796//1612 864//1612
f 864//1623 816//1623 806//1623
